Workbook

Sheet Full Schedule
A1: do
D2: Sunday | F2: Monday | H2: Tuesday | J2: Wednesday | L2: Thursday | N2: Friday | P2: Saturday | R2: Standings
B4: Week | D4: 11 | F4: 12 | H4: 13 | J4: 14 | L4: 15 | N4: 16 | P4: 17 | R4: ZMD (Zeg) (17-3) (95-46)
B5: 1 | D5: ALL GAME TIMES ARE EASTERN!!!!! | J5: ASP (Dhmon) vs. FB (Saintz) | L5: AP (Alpha) vs ASC (Regresser) | P5: GLV (Priest) vs TB (Silva) | R5: MAB (Zim) (15-5) (85-57)
F6: No Games | H6: No Games | J6: MAB (Zim) vs. TR (Beam) | R6: ASP (Dhmon) (15-5) (86-50)
R7: AP (Alpha) (13-7) (79-69)
R8: TR (Beam) (11-9) (74-73)
R9: ASC (Regresser) (11-9) (80-61)
B10: Week | D10: 18 | F10: 19 | H10: 20 | J10: 21 | L10: 22 | N10: 23 | P10: 24 | R10: ------------------------------------
B11: 2 | H11: FB (Saintz) vs. TR (Beam) 11/19 | J11: TB (Silva) vs. AP (Alpha) | L11: USA (Dig) vs. MAB (Zim) | N11: ZMD (Zeg) vs. TB (Silva) | R11: U.S.A. (Dig) (9-9) (64-65)
H12: FB (Saintz) vs. AJYD (Nkot) | J12: ZMD (Zeg) vs. ASC (Regresser) 11/18 | L12: ZMD (Zeg) vs. AP (Alpha) | P12: MAB (Zim) vs. GLV (Priest) | R12: AJYD (Nkot) (6-14) (55-88)
J13: ASP (Dhmon) vs. USA (Dig) | R13: FB (Saintz) (4-14) (47-76)
R14: GLV (Priest) (4-16) (48-92)
R15: TB (Silva) (3-17) (51-91)
B16: Week | D16: 25 | F16: 26 | H16: 27 | J16: 28 | L16: 29 | N16: 30 | P16: 31
B17: 3 | D17: AJYD (Nkot) vs MAB (Zim) | F17: ZMD (Zeg) vs. TR (Beam) (Game 1) | H17: TB (Silva) vs. FB (Saintz) 11/24 | J17: FB (Saintz) vs. ASC (Regresser) | L17: ZMD (Zeg) vs. USA (Dig) | N17: FB (Saintz) vs. MAB (Zim) 11/5 | R17: Green = Game Played
H18: AJYD (Nkot) vs. TR (Beam) 11/3 | J18: MAB (Zim) vs. AP (Alpha) | L18: ASP (Dhmon) vs. MAB (Zim) 11/23 | N18: ASP (Dhmon) vs. GLV (Priest) | R18: Red = Game Unplayed
H19: ASP (Dhmon) vs. ASC (Regresser) | J19: USA (Dig) vs. TB (Silva) | L19: GLV (Priest) vs AP (Alpha) 11/12 | R19: Yellow = Rescheduled
L20: ASP (Dhmon) vs. AP (Alpha) | R20: Orange = Moved game
F21: November
B22: Week | D22: 1 | E22: 2 | F22: 2 | H22: 3 | J22: 4 | L22: 5 | N22: 6 | P22: 7
B23: 4 | F23: ZMD (Zeg) vs. TR (Beam) (Game 2) | J23: TR (Beam) vs. TB (Silva) 11/21 | L23: GLV (Priest) vs ZMD (Zeg) | N23: ZMD (Zeg) vs. FB (Saintz) 11/20
F24: AJYD (Nkot) vs. TR (Beam) | H24: ASP (Dhmon) vs. AJYD (Nkot) | J24: AP (Alpha) vs. TR (Beam) 11/25 | L24: TB (Silva) vs. ASP (Dhmon) (11/14?) | N24: MAB (Zim) vs. ASC (Regresser) 11/11 | P24: AJYD (Nkot) vs. ASC (Regresser)
F25: MAB (Zim) vs. ZMD (Zeg) | L25: AJYD (Nkot) vs. USA (Dig) | N25: FB (Saintz) vs. GLV (Priest) | P25: TR (Beam) vs. ASP (Dhmon) 11/6
B28: Week | D28: 8 | F28: 9 | H28: 10 | J28: 11 | L28: 12 | N28: 13 | P28: 14
B29: 5 | J29: TB (Silva) vs. ASC (Regresser) | L29: FB (Saintz) vs. USA (Dig) (11/24) FF | P29: GLV (Priest) vs. ASC (Regresser)
F30: ASP (Dhmon) vs. ZMD (Zeg) | H30: TB (Silva) vs. AJYD (Nkot) (W4) | L30: GLV (Priest) vs. TR (Beam) 10/? | N30: MAB (Zim) vs. TB (Silva) 11/10
H31: USA (Dig) vs. AP (Alpha) | L31: AP (Alpha) vs. AJYD (Nkot) 11/18
H32: USA (Dig) vs. TR (Beam)
B1006: Week | D1006: 15 | F1006: 16 | H1006: 17 | J1006: 18 | L1006: 19 | N1006: 20 | P1006: 21
B1007: 6 | J1007: ASC (Regresser) vs. TR (Beam) (11/4?) | L1007: USA (Dig) vs. ASC (Regresser) 11/22
J1008: AP (Alpha) vs. FB (Saintz) | L1008: GLV (Priest) vs. USA (Dig) | P1008: GLV (Priest) vs. AJYD (Nkot) 11/21
L1009: AJYD (Nkot) vs. ZMD (Zeg)

Sheet Stats
A1: Team | B1: Player | C1: Games | D1: Wins | E1: Losses | F1: Goals | G1: Kills | H1: Assists | I1: Deaths | J1: Time | K1: K-D | L1: (K-D)/min) | M1: Stops | N1: Doubles | O1: Triples | P1: Over+ | Q1: Sprees | R1: Exterm | S1: Sword Spree | T1: AVG Life | U1: K/W
A2: G&tC | B2: Priest XYZ | C2: 15 | D2: 3 | E2: 12 | F2: =sum('G&tC'!C3,'G&tC'!T3,'G&tC'!C12,'G&tC'!T12,'G&tC'!C21,'G&tC'!T21,'G&tC'!C30,'G&tC'!T30,'G&tC'!C39,'G&tC'!T39,'G&tC'!C48,'G&tC'!T48,'G&tC'!C57,'G&tC'!T57,'G&tC'!C66,'G&tC'!T66,'G&tC'!C75,'G&tC'!T75,'G&tC'!C84,'G&tC'!T84) -> 23 | G2: =sum('G&tC'!D3,'G&tC'!U3,'G&tC'!D12,'G&tC'!U12,'G&tC'!D21,'G&tC'!U21,'G&tC'!D30,'G&tC'!U30,'G&tC'!D39,'G&tC'!U39,'G&tC'!D48,'G&tC'!U48,'G&tC'!D57,'G&tC'!U57,'G&tC'!D66,'G&tC'!U66,'G&tC'!D75,'G&tC'!U75,'G&tC'!D84,'G&tC'!U84) -> 697 | H2: =sum('G&tC'!E3,'G&tC'!V3,'G&tC'!E12,'G&tC'!V12,'G&tC'!E21,'G&tC'!V21,'G&tC'!E30,'G&tC'!V30,'G&tC'!E39,'G&tC'!V39,'G&tC'!E48,'G&tC'!V48,'G&tC'!E57,'G&tC'!V57,'G&tC'!E66,'G&tC'!V66,'G&tC'!E75,'G&tC'!V75,'G&tC'!E84,'G&tC'!V84) -> 8 | I2: =sum('G&tC'!F3,'G&tC'!W3,'G&tC'!F12,'G&tC'!W12,'G&tC'!F21,'G&tC'!W21,'G&tC'!F30,'G&tC'!W30,'G&tC'!F39,'G&tC'!W39,'G&tC'!F48,'G&tC'!W48,'G&tC'!F57,'G&tC'!W57,'G&tC'!F66,'G&tC'!W66,'G&tC'!F75,'G&tC'!W75,'G&tC'!F84,'G&tC'!W84) -> 1022 | J2: =sum('G&tC'!G3,'G&tC'!X3,'G&tC'!G12,'G&tC'!X12,'G&tC'!G21,'G&tC'!X21,'G&tC'!G30,'G&tC'!X30,'G&tC'!G39,'G&tC'!X39,'G&tC'!G48,'G&tC'!X48,'G&tC'!G57,'G&tC'!X57,'G&tC'!G66,'G&tC'!X66,'G&tC'!G75,'G&tC'!X75,'G&tC'!G84,'G&tC'!X84) -> 0.29304398 | K2: =sum('G&tC'!H3,'G&tC'!Y3,'G&tC'!H12,'G&tC'!Y12,'G&tC'!H21,'G&tC'!Y21,'G&tC'!H30,'G&tC'!Y30,'G&tC'!H39,'G&tC'!Y39,'G&tC'!H48,'G&tC'!Y48,'G&tC'!H57,'G&tC'!Y57,'G&tC'!H66,'G&tC'!Y66,'G&tC'!H75,'G&tC'!Y75,'G&tC'!H84,'G&tC'!Y84) -> -325 | L2: =K2/(HOUR(J2)*60+(MINUTE(J2)+((SECOND(J2)/60)))) -> -0.7701726 | M2: =sum('G&tC'!J3,'G&tC'!AA3,'G&tC'!J12,'G&tC'!AA12,'G&tC'!J21,'G&tC'!AA21,'G&tC'!J30,'G&tC'!AA30,'G&tC'!J39,'G&tC'!AA39,'G&tC'!J48,'G&tC'!AA48,'G&tC'!J57,'G&tC'!AA57,'G&tC'!J66,'G&tC'!AA66,'G&tC'!J75,'G&tC'!AA75,'G&tC'!J84,'G&tC'!AA84) -> 42 | N2: =sum('G&tC'!K3,'G&tC'!AB3,'G&tC'!K12,'G&tC'!AB12,'G&tC'!K21,'G&tC'!AB21,'G&tC'!K30,'G&tC'!AB30,'G&tC'!K39,'G&tC'!AB39,'G&tC'!K48,'G&tC'!AB48,'G&tC'!K57,'G&tC'!AB57,'G&tC'!K66,'G&tC'!AB66,'G&tC'!K75,'G&tC'!AB75,'G&tC'!K84,'G&tC'!AB84) -> 49 | O2: =sum('G&tC'!L3,'G&tC'!AC3,'G&tC'!L12,'G&tC'!AC12,'G&tC'!L21,'G&tC'!AC21,'G&tC'!L30,'G&tC'!AC30,'G&tC'!L39,'G&tC'!AC39,'G&tC'!L48,'G&tC'!AC48,'G&tC'!L57,'G&tC'!AC57,'G&tC'!L66,'G&tC'!AC66,'G&tC'!L75,'G&tC'!AC75,'G&tC'!L84,'G&tC'!AC84) -> 8 | P2: =sum('G&tC'!M3,'G&tC'!AD3,'G&tC'!M12,'G&tC'!AD12,'G&tC'!M21,'G&tC'!AD21,'G&tC'!M30,'G&tC'!AD30,'G&tC'!M39,'G&tC'!AD39,'G&tC'!M48,'G&tC'!AD48,'G&tC'!M57,'G&tC'!AD57,'G&tC'!M66,'G&tC'!AD66,'G&tC'!M75,'G&tC'!AD75,'G&tC'!M84,'G&tC'!AD84) -> 2 | Q2: =sum('G&tC'!N3,'G&tC'!AE3,'G&tC'!N12,'G&tC'!AE12,'G&tC'!N21,'G&tC'!AE21,'G&tC'!N30,'G&tC'!AE30,'G&tC'!N39,'G&tC'!AE39,'G&tC'!N48,'G&tC'!AE48,'G&tC'!N57,'G&tC'!AE57,'G&tC'!N66,'G&tC'!AE66,'G&tC'!N75,'G&tC'!AE75,'G&tC'!N84,'G&tC'!AE84) -> 11 | R2: =sum('G&tC'!O3,'G&tC'!AF3,'G&tC'!O12,'G&tC'!AF12,'G&tC'!O21,'G&tC'!AF21,'G&tC'!O30,'G&tC'!AF30,'G&tC'!O39,'G&tC'!AF39,'G&tC'!O48,'G&tC'!AF48,'G&tC'!O57,'G&tC'!AF57,'G&tC'!O66,'G&tC'!AF66,'G&tC'!O75,'G&tC'!AF75,'G&tC'!O84,'G&tC'!AF84) -> 0 | S2: =sum('G&tC'!P3,'G&tC'!AG3,'G&tC'!P12,'G&tC'!AG12,'G&tC'!P21,'G&tC'!AG21,'G&tC'!P30,'G&tC'!AG30,'G&tC'!P39,'G&tC'!AG39,'G&tC'!P48,'G&tC'!AG48,'G&tC'!P57,'G&tC'!AG57,'G&tC'!P66,'G&tC'!AG66,'G&tC'!P75,'G&tC'!AG75,'G&tC'!P84,'G&tC'!AG84) -> 0 | T2: =J2/I2 -> 0.00028673579 | U2: =G2/D2 -> 232.33333
B3: Galvann (to AJYD) | C3: 12 | D3: 4 | E3: 10 | F3: =sum('G&tC'!C4,'G&tC'!T4,'G&tC'!C13,'G&tC'!T13,'G&tC'!C22,'G&tC'!T22,'G&tC'!C31,'G&tC'!T31,'G&tC'!C40,'G&tC'!T40,'G&tC'!C49,'G&tC'!T49) -> 9 | G3: =sum('G&tC'!D4,'G&tC'!U4,'G&tC'!D13,'G&tC'!U13,'G&tC'!D22,'G&tC'!U22,'G&tC'!D31,'G&tC'!U31,'G&tC'!D40,'G&tC'!U40,'G&tC'!D49,'G&tC'!U49) -> 1386 | H3: =sum('G&tC'!E4,'G&tC'!V4,'G&tC'!E13,'G&tC'!V13,'G&tC'!E22,'G&tC'!V22,'G&tC'!E31,'G&tC'!V31,'G&tC'!E40,'G&tC'!V40,'G&tC'!E49,'G&tC'!V49) -> 7 | I3: =sum('G&tC'!F4,'G&tC'!W4,'G&tC'!F13,'G&tC'!W13,'G&tC'!F22,'G&tC'!W22,'G&tC'!F31,'G&tC'!W31,'G&tC'!F40,'G&tC'!W40,'G&tC'!F49,'G&tC'!W49) -> 1324 | J3: =sum('G&tC'!G4,'G&tC'!X4,'G&tC'!G13,'G&tC'!X13,'G&tC'!G22,'G&tC'!X22,'G&tC'!G31,'G&tC'!X31,'G&tC'!G40,'G&tC'!X40,'G&tC'!G49,'G&tC'!X49) -> 0.24054398 | K3: =sum('G&tC'!H4,'G&tC'!Y4,'G&tC'!H13,'G&tC'!Y13,'G&tC'!H22,'G&tC'!Y22,'G&tC'!H31,'G&tC'!Y31,'G&tC'!H40,'G&tC'!Y40,'G&tC'!H49,'G&tC'!Y49) -> 62 | L3: =K3/(HOUR(J3)*60+(MINUTE(J3)+((SECOND(J3)/60)))) -> 0.17899245 | M3: =sum('G&tC'!J4,'G&tC'!AA4,'G&tC'!J13,'G&tC'!AA13,'G&tC'!J22,'G&tC'!AA22,'G&tC'!J31,'G&tC'!AA31,'G&tC'!J40,'G&tC'!AA40,'G&tC'!J49,'G&tC'!AA49) -> 47 | N3: =sum('G&tC'!K4,'G&tC'!AB4,'G&tC'!K13,'G&tC'!AB13,'G&tC'!K22,'G&tC'!AB22,'G&tC'!K31,'G&tC'!AB31,'G&tC'!K40,'G&tC'!AB40,'G&tC'!K49,'G&tC'!AB49) -> 235 | O3: =sum('G&tC'!L4,'G&tC'!AC4,'G&tC'!L13,'G&tC'!AC13,'G&tC'!L22,'G&tC'!AC22,'G&tC'!L31,'G&tC'!AC31,'G&tC'!L40,'G&tC'!AC40,'G&tC'!L49,'G&tC'!AC49) -> 57 | P3: =sum('G&tC'!M4,'G&tC'!AD4,'G&tC'!M13,'G&tC'!AD13,'G&tC'!M22,'G&tC'!AD22,'G&tC'!M31,'G&tC'!AD31,'G&tC'!M40,'G&tC'!AD40,'G&tC'!M49,'G&tC'!AD49) -> 14 | Q3: =sum('G&tC'!N4,'G&tC'!AE4,'G&tC'!N13,'G&tC'!AE13,'G&tC'!N22,'G&tC'!AE22,'G&tC'!N31,'G&tC'!AE31,'G&tC'!N40,'G&tC'!AE40,'G&tC'!N49,'G&tC'!AE49) -> 28 | R3: =sum('G&tC'!O4,'G&tC'!AF4,'G&tC'!O13,'G&tC'!AF13,'G&tC'!O22,'G&tC'!AF22,'G&tC'!O31,'G&tC'!AF31,'G&tC'!O40,'G&tC'!AF40,'G&tC'!O49,'G&tC'!AF49) -> 0 | S3: =sum('G&tC'!P4,'G&tC'!AG4,'G&tC'!P13,'G&tC'!AG13,'G&tC'!P22,'G&tC'!AG22,'G&tC'!P31,'G&tC'!AG31,'G&tC'!P40,'G&tC'!AG40,'G&tC'!P49,'G&tC'!AG49) -> 0 | T3: =J3/I3 -> 0.00018167974 | U3: =G3/D3 -> 346.5
B4: n Canon | C4: 16 | D4: 4 | E4: 12 | F4: =sum('G&tC'!C5,'G&tC'!T5,'G&tC'!C14,'G&tC'!T14,'G&tC'!C23,'G&tC'!T23,'G&tC'!C32,'G&tC'!T32,'G&tC'!C41,'G&tC'!T41,'G&tC'!C50,'G&tC'!T50,'G&tC'!C59,'G&tC'!T59,'G&tC'!C68,'G&tC'!T68,'G&tC'!C77,'G&tC'!T77,'G&tC'!C86,'G&tC'!T86) -> 5 | G4: =sum('G&tC'!D5,'G&tC'!U5,'G&tC'!D14,'G&tC'!U14,'G&tC'!D23,'G&tC'!U23,'G&tC'!D32,'G&tC'!U32,'G&tC'!D41,'G&tC'!U41,'G&tC'!D50,'G&tC'!U50,'G&tC'!D59,'G&tC'!U59,'G&tC'!D68,'G&tC'!U68,'G&tC'!D77,'G&tC'!U77,'G&tC'!D86,'G&tC'!U86) -> 1266 | H4: =sum('G&tC'!E5,'G&tC'!V5,'G&tC'!E14,'G&tC'!V14,'G&tC'!E23,'G&tC'!V23,'G&tC'!E32,'G&tC'!V32,'G&tC'!E41,'G&tC'!V41,'G&tC'!E50,'G&tC'!V50,'G&tC'!E59,'G&tC'!V59,'G&tC'!E68,'G&tC'!V68,'G&tC'!E77,'G&tC'!V77,'G&tC'!E86,'G&tC'!V86) -> 6 | I4: =sum('G&tC'!F5,'G&tC'!W5,'G&tC'!F14,'G&tC'!W14,'G&tC'!F23,'G&tC'!W23,'G&tC'!F32,'G&tC'!W32,'G&tC'!F41,'G&tC'!W41,'G&tC'!F50,'G&tC'!W50,'G&tC'!F59,'G&tC'!W59,'G&tC'!F68,'G&tC'!W68,'G&tC'!F77,'G&tC'!W77,'G&tC'!F86,'G&tC'!W86) -> 1278 | J4: =sum('G&tC'!G5,'G&tC'!X5,'G&tC'!G14,'G&tC'!X14,'G&tC'!G23,'G&tC'!X23,'G&tC'!G32,'G&tC'!X32,'G&tC'!G41,'G&tC'!X41,'G&tC'!G50,'G&tC'!X50,'G&tC'!G59,'G&tC'!X59,'G&tC'!G68,'G&tC'!X68,'G&tC'!G77,'G&tC'!X77,'G&tC'!G86,'G&tC'!X86) -> 0.28791667 | K4: =sum('G&tC'!H5,'G&tC'!Y5,'G&tC'!H14,'G&tC'!Y14,'G&tC'!H23,'G&tC'!Y23,'G&tC'!H32,'G&tC'!Y32,'G&tC'!H41,'G&tC'!Y41,'G&tC'!H50,'G&tC'!Y50,'G&tC'!H59,'G&tC'!Y59,'G&tC'!H68,'G&tC'!Y68,'G&tC'!H77,'G&tC'!Y77,'G&tC'!H86,'G&tC'!Y86) -> -12 | L4: =K4/(HOUR(J4)*60+(MINUTE(J4)+((SECOND(J4)/60)))) -> -0.02894356 | M4: =sum('G&tC'!J5,'G&tC'!AA5,'G&tC'!J14,'G&tC'!AA14,'G&tC'!J23,'G&tC'!AA23,'G&tC'!J32,'G&tC'!AA32,'G&tC'!J41,'G&tC'!AA41,'G&tC'!J50,'G&tC'!AA50,'G&tC'!J59,'G&tC'!AA59,'G&tC'!J68,'G&tC'!AA68,'G&tC'!J77,'G&tC'!AA77,'G&tC'!J86,'G&tC'!AA86) -> 68 | N4: =sum('G&tC'!K5,'G&tC'!AB5,'G&tC'!K14,'G&tC'!AB14,'G&tC'!K23,'G&tC'!AB23,'G&tC'!K32,'G&tC'!AB32,'G&tC'!K41,'G&tC'!AB41,'G&tC'!K50,'G&tC'!AB50,'G&tC'!K59,'G&tC'!AB59,'G&tC'!K68,'G&tC'!AB68,'G&tC'!K77,'G&tC'!AB77,'G&tC'!K86,'G&tC'!AB86) -> 162 | O4: =sum('G&tC'!L5,'G&tC'!AC5,'G&tC'!L14,'G&tC'!AC14,'G&tC'!L23,'G&tC'!AC23,'G&tC'!L32,'G&tC'!AC32,'G&tC'!L41,'G&tC'!AC41,'G&tC'!L50,'G&tC'!AC50,'G&tC'!L59,'G&tC'!AC59,'G&tC'!L68,'G&tC'!AC68,'G&tC'!L77,'G&tC'!AC77,'G&tC'!L86,'G&tC'!AC86) -> 25 | P4: =sum('G&tC'!M5,'G&tC'!AD5,'G&tC'!M14,'G&tC'!AD14,'G&tC'!M23,'G&tC'!AD23,'G&tC'!M32,'G&tC'!AD32,'G&tC'!M41,'G&tC'!AD41,'G&tC'!M50,'G&tC'!AD50,'G&tC'!M59,'G&tC'!AD59,'G&tC'!M68,'G&tC'!AD68,'G&tC'!M77,'G&tC'!AD77,'G&tC'!M86,'G&tC'!AD86) -> 15 | Q4: =sum('G&tC'!N5,'G&tC'!AE5,'G&tC'!N14,'G&tC'!AE14,'G&tC'!N23,'G&tC'!AE23,'G&tC'!N32,'G&tC'!AE32,'G&tC'!N41,'G&tC'!AE41,'G&tC'!N50,'G&tC'!AE50,'G&tC'!N59,'G&tC'!AE59,'G&tC'!N68,'G&tC'!AE68,'G&tC'!N77,'G&tC'!AE77,'G&tC'!N86,'G&tC'!AE86) -> 26 | R4: =sum('G&tC'!O5,'G&tC'!AF5,'G&tC'!O14,'G&tC'!AF14,'G&tC'!O23,'G&tC'!AF23,'G&tC'!O32,'G&tC'!AF32,'G&tC'!O41,'G&tC'!AF41,'G&tC'!O50,'G&tC'!AF50,'G&tC'!O59,'G&tC'!AF59,'G&tC'!O68,'G&tC'!AF68,'G&tC'!O77,'G&tC'!AF77,'G&tC'!O86,'G&tC'!AF86) -> 5 | S4: =sum('G&tC'!P5,'G&tC'!AG5,'G&tC'!P14,'G&tC'!AG14,'G&tC'!P23,'G&tC'!AG23,'G&tC'!P32,'G&tC'!AG32,'G&tC'!P41,'G&tC'!AG41,'G&tC'!P50,'G&tC'!AG50,'G&tC'!P59,'G&tC'!AG59,'G&tC'!P68,'G&tC'!AG68,'G&tC'!P77,'G&tC'!AG77,'G&tC'!P86,'G&tC'!AG86) -> 0 | T4: =J4/I4 -> 0.00022528691 | U4: =G4/D4 -> 316.5
B5: NOPLEX (to AJYD) | C5: 4 | E5: 4 | F5: =sum('G&tC'!C6,'G&tC'!T6,'G&tC'!C15,'G&tC'!T15,'G&tC'!C24,'G&tC'!T24,'G&tC'!C33,'G&tC'!T33,'G&tC'!C42,'G&tC'!T42,'G&tC'!C51,'G&tC'!T51) -> 0 | G5: =sum('G&tC'!D6,'G&tC'!U6,'G&tC'!D15,'G&tC'!U15,'G&tC'!D24,'G&tC'!U24,'G&tC'!D33,'G&tC'!U33,'G&tC'!D42,'G&tC'!U42,'G&tC'!D51,'G&tC'!U51,'G&tC'!D60,'G&tC'!U60,'G&tC'!D69,'G&tC'!U69,'G&tC'!D78,'G&tC'!U78,'G&tC'!D87,'G&tC'!U87) -> 656 | H5: =sum('G&tC'!E6,'G&tC'!V6,'G&tC'!E15,'G&tC'!V15,'G&tC'!E24,'G&tC'!V24,'G&tC'!E33,'G&tC'!V33,'G&tC'!E42,'G&tC'!V42,'G&tC'!E51,'G&tC'!V51,'G&tC'!E60,'G&tC'!V60,'G&tC'!E69,'G&tC'!V69,'G&tC'!E78,'G&tC'!V78,'G&tC'!E87,'G&tC'!V87) -> 4 | I5: =sum('G&tC'!F6,'G&tC'!W6,'G&tC'!F15,'G&tC'!W15,'G&tC'!F24,'G&tC'!W24,'G&tC'!F33,'G&tC'!W33,'G&tC'!F42,'G&tC'!W42,'G&tC'!F51,'G&tC'!W51,'G&tC'!F60,'G&tC'!W60,'G&tC'!F69,'G&tC'!W69,'G&tC'!F78,'G&tC'!W78,'G&tC'!F87,'G&tC'!W87) -> 739 | J5: =sum('G&tC'!G6,'G&tC'!X6,'G&tC'!G15,'G&tC'!X15,'G&tC'!G24,'G&tC'!X24,'G&tC'!G33,'G&tC'!X33,'G&tC'!G42,'G&tC'!X42,'G&tC'!G51,'G&tC'!X51,'G&tC'!G60,'G&tC'!X60,'G&tC'!G69,'G&tC'!X69,'G&tC'!G78,'G&tC'!X78,'G&tC'!G87,'G&tC'!X87) -> 0.15138889 | K5: =sum('G&tC'!H6,'G&tC'!Y6,'G&tC'!H15,'G&tC'!Y15,'G&tC'!H24,'G&tC'!Y24,'G&tC'!H33,'G&tC'!Y33,'G&tC'!H42,'G&tC'!Y42,'G&tC'!H51,'G&tC'!Y51,'G&tC'!H60,'G&tC'!Y60,'G&tC'!H69,'G&tC'!Y69,'G&tC'!H78,'G&tC'!Y78,'G&tC'!H87,'G&tC'!Y87) -> -83 | L5: =K5/(HOUR(J5)*60+(MINUTE(J5)+((SECOND(J5)/60)))) -> -0.38073395 | M5: =sum('G&tC'!J6,'G&tC'!AA6,'G&tC'!J15,'G&tC'!AA15,'G&tC'!J24,'G&tC'!AA24,'G&tC'!J33,'G&tC'!AA33,'G&tC'!J42,'G&tC'!AA42,'G&tC'!J51,'G&tC'!AA51,'G&tC'!J60,'G&tC'!AA60,'G&tC'!J69,'G&tC'!AA69,'G&tC'!J78,'G&tC'!AA78,'G&tC'!J87,'G&tC'!AA87) -> 26 | N5: =sum('G&tC'!K6,'G&tC'!AB6,'G&tC'!K15,'G&tC'!AB15,'G&tC'!K24,'G&tC'!AB24,'G&tC'!K33,'G&tC'!AB33,'G&tC'!K42,'G&tC'!AB42,'G&tC'!K51,'G&tC'!AB51,'G&tC'!K60,'G&tC'!AB60,'G&tC'!K69,'G&tC'!AB69,'G&tC'!K78,'G&tC'!AB78,'G&tC'!K87,'G&tC'!AB87) -> 96 | O5: =sum('G&tC'!L6,'G&tC'!AC6,'G&tC'!L15,'G&tC'!AC15,'G&tC'!L24,'G&tC'!AC24,'G&tC'!L33,'G&tC'!AC33,'G&tC'!L42,'G&tC'!AC42,'G&tC'!L51,'G&tC'!AC51,'G&tC'!L60,'G&tC'!AC60,'G&tC'!L69,'G&tC'!AC69,'G&tC'!L78,'G&tC'!AC78,'G&tC'!L87,'G&tC'!AC87) -> 20 | P5: =sum('G&tC'!M6,'G&tC'!AD6,'G&tC'!M15,'G&tC'!AD15,'G&tC'!M24,'G&tC'!AD24,'G&tC'!M33,'G&tC'!AD33,'G&tC'!M42,'G&tC'!AD42,'G&tC'!M51,'G&tC'!AD51,'G&tC'!M60,'G&tC'!AD60,'G&tC'!M69,'G&tC'!AD69,'G&tC'!M78,'G&tC'!AD78,'G&tC'!M87,'G&tC'!AD87) -> 4 | Q5: =sum('G&tC'!N6,'G&tC'!AE6,'G&tC'!N15,'G&tC'!AE15,'G&tC'!N24,'G&tC'!AE24,'G&tC'!N33,'G&tC'!AE33,'G&tC'!N42,'G&tC'!AE42,'G&tC'!N51,'G&tC'!AE51,'G&tC'!N60,'G&tC'!AE60,'G&tC'!N69,'G&tC'!AE69,'G&tC'!N78,'G&tC'!AE78,'G&tC'!N87,'G&tC'!AE87) -> 10 | R5: =sum('G&tC'!O6,'G&tC'!AF6,'G&tC'!O15,'G&tC'!AF15,'G&tC'!O24,'G&tC'!AF24,'G&tC'!O33,'G&tC'!AF33,'G&tC'!O42,'G&tC'!AF42,'G&tC'!O51,'G&tC'!AF51,'G&tC'!O60,'G&tC'!AF60,'G&tC'!O69,'G&tC'!AF69,'G&tC'!O78,'G&tC'!AF78,'G&tC'!O87,'G&tC'!AF87) -> 0 | S5: =sum('G&tC'!P6,'G&tC'!AG6,'G&tC'!P15,'G&tC'!AG15,'G&tC'!P24,'G&tC'!AG24,'G&tC'!P33,'G&tC'!AG33,'G&tC'!P42,'G&tC'!AG42,'G&tC'!P51,'G&tC'!AG51,'G&tC'!P60,'G&tC'!AG60,'G&tC'!P69,'G&tC'!AG69,'G&tC'!P78,'G&tC'!AG78,'G&tC'!P87,'G&tC'!AG87) -> 0 | T5: =J5/I5 -> 0.00020485641
B6: Samuel Adams | C6: 10 | D6: 3 | E6: 7 | F6: =sum('G&tC'!C7,'G&tC'!T7,'G&tC'!C16,'G&tC'!T16,'G&tC'!C25,'G&tC'!T25,'G&tC'!C34,'G&tC'!T34,'G&tC'!C43,'G&tC'!T43,'G&tC'!C52,'G&tC'!T52,'G&tC'!C61,'G&tC'!T61,'G&tC'!C70,'G&tC'!T70,'G&tC'!C79,'G&tC'!T79,'G&tC'!C88,'G&tC'!T88) -> 5 | G6: =sum('G&tC'!D7,'G&tC'!U7,'G&tC'!D16,'G&tC'!U16,'G&tC'!D25,'G&tC'!U25,'G&tC'!D34,'G&tC'!U34,'G&tC'!D43,'G&tC'!U43,'G&tC'!D52,'G&tC'!U52,'G&tC'!D61,'G&tC'!U61,'G&tC'!D70,'G&tC'!U70,'G&tC'!D79,'G&tC'!U79,'G&tC'!D88,'G&tC'!U88) -> 643 | H6: =sum('G&tC'!E7,'G&tC'!V7,'G&tC'!E16,'G&tC'!V16,'G&tC'!E25,'G&tC'!V25,'G&tC'!E34,'G&tC'!V34,'G&tC'!E43,'G&tC'!V43,'G&tC'!E52,'G&tC'!V52,'G&tC'!E61,'G&tC'!V61,'G&tC'!E70,'G&tC'!V70,'G&tC'!E79,'G&tC'!V79,'G&tC'!E88,'G&tC'!V88) -> 5 | I6: =sum('G&tC'!F7,'G&tC'!W7,'G&tC'!F16,'G&tC'!W16,'G&tC'!F25,'G&tC'!W25,'G&tC'!F34,'G&tC'!W34,'G&tC'!F43,'G&tC'!W43,'G&tC'!F52,'G&tC'!W52,'G&tC'!F61,'G&tC'!W61,'G&tC'!F70,'G&tC'!W70,'G&tC'!F79,'G&tC'!W79,'G&tC'!F88,'G&tC'!W88) -> 782 | J6: =sum('G&tC'!G7,'G&tC'!X7,'G&tC'!G16,'G&tC'!X16,'G&tC'!G25,'G&tC'!X25,'G&tC'!G34,'G&tC'!X34,'G&tC'!G43,'G&tC'!X43,'G&tC'!G52,'G&tC'!X52,'G&tC'!G61,'G&tC'!X61,'G&tC'!G70,'G&tC'!X70,'G&tC'!G79,'G&tC'!X79,'G&tC'!G88,'G&tC'!X88) -> 0.16108796 | K6: =sum('G&tC'!H7,'G&tC'!Y7,'G&tC'!H16,'G&tC'!Y16,'G&tC'!H25,'G&tC'!Y25,'G&tC'!H34,'G&tC'!Y34,'G&tC'!H43,'G&tC'!Y43,'G&tC'!H52,'G&tC'!Y52,'G&tC'!H61,'G&tC'!Y61,'G&tC'!H70,'G&tC'!Y70,'G&tC'!H79,'G&tC'!Y79,'G&tC'!H88,'G&tC'!Y88) -> -139 | L6: =K6/(HOUR(J6)*60+(MINUTE(J6)+((SECOND(J6)/60)))) -> -0.59922403 | M6: =sum('G&tC'!J7,'G&tC'!AA7,'G&tC'!J16,'G&tC'!AA16,'G&tC'!J25,'G&tC'!AA25,'G&tC'!J34,'G&tC'!AA34,'G&tC'!J43,'G&tC'!AA43,'G&tC'!J52,'G&tC'!AA52,'G&tC'!J61,'G&tC'!AA61,'G&tC'!J70,'G&tC'!AA70,'G&tC'!J79,'G&tC'!AA79,'G&tC'!J88,'G&tC'!AA88) -> 23 | N6: =sum('G&tC'!K7,'G&tC'!AB7,'G&tC'!K16,'G&tC'!AB16,'G&tC'!K25,'G&tC'!AB25,'G&tC'!K34,'G&tC'!AB34,'G&tC'!K43,'G&tC'!AB43,'G&tC'!K52,'G&tC'!AB52,'G&tC'!K61,'G&tC'!AB61,'G&tC'!K70,'G&tC'!AB70,'G&tC'!K79,'G&tC'!AB79,'G&tC'!K88,'G&tC'!AB88) -> 100 | O6: =sum('G&tC'!L7,'G&tC'!AC7,'G&tC'!L16,'G&tC'!AC16,'G&tC'!L25,'G&tC'!AC25,'G&tC'!L34,'G&tC'!AC34,'G&tC'!L43,'G&tC'!AC43,'G&tC'!L52,'G&tC'!AC52,'G&tC'!L61,'G&tC'!AC61,'G&tC'!L70,'G&tC'!AC70,'G&tC'!L79,'G&tC'!AC79,'G&tC'!L88,'G&tC'!AC88) -> 15 | P6: =sum('G&tC'!M7,'G&tC'!AD7,'G&tC'!M16,'G&tC'!AD16,'G&tC'!M25,'G&tC'!AD25,'G&tC'!M34,'G&tC'!AD34,'G&tC'!M43,'G&tC'!AD43,'G&tC'!M52,'G&tC'!AD52,'G&tC'!M61,'G&tC'!AD61,'G&tC'!M70,'G&tC'!AD70,'G&tC'!M79,'G&tC'!AD79,'G&tC'!M88,'G&tC'!AD88) -> 8 | Q6: =sum('G&tC'!N7,'G&tC'!AE7,'G&tC'!N16,'G&tC'!AE16,'G&tC'!N25,'G&tC'!AE25,'G&tC'!N34,'G&tC'!AE34,'G&tC'!N43,'G&tC'!AE43,'G&tC'!N52,'G&tC'!AE52,'G&tC'!N61,'G&tC'!AE61,'G&tC'!N70,'G&tC'!AE70,'G&tC'!N79,'G&tC'!AE79,'G&tC'!N88,'G&tC'!AE88) -> 12 | R6: =sum('G&tC'!O7,'G&tC'!AF7,'G&tC'!O16,'G&tC'!AF16,'G&tC'!O25,'G&tC'!AF25,'G&tC'!O34,'G&tC'!AF34,'G&tC'!O43,'G&tC'!AF43,'G&tC'!O52,'G&tC'!AF52,'G&tC'!O61,'G&tC'!AF61,'G&tC'!O70,'G&tC'!AF70,'G&tC'!O79,'G&tC'!AF79,'G&tC'!O88,'G&tC'!AF88) -> 2 | S6: =sum('G&tC'!P7,'G&tC'!AG7,'G&tC'!P16,'G&tC'!AG16,'G&tC'!P25,'G&tC'!AG25,'G&tC'!P34,'G&tC'!AG34,'G&tC'!P43,'G&tC'!AG43,'G&tC'!P52,'G&tC'!AG52,'G&tC'!P61,'G&tC'!AG61,'G&tC'!P70,'G&tC'!AG70,'G&tC'!P79,'G&tC'!AG79,'G&tC'!P88,'G&tC'!AG88) -> 0 | T6: =J6/I6 -> 0.00020599484 | U6: =G6/D6 -> 214.33333
B7: SaltyPeterBread | C7: 8 | D7: 2 | E7: 6 | F7: =sum('G&tC'!C8,'G&tC'!T8,'G&tC'!C17,'G&tC'!T17,'G&tC'!C26,'G&tC'!T26,'G&tC'!C35,'G&tC'!T35,'G&tC'!C44,'G&tC'!T44,'G&tC'!C53,'G&tC'!T53,'G&tC'!C62,'G&tC'!T62,'G&tC'!C71,'G&tC'!T71,'G&tC'!C80,'G&tC'!T80,'G&tC'!C89,'G&tC'!T89) -> 1 | G7: =sum('G&tC'!D8,'G&tC'!U8,'G&tC'!D17,'G&tC'!U17,'G&tC'!D26,'G&tC'!U26,'G&tC'!D35,'G&tC'!U35,'G&tC'!D44,'G&tC'!U44,'G&tC'!D53,'G&tC'!U53,'G&tC'!D62,'G&tC'!U62,'G&tC'!D71,'G&tC'!U71,'G&tC'!D80,'G&tC'!U80,'G&tC'!D89,'G&tC'!U89) -> 835 | H7: =sum('G&tC'!E8,'G&tC'!V8,'G&tC'!E17,'G&tC'!V17,'G&tC'!E26,'G&tC'!V26,'G&tC'!E35,'G&tC'!V35,'G&tC'!E44,'G&tC'!V44,'G&tC'!E53,'G&tC'!V53,'G&tC'!E62,'G&tC'!V62,'G&tC'!E71,'G&tC'!V71,'G&tC'!E80,'G&tC'!V80,'G&tC'!E89,'G&tC'!V89) -> 3 | I7: =sum('G&tC'!F8,'G&tC'!W8,'G&tC'!F17,'G&tC'!W17,'G&tC'!F26,'G&tC'!W26,'G&tC'!F35,'G&tC'!W35,'G&tC'!F44,'G&tC'!W44,'G&tC'!F53,'G&tC'!W53,'G&tC'!F62,'G&tC'!W62,'G&tC'!F71,'G&tC'!W71,'G&tC'!F80,'G&tC'!W80,'G&tC'!F89,'G&tC'!W89) -> 999 | J7: =sum('G&tC'!G8,'G&tC'!X8,'G&tC'!G17,'G&tC'!X17,'G&tC'!G26,'G&tC'!X26,'G&tC'!G35,'G&tC'!X35,'G&tC'!G44,'G&tC'!X44,'G&tC'!G53,'G&tC'!X53,'G&tC'!G62,'G&tC'!X62,'G&tC'!G71,'G&tC'!X71,'G&tC'!G80,'G&tC'!X80,'G&tC'!G89,'G&tC'!X89) -> 0.16945602 | K7: =sum('G&tC'!H8,'G&tC'!Y8,'G&tC'!H17,'G&tC'!Y17,'G&tC'!H26,'G&tC'!Y26,'G&tC'!H35,'G&tC'!Y35,'G&tC'!H44,'G&tC'!Y44,'G&tC'!H53,'G&tC'!Y53,'G&tC'!H62,'G&tC'!Y62,'G&tC'!H71,'G&tC'!Y71,'G&tC'!H80,'G&tC'!Y80,'G&tC'!H89,'G&tC'!Y89) -> -164 | L7: =K7/(HOUR(J7)*60+(MINUTE(J7)+((SECOND(J7)/60)))) -> -0.67208524 | M7: =sum('G&tC'!J8,'G&tC'!AA8,'G&tC'!J17,'G&tC'!AA17,'G&tC'!J26,'G&tC'!AA26,'G&tC'!J35,'G&tC'!AA35,'G&tC'!J44,'G&tC'!AA44,'G&tC'!J53,'G&tC'!AA53,'G&tC'!J62,'G&tC'!AA62,'G&tC'!J71,'G&tC'!AA71,'G&tC'!J80,'G&tC'!AA80,'G&tC'!J89,'G&tC'!AA89) -> 21 | N7: =sum('G&tC'!K8,'G&tC'!AB8,'G&tC'!K17,'G&tC'!AB17,'G&tC'!K26,'G&tC'!AB26,'G&tC'!K35,'G&tC'!AB35,'G&tC'!K44,'G&tC'!AB44,'G&tC'!K53,'G&tC'!AB53,'G&tC'!K62,'G&tC'!AB62,'G&tC'!K71,'G&tC'!AB71,'G&tC'!K80,'G&tC'!AB80,'G&tC'!K89,'G&tC'!AB89) -> 113 | O7: =sum('G&tC'!L8,'G&tC'!AC8,'G&tC'!L17,'G&tC'!AC17,'G&tC'!L26,'G&tC'!AC26,'G&tC'!L35,'G&tC'!AC35,'G&tC'!L44,'G&tC'!AC44,'G&tC'!L53,'G&tC'!AC53,'G&tC'!L62,'G&tC'!AC62,'G&tC'!L71,'G&tC'!AC71,'G&tC'!L80,'G&tC'!AC80,'G&tC'!L89,'G&tC'!AC89) -> 20 | P7: =sum('G&tC'!M8,'G&tC'!AD8,'G&tC'!M17,'G&tC'!AD17,'G&tC'!M26,'G&tC'!AD26,'G&tC'!M35,'G&tC'!AD35,'G&tC'!M44,'G&tC'!AD44,'G&tC'!M53,'G&tC'!AD53,'G&tC'!M62,'G&tC'!AD62,'G&tC'!M71,'G&tC'!AD71,'G&tC'!M80,'G&tC'!AD80,'G&tC'!M89,'G&tC'!AD89) -> 9 | Q7: =sum('G&tC'!N8,'G&tC'!AE8,'G&tC'!N17,'G&tC'!AE17,'G&tC'!N26,'G&tC'!AE26,'G&tC'!N35,'G&tC'!AE35,'G&tC'!N44,'G&tC'!AE44,'G&tC'!N53,'G&tC'!AE53,'G&tC'!N62,'G&tC'!AE62,'G&tC'!N71,'G&tC'!AE71,'G&tC'!N80,'G&tC'!AE80,'G&tC'!N89,'G&tC'!AE89) -> 16 | R7: =sum('G&tC'!O8,'G&tC'!AF8,'G&tC'!O17,'G&tC'!AF17,'G&tC'!O26,'G&tC'!AF26,'G&tC'!O35,'G&tC'!AF35,'G&tC'!O44,'G&tC'!AF44,'G&tC'!O53,'G&tC'!AF53,'G&tC'!O62,'G&tC'!AF62,'G&tC'!O71,'G&tC'!AF71,'G&tC'!O80,'G&tC'!AF80,'G&tC'!O89,'G&tC'!AF89) -> 2 | S7: =sum('G&tC'!P8,'G&tC'!AG8,'G&tC'!P17,'G&tC'!AG17,'G&tC'!P26,'G&tC'!AG26,'G&tC'!P35,'G&tC'!AG35,'G&tC'!P44,'G&tC'!AG44,'G&tC'!P53,'G&tC'!AG53,'G&tC'!P62,'G&tC'!AG62,'G&tC'!P71,'G&tC'!AG71,'G&tC'!P80,'G&tC'!AG80,'G&tC'!P89,'G&tC'!AG89) -> 0 | T7: =J7/I7 -> 0.00016962564 | U7: =G7/D7 -> 417.5
B8: ixGingy (from AJYD) | C8: 8 | E8: 8 | F8: =sum('G&tC'!C58,'G&tC'!T58,'G&tC'!C67,'G&tC'!T67,'G&tC'!C76,'G&tC'!T76,'G&tC'!C85,'G&tC'!T85) -> 2 | G8: =sum('G&tC'!D58,'G&tC'!U58,'G&tC'!D67,'G&tC'!U67,'G&tC'!D76,'G&tC'!U76,'G&tC'!D85,'G&tC'!U85) -> 723 | H8: =sum('G&tC'!E58,'G&tC'!V58,'G&tC'!E67,'G&tC'!V67,'G&tC'!E76,'G&tC'!V76,'G&tC'!E85,'G&tC'!V85) -> 3 | I8: =sum('G&tC'!F58,'G&tC'!W58,'G&tC'!F67,'G&tC'!W67,'G&tC'!F76,'G&tC'!W76,'G&tC'!F85,'G&tC'!W85) -> 638 | J8: =sum('G&tC'!G58,'G&tC'!X58,'G&tC'!G67,'G&tC'!X67,'G&tC'!G76,'G&tC'!X76,'G&tC'!G85,'G&tC'!X85) -> 0.12971065 | K8: =sum('G&tC'!H58,'G&tC'!Y58,'G&tC'!H67,'G&tC'!Y67,'G&tC'!H76,'G&tC'!Y76,'G&tC'!H85,'G&tC'!Y85) -> 85 | L8: =K8/(HOUR(J8)*60+(MINUTE(J8)+((SECOND(J8)/60)))) -> 0.45507272 | M8: =sum('G&tC'!J58,'G&tC'!AA58,'G&tC'!J67,'G&tC'!AA67,'G&tC'!J76,'G&tC'!AA76,'G&tC'!J85,'G&tC'!AA85) -> 27 | N8: =sum('G&tC'!K58,'G&tC'!AB58,'G&tC'!K67,'G&tC'!AB67,'G&tC'!K76,'G&tC'!AB76,'G&tC'!K85,'G&tC'!AB85) -> 101 | O8: =sum('G&tC'!L58,'G&tC'!AC58,'G&tC'!L67,'G&tC'!AC67,'G&tC'!L76,'G&tC'!AC76,'G&tC'!L85,'G&tC'!AC85) -> 27 | P8: =sum('G&tC'!M58,'G&tC'!AD58,'G&tC'!M67,'G&tC'!AD67,'G&tC'!M76,'G&tC'!AD76,'G&tC'!M85,'G&tC'!AD85) -> 12 | Q8: =sum('G&tC'!N58,'G&tC'!AE58,'G&tC'!N67,'G&tC'!AE67,'G&tC'!N76,'G&tC'!AE76,'G&tC'!N85,'G&tC'!AE85) -> 30 | R8: =sum('G&tC'!O58,'G&tC'!AF58,'G&tC'!O67,'G&tC'!AF67,'G&tC'!O76,'G&tC'!AF76,'G&tC'!O85,'G&tC'!AF85) -> 0 | S8: =sum('G&tC'!P58,'G&tC'!AG58,'G&tC'!P67,'G&tC'!AG67,'G&tC'!P76,'G&tC'!AG76,'G&tC'!P85,'G&tC'!AG85) -> 0 | T8: =J8/I8 -> 0.00020330823
B9: ixSqueeps (from AJYD/G&tC)
B10: Atone/Aware/Tommy (sub) | C10: 6 | E10: 5 | F10: =sum('G&tC'!C78,'G&tC'!T78,'G&tC'!C90,'G&tC'!C91,'G&tC'!T90,'G&tC'!T91) -> 3 | G10: =sum('G&tC'!D78,'G&tC'!U78,'G&tC'!D90,'G&tC'!D91,'G&tC'!U90,'G&tC'!U91) -> 487 | H10: =sum('G&tC'!E78,'G&tC'!V78,'G&tC'!E90,'G&tC'!E91,'G&tC'!V90,'G&tC'!V91) -> 5 | I10: =sum('G&tC'!F78,'G&tC'!W78,'G&tC'!F90,'G&tC'!F91,'G&tC'!W90,'G&tC'!W91) -> 532 | J10: =sum('G&tC'!G78,'G&tC'!X78,'G&tC'!G90,'G&tC'!G91,'G&tC'!X90,'G&tC'!X91) -> 0.10627315 | K10: =sum('G&tC'!H78,'G&tC'!Y78,'G&tC'!H90,'G&tC'!H91,'G&tC'!Y90,'G&tC'!Y91) -> -45 | L10: =K10/(HOUR(J10)*60+(MINUTE(J10)+((SECOND(J10)/60)))) -> -0.29405358 | M10: =sum('G&tC'!J78,'G&tC'!AA78,'G&tC'!J90,'G&tC'!J91,'G&tC'!AA90,'G&tC'!AA91) -> 21 | N10: =sum('G&tC'!K78,'G&tC'!AB78,'G&tC'!K90,'G&tC'!K91,'G&tC'!AB90,'G&tC'!AB91) -> 73 | O10: =sum('G&tC'!L78,'G&tC'!AC78,'G&tC'!L90,'G&tC'!L91,'G&tC'!AC90,'G&tC'!AC91) -> 11 | P10: =sum('G&tC'!M78,'G&tC'!AD78,'G&tC'!M90,'G&tC'!M91,'G&tC'!AD90,'G&tC'!AD91) -> 2 | Q10: =sum('G&tC'!N78,'G&tC'!AE78,'G&tC'!N90,'G&tC'!N91,'G&tC'!AE90,'G&tC'!AE91) -> 11 | R10: =sum('G&tC'!O78,'G&tC'!AF78,'G&tC'!O90,'G&tC'!O91,'G&tC'!AF90,'G&tC'!AF91) -> 0 | S10: =sum('G&tC'!P78,'G&tC'!AG78,'G&tC'!P90,'G&tC'!P91,'G&tC'!AG90,'G&tC'!AG91) -> 0 | T10: =J10/I10 -> 0.00019976156
A11: 43937 | B11: Totals: | C11: =MAX(C2:C10) -> 16 | D11: =MAX(D2:D10) -> 4 | E11: =MAX(E2:E10)+E10-1 -> 16 | F11: =sum(F2:F10) -> 48 | G11: =sum(G2:G10) -> 6693 | H11: =sum(H2:H10) -> 41 | I11: =sum(I2:I10) -> 7314 | J11: =J3+J8 -> 0.37025463 | K11: =sum(K2:K10) -> -621 | L11: =K11/(HOUR(J11)*60+(MINUTE(J11)+((SECOND(J11)/60)))) -> -1.164739 | M11: =sum(M2:M10) -> 275 | N11: =sum(N2:N10) -> 929 | O11: =sum(O2:O10) -> 183 | P11: =sum(P2:P10) -> 66 | Q11: =sum(Q2:Q10) -> 144 | R11: =sum(R2:R10) -> 9 | S11: =sum(S2:S10) -> 0 | U11: =sum(U2:U7) -> 1527.1667
A13: Team Rocket | B13: Beam1n1 | C13: 17 | D13: 11 | E13: 6 | F13: =sum(t.Rocket!C3,t.Rocket!T3,t.Rocket!C12,t.Rocket!T12,t.Rocket!C21,t.Rocket!T21,t.Rocket!C30,t.Rocket!T30,t.Rocket!C39,t.Rocket!T39,t.Rocket!C48,t.Rocket!T48,t.Rocket!C57,t.Rocket!T57,t.Rocket!C66,t.Rocket!T66,t.Rocket!C75,t.Rocket!T75,t.Rocket!C84,t.Rocket!T84) -> 3 | G13: =sum(t.Rocket!D3,t.Rocket!U3,t.Rocket!D12,t.Rocket!U12,t.Rocket!D21,t.Rocket!U21,t.Rocket!D30,t.Rocket!U30,t.Rocket!D39,t.Rocket!U39,t.Rocket!D48,t.Rocket!U48,t.Rocket!D57,t.Rocket!U57,t.Rocket!D66,t.Rocket!U66,t.Rocket!D75,t.Rocket!U75,t.Rocket!D84,t.Rocket!U84) -> 1476 | H13: =sum(t.Rocket!E3,t.Rocket!V3,t.Rocket!E12,t.Rocket!V12,t.Rocket!E21,t.Rocket!V21,t.Rocket!E30,t.Rocket!V30,t.Rocket!E39,t.Rocket!V39,t.Rocket!E48,t.Rocket!V48,t.Rocket!E57,t.Rocket!V57,t.Rocket!E66,t.Rocket!V66,t.Rocket!E75,t.Rocket!V75,t.Rocket!E84,t.Rocket!V84) -> 11 | I13: =sum(t.Rocket!F3,t.Rocket!W3,t.Rocket!F12,t.Rocket!W12,t.Rocket!F21,t.Rocket!W21,t.Rocket!F30,t.Rocket!W30,t.Rocket!F39,t.Rocket!W39,t.Rocket!F48,t.Rocket!W48,t.Rocket!F57,t.Rocket!W57,t.Rocket!F66,t.Rocket!W66,t.Rocket!F75,t.Rocket!W75,t.Rocket!F84,t.Rocket!W84) -> 1661 | J13: =sum(t.Rocket!G3,t.Rocket!X3,t.Rocket!G12,t.Rocket!X12,t.Rocket!G21,t.Rocket!X21,t.Rocket!G30,t.Rocket!X30,t.Rocket!G39,t.Rocket!X39,t.Rocket!G48,t.Rocket!X48,t.Rocket!G57,t.Rocket!X57,t.Rocket!G66,t.Rocket!X66,t.Rocket!G75,t.Rocket!X75,t.Rocket!G84,t.Rocket!X84) -> 0.35300926 | K13: =sum(t.Rocket!H3,t.Rocket!Y3,t.Rocket!H12,t.Rocket!Y12,t.Rocket!H21,t.Rocket!Y21,t.Rocket!H30,t.Rocket!Y30,t.Rocket!H39,t.Rocket!Y39,t.Rocket!H48,t.Rocket!Y48,t.Rocket!H57,t.Rocket!Y57,t.Rocket!H66,t.Rocket!Y66,t.Rocket!H75,t.Rocket!Y75,t.Rocket!H84,t.Rocket!Y84) -> -185 | L13: =K13/(HOUR(J13)*60+(MINUTE(J13)+((SECOND(J13)/60)))) -> -0.36393443 | M13: =sum(t.Rocket!J3,t.Rocket!AA3,t.Rocket!J12,t.Rocket!AA12,t.Rocket!J21,t.Rocket!AA21,t.Rocket!J30,t.Rocket!AA30,t.Rocket!J39,t.Rocket!AA39,t.Rocket!J48,t.Rocket!AA48,t.Rocket!J57,t.Rocket!AA57,t.Rocket!J66,t.Rocket!AA66,t.Rocket!J75,t.Rocket!AA75,t.Rocket!J84,t.Rocket!AA84) -> 47 | N13: =sum(t.Rocket!K3,t.Rocket!AB3,t.Rocket!K12,t.Rocket!AB12,t.Rocket!K21,t.Rocket!AB21,t.Rocket!K30,t.Rocket!AB30,t.Rocket!K39,t.Rocket!AB39,t.Rocket!K48,t.Rocket!AB48,t.Rocket!K57,t.Rocket!AB57,t.Rocket!K66,t.Rocket!AB66,t.Rocket!K75,t.Rocket!AB75,t.Rocket!K84,t.Rocket!AB84) -> 188 | O13: =sum(t.Rocket!L3,t.Rocket!AC3,t.Rocket!L12,t.Rocket!AC12,t.Rocket!L21,t.Rocket!AC21,t.Rocket!L30,t.Rocket!AC30,t.Rocket!L39,t.Rocket!AC39,t.Rocket!L48,t.Rocket!AC48,t.Rocket!L57,t.Rocket!AC57,t.Rocket!L66,t.Rocket!AC66,t.Rocket!L75,t.Rocket!AC75,t.Rocket!L84,t.Rocket!AC84) -> 33 | P13: =sum(t.Rocket!M3,t.Rocket!AD3,t.Rocket!M12,t.Rocket!AD12,t.Rocket!M21,t.Rocket!AD21,t.Rocket!M30,t.Rocket!AD30,t.Rocket!M39,t.Rocket!AD39,t.Rocket!M48,t.Rocket!AD48,t.Rocket!M57,t.Rocket!AD57,t.Rocket!M66,t.Rocket!AD66,t.Rocket!M75,t.Rocket!AD75,t.Rocket!M84,t.Rocket!AD84) -> 10 | Q13: =sum(t.Rocket!N3,t.Rocket!AE3,t.Rocket!N12,t.Rocket!AE12,t.Rocket!N21,t.Rocket!AE21,t.Rocket!N30,t.Rocket!AE30,t.Rocket!N39,t.Rocket!AE39,t.Rocket!N48,t.Rocket!AE48,t.Rocket!N57,t.Rocket!AE57,t.Rocket!N66,t.Rocket!AE66,t.Rocket!N75,t.Rocket!AE75,t.Rocket!N84,t.Rocket!AE84) -> 23 | R13: =sum(t.Rocket!O3,t.Rocket!AF3,t.Rocket!O12,t.Rocket!AF12,t.Rocket!O21,t.Rocket!AF21,t.Rocket!O30,t.Rocket!AF30,t.Rocket!O39,t.Rocket!AF39,t.Rocket!O48,t.Rocket!AF48,t.Rocket!O57,t.Rocket!AF57,t.Rocket!O66,t.Rocket!AF66,t.Rocket!O75,t.Rocket!AF75,t.Rocket!O84,t.Rocket!AF84) -> 1 | S13: =sum(t.Rocket!P3,t.Rocket!AG3,t.Rocket!P12,t.Rocket!AG12,t.Rocket!P21,t.Rocket!AG21,t.Rocket!P30,t.Rocket!AG30,t.Rocket!P39,t.Rocket!AG39,t.Rocket!P48,t.Rocket!AG48,t.Rocket!P57,t.Rocket!AG57,t.Rocket!P66,t.Rocket!AG66,t.Rocket!P75,t.Rocket!AG75,t.Rocket!P84,t.Rocket!AG84) -> 0 | T13: =J13/I13 -> 0.00021252815 | U13: =G13/D13 -> 134.18182
B14: halfbreed105 | C14: 20 | D14: 11 | E14: 9 | F14: =sum(t.Rocket!C4,t.Rocket!T4,t.Rocket!C13,t.Rocket!T13,t.Rocket!C22,t.Rocket!T22,t.Rocket!C31,t.Rocket!T31,t.Rocket!C40,t.Rocket!T40,t.Rocket!C49,t.Rocket!T49,t.Rocket!C58,t.Rocket!T58,t.Rocket!C67,t.Rocket!T67,t.Rocket!C76,t.Rocket!T76,t.Rocket!C85,t.Rocket!T85) -> 8 | G14: =sum(t.Rocket!D4,t.Rocket!U4,t.Rocket!D13,t.Rocket!U13,t.Rocket!D22,t.Rocket!U22,t.Rocket!D31,t.Rocket!U31,t.Rocket!D40,t.Rocket!U40,t.Rocket!D49,t.Rocket!U49,t.Rocket!D58,t.Rocket!U58,t.Rocket!D67,t.Rocket!U67,t.Rocket!D76,t.Rocket!U76,t.Rocket!D85,t.Rocket!U85) -> 2535 | H14: =sum(t.Rocket!E4,t.Rocket!V4,t.Rocket!E13,t.Rocket!V13,t.Rocket!E22,t.Rocket!V22,t.Rocket!E31,t.Rocket!V31,t.Rocket!E40,t.Rocket!V40,t.Rocket!E49,t.Rocket!V49,t.Rocket!E58,t.Rocket!V58,t.Rocket!E67,t.Rocket!V67,t.Rocket!E76,t.Rocket!V76,t.Rocket!E85,t.Rocket!V85) -> 11 | I14: =sum(t.Rocket!F4,t.Rocket!W4,t.Rocket!F13,t.Rocket!W13,t.Rocket!F22,t.Rocket!W22,t.Rocket!F31,t.Rocket!W31,t.Rocket!F40,t.Rocket!W40,t.Rocket!F49,t.Rocket!W49,t.Rocket!F58,t.Rocket!W58,t.Rocket!F67,t.Rocket!W67,t.Rocket!F76,t.Rocket!W76,t.Rocket!F85,t.Rocket!W85) -> 1984 | J14: =sum(t.Rocket!G4,t.Rocket!X4,t.Rocket!G13,t.Rocket!X13,t.Rocket!G22,t.Rocket!X22,t.Rocket!G31,t.Rocket!X31,t.Rocket!G40,t.Rocket!X40,t.Rocket!G49,t.Rocket!X49,t.Rocket!G58,t.Rocket!X58,t.Rocket!G67,t.Rocket!X67,t.Rocket!G76,t.Rocket!X76,t.Rocket!G85,t.Rocket!X85) -> 0.43783565 | K14: =sum(t.Rocket!H4,t.Rocket!Y4,t.Rocket!H13,t.Rocket!Y13,t.Rocket!H22,t.Rocket!Y22,t.Rocket!H31,t.Rocket!Y31,t.Rocket!H40,t.Rocket!Y40,t.Rocket!H49,t.Rocket!Y49,t.Rocket!H58,t.Rocket!Y58,t.Rocket!H67,t.Rocket!Y67,t.Rocket!H76,t.Rocket!Y76,t.Rocket!H85,t.Rocket!Y85) -> 551 | L14: =K14/(HOUR(J14)*60+(MINUTE(J14)+((SECOND(J14)/60)))) -> 0.8739327 | M14: =sum(t.Rocket!J4,t.Rocket!AA4,t.Rocket!J13,t.Rocket!AA13,t.Rocket!J22,t.Rocket!AA22,t.Rocket!J31,t.Rocket!AA31,t.Rocket!J40,t.Rocket!AA40,t.Rocket!J49,t.Rocket!AA49,t.Rocket!J58,t.Rocket!AA58,t.Rocket!J67,t.Rocket!AA67,t.Rocket!J76,t.Rocket!AA76,t.Rocket!J85,t.Rocket!AA85) -> 88 | N14: =sum(t.Rocket!K4,t.Rocket!AB4,t.Rocket!K13,t.Rocket!AB13,t.Rocket!K22,t.Rocket!AB22,t.Rocket!K31,t.Rocket!AB31,t.Rocket!K40,t.Rocket!AB40,t.Rocket!K49,t.Rocket!AB49,t.Rocket!K58,t.Rocket!AB58,t.Rocket!K67,t.Rocket!AB67,t.Rocket!K76,t.Rocket!AB76,t.Rocket!K85,t.Rocket!AB85) -> 407 | O14: =sum(t.Rocket!L4,t.Rocket!AC4,t.Rocket!L13,t.Rocket!AC13,t.Rocket!L22,t.Rocket!AC22,t.Rocket!L31,t.Rocket!AC31,t.Rocket!L40,t.Rocket!AC40,t.Rocket!L49,t.Rocket!AC49,t.Rocket!L58,t.Rocket!AC58,t.Rocket!L67,t.Rocket!AC67,t.Rocket!L76,t.Rocket!AC76,t.Rocket!L85,t.Rocket!AC85) -> 97 | P14: =sum(t.Rocket!M4,t.Rocket!AD4,t.Rocket!M13,t.Rocket!AD13,t.Rocket!M22,t.Rocket!AD22,t.Rocket!M31,t.Rocket!AD31,t.Rocket!M40,t.Rocket!AD40,t.Rocket!M49,t.Rocket!AD49,t.Rocket!M58,t.Rocket!AD58,t.Rocket!M67,t.Rocket!AD67,t.Rocket!M76,t.Rocket!AD76,t.Rocket!M85,t.Rocket!AD85) -> 34 | Q14: =sum(t.Rocket!N4,t.Rocket!AE4,t.Rocket!N13,t.Rocket!AE13,t.Rocket!N22,t.Rocket!AE22,t.Rocket!N31,t.Rocket!AE31,t.Rocket!N40,t.Rocket!AE40,t.Rocket!N49,t.Rocket!AE49,t.Rocket!N58,t.Rocket!AE58,t.Rocket!N67,t.Rocket!AE67,t.Rocket!N76,t.Rocket!AE76,t.Rocket!N85,t.Rocket!AE85) -> 79 | R14: =sum(t.Rocket!O4,t.Rocket!AF4,t.Rocket!O13,t.Rocket!AF13,t.Rocket!O22,t.Rocket!AF22,t.Rocket!O31,t.Rocket!AF31,t.Rocket!O40,t.Rocket!AF40,t.Rocket!O49,t.Rocket!AF49,t.Rocket!O58,t.Rocket!AF58,t.Rocket!O67,t.Rocket!AF67,t.Rocket!O76,t.Rocket!AF76,t.Rocket!O85,t.Rocket!AF85) -> 1 | S14: =sum(t.Rocket!P4,t.Rocket!AG4,t.Rocket!P13,t.Rocket!AG13,t.Rocket!P22,t.Rocket!AG22,t.Rocket!P31,t.Rocket!AG31,t.Rocket!P40,t.Rocket!AG40,t.Rocket!P49,t.Rocket!AG49,t.Rocket!P58,t.Rocket!AG58,t.Rocket!P67,t.Rocket!AG67,t.Rocket!P76,t.Rocket!AG76,t.Rocket!P85,t.Rocket!AG85) -> 0 | T14: =J14/I14 -> 0.00022068329 | U14: =G14/D14 -> 230.45455
B15: its bck | C15: 20 | D15: 11 | E15: 9 | F15: =sum(t.Rocket!C5,t.Rocket!T5,t.Rocket!C14,t.Rocket!T14,t.Rocket!C23,t.Rocket!T23,t.Rocket!C32,t.Rocket!T32,t.Rocket!C41,t.Rocket!T41,t.Rocket!C50,t.Rocket!T50,t.Rocket!C59,t.Rocket!T59,t.Rocket!C68,t.Rocket!T68,t.Rocket!C77,t.Rocket!T77,t.Rocket!C86,t.Rocket!T86) -> 60 | G15: =sum(t.Rocket!D5,t.Rocket!U5,t.Rocket!D14,t.Rocket!U14,t.Rocket!D23,t.Rocket!U23,t.Rocket!D32,t.Rocket!U32,t.Rocket!D41,t.Rocket!U41,t.Rocket!D50,t.Rocket!U50,t.Rocket!D59,t.Rocket!U59,t.Rocket!D68,t.Rocket!U68,t.Rocket!D77,t.Rocket!U77,t.Rocket!D86,t.Rocket!U86) -> 1422 | H15: =sum(t.Rocket!E5,t.Rocket!V5,t.Rocket!E14,t.Rocket!V14,t.Rocket!E23,t.Rocket!V23,t.Rocket!E32,t.Rocket!V32,t.Rocket!E41,t.Rocket!V41,t.Rocket!E50,t.Rocket!V50,t.Rocket!E59,t.Rocket!V59,t.Rocket!E68,t.Rocket!V68,t.Rocket!E77,t.Rocket!V77,t.Rocket!E86,t.Rocket!V86) -> 8 | I15: =sum(t.Rocket!F5,t.Rocket!W5,t.Rocket!F14,t.Rocket!W14,t.Rocket!F23,t.Rocket!W23,t.Rocket!F32,t.Rocket!W32,t.Rocket!F41,t.Rocket!W41,t.Rocket!F50,t.Rocket!W50,t.Rocket!F59,t.Rocket!W59,t.Rocket!F68,t.Rocket!W68,t.Rocket!F77,t.Rocket!W77,t.Rocket!F86,t.Rocket!W86) -> 1579 | J15: =sum(t.Rocket!G5,t.Rocket!X5,t.Rocket!G14,t.Rocket!X14,t.Rocket!G23,t.Rocket!X23,t.Rocket!G32,t.Rocket!X32,t.Rocket!G41,t.Rocket!X41,t.Rocket!G50,t.Rocket!X50,t.Rocket!G59,t.Rocket!X59,t.Rocket!G68,t.Rocket!X68,t.Rocket!G77,t.Rocket!X77,t.Rocket!G86,t.Rocket!X86) -> 0.43783565 | K15: =sum(t.Rocket!H5,t.Rocket!Y5,t.Rocket!H14,t.Rocket!Y14,t.Rocket!H23,t.Rocket!Y23,t.Rocket!H32,t.Rocket!Y32,t.Rocket!H41,t.Rocket!Y41,t.Rocket!H50,t.Rocket!Y50,t.Rocket!H59,t.Rocket!Y59,t.Rocket!H68,t.Rocket!Y68,t.Rocket!H77,t.Rocket!Y77,t.Rocket!H86,t.Rocket!Y86) -> -157 | L15: =K15/(HOUR(J15)*60+(MINUTE(J15)+((SECOND(J15)/60)))) -> -0.24901531 | M15: =sum(t.Rocket!J5,t.Rocket!AA5,t.Rocket!J14,t.Rocket!AA14,t.Rocket!J23,t.Rocket!AA23,t.Rocket!J32,t.Rocket!AA32,t.Rocket!J41,t.Rocket!AA41,t.Rocket!J50,t.Rocket!AA50,t.Rocket!J59,t.Rocket!AA59,t.Rocket!J68,t.Rocket!AA68,t.Rocket!J77,t.Rocket!AA77,t.Rocket!J86,t.Rocket!AA86) -> 83 | N15: =sum(t.Rocket!K5,t.Rocket!AB5,t.Rocket!K14,t.Rocket!AB14,t.Rocket!K23,t.Rocket!AB23,t.Rocket!K32,t.Rocket!AB32,t.Rocket!K41,t.Rocket!AB41,t.Rocket!K50,t.Rocket!AB50,t.Rocket!K59,t.Rocket!AB59,t.Rocket!K68,t.Rocket!AB68,t.Rocket!K77,t.Rocket!AB77,t.Rocket!K86,t.Rocket!AB86) -> 182 | O15: =sum(t.Rocket!L5,t.Rocket!AC5,t.Rocket!L14,t.Rocket!AC14,t.Rocket!L23,t.Rocket!AC23,t.Rocket!L32,t.Rocket!AC32,t.Rocket!L41,t.Rocket!AC41,t.Rocket!L50,t.Rocket!AC50,t.Rocket!L59,t.Rocket!AC59,t.Rocket!L68,t.Rocket!AC68,t.Rocket!L77,t.Rocket!AC77,t.Rocket!L86,t.Rocket!AC86) -> 27 | P15: =sum(t.Rocket!M5,t.Rocket!AD5,t.Rocket!M14,t.Rocket!AD14,t.Rocket!M23,t.Rocket!AD23,t.Rocket!M32,t.Rocket!AD32,t.Rocket!M41,t.Rocket!AD41,t.Rocket!M50,t.Rocket!AD50,t.Rocket!M59,t.Rocket!AD59,t.Rocket!M68,t.Rocket!AD68,t.Rocket!M77,t.Rocket!AD77,t.Rocket!M86,t.Rocket!AD86) -> 1 | Q15: =sum(t.Rocket!N5,t.Rocket!AE5,t.Rocket!N14,t.Rocket!AE14,t.Rocket!N23,t.Rocket!AE23,t.Rocket!N32,t.Rocket!AE32,t.Rocket!N41,t.Rocket!AE41,t.Rocket!N50,t.Rocket!AE50,t.Rocket!N59,t.Rocket!AE59,t.Rocket!N68,t.Rocket!AE68,t.Rocket!N77,t.Rocket!AE77,t.Rocket!N86,t.Rocket!AE86) -> 40 | R15: =sum(t.Rocket!O5,t.Rocket!AF5,t.Rocket!O14,t.Rocket!AF14,t.Rocket!O23,t.Rocket!AF23,t.Rocket!O32,t.Rocket!AF32,t.Rocket!O41,t.Rocket!AF41,t.Rocket!O50,t.Rocket!AF50,t.Rocket!O59,t.Rocket!AF59,t.Rocket!O68,t.Rocket!AF68,t.Rocket!O77,t.Rocket!AF77,t.Rocket!O86,t.Rocket!AF86) -> 0 | S15: =sum(t.Rocket!P5,t.Rocket!AG5,t.Rocket!P14,t.Rocket!AG14,t.Rocket!P23,t.Rocket!AG23,t.Rocket!P32,t.Rocket!AG32,t.Rocket!P41,t.Rocket!AG41,t.Rocket!P50,t.Rocket!AG50,t.Rocket!P59,t.Rocket!AG59,t.Rocket!P68,t.Rocket!AG68,t.Rocket!P77,t.Rocket!AG77,t.Rocket!P86,t.Rocket!AG86) -> 0 | T15: =J15/I15 -> 0.00027728667 | U15: =G15/D15 -> 129.27273
B16: godwit1ivy (to MAB) | C16: 1 | E16: 1 | F16: =sum(t.Rocket!C6,t.Rocket!T6,t.Rocket!C15,t.Rocket!T15,t.Rocket!C24,t.Rocket!T24,t.Rocket!C33,t.Rocket!T33,t.Rocket!C42) -> 0 | G16: =sum(t.Rocket!D6,t.Rocket!U6,t.Rocket!D15,t.Rocket!U15,t.Rocket!D24,t.Rocket!U24,t.Rocket!D33,t.Rocket!U33,t.Rocket!D42) -> 59 | H16: =sum(t.Rocket!E6,t.Rocket!V6,t.Rocket!E15,t.Rocket!V15,t.Rocket!E24,t.Rocket!V24,t.Rocket!E33,t.Rocket!V33,t.Rocket!E42) -> 0 | I16: =sum(t.Rocket!F6,t.Rocket!W6,t.Rocket!F15,t.Rocket!W15,t.Rocket!F24,t.Rocket!W24,t.Rocket!F33,t.Rocket!W33,t.Rocket!F42) -> 87 | J16: =sum(t.Rocket!G6,t.Rocket!X6,t.Rocket!G15,t.Rocket!X15,t.Rocket!G24,t.Rocket!X24,t.Rocket!G33,t.Rocket!X33,t.Rocket!G42) -> 0.020601852 | K16: =sum(t.Rocket!H6,t.Rocket!Y6,t.Rocket!H15,t.Rocket!Y15,t.Rocket!H24,t.Rocket!Y24,t.Rocket!H33,t.Rocket!Y33,t.Rocket!H42) -> -28 | L16: =K16/(HOUR(J16)*60+(MINUTE(J16)+((SECOND(J16)/60)))) -> -0.94382022 | M16: =sum(t.Rocket!J6,t.Rocket!AA6,t.Rocket!J15,t.Rocket!AA15,t.Rocket!J24,t.Rocket!AA24,t.Rocket!J33,t.Rocket!AA33,t.Rocket!J42) -> 3 | N16: =sum(t.Rocket!K6,t.Rocket!AB6,t.Rocket!K15,t.Rocket!AB15,t.Rocket!K24,t.Rocket!AB24,t.Rocket!K33,t.Rocket!AB33,t.Rocket!K42) -> 6 | O16: =sum(t.Rocket!L6,t.Rocket!AC6,t.Rocket!L15,t.Rocket!AC15,t.Rocket!L24,t.Rocket!AC24,t.Rocket!L33,t.Rocket!AC33,t.Rocket!L42) -> 0 | P16: =sum(t.Rocket!M6,t.Rocket!AD6,t.Rocket!M15,t.Rocket!AD15,t.Rocket!M24,t.Rocket!AD24,t.Rocket!M33,t.Rocket!AD33,t.Rocket!M42) -> 0 | Q16: =sum(t.Rocket!N6,t.Rocket!AE6,t.Rocket!N15,t.Rocket!AE15,t.Rocket!N24,t.Rocket!AE24,t.Rocket!N33,t.Rocket!AE33,t.Rocket!N42) -> 1 | R16: =sum(t.Rocket!O6,t.Rocket!AF6,t.Rocket!O15,t.Rocket!AF15,t.Rocket!O24,t.Rocket!AF24,t.Rocket!O33,t.Rocket!AF33,t.Rocket!O42) -> 0 | S16: =sum(t.Rocket!P6,t.Rocket!AG6,t.Rocket!P15,t.Rocket!AG15,t.Rocket!P24,t.Rocket!AG24,t.Rocket!P33,t.Rocket!AG33,t.Rocket!P42) -> 0 | T16: =J16/I16 -> 0.00023680289 | W16: =(sum(J97,J89,J81,J73,J65,J57,J49,J40,J31,J21,J11)) -> 4.1177083 | X16: =W16/'Game Results'!G2/2 -> 0.019063465
B17: ixSqueeps (to AJYD/G&tC) | C17: 2 | E17: 2 | F17: =sum(t.Rocket!C7,t.Rocket!T7,t.Rocket!C16,t.Rocket!T16,t.Rocket!C25,t.Rocket!T25,t.Rocket!C34,t.Rocket!T34,t.Rocket!C43,t.Rocket!T43) -> 0 | G17: =sum(t.Rocket!D7,t.Rocket!U7,t.Rocket!D16,t.Rocket!U16,t.Rocket!D25,t.Rocket!U25,t.Rocket!D34,t.Rocket!U34,t.Rocket!D43,t.Rocket!U43) -> 187 | H17: =sum(t.Rocket!E7,t.Rocket!V7,t.Rocket!E16,t.Rocket!V16,t.Rocket!E25,t.Rocket!V25,t.Rocket!E34,t.Rocket!V34,t.Rocket!E43,t.Rocket!V43) -> 1 | I17: =sum(t.Rocket!F7,t.Rocket!W7,t.Rocket!F16,t.Rocket!W16,t.Rocket!F25,t.Rocket!W25,t.Rocket!F34,t.Rocket!W34,t.Rocket!F43,t.Rocket!W43) -> 222 | J17: =sum(t.Rocket!G7,t.Rocket!X7,t.Rocket!G16,t.Rocket!X16,t.Rocket!G25,t.Rocket!X25,t.Rocket!G34,t.Rocket!X34,t.Rocket!G43,t.Rocket!X43) -> 0.045115741 | K17: =sum(t.Rocket!H7,t.Rocket!Y7,t.Rocket!H16,t.Rocket!Y16,t.Rocket!H25,t.Rocket!Y25,t.Rocket!H34,t.Rocket!Y34,t.Rocket!H43,t.Rocket!Y43) -> -35 | L17: =K17/(HOUR(J17)*60+(MINUTE(J17)+((SECOND(J17)/60)))) -> -0.53873781 | M17: =sum(t.Rocket!J7,t.Rocket!AA7,t.Rocket!J16,t.Rocket!AA16,t.Rocket!J25,t.Rocket!AA25,t.Rocket!J34,t.Rocket!AA34,t.Rocket!J43,t.Rocket!AA43) -> 9 | N17: =sum(t.Rocket!K7,t.Rocket!AB7,t.Rocket!K16,t.Rocket!AB16,t.Rocket!K25,t.Rocket!AB25,t.Rocket!K34,t.Rocket!AB34,t.Rocket!K43,t.Rocket!AB43) -> 26 | O17: =sum(t.Rocket!L7,t.Rocket!AC7,t.Rocket!L16,t.Rocket!AC16,t.Rocket!L25,t.Rocket!AC25,t.Rocket!L34,t.Rocket!AC34,t.Rocket!L43,t.Rocket!AC43) -> 3 | P17: =sum(t.Rocket!M7,t.Rocket!AD7,t.Rocket!M16,t.Rocket!AD16,t.Rocket!M25,t.Rocket!AD25,t.Rocket!M34,t.Rocket!AD34,t.Rocket!M43,t.Rocket!AD43) -> 1 | Q17: =sum(t.Rocket!N7,t.Rocket!AE7,t.Rocket!N16,t.Rocket!AE16,t.Rocket!N25,t.Rocket!AE25,t.Rocket!N34,t.Rocket!AE34,t.Rocket!N43,t.Rocket!AE43) -> 3 | R17: =sum(t.Rocket!O7,t.Rocket!AF7,t.Rocket!O16,t.Rocket!AF16,t.Rocket!O25,t.Rocket!AF25,t.Rocket!O34,t.Rocket!AF34,t.Rocket!O43,t.Rocket!AF43) -> 0 | S17: =sum(t.Rocket!P7,t.Rocket!AG7,t.Rocket!P16,t.Rocket!AG16,t.Rocket!P25,t.Rocket!AG25,t.Rocket!P34,t.Rocket!AG34,t.Rocket!P43,t.Rocket!AG43) -> 0 | T17: =J17/I17 -> 0.00020322406
B18: Grunt Padre | C18: 15 | D18: 9 | E18: 6 | F18: =sum(t.Rocket!C8,t.Rocket!T8,t.Rocket!C17,t.Rocket!T17,t.Rocket!C26,t.Rocket!T26,t.Rocket!C35,t.Rocket!T35,t.Rocket!C44,t.Rocket!T44,t.Rocket!C53,t.Rocket!T53,t.Rocket!C62,t.Rocket!T62,t.Rocket!C71,t.Rocket!T71,t.Rocket!C80,t.Rocket!T80,t.Rocket!C89,t.Rocket!T89) -> 2 | G18: =sum(t.Rocket!D8,t.Rocket!U8,t.Rocket!D17,t.Rocket!U17,t.Rocket!D26,t.Rocket!U26,t.Rocket!D35,t.Rocket!U35,t.Rocket!D44,t.Rocket!U44,t.Rocket!D53,t.Rocket!U53,t.Rocket!D62,t.Rocket!U62,t.Rocket!D71,t.Rocket!U71,t.Rocket!D80,t.Rocket!U80,t.Rocket!D89,t.Rocket!U89) -> 1669 | H18: =sum(t.Rocket!E8,t.Rocket!V8,t.Rocket!E17,t.Rocket!V17,t.Rocket!E26,t.Rocket!V26,t.Rocket!E35,t.Rocket!V35,t.Rocket!E44,t.Rocket!V44,t.Rocket!E53,t.Rocket!V53,t.Rocket!E62,t.Rocket!V62,t.Rocket!E71,t.Rocket!V71,t.Rocket!E80,t.Rocket!V80,t.Rocket!E89,t.Rocket!V89) -> 12 | I18: =sum(t.Rocket!F8,t.Rocket!W8,t.Rocket!F17,t.Rocket!W17,t.Rocket!F26,t.Rocket!W26,t.Rocket!F35,t.Rocket!W35,t.Rocket!F44,t.Rocket!W44,t.Rocket!F53,t.Rocket!W53,t.Rocket!F62,t.Rocket!W62,t.Rocket!F71,t.Rocket!W71,t.Rocket!F80,t.Rocket!W80,t.Rocket!F89,t.Rocket!W89) -> 2070 | J18: =sum(t.Rocket!G8,t.Rocket!X8,t.Rocket!G17,t.Rocket!X17,t.Rocket!G26,t.Rocket!X26,t.Rocket!G35,t.Rocket!X35,t.Rocket!G44,t.Rocket!X44,t.Rocket!G53,t.Rocket!X53,t.Rocket!G62,t.Rocket!X62,t.Rocket!G71,t.Rocket!X71,t.Rocket!G80,t.Rocket!X80,t.Rocket!G89,t.Rocket!X89) -> 0.33918981 | K18: =sum(t.Rocket!H8,t.Rocket!Y8,t.Rocket!H17,t.Rocket!Y17,t.Rocket!H26,t.Rocket!Y26,t.Rocket!H35,t.Rocket!Y35,t.Rocket!H44,t.Rocket!Y44,t.Rocket!H53,t.Rocket!Y53,t.Rocket!H62,t.Rocket!Y62,t.Rocket!H71,t.Rocket!Y71,t.Rocket!H80,t.Rocket!Y80,t.Rocket!H89,t.Rocket!Y89) -> -401 | L18: =K18/(HOUR(J18)*60+(MINUTE(J18)+((SECOND(J18)/60)))) -> -0.82099229 | M18: =sum(t.Rocket!J8,t.Rocket!AA8,t.Rocket!J17,t.Rocket!AA17,t.Rocket!J26,t.Rocket!AA26,t.Rocket!J35,t.Rocket!AA35,t.Rocket!J44,t.Rocket!AA44,t.Rocket!J53,t.Rocket!AA53,t.Rocket!J62,t.Rocket!AA62,t.Rocket!J71,t.Rocket!AA71,t.Rocket!J80,t.Rocket!AA80,t.Rocket!J89,t.Rocket!AA89) -> 55 | N18: =sum(t.Rocket!K8,t.Rocket!AB8,t.Rocket!K17,t.Rocket!AB17,t.Rocket!K26,t.Rocket!AB26,t.Rocket!K35,t.Rocket!AB35,t.Rocket!K44,t.Rocket!AB44,t.Rocket!K53,t.Rocket!AB53,t.Rocket!K62,t.Rocket!AB62,t.Rocket!K71,t.Rocket!AB71,t.Rocket!K80,t.Rocket!AB80,t.Rocket!K89,t.Rocket!AB89) -> 264 | O18: =sum(t.Rocket!L8,t.Rocket!AC8,t.Rocket!L17,t.Rocket!AC17,t.Rocket!L26,t.Rocket!AC26,t.Rocket!L35,t.Rocket!AC35,t.Rocket!L44,t.Rocket!AC44,t.Rocket!L53,t.Rocket!AC53,t.Rocket!L62,t.Rocket!AC62,t.Rocket!L71,t.Rocket!AC71,t.Rocket!L80,t.Rocket!AC80,t.Rocket!L89,t.Rocket!AC89) -> 73 | P18: =sum(t.Rocket!M8,t.Rocket!AD8,t.Rocket!M17,t.Rocket!AD17,t.Rocket!M26,t.Rocket!AD26,t.Rocket!M35,t.Rocket!AD35,t.Rocket!M44,t.Rocket!AD44,t.Rocket!M53,t.Rocket!AD53,t.Rocket!M62,t.Rocket!AD62,t.Rocket!M71,t.Rocket!AD71,t.Rocket!M80,t.Rocket!AD80,t.Rocket!M89,t.Rocket!AD89) -> 20 | Q18: =sum(t.Rocket!N8,t.Rocket!AE8,t.Rocket!N17,t.Rocket!AE17,t.Rocket!N26,t.Rocket!AE26,t.Rocket!N35,t.Rocket!AE35,t.Rocket!N44,t.Rocket!AE44,t.Rocket!N53,t.Rocket!AE53,t.Rocket!N62,t.Rocket!AE62,t.Rocket!N71,t.Rocket!AE71,t.Rocket!N80,t.Rocket!AE80,t.Rocket!N89,t.Rocket!AE89) -> 21 | R18: =sum(t.Rocket!O8,t.Rocket!AF8,t.Rocket!O17,t.Rocket!AF17,t.Rocket!O26,t.Rocket!AF26,t.Rocket!O35,t.Rocket!AF35,t.Rocket!O44,t.Rocket!AF44,t.Rocket!O53,t.Rocket!AF53,t.Rocket!O62,t.Rocket!AF62,t.Rocket!O71,t.Rocket!AF71,t.Rocket!O80,t.Rocket!AF80,t.Rocket!O89,t.Rocket!AF89) -> 0 | S18: =sum(t.Rocket!P8,t.Rocket!AG8,t.Rocket!P17,t.Rocket!AG17,t.Rocket!P26,t.Rocket!AG26,t.Rocket!P35,t.Rocket!AG35,t.Rocket!P44,t.Rocket!AG44,t.Rocket!P53,t.Rocket!AG53,t.Rocket!P62,t.Rocket!AG62,t.Rocket!P71,t.Rocket!AG71,t.Rocket!P80,t.Rocket!AG80,t.Rocket!P89,t.Rocket!AG89) -> 0 | T18: =J18/I18 -> 0.00016385981 | U18: =G18/D18 -> 185.44444
B19: TommyWstSide (from AJYD) | C19: 4 | D19: 2 | E19: 2 | F19: =sum(t.Rocket!C52,t.Rocket!T52,t.Rocket!C61,t.Rocket!T61,t.Rocket!C70,t.Rocket!T70,t.Rocket!C79,t.Rocket!T79,t.Rocket!C88,t.Rocket!T88) -> 1 | G19: =sum(t.Rocket!D52,t.Rocket!U52,t.Rocket!D61,t.Rocket!U61,t.Rocket!D70,t.Rocket!U70,t.Rocket!D79,t.Rocket!U79,t.Rocket!D88,t.Rocket!U88) -> 460 | H19: =sum(t.Rocket!E52,t.Rocket!V52,t.Rocket!E61,t.Rocket!V61,t.Rocket!E70,t.Rocket!V70,t.Rocket!E79,t.Rocket!V79,t.Rocket!E88,t.Rocket!V88) -> 1 | I19: =sum(t.Rocket!F52,t.Rocket!W52,t.Rocket!F61,t.Rocket!W61,t.Rocket!F70,t.Rocket!W70,t.Rocket!F79,t.Rocket!W79,t.Rocket!F88,t.Rocket!W88) -> 593 | J19: =sum(t.Rocket!G52,t.Rocket!X52,t.Rocket!G61,t.Rocket!X61,t.Rocket!G70,t.Rocket!X70,t.Rocket!G79,t.Rocket!X79,t.Rocket!G88,t.Rocket!X88) -> 0.11071759 | K19: =sum(t.Rocket!H52,t.Rocket!Y52,t.Rocket!H61,t.Rocket!Y61,t.Rocket!H70,t.Rocket!Y70,t.Rocket!H79,t.Rocket!Y79,t.Rocket!H88,t.Rocket!Y88) -> -133 | L19: =K19/(HOUR(J19)*60+(MINUTE(J19)+((SECOND(J19)/60)))) -> -0.83420447 | M19: =sum(t.Rocket!J52,t.Rocket!AA52,t.Rocket!J61,t.Rocket!AA61,t.Rocket!J70,t.Rocket!AA70,t.Rocket!J79,t.Rocket!AA79,t.Rocket!J88,t.Rocket!AA88) -> 16 | N19: =sum(t.Rocket!K52,t.Rocket!AB52,t.Rocket!K61,t.Rocket!AB61,t.Rocket!K70,t.Rocket!AB70,t.Rocket!K79,t.Rocket!AB79,t.Rocket!K88,t.Rocket!AB88) -> 54 | O19: =sum(t.Rocket!L52,t.Rocket!AC52,t.Rocket!L61,t.Rocket!AC61,t.Rocket!L70,t.Rocket!AC70,t.Rocket!L79,t.Rocket!AC79,t.Rocket!L88,t.Rocket!AC88) -> 11 | P19: =sum(t.Rocket!M52,t.Rocket!AD52,t.Rocket!M61,t.Rocket!AD61,t.Rocket!M70,t.Rocket!AD70,t.Rocket!M79,t.Rocket!AD79,t.Rocket!M88,t.Rocket!AD88) -> 1 | Q19: =sum(t.Rocket!N52,t.Rocket!AE52,t.Rocket!N61,t.Rocket!AE61,t.Rocket!N70,t.Rocket!AE70,t.Rocket!N79,t.Rocket!AE79,t.Rocket!N88,t.Rocket!AE88) -> 6 | R19: =sum(t.Rocket!O52,t.Rocket!AF52,t.Rocket!O61,t.Rocket!AF61,t.Rocket!O70,t.Rocket!AF70,t.Rocket!O79,t.Rocket!AF79,t.Rocket!O88,t.Rocket!AF88) -> 0 | S19: =sum(t.Rocket!P52,t.Rocket!AG52,t.Rocket!P61,t.Rocket!AG61,t.Rocket!P70,t.Rocket!AG70,t.Rocket!P79,t.Rocket!AG79,t.Rocket!P88,t.Rocket!AG88) -> 0
B20: Scarhead1995 (from MAB) | C20: 1 | E20: 1 | F20: =sum(t.Rocket!T87) -> 0 | G20: =sum(t.Rocket!U87) -> 49 | H20: =sum(t.Rocket!V87) -> 1 | I20: =sum(t.Rocket!W87) -> 62 | J20: =sum(t.Rocket!X87) -> 0.007037037 | K20: =sum(t.Rocket!Y87) -> -13 | L20: =K20/(HOUR(J20)*60+(MINUTE(J20)+((SECOND(J20)/60)))) -> -1.2828947 | M20: =sum(t.Rocket!AA87) -> 1 | N20: =sum(t.Rocket!AB87) -> 4 | O20: =sum(t.Rocket!AC87) -> 0 | P20: =sum(t.Rocket!AD87) -> 0 | Q20: =sum(t.Rocket!AE87) -> 0 | R20: =sum(t.Rocket!AF87) -> 0 | S20: =sum(t.Rocket!AG87) -> 0 | T20: =J20/I20 -> 0.0001135006
A21: 44144 | B21: Totals: | C21: =MAX(C13:C20) -> 20 | D21: =MAX(D13:D20) -> 11 | E21: =MAX(E13:E20) -> 9 | F21: =sum(F13:F19) -> 74 | G21: =sum(G13:G19) -> 7808 | H21: =sum(H13:H19) -> 44 | I21: =sum(I13:I19) -> 8196 | J21: =J14 -> 0.43783565 | K21: =sum(K13:K19) -> -388 | L21: =K21/(HOUR(J21)*60+(MINUTE(J21)+((SECOND(J21)/60)))) -> -0.61540088 | M21: =sum(M13:M19) -> 301 | N21: =sum(N13:N19) -> 1127 | O21: =sum(O13:O19) -> 244 | P21: =sum(P13:P19) -> 67 | Q21: =sum(Q13:Q19) -> 173 | R21: =sum(R13:R19) -> 2 | S21: =sum(S13:S19) -> 0 | U21: =sum(U13:U20) -> 679.35354
A23: AJYD | B23: nkotb4evah | C23: 20 | D23: 6 | E23: 14 | F23: =sum(AJYD!C3,AJYD!T3,AJYD!C12,AJYD!T12,AJYD!C21,AJYD!T21,AJYD!C30,AJYD!T30,AJYD!C39,AJYD!T39,AJYD!C48,AJYD!T48,AJYD!C57,AJYD!T57,AJYD!C66,AJYD!T66,AJYD!C75,AJYD!T75,AJYD!C84,AJYD!T84) -> 35 | G23: =sum(AJYD!D3,AJYD!U3,AJYD!D12,AJYD!U12,AJYD!D21,AJYD!U21,AJYD!D30,AJYD!U30,AJYD!D39,AJYD!U39,AJYD!D48,AJYD!U48,AJYD!D57,AJYD!U57,AJYD!D66,AJYD!U66,AJYD!D75,AJYD!U75,AJYD!D84,AJYD!U84) -> 1446 | H23: =sum(AJYD!E3,AJYD!V3,AJYD!E12,AJYD!V12,AJYD!E21,AJYD!V21,AJYD!E30,AJYD!V30,AJYD!E39,AJYD!V39,AJYD!E48,AJYD!V48,AJYD!E57,AJYD!V57,AJYD!E66,AJYD!V66,AJYD!E75,AJYD!V75,AJYD!E84,AJYD!V84) -> 16 | I23: =sum(AJYD!F3,AJYD!W3,AJYD!F12,AJYD!W12,AJYD!F21,AJYD!W21,AJYD!F30,AJYD!W30,AJYD!F39,AJYD!W39,AJYD!F48,AJYD!W48,AJYD!F57,AJYD!W57,AJYD!F66,AJYD!W66,AJYD!F75,AJYD!W75,AJYD!F84,AJYD!W84) -> 1764 | J23: =sum(AJYD!G3,AJYD!X3,AJYD!G12,AJYD!X12,AJYD!G21,AJYD!X21,AJYD!G30,AJYD!X30,AJYD!G39,AJYD!X39,AJYD!G48,AJYD!X48,AJYD!G57,AJYD!X57,AJYD!G66,AJYD!X66,AJYD!G75,AJYD!X75,AJYD!G84,AJYD!X84) -> 0.39857639 | K23: =sum(AJYD!H3,AJYD!Y3,AJYD!H12,AJYD!Y12,AJYD!H21,AJYD!Y21,AJYD!H30,AJYD!Y30,AJYD!H39,AJYD!Y39,AJYD!H48,AJYD!Y48,AJYD!H57,AJYD!Y57,AJYD!H66,AJYD!Y66,AJYD!H75,AJYD!Y75,AJYD!H84,AJYD!Y84) -> -318 | L23: =K23/(HOUR(J23)*60+(MINUTE(J23)+((SECOND(J23)/60)))) -> -0.55405523 | M23: =sum(AJYD!J3,AJYD!AA3,AJYD!J12,AJYD!AA12,AJYD!J21,AJYD!AA21,AJYD!J30,AJYD!AA30,AJYD!J39,AJYD!AA39,AJYD!J48,AJYD!AA48,AJYD!J57,AJYD!AA57,AJYD!J66,AJYD!AA66,AJYD!J75,AJYD!AA75,AJYD!J84,AJYD!AA84) -> 66 | N23: =sum(AJYD!K3,AJYD!AB3,AJYD!K12,AJYD!AB12,AJYD!K21,AJYD!AB21,AJYD!K30,AJYD!AB30,AJYD!K39,AJYD!AB39,AJYD!K48,AJYD!AB48,AJYD!K57,AJYD!AB57,AJYD!K66,AJYD!AB66,AJYD!K75,AJYD!AB75,AJYD!K84,AJYD!AB84) -> 169 | O23: =sum(AJYD!L3,AJYD!AC3,AJYD!L12,AJYD!AC12,AJYD!L21,AJYD!AC21,AJYD!L30,AJYD!AC30,AJYD!L39,AJYD!AC39,AJYD!L48,AJYD!AC48,AJYD!L57,AJYD!AC57,AJYD!L66,AJYD!AC66,AJYD!L75,AJYD!AC75,AJYD!L84,AJYD!AC84) -> 31 | P23: =sum(AJYD!M3,AJYD!AD3,AJYD!M12,AJYD!AD12,AJYD!M21,AJYD!AD21,AJYD!M30,AJYD!AD30,AJYD!M39,AJYD!AD39,AJYD!M48,AJYD!AD48,AJYD!M57,AJYD!AD57,AJYD!M66,AJYD!AD66,AJYD!M75,AJYD!AD75,AJYD!M84,AJYD!AD84) -> 4 | Q23: =sum(AJYD!N3,AJYD!AE3,AJYD!N12,AJYD!AE12,AJYD!N21,AJYD!AE21,AJYD!N30,AJYD!AE30,AJYD!N39,AJYD!AE39,AJYD!N48,AJYD!AE48,AJYD!N57,AJYD!AE57,AJYD!N66,AJYD!AE66,AJYD!N75,AJYD!AE75,AJYD!N84,AJYD!AE84) -> 33 | R23: =sum(AJYD!O3,AJYD!AF3,AJYD!O12,AJYD!AF12,AJYD!O21,AJYD!AF21,AJYD!O30,AJYD!AF30,AJYD!O39,AJYD!AF39,AJYD!O48,AJYD!AF48,AJYD!O57,AJYD!AF57,AJYD!O66,AJYD!AF66,AJYD!O75,AJYD!AF75,AJYD!O84,AJYD!AF84) -> 1 | S23: =sum(AJYD!P3,AJYD!AG3,AJYD!P12,AJYD!AG12,AJYD!P21,AJYD!AG21,AJYD!P30,AJYD!AG30,AJYD!P39,AJYD!AG39,AJYD!P48,AJYD!AG48,AJYD!P57,AJYD!AG57,AJYD!P66,AJYD!AG66,AJYD!P75,AJYD!AG75,AJYD!P84,AJYD!AG84) -> 0 | T23: =J23/I23 -> 0.00022595033 | U23: =G23/D23 -> 241
B24: ixGingy (to G&tC) | C24: 12 | D24: 3 | E24: 9 | F24: =sum(AJYD!C4,AJYD!T4,AJYD!C13,AJYD!T13,AJYD!C22,AJYD!T22,AJYD!C31,AJYD!T31,AJYD!C40,AJYD!T40,AJYD!C49,AJYD!T49) -> 14 | G24: =sum(AJYD!D4,AJYD!U4,AJYD!D13,AJYD!U13,AJYD!D22,AJYD!U22,AJYD!D31,AJYD!U31,AJYD!D40,AJYD!U40,AJYD!D49,AJYD!U49) -> 1622 | H24: =sum(AJYD!E4,AJYD!V4,AJYD!E13,AJYD!V13,AJYD!E22,AJYD!V22,AJYD!E31,AJYD!V31,AJYD!E40,AJYD!V40,AJYD!E49,AJYD!V49) -> 5 | I24: =sum(AJYD!F4,AJYD!W4,AJYD!F13,AJYD!W13,AJYD!F22,AJYD!W22,AJYD!F31,AJYD!W31,AJYD!F40,AJYD!W40,AJYD!F49,AJYD!W49) -> 1300 | J24: =sum(AJYD!G4,AJYD!X4,AJYD!G13,AJYD!X13,AJYD!G22,AJYD!X22,AJYD!G31,AJYD!X31,AJYD!G40,AJYD!X40,AJYD!G49,AJYD!X49) -> 0.29020833 | K24: =sum(AJYD!H4,AJYD!Y4,AJYD!H13,AJYD!Y13,AJYD!H22,AJYD!Y22,AJYD!H31,AJYD!Y31,AJYD!H40,AJYD!Y40,AJYD!H49,AJYD!Y49) -> 322 | L24: =K24/(HOUR(J24)*60+(MINUTE(J24)+((SECOND(J24)/60)))) -> 0.77051926 | M24: =sum(AJYD!J4,AJYD!AA4,AJYD!J13,AJYD!AA13,AJYD!J22,AJYD!AA22,AJYD!J31,AJYD!AA31,AJYD!J40,AJYD!AA40,AJYD!J49,AJYD!AA49) -> 48 | N24: =sum(AJYD!K4,AJYD!AB4,AJYD!K13,AJYD!AB13,AJYD!K22,AJYD!AB22,AJYD!K31,AJYD!AB31,AJYD!K40,AJYD!AB40,AJYD!K49,AJYD!AB49) -> 241 | O24: =sum(AJYD!L4,AJYD!AC4,AJYD!L13,AJYD!AC13,AJYD!L22,AJYD!AC22,AJYD!L31,AJYD!AC31,AJYD!L40,AJYD!AC40,AJYD!L49,AJYD!AC49) -> 61 | P24: =sum(AJYD!M4,AJYD!AD4,AJYD!M13,AJYD!AD13,AJYD!M22,AJYD!AD22,AJYD!M31,AJYD!AD31,AJYD!M40,AJYD!AD40,AJYD!M49,AJYD!AD49) -> 20 | Q24: =sum(AJYD!N4,AJYD!AE4,AJYD!N13,AJYD!AE13,AJYD!N22,AJYD!AE22,AJYD!N31,AJYD!AE31,AJYD!N40,AJYD!AE40,AJYD!N49,AJYD!AE49) -> 51 | R24: =sum(AJYD!O4,AJYD!AF4,AJYD!O13,AJYD!AF13,AJYD!O22,AJYD!AF22,AJYD!O31,AJYD!AF31,AJYD!O40,AJYD!AF40,AJYD!O49,AJYD!AF49) -> 0 | S24: =sum(AJYD!P4,AJYD!AG4,AJYD!P13,AJYD!AG13,AJYD!P22,AJYD!AG22,AJYD!P31,AJYD!AG31,AJYD!P40,AJYD!AG40,AJYD!P49,AJYD!AG49) -> 0 | T24: =J24/I24 -> 0.00022323718 | U24: =G24/D24 -> 540.66667
B25: Its Rainin MenZ | C25: 18 | D25: 6 | E25: 12 | F25: =sum(AJYD!C5,AJYD!T5,AJYD!C14,AJYD!T14,AJYD!C23,AJYD!T23,AJYD!C32,AJYD!T32,AJYD!C41,AJYD!T41,AJYD!C50,AJYD!T50,AJYD!C59,AJYD!T59,AJYD!C68,AJYD!T68,AJYD!C77,AJYD!T77,AJYD!C86,AJYD!T86) -> 3 | G25: =sum(AJYD!D5,AJYD!U5,AJYD!D14,AJYD!U14,AJYD!D23,AJYD!U23,AJYD!D32,AJYD!U32,AJYD!D41,AJYD!U41,AJYD!D50,AJYD!U50,AJYD!D59,AJYD!U59,AJYD!D68,AJYD!U68,AJYD!D77,AJYD!U77,AJYD!D86,AJYD!U86) -> 1855 | H25: =sum(AJYD!E5,AJYD!V5,AJYD!E14,AJYD!V14,AJYD!E23,AJYD!V23,AJYD!E32,AJYD!V32,AJYD!E41,AJYD!V41,AJYD!E50,AJYD!V50,AJYD!E59,AJYD!V59,AJYD!E68,AJYD!V68,AJYD!E77,AJYD!V77,AJYD!E86,AJYD!V86) -> 15 | I25: =sum(AJYD!F5,AJYD!W5,AJYD!F14,AJYD!W14,AJYD!F23,AJYD!W23,AJYD!F32,AJYD!W32,AJYD!F41,AJYD!W41,AJYD!F50,AJYD!W50,AJYD!F59,AJYD!W59,AJYD!F68,AJYD!W68,AJYD!F77,AJYD!W77,AJYD!F86,AJYD!W86) -> 1776 | J25: =sum(AJYD!G5,AJYD!X5,AJYD!G14,AJYD!X14,AJYD!G23,AJYD!X23,AJYD!G32,AJYD!X32,AJYD!G41,AJYD!X41,AJYD!G50,AJYD!X50,AJYD!G59,AJYD!X59,AJYD!G68,AJYD!X68,AJYD!G77,AJYD!X77,AJYD!G86,AJYD!X86) -> 0.37565972 | K25: =sum(AJYD!H5,AJYD!Y5,AJYD!H14,AJYD!Y14,AJYD!H23,AJYD!Y23,AJYD!H32,AJYD!Y32,AJYD!H41,AJYD!Y41,AJYD!H50,AJYD!Y50,AJYD!H59,AJYD!Y59,AJYD!H68,AJYD!Y68,AJYD!H77,AJYD!Y77,AJYD!H86,AJYD!Y86) -> 79 | L25: =K25/(HOUR(J25)*60+(MINUTE(J25)+((SECOND(J25)/60)))) -> 0.14603938 | M25: =sum(AJYD!J5,AJYD!AA5,AJYD!J14,AJYD!AA14,AJYD!J23,AJYD!AA23,AJYD!J32,AJYD!AA32,AJYD!J41,AJYD!AA41,AJYD!J50,AJYD!AA50,AJYD!J59,AJYD!AA59,AJYD!J68,AJYD!AA68,AJYD!J77,AJYD!AA77,AJYD!J86,AJYD!AA86) -> 56 | N25: =sum(AJYD!K5,AJYD!AB5,AJYD!K14,AJYD!AB14,AJYD!K23,AJYD!AB23,AJYD!K32,AJYD!AB32,AJYD!K41,AJYD!AB41,AJYD!K50,AJYD!AB50,AJYD!K59,AJYD!AB59,AJYD!K68,AJYD!AB68,AJYD!K77,AJYD!AB77,AJYD!K86,AJYD!AB86) -> 278 | O25: =sum(AJYD!L5,AJYD!AC5,AJYD!L14,AJYD!AC14,AJYD!L23,AJYD!AC23,AJYD!L32,AJYD!AC32,AJYD!L41,AJYD!AC41,AJYD!L50,AJYD!AC50,AJYD!L59,AJYD!AC59,AJYD!L68,AJYD!AC68,AJYD!L77,AJYD!AC77,AJYD!L86,AJYD!AC86) -> 60 | P25: =sum(AJYD!M5,AJYD!AD5,AJYD!M14,AJYD!AD14,AJYD!M23,AJYD!AD23,AJYD!M32,AJYD!AD32,AJYD!M41,AJYD!AD41,AJYD!M50,AJYD!AD50,AJYD!M59,AJYD!AD59,AJYD!M68,AJYD!AD68,AJYD!M77,AJYD!AD77,AJYD!M86,AJYD!AD86) -> 27 | Q25: =sum(AJYD!N5,AJYD!AE5,AJYD!N14,AJYD!AE14,AJYD!N23,AJYD!AE23,AJYD!N32,AJYD!AE32,AJYD!N41,AJYD!AE41,AJYD!N50,AJYD!AE50,AJYD!N59,AJYD!AE59,AJYD!N68,AJYD!AE68,AJYD!N77,AJYD!AE77,AJYD!N86,AJYD!AE86) -> 42 | R25: =sum(AJYD!O5,AJYD!AF5,AJYD!O14,AJYD!AF14,AJYD!O23,AJYD!AF23,AJYD!O32,AJYD!AF32,AJYD!O41,AJYD!AF41,AJYD!O50,AJYD!AF50,AJYD!O59,AJYD!AF59,AJYD!O68,AJYD!AF68,AJYD!O77,AJYD!AF77,AJYD!O86,AJYD!AF86) -> 1 | S25: =sum(AJYD!P5,AJYD!AG5,AJYD!P14,AJYD!AG14,AJYD!P23,AJYD!AG23,AJYD!P32,AJYD!AG32,AJYD!P41,AJYD!AG41,AJYD!P50,AJYD!AG50,AJYD!P59,AJYD!AG59,AJYD!P68,AJYD!AG68,AJYD!P77,AJYD!AG77,AJYD!P86,AJYD!AG86) -> 0 | T25: =J25/I25 -> 0.00021152011 | U25: =G25/D25 -> 309.16667
B26: TommyWstSide (to Team Rocket) | C26: 8 | D26: 2 | E26: 6 | F26: =sum(AJYD!C6,AJYD!T6,AJYD!C15,AJYD!T15,AJYD!C24,AJYD!T24,AJYD!C33,AJYD!T33,AJYD!C42,AJYD!T42,AJYD!C51,AJYD!T51,AJYD!C60,AJYD!T60,AJYD!C69,AJYD!T69,AJYD!C78,AJYD!T78,AJYD!C87,AJYD!T87) -> 0 | G26: =sum(AJYD!D6,AJYD!U6,AJYD!D15,AJYD!U15,AJYD!D24,AJYD!U24,AJYD!D33,AJYD!U33,AJYD!D42,AJYD!U42,AJYD!D51,AJYD!U51,AJYD!D60,AJYD!U60,AJYD!D69,AJYD!U69,AJYD!D78,AJYD!U78,AJYD!D87,AJYD!U87) -> 714 | H26: =sum(AJYD!E6,AJYD!V6,AJYD!E15,AJYD!V15,AJYD!E24,AJYD!V24,AJYD!E33,AJYD!V33,AJYD!E42,AJYD!V42,AJYD!E51,AJYD!V51,AJYD!E60,AJYD!V60,AJYD!E69,AJYD!V69,AJYD!E78,AJYD!V78,AJYD!E87,AJYD!V87) -> 8 | I26: =sum(AJYD!F6,AJYD!W6,AJYD!F15,AJYD!W15,AJYD!F24,AJYD!W24,AJYD!F33,AJYD!W33,AJYD!F42,AJYD!W42,AJYD!F51,AJYD!W51,AJYD!F60,AJYD!W60,AJYD!F69,AJYD!W69,AJYD!F78,AJYD!W78,AJYD!F87,AJYD!W87) -> 863 | J26: =sum(AJYD!G6,AJYD!X6,AJYD!G15,AJYD!X15,AJYD!G24,AJYD!X24,AJYD!G33,AJYD!X33,AJYD!G42,AJYD!X42,AJYD!G51,AJYD!X51,AJYD!G60,AJYD!X60,AJYD!G69,AJYD!X69,AJYD!G78,AJYD!X78,AJYD!G87,AJYD!X87) -> 0.16747685 | K26: =sum(AJYD!H6,AJYD!Y6,AJYD!H15,AJYD!Y15,AJYD!H24,AJYD!Y24,AJYD!H33,AJYD!Y33,AJYD!H42,AJYD!Y42,AJYD!H51,AJYD!Y51,AJYD!H60,AJYD!Y60,AJYD!H69,AJYD!Y69,AJYD!H78,AJYD!Y78,AJYD!H87,AJYD!Y87) -> -149 | L26: =K26/(HOUR(J26)*60+(MINUTE(J26)+((SECOND(J26)/60)))) -> -0.61782999 | M26: =sum(AJYD!J6,AJYD!AA6,AJYD!J15,AJYD!AA15,AJYD!J24,AJYD!AA24,AJYD!J33,AJYD!AA33,AJYD!J42,AJYD!AA42,AJYD!J51,AJYD!AA51,AJYD!J60,AJYD!AA60,AJYD!J69,AJYD!AA69,AJYD!J78,AJYD!AA78,AJYD!J87,AJYD!AA87) -> 27 | N26: =sum(AJYD!K6,AJYD!AB6,AJYD!K15,AJYD!AB15,AJYD!K24,AJYD!AB24,AJYD!K33,AJYD!AB33,AJYD!K42,AJYD!AB42,AJYD!K51,AJYD!AB51,AJYD!K60,AJYD!AB60,AJYD!K69,AJYD!AB69,AJYD!K78,AJYD!AB78,AJYD!K87,AJYD!AB87) -> 98 | O26: =sum(AJYD!L6,AJYD!AC6,AJYD!L15,AJYD!AC15,AJYD!L24,AJYD!AC24,AJYD!L33,AJYD!AC33,AJYD!L42,AJYD!AC42,AJYD!L51,AJYD!AC51,AJYD!L60,AJYD!AC60,AJYD!L69,AJYD!AC69,AJYD!L78,AJYD!AC78,AJYD!L87,AJYD!AC87) -> 17 | P26: =sum(AJYD!M6,AJYD!AD6,AJYD!M15,AJYD!AD15,AJYD!M24,AJYD!AD24,AJYD!M33,AJYD!AD33,AJYD!M42,AJYD!AD42,AJYD!M51,AJYD!AD51,AJYD!M60,AJYD!AD60,AJYD!M69,AJYD!AD69,AJYD!M78,AJYD!AD78,AJYD!M87,AJYD!AD87) -> 5 | Q26: =sum(AJYD!N6,AJYD!AE6,AJYD!N15,AJYD!AE15,AJYD!N24,AJYD!AE24,AJYD!N33,AJYD!AE33,AJYD!N42,AJYD!AE42,AJYD!N51,AJYD!AE51,AJYD!N60,AJYD!AE60,AJYD!N69,AJYD!AE69,AJYD!N78,AJYD!AE78,AJYD!N87,AJYD!AE87) -> 10 | R26: =sum(AJYD!O6,AJYD!AF6,AJYD!O15,AJYD!AF15,AJYD!O24,AJYD!AF24,AJYD!O33,AJYD!AF33,AJYD!O42,AJYD!AF42,AJYD!O51,AJYD!AF51,AJYD!O60,AJYD!AF60,AJYD!O69,AJYD!AF69,AJYD!O78,AJYD!AF78,AJYD!O87,AJYD!AF87) -> 0 | S26: =sum(AJYD!P6,AJYD!AG6,AJYD!P15,AJYD!AG15,AJYD!P24,AJYD!AG24,AJYD!P33,AJYD!AG33,AJYD!P42,AJYD!AG42,AJYD!P51,AJYD!AG51,AJYD!P60,AJYD!AG60,AJYD!P69,AJYD!AG69,AJYD!P78,AJYD!AG78,AJYD!P87,AJYD!AG87) -> 0 | T26: =J26/I26 -> 0.00019406356 | U26: =G26/D26 -> 357
B27: mstell96 (from ZMD) | C27: 7 | D27: 3 | E27: 4 | F27: =sum(AJYD!C7,AJYD!T7,AJYD!C16,AJYD!T16,AJYD!C25,AJYD!T25,AJYD!C34,AJYD!T34,AJYD!C43,AJYD!T43,AJYD!C52,AJYD!T52,AJYD!C61,AJYD!T61,AJYD!C70,AJYD!T70,AJYD!C79,AJYD!T79,AJYD!C88,AJYD!T88) -> 1 | G27: =sum(AJYD!D7,AJYD!U7,AJYD!D16,AJYD!U16,AJYD!D25,AJYD!U25,AJYD!D34,AJYD!U34,AJYD!D43,AJYD!U43,AJYD!D52,AJYD!U52,AJYD!D61,AJYD!U61,AJYD!D70,AJYD!U70,AJYD!D79,AJYD!U79,AJYD!D88,AJYD!U88) -> 404 | H27: =sum(AJYD!E7,AJYD!V7,AJYD!E16,AJYD!V16,AJYD!E25,AJYD!V25,AJYD!E34,AJYD!V34,AJYD!E43,AJYD!V43,AJYD!E52,AJYD!V52,AJYD!E61,AJYD!V61,AJYD!E70,AJYD!V70,AJYD!E79,AJYD!V79,AJYD!E88,AJYD!V88) -> 8 | I27: =sum(AJYD!F7,AJYD!W7,AJYD!F16,AJYD!W16,AJYD!F25,AJYD!W25,AJYD!F34,AJYD!W34,AJYD!F43,AJYD!W43,AJYD!F52,AJYD!W52,AJYD!F61,AJYD!W61,AJYD!F70,AJYD!W70,AJYD!F79,AJYD!W79,AJYD!F88,AJYD!W88) -> 552 | J27: =sum(AJYD!G7,AJYD!X7,AJYD!G16,AJYD!X16,AJYD!G25,AJYD!X25,AJYD!G34,AJYD!X34,AJYD!G43,AJYD!X43,AJYD!G52,AJYD!X52,AJYD!G61,AJYD!X61,AJYD!G70,AJYD!X70,AJYD!G79,AJYD!X79,AJYD!G88,AJYD!X88) -> 0.094108796 | K27: =sum(AJYD!H7,AJYD!Y7,AJYD!H16,AJYD!Y16,AJYD!H25,AJYD!Y25,AJYD!H34,AJYD!Y34,AJYD!H43,AJYD!Y43,AJYD!H52,AJYD!Y52,AJYD!H61,AJYD!Y61,AJYD!H70,AJYD!Y70,AJYD!H79,AJYD!Y79,AJYD!H88,AJYD!Y88) -> -148 | L27: =K27/(HOUR(J27)*60+(MINUTE(J27)+((SECOND(J27)/60)))) -> -1.0921166 | M27: =sum(AJYD!J7,AJYD!AA7,AJYD!J16,AJYD!AA16,AJYD!J25,AJYD!AA25,AJYD!J34,AJYD!AA34,AJYD!J43,AJYD!AA43,AJYD!J52,AJYD!AA52,AJYD!J61,AJYD!AA61,AJYD!J70,AJYD!AA70,AJYD!J79,AJYD!AA79,AJYD!J88,AJYD!AA88) -> 11 | N27: =sum(AJYD!K7,AJYD!AB7,AJYD!K16,AJYD!AB16,AJYD!K25,AJYD!AB25,AJYD!K34,AJYD!AB34,AJYD!K43,AJYD!AB43,AJYD!K52,AJYD!AB52,AJYD!K61,AJYD!AB61,AJYD!K70,AJYD!AB70,AJYD!K79,AJYD!AB79,AJYD!K88,AJYD!AB88) -> 48 | O27: =sum(AJYD!L7,AJYD!AC7,AJYD!L16,AJYD!AC16,AJYD!L25,AJYD!AC25,AJYD!L34,AJYD!AC34,AJYD!L43,AJYD!AC43,AJYD!L52,AJYD!AC52,AJYD!L61,AJYD!AC61,AJYD!L70,AJYD!AC70,AJYD!L79,AJYD!AC79,AJYD!L88,AJYD!AC88) -> 12 | P27: =sum(AJYD!M7,AJYD!AD7,AJYD!M16,AJYD!AD16,AJYD!M25,AJYD!AD25,AJYD!M34,AJYD!AD34,AJYD!M43,AJYD!AD43,AJYD!M52,AJYD!AD52,AJYD!M61,AJYD!AD61,AJYD!M70,AJYD!AD70,AJYD!M79,AJYD!AD79,AJYD!M88,AJYD!AD88) -> 3 | Q27: =sum(AJYD!N7,AJYD!AE7,AJYD!N16,AJYD!AE16,AJYD!N25,AJYD!AE25,AJYD!N34,AJYD!AE34,AJYD!N43,AJYD!AE43,AJYD!N52,AJYD!AE52,AJYD!N61,AJYD!AE61,AJYD!N70,AJYD!AE70,AJYD!N79,AJYD!AE79,AJYD!N88,AJYD!AE88) -> 4 | R27: =sum(AJYD!O7,AJYD!AF7,AJYD!O16,AJYD!AF16,AJYD!O25,AJYD!AF25,AJYD!O34,AJYD!AF34,AJYD!O43,AJYD!AF43,AJYD!O52,AJYD!AF52,AJYD!O61,AJYD!AF61,AJYD!O70,AJYD!AF70,AJYD!O79,AJYD!AF79,AJYD!O88,AJYD!AF88) -> 0 | S27: =sum(AJYD!P7,AJYD!AG7,AJYD!P16,AJYD!AG16,AJYD!P25,AJYD!AG25,AJYD!P34,AJYD!AG34,AJYD!P43,AJYD!AG43,AJYD!P52,AJYD!AG52,AJYD!P61,AJYD!AG61,AJYD!P70,AJYD!AG70,AJYD!P79,AJYD!AG79,AJYD!P88,AJYD!AG88) -> 0 | T27: =J27/I27 -> 0.00017048695 | U27: =G27/D27 -> 134.66667
B28: ixSqueeps ( from tR, to G&tC) | C28: 6 | D28: 1 | E28: 5 | F28: =sum(AJYD!C8,AJYD!T8,AJYD!C17,AJYD!T17,AJYD!C26,AJYD!T26,AJYD!C35,AJYD!T35,AJYD!C44,AJYD!T44,AJYD!C53,AJYD!T53) -> 0 | G28: =sum(AJYD!D8,AJYD!U8,AJYD!D17,AJYD!U17,AJYD!D26,AJYD!U26,AJYD!D35,AJYD!U35,AJYD!D44,AJYD!U44,AJYD!D53,AJYD!U53) -> 600 | H28: =sum(AJYD!E8,AJYD!V8,AJYD!E17,AJYD!V17,AJYD!E26,AJYD!V26,AJYD!E35,AJYD!V35,AJYD!E44,AJYD!V44,AJYD!E53,AJYD!V53) -> 5 | I28: =sum(AJYD!F8,AJYD!W8,AJYD!F17,AJYD!W17,AJYD!F26,AJYD!W26,AJYD!F35,AJYD!W35,AJYD!F44,AJYD!W44,AJYD!F53,AJYD!W53) -> 747 | J28: =sum(AJYD!G8,AJYD!X8,AJYD!G17,AJYD!X17,AJYD!G26,AJYD!X26,AJYD!G35,AJYD!X35,AJYD!G44,AJYD!X44,AJYD!G53,AJYD!X53) -> 0.14564815 | K28: =sum(AJYD!H8,AJYD!Y8,AJYD!H17,AJYD!Y17,AJYD!H26,AJYD!Y26,AJYD!H35,AJYD!Y35,AJYD!H44,AJYD!Y44,AJYD!H53,AJYD!Y53) -> -147 | L28: =K28/(HOUR(J28)*60+(MINUTE(J28)+((SECOND(J28)/60)))) -> -0.70089002 | M28: =sum(AJYD!J8,AJYD!AA8,AJYD!J17,AJYD!AA17,AJYD!J26,AJYD!AA26,AJYD!J35,AJYD!AA35,AJYD!J44,AJYD!AA44,AJYD!J53,AJYD!AA53) -> 19 | N28: =sum(AJYD!K8,AJYD!AB8,AJYD!K17,AJYD!AB17,AJYD!K26,AJYD!AB26,AJYD!K35,AJYD!AB35,AJYD!K44,AJYD!AB44,AJYD!K53,AJYD!AB53) -> 75 | O28: =sum(AJYD!L8,AJYD!AC8,AJYD!L17,AJYD!AC17,AJYD!L26,AJYD!AC26,AJYD!L35,AJYD!AC35,AJYD!L44,AJYD!AC44,AJYD!L53,AJYD!AC53) -> 7 | P28: =sum(AJYD!M8,AJYD!AD8,AJYD!M17,AJYD!AD17,AJYD!M26,AJYD!AD26,AJYD!M35,AJYD!AD35,AJYD!M44,AJYD!AD44,AJYD!M53,AJYD!AD53) -> 1 | Q28: =sum(AJYD!N8,AJYD!AE8,AJYD!N17,AJYD!AE17,AJYD!N26,AJYD!AE26,AJYD!N35,AJYD!AE35,AJYD!N44,AJYD!AE44,AJYD!N53,AJYD!AE53) -> 6 | R28: =sum(AJYD!O8,AJYD!AF8,AJYD!O17,AJYD!AF17,AJYD!O26,AJYD!AF26,AJYD!O35,AJYD!AF35,AJYD!O44,AJYD!AF44,AJYD!O53,AJYD!AF53) -> 0 | S28: =sum(AJYD!P8,AJYD!AG8,AJYD!P17,AJYD!AG17,AJYD!P26,AJYD!AG26,AJYD!P35,AJYD!AG35,AJYD!P44,AJYD!AG44,AJYD!P53,AJYD!AG53) -> 1 | T28: =J28/I28 -> 0.00019497744 | U28: =G28/D28 -> 600
B29: Galvann (from G&tC) | C29: 8 | D29: 3 | E29: 5 | F29: =sum(AJYD!C58,AJYD!T58,AJYD!C67,AJYD!T67,AJYD!C76,AJYD!T76,AJYD!C85,AJYD!T85) -> 2 | G29: =sum(AJYD!D58,AJYD!U58,AJYD!D67,AJYD!U67,AJYD!D76,AJYD!U76,AJYD!D85,AJYD!U85) -> 734 | H29: =sum(AJYD!E58,AJYD!V58,AJYD!E67,AJYD!V67,AJYD!E76,AJYD!V76,AJYD!E85,AJYD!V85) -> 3 | I29: =sum(AJYD!F58,AJYD!W58,AJYD!F67,AJYD!W67,AJYD!F76,AJYD!W76,AJYD!F85,AJYD!W85) -> 602 | J29: =sum(AJYD!G58,AJYD!X58,AJYD!G67,AJYD!X67,AJYD!G76,AJYD!X76,AJYD!G85,AJYD!X85) -> 0.10836806 | K29: =sum(AJYD!H58,AJYD!Y58,AJYD!H67,AJYD!Y67,AJYD!H76,AJYD!Y76,AJYD!H85,AJYD!Y85) -> 132 | M29: =sum(AJYD!J58,AJYD!AA58,AJYD!J67,AJYD!AA67,AJYD!J76,AJYD!AA76,AJYD!J85,AJYD!AA85) -> 41 | N29: =sum(AJYD!K58,AJYD!AB58,AJYD!K67,AJYD!AB67,AJYD!K76,AJYD!AB76,AJYD!K85,AJYD!AB85) -> 135 | O29: =sum(AJYD!L58,AJYD!AC58,AJYD!L67,AJYD!AC67,AJYD!L76,AJYD!AC76,AJYD!L85,AJYD!AC85) -> 35 | P29: =sum(AJYD!M58,AJYD!AD58,AJYD!M67,AJYD!AD67,AJYD!M76,AJYD!AD76,AJYD!M85,AJYD!AD85) -> 13 | Q29: =sum(AJYD!N58,AJYD!AE58,AJYD!N67,AJYD!AE67,AJYD!N76,AJYD!AE76,AJYD!N85,AJYD!AE85) -> 14 | R29: =sum(AJYD!O58,AJYD!AF58,AJYD!O67,AJYD!AF67,AJYD!O76,AJYD!AF76,AJYD!O85,AJYD!AF85) -> 0 | S29: =sum(AJYD!P58,AJYD!AG58,AJYD!P67,AJYD!AG67,AJYD!P76,AJYD!AG76,AJYD!P85,AJYD!AG85) -> 0 | T29: =J29/I29 -> 0.00018001338 | U29: =G29/D29 -> 244.66667
B30: NOPLEX (from G&tC) | C30: 1 | E30: 1 | F30: =sum(AJYD!C62,AJYD!T62,AJYD!C71,AJYD!T71,AJYD!C80,AJYD!T80,AJYD!C89,AJYD!T89) -> 0 | G30: =sum(AJYD!D62,AJYD!U62,AJYD!D71,AJYD!U71,AJYD!D80,AJYD!U80,AJYD!D89,AJYD!U89) -> 47 | H30: =sum(AJYD!E62,AJYD!V62,AJYD!E71,AJYD!V71,AJYD!E80,AJYD!V80,AJYD!E89,AJYD!V89) -> 1 | I30: =sum(AJYD!F62,AJYD!W62,AJYD!F71,AJYD!W71,AJYD!F80,AJYD!W80,AJYD!F89,AJYD!W89) -> 64 | J30: =sum(AJYD!G62,AJYD!X62,AJYD!G71,AJYD!X71,AJYD!G80,AJYD!X80,AJYD!G89,AJYD!X89) -> 0.014259259 | K30: =sum(AJYD!H62,AJYD!Y62,AJYD!H71,AJYD!Y71,AJYD!H80,AJYD!Y80,AJYD!H89,AJYD!Y89) -> -17 | M30: =sum(AJYD!J62,AJYD!AA62,AJYD!J71,AJYD!AA71,AJYD!J80,AJYD!AA80,AJYD!J89,AJYD!AA89) -> 3 | N30: =sum(AJYD!K62,AJYD!AB62,AJYD!K71,AJYD!AB71,AJYD!K80,AJYD!AB80,AJYD!K89,AJYD!AB89) -> 5 | O30: =sum(AJYD!L62,AJYD!AC62,AJYD!L71,AJYD!AC71,AJYD!L80,AJYD!AC80,AJYD!L89,AJYD!AC89) -> 1 | P30: =sum(AJYD!M62,AJYD!AD62,AJYD!M71,AJYD!AD71,AJYD!M80,AJYD!AD80,AJYD!M89,AJYD!AD89) -> 0 | Q30: =sum(AJYD!N62,AJYD!AE62,AJYD!N71,AJYD!AE71,AJYD!N80,AJYD!AE80,AJYD!N89,AJYD!AE89) -> 0 | R30: =sum(AJYD!O62,AJYD!AF62,AJYD!O71,AJYD!AF71,AJYD!O80,AJYD!AF80,AJYD!O89,AJYD!AF89) -> 0 | S30: =sum(AJYD!P62,AJYD!AG62,AJYD!P71,AJYD!AG71,AJYD!P80,AJYD!AG80,AJYD!P89,AJYD!AG89) -> 0 | T30: =J30/I30 -> 0.00022280093
A31: 43996 | B31: Totals: | C31: =MAX(C23:C30) -> 20 | D31: =MAX(D23:D30) -> 6 | E31: =MAX(E23:E30) -> 14 | F31: =sum(F23:F30) -> 55 | G31: =sum(G23:G30) -> 7422 | H31: =sum(H23:H30) -> 61 | I31: =sum(I23:I30) -> 7668 | J31: =J23 -> 0.39857639 | K31: =sum(K23:K30) -> -246 | L31: =K31/(HOUR(J31)*60+(MINUTE(J31)+((SECOND(J31)/60)))) -> -0.42860876 | M31: =sum(M23:M30) -> 271 | N31: =sum(N23:N30) -> 1049 | O31: =sum(O23:O30) -> 224 | P31: =sum(P23:P30) -> 73 | Q31: =sum(Q23:Q30) -> 160 | R31: =sum(R23:R30) -> 2 | S31: =sum(S23:S30) -> 1 | U31: =sum(U23:U29) -> 2427.1667
A33: Zaps MD | B33: x Zeg x | C33: 20 | D33: 17 | E33: 3 | F33: =sum(ZMD!C3,ZMD!T3,ZMD!C12,ZMD!T12,ZMD!C21,ZMD!T21,ZMD!C30,ZMD!T30,ZMD!C39,ZMD!T39,ZMD!C48,ZMD!T48,ZMD!C57,ZMD!T57,ZMD!C66,ZMD!T66,ZMD!C75,ZMD!T75,ZMD!C84,ZMD!T84) -> 13 | G33: =sum(ZMD!D3,ZMD!U3,ZMD!D12,ZMD!U12,ZMD!D21,ZMD!U21,ZMD!D30,ZMD!U30,ZMD!D39,ZMD!U39,ZMD!D48,ZMD!U48,ZMD!D57,ZMD!U57,ZMD!D66,ZMD!U66,ZMD!D75,ZMD!U75,ZMD!D84,ZMD!U84) -> 1931 | H33: =sum(ZMD!E3,ZMD!V3,ZMD!E12,ZMD!V12,ZMD!E21,ZMD!V21,ZMD!E30,ZMD!V30,ZMD!E39,ZMD!V39,ZMD!E48,ZMD!V48,ZMD!E57,ZMD!V57,ZMD!E66,ZMD!V66,ZMD!E75,ZMD!V75,ZMD!E84,ZMD!V84) -> 11 | I33: =sum(ZMD!F3,ZMD!W3,ZMD!F12,ZMD!W12,ZMD!F21,ZMD!W21,ZMD!F30,ZMD!W30,ZMD!F39,ZMD!W39,ZMD!F48,ZMD!W48,ZMD!F57,ZMD!W57,ZMD!F66,ZMD!W66,ZMD!F75,ZMD!W75,ZMD!F84,ZMD!W84) -> 1952 | J33: =sum(ZMD!G3,ZMD!X3,ZMD!G12,ZMD!X12,ZMD!G21,ZMD!X21,ZMD!G30,ZMD!X30,ZMD!G39,ZMD!X39,ZMD!G48,ZMD!X48,ZMD!G57,ZMD!X57,ZMD!G66,ZMD!X66,ZMD!G75,ZMD!X75,ZMD!G84,ZMD!X84) -> 0.34805556 | K33: =sum(ZMD!H3,ZMD!Y3,ZMD!H12,ZMD!Y12,ZMD!H21,ZMD!Y21,ZMD!H30,ZMD!Y30,ZMD!H39,ZMD!Y39,ZMD!H48,ZMD!Y48,ZMD!H57,ZMD!Y57,ZMD!H66,ZMD!Y66,ZMD!H75,ZMD!Y75,ZMD!H84,ZMD!Y84) -> -21 | L33: =K33/(HOUR(J33)*60+(MINUTE(J33)+((SECOND(J33)/60)))) -> -0.041899441 | M33: =sum(ZMD!J3,ZMD!AA3,ZMD!J12,ZMD!AA12,ZMD!J21,ZMD!AA21,ZMD!J30,ZMD!AA30,ZMD!J39,ZMD!AA39,ZMD!J48,ZMD!AA48,ZMD!J57,ZMD!AA57,ZMD!J66,ZMD!AA66,ZMD!J75,ZMD!AA75,ZMD!J84,ZMD!AA84) -> 69 | N33: =sum(ZMD!K3,ZMD!AB3,ZMD!K12,ZMD!AB12,ZMD!K21,ZMD!AB21,ZMD!K30,ZMD!AB30,ZMD!K39,ZMD!AB39,ZMD!K48,ZMD!AB48,ZMD!K57,ZMD!AB57,ZMD!K66,ZMD!AB66,ZMD!K75,ZMD!AB75,ZMD!K84,ZMD!AB84) -> 328 | O33: =sum(ZMD!L3,ZMD!AC3,ZMD!L12,ZMD!AC12,ZMD!L21,ZMD!AC21,ZMD!L30,ZMD!AC30,ZMD!L39,ZMD!AC39,ZMD!L48,ZMD!AC48,ZMD!L57,ZMD!AC57,ZMD!L66,ZMD!AC66,ZMD!L75,ZMD!AC75,ZMD!L84,ZMD!AC84) -> 77 | P33: =sum(ZMD!M3,ZMD!AD3,ZMD!M12,ZMD!AD12,ZMD!M21,ZMD!AD21,ZMD!M30,ZMD!AD30,ZMD!M39,ZMD!AD39,ZMD!M48,ZMD!AD48,ZMD!M57,ZMD!AD57,ZMD!M66,ZMD!AD66,ZMD!M75,ZMD!AD75,ZMD!M84,ZMD!AD84) -> 24 | Q33: =sum(ZMD!N3,ZMD!AE3,ZMD!N12,ZMD!AE12,ZMD!N21,ZMD!AE21,ZMD!N30,ZMD!AE30,ZMD!N39,ZMD!AE39,ZMD!N48,ZMD!AE48,ZMD!N57,ZMD!AE57,ZMD!N66,ZMD!AE66,ZMD!N75,ZMD!AE75,ZMD!N84,ZMD!AE84) -> 37 | R33: =sum(ZMD!O3,ZMD!AF3,ZMD!O12,ZMD!AF12,ZMD!O21,ZMD!AF21,ZMD!O30,ZMD!AF30,ZMD!O39,ZMD!AF39,ZMD!O48,ZMD!AF48,ZMD!O57,ZMD!AF57,ZMD!O66,ZMD!AF66,ZMD!O75,ZMD!AF75,ZMD!O84,ZMD!AF84) -> 2 | S33: =sum(ZMD!P3,ZMD!AG3,ZMD!P12,ZMD!AG12,ZMD!P21,ZMD!AG21,ZMD!P30,ZMD!AG30,ZMD!P39,ZMD!AG39,ZMD!P48,ZMD!AG48,ZMD!P57,ZMD!AG57,ZMD!P66,ZMD!AG66,ZMD!P75,ZMD!AG75,ZMD!P84,ZMD!AG84) -> 1 | T33: =J33/I33 -> 0.00017830715 | U33: =G33/D33 -> 113.58824
B34: Ace B S1entND1 | C34: 20 | D34: 17 | E34: 3 | F34: =sum(ZMD!C4,ZMD!T4,ZMD!C13,ZMD!T13,ZMD!C22,ZMD!T22,ZMD!C31,ZMD!T31,ZMD!C40,ZMD!T40,ZMD!C49,ZMD!T49,ZMD!C58,ZMD!T58,ZMD!C67,ZMD!T67,ZMD!C76,ZMD!T76,ZMD!C85,ZMD!T85) -> 16 | G34: =sum(ZMD!D4,ZMD!U4,ZMD!D13,ZMD!U13,ZMD!D22,ZMD!U22,ZMD!D31,ZMD!U31,ZMD!D40,ZMD!U40,ZMD!D49,ZMD!U49,ZMD!D58,ZMD!U58,ZMD!D67,ZMD!U67,ZMD!D76,ZMD!U76,ZMD!D85,ZMD!U85) -> 2005 | H34: =sum(ZMD!E4,ZMD!V4,ZMD!E13,ZMD!V13,ZMD!E22,ZMD!V22,ZMD!E31,ZMD!V31,ZMD!E40,ZMD!V40,ZMD!E49,ZMD!V49,ZMD!E58,ZMD!V58,ZMD!E67,ZMD!V67,ZMD!E76,ZMD!V76,ZMD!E85,ZMD!V85) -> 9 | I34: =sum(ZMD!F4,ZMD!W4,ZMD!F13,ZMD!W13,ZMD!F22,ZMD!W22,ZMD!F31,ZMD!W31,ZMD!F40,ZMD!W40,ZMD!F49,ZMD!W49,ZMD!F58,ZMD!W58,ZMD!F67,ZMD!W67,ZMD!F76,ZMD!W76,ZMD!F85,ZMD!W85) -> 1547 | J34: =sum(ZMD!G4,ZMD!X4,ZMD!G13,ZMD!X13,ZMD!G22,ZMD!X22,ZMD!G31,ZMD!X31,ZMD!G40,ZMD!X40,ZMD!G49,ZMD!X49,ZMD!G58,ZMD!X58,ZMD!G67,ZMD!X67,ZMD!G76,ZMD!X76,ZMD!G85,ZMD!X85) -> 0.34805556 | K34: =sum(ZMD!H4,ZMD!Y4,ZMD!H13,ZMD!Y13,ZMD!H22,ZMD!Y22,ZMD!H31,ZMD!Y31,ZMD!H40,ZMD!Y40,ZMD!H49,ZMD!Y49,ZMD!H58,ZMD!Y58,ZMD!H67,ZMD!Y67,ZMD!H76,ZMD!Y76,ZMD!H85,ZMD!Y85) -> 458 | L34: =K34/(HOUR(J34)*60+(MINUTE(J34)+((SECOND(J34)/60)))) -> 0.91380686 | M34: =sum(ZMD!J4,ZMD!AA4,ZMD!J13,ZMD!AA13,ZMD!J22,ZMD!AA22,ZMD!J31,ZMD!AA31,ZMD!J40,ZMD!AA40,ZMD!J49,ZMD!AA49,ZMD!J58,ZMD!AA58,ZMD!J67,ZMD!AA67,ZMD!J76,ZMD!AA76,ZMD!J85,ZMD!AA85) -> 99 | N34: =sum(ZMD!K4,ZMD!AB4,ZMD!K13,ZMD!AB13,ZMD!K22,ZMD!AB22,ZMD!K31,ZMD!AB31,ZMD!K40,ZMD!AB40,ZMD!K49,ZMD!AB49,ZMD!K58,ZMD!AB58,ZMD!K67,ZMD!AB67,ZMD!K76,ZMD!AB76,ZMD!K85,ZMD!AB85) -> 335 | O34: =sum(ZMD!L4,ZMD!AC4,ZMD!L13,ZMD!AC13,ZMD!L22,ZMD!AC22,ZMD!L31,ZMD!AC31,ZMD!L40,ZMD!AC40,ZMD!L49,ZMD!AC49,ZMD!L58,ZMD!AC58,ZMD!L67,ZMD!AC67,ZMD!L76,ZMD!AC76,ZMD!L85,ZMD!AC85) -> 60 | P34: =sum(ZMD!M4,ZMD!AD4,ZMD!M13,ZMD!AD13,ZMD!M22,ZMD!AD22,ZMD!M31,ZMD!AD31,ZMD!M40,ZMD!AD40,ZMD!M49,ZMD!AD49,ZMD!M58,ZMD!AD58,ZMD!M67,ZMD!AD67,ZMD!M76,ZMD!AD76,ZMD!M85,ZMD!AD85) -> 23 | Q34: =sum(ZMD!N4,ZMD!AE4,ZMD!N13,ZMD!AE13,ZMD!N22,ZMD!AE22,ZMD!N31,ZMD!AE31,ZMD!N40,ZMD!AE40,ZMD!N49,ZMD!AE49,ZMD!N58,ZMD!AE58,ZMD!N67,ZMD!AE67,ZMD!N76,ZMD!AE76,ZMD!N85,ZMD!AE85) -> 68 | R34: =sum(ZMD!O4,ZMD!AF4,ZMD!O13,ZMD!AF13,ZMD!O22,ZMD!AF22,ZMD!O31,ZMD!AF31,ZMD!O40,ZMD!AF40,ZMD!O49,ZMD!AF49,ZMD!O58,ZMD!AF58,ZMD!O67,ZMD!AF67,ZMD!O76,ZMD!AF76,ZMD!O85,ZMD!AF85) -> 0 | S34: =sum(ZMD!P4,ZMD!AG4,ZMD!P13,ZMD!AG13,ZMD!P22,ZMD!AG22,ZMD!P31,ZMD!AG31,ZMD!P40,ZMD!AG40,ZMD!P49,ZMD!AG49,ZMD!P58,ZMD!AG58,ZMD!P67,ZMD!AG67,ZMD!P76,ZMD!AG76,ZMD!P85,ZMD!AG85) -> 3 | T34: =J34/I34 -> 0.00022498743 | U34: =G34/D34 -> 117.94118
B35: x0 pie x0 | C35: 20 | D35: 17 | E35: 3 | F35: =sum(ZMD!C5,ZMD!T5,ZMD!C14,ZMD!T14,ZMD!C23,ZMD!T23,ZMD!C32,ZMD!T32,ZMD!C41,ZMD!T41,ZMD!C50,ZMD!T50,ZMD!C59,ZMD!T59,ZMD!C68,ZMD!T68,ZMD!C77,ZMD!T77,ZMD!C86,ZMD!T86) -> 26 | G35: =sum(ZMD!D5,ZMD!U5,ZMD!D14,ZMD!U14,ZMD!D23,ZMD!U23,ZMD!D32,ZMD!U32,ZMD!D41,ZMD!U41,ZMD!D50,ZMD!U50,ZMD!D59,ZMD!U59,ZMD!D68,ZMD!U68,ZMD!D77,ZMD!U77,ZMD!D86,ZMD!U86) -> 1238 | H35: =sum(ZMD!E5,ZMD!V5,ZMD!E14,ZMD!V14,ZMD!E23,ZMD!V23,ZMD!E32,ZMD!V32,ZMD!E41,ZMD!V41,ZMD!E50,ZMD!V50,ZMD!E59,ZMD!V59,ZMD!E68,ZMD!V68,ZMD!E77,ZMD!V77,ZMD!E86,ZMD!V86) -> 14 | I35: =sum(ZMD!F5,ZMD!W5,ZMD!F14,ZMD!W14,ZMD!F23,ZMD!W23,ZMD!F32,ZMD!W32,ZMD!F41,ZMD!W41,ZMD!F50,ZMD!W50,ZMD!F59,ZMD!W59,ZMD!F68,ZMD!W68,ZMD!F77,ZMD!W77,ZMD!F86,ZMD!W86) -> 1444 | J35: =sum(ZMD!G5,ZMD!X5,ZMD!G14,ZMD!X14,ZMD!G23,ZMD!X23,ZMD!G32,ZMD!X32,ZMD!G41,ZMD!X41,ZMD!G50,ZMD!X50,ZMD!G59,ZMD!X59,ZMD!G68,ZMD!X68,ZMD!G77,ZMD!X77,ZMD!G86,ZMD!X86) -> 0.34805556 | K35: =sum(ZMD!H5,ZMD!Y5,ZMD!H14,ZMD!Y14,ZMD!H23,ZMD!Y23,ZMD!H32,ZMD!Y32,ZMD!H41,ZMD!Y41,ZMD!H50,ZMD!Y50,ZMD!H59,ZMD!Y59,ZMD!H68,ZMD!Y68,ZMD!H77,ZMD!Y77,ZMD!H86,ZMD!Y86) -> -206 | L35: =K35/(HOUR(J35)*60+(MINUTE(J35)+((SECOND(J35)/60)))) -> -0.41101357 | M35: =sum(ZMD!J5,ZMD!AA5,ZMD!J14,ZMD!AA14,ZMD!J23,ZMD!AA23,ZMD!J32,ZMD!AA32,ZMD!J41,ZMD!AA41,ZMD!J50,ZMD!AA50,ZMD!J59,ZMD!AA59,ZMD!J68,ZMD!AA68,ZMD!J77,ZMD!AA77,ZMD!J86,ZMD!AA86) -> 58 | N35: =sum(ZMD!K5,ZMD!AB5,ZMD!K14,ZMD!AB14,ZMD!K23,ZMD!AB23,ZMD!K32,ZMD!AB32,ZMD!K41,ZMD!AB41,ZMD!K50,ZMD!AB50,ZMD!K59,ZMD!AB59,ZMD!K68,ZMD!AB68,ZMD!K77,ZMD!AB77,ZMD!K86,ZMD!AB86) -> 144 | O35: =sum(ZMD!L5,ZMD!AC5,ZMD!L14,ZMD!AC14,ZMD!L23,ZMD!AC23,ZMD!L32,ZMD!AC32,ZMD!L41,ZMD!AC41,ZMD!L50,ZMD!AC50,ZMD!L59,ZMD!AC59,ZMD!L68,ZMD!AC68,ZMD!L77,ZMD!AC77,ZMD!L86,ZMD!AC86) -> 37 | P35: =sum(ZMD!M5,ZMD!AD5,ZMD!M14,ZMD!AD14,ZMD!M23,ZMD!AD23,ZMD!M32,ZMD!AD32,ZMD!M41,ZMD!AD41,ZMD!M50,ZMD!AD50,ZMD!M59,ZMD!AD59,ZMD!M68,ZMD!AD68,ZMD!M77,ZMD!AD77,ZMD!M86,ZMD!AD86) -> 16 | Q35: =sum(ZMD!N5,ZMD!AE5,ZMD!N14,ZMD!AE14,ZMD!N23,ZMD!AE23,ZMD!N32,ZMD!AE32,ZMD!N41,ZMD!AE41,ZMD!N50,ZMD!AE50,ZMD!N59,ZMD!AE59,ZMD!N68,ZMD!AE68,ZMD!N77,ZMD!AE77,ZMD!N86,ZMD!AE86) -> 33 | R35: =sum(ZMD!O5,ZMD!AF5,ZMD!O14,ZMD!AF14,ZMD!O23,ZMD!AF23,ZMD!O32,ZMD!AF32,ZMD!O41,ZMD!AF41,ZMD!O50,ZMD!AF50,ZMD!O59,ZMD!AF59,ZMD!O68,ZMD!AF68,ZMD!O77,ZMD!AF77,ZMD!O86,ZMD!AF86) -> 0 | S35: =sum(ZMD!P5,ZMD!AG5,ZMD!P14,ZMD!AG14,ZMD!P23,ZMD!AG23,ZMD!P32,ZMD!AG32,ZMD!P41,ZMD!AG41,ZMD!P50,ZMD!AG50,ZMD!P59,ZMD!AG59,ZMD!P68,ZMD!AG68,ZMD!P77,ZMD!AG77,ZMD!P86,ZMD!AG86) -> 0 | T35: =J35/I35 -> 0.0002410357 | U35: =G35/D35 -> 72.823529
B36: The Scet | C36: 19 | D36: 17 | E36: 2 | F36: =sum(ZMD!C6,ZMD!T6,ZMD!C15,ZMD!T15,ZMD!C24,ZMD!T24,ZMD!C33,ZMD!T33,ZMD!C42,ZMD!T42,ZMD!C51,ZMD!T51,ZMD!C60,ZMD!T60,ZMD!C69,ZMD!T69,ZMD!C78,ZMD!T78,ZMD!C87,ZMD!T87) -> 39 | G36: =sum(ZMD!D6,ZMD!U6,ZMD!D15,ZMD!U15,ZMD!D24,ZMD!U24,ZMD!D33,ZMD!U33,ZMD!D42,ZMD!U42,ZMD!D51,ZMD!U51,ZMD!D60,ZMD!U60,ZMD!D69,ZMD!U69,ZMD!D78,ZMD!U78,ZMD!D87,ZMD!U87) -> 1236 | H36: =sum(ZMD!E6,ZMD!V6,ZMD!E15,ZMD!V15,ZMD!E24,ZMD!V24,ZMD!E33,ZMD!V33,ZMD!E42,ZMD!V42,ZMD!E51,ZMD!V51,ZMD!E60,ZMD!V60,ZMD!E69,ZMD!V69,ZMD!E78,ZMD!V78,ZMD!E87,ZMD!V87) -> 5 | I36: =sum(ZMD!F6,ZMD!W6,ZMD!F15,ZMD!W15,ZMD!F24,ZMD!W24,ZMD!F33,ZMD!W33,ZMD!F42,ZMD!W42,ZMD!F51,ZMD!W51,ZMD!F60,ZMD!W60,ZMD!F69,ZMD!W69,ZMD!F78,ZMD!W78,ZMD!F87,ZMD!W87) -> 1105 | J36: =sum(ZMD!G6,ZMD!X6,ZMD!G15,ZMD!X15,ZMD!G24,ZMD!X24,ZMD!G33,ZMD!X33,ZMD!G42,ZMD!X42,ZMD!G51,ZMD!X51,ZMD!G60,ZMD!X60,ZMD!G69,ZMD!X69,ZMD!G78,ZMD!X78,ZMD!G87,ZMD!X87) -> 0.3218287 | K36: =sum(ZMD!H6,ZMD!Y6,ZMD!H15,ZMD!Y15,ZMD!H24,ZMD!Y24,ZMD!H33,ZMD!Y33,ZMD!H42,ZMD!Y42,ZMD!H51,ZMD!Y51,ZMD!H60,ZMD!Y60,ZMD!H69,ZMD!Y69,ZMD!H78,ZMD!Y78,ZMD!H87,ZMD!Y87) -> 131 | L36: =K36/(HOUR(J36)*60+(MINUTE(J36)+((SECOND(J36)/60)))) -> 0.2826728 | M36: =sum(ZMD!J6,ZMD!AA6,ZMD!J15,ZMD!AA15,ZMD!J24,ZMD!AA24,ZMD!J33,ZMD!AA33,ZMD!J42,ZMD!AA42,ZMD!J51,ZMD!AA51,ZMD!J60,ZMD!AA60,ZMD!J69,ZMD!AA69,ZMD!J78,ZMD!AA78,ZMD!J87,ZMD!AA87) -> 59 | N36: =sum(ZMD!K6,ZMD!AB6,ZMD!K15,ZMD!AB15,ZMD!K24,ZMD!AB24,ZMD!K33,ZMD!AB33,ZMD!K42,ZMD!AB42,ZMD!K51,ZMD!AB51,ZMD!K60,ZMD!AB60,ZMD!K69,ZMD!AB69,ZMD!K78,ZMD!AB78,ZMD!K87,ZMD!AB87) -> 168 | O36: =sum(ZMD!L6,ZMD!AC6,ZMD!L15,ZMD!AC15,ZMD!L24,ZMD!AC24,ZMD!L33,ZMD!AC33,ZMD!L42,ZMD!AC42,ZMD!L51,ZMD!AC51,ZMD!L60,ZMD!AC60,ZMD!L69,ZMD!AC69,ZMD!L78,ZMD!AC78,ZMD!L87,ZMD!AC87) -> 32 | P36: =sum(ZMD!M6,ZMD!AD6,ZMD!M15,ZMD!AD15,ZMD!M24,ZMD!AD24,ZMD!M33,ZMD!AD33,ZMD!M42,ZMD!AD42,ZMD!M51,ZMD!AD51,ZMD!M60,ZMD!AD60,ZMD!M69,ZMD!AD69,ZMD!M78,ZMD!AD78,ZMD!M87,ZMD!AD87) -> 12 | Q36: =sum(ZMD!N6,ZMD!AE6,ZMD!N15,ZMD!AE15,ZMD!N24,ZMD!AE24,ZMD!N33,ZMD!AE33,ZMD!N42,ZMD!AE42,ZMD!N51,ZMD!AE51,ZMD!N60,ZMD!AE60,ZMD!N69,ZMD!AE69,ZMD!N78,ZMD!AE78,ZMD!N87,ZMD!AE87) -> 36 | R36: =sum(ZMD!O6,ZMD!AF6,ZMD!O15,ZMD!AF15,ZMD!O24,ZMD!AF24,ZMD!O33,ZMD!AF33,ZMD!O42,ZMD!AF42,ZMD!O51,ZMD!AF51,ZMD!O60,ZMD!AF60,ZMD!O69,ZMD!AF69,ZMD!O78,ZMD!AF78,ZMD!O87,ZMD!AF87) -> 3 | S36: =sum(ZMD!P6,ZMD!AG6,ZMD!P15,ZMD!AG15,ZMD!P24,ZMD!AG24,ZMD!P33,ZMD!AG33,ZMD!P42,ZMD!AG42,ZMD!P51,ZMD!AG51,ZMD!P60,ZMD!AG60,ZMD!P69,ZMD!AG69,ZMD!P78,ZMD!AG78,ZMD!P87,ZMD!AG87) -> 2 | T36: =J36/I36 -> 0.0002912477 | U36: =G36/D36 -> 72.705882
B37: drez01 | F37: =sum(ZMD!C7,ZMD!T7,ZMD!C16,ZMD!T16,ZMD!C25,ZMD!T25,ZMD!C34,ZMD!T34,ZMD!C43,ZMD!T43,ZMD!C52,ZMD!T52,ZMD!C61,ZMD!T61,ZMD!C70,ZMD!T70,ZMD!C79,ZMD!T79,ZMD!C88,ZMD!T88) -> 0 | G37: =sum(ZMD!D7,ZMD!U7,ZMD!D16,ZMD!U16,ZMD!D25,ZMD!U25,ZMD!D34,ZMD!U34,ZMD!D43,ZMD!U43,ZMD!D52,ZMD!U52,ZMD!D61,ZMD!U61,ZMD!D70,ZMD!U70,ZMD!D79,ZMD!U79,ZMD!D88,ZMD!U88) -> 0 | H37: =sum(ZMD!E7,ZMD!V7,ZMD!E16,ZMD!V16,ZMD!E25,ZMD!V25,ZMD!E34,ZMD!V34,ZMD!E43,ZMD!V43,ZMD!E52,ZMD!V52,ZMD!E61,ZMD!V61,ZMD!E70,ZMD!V70,ZMD!E79,ZMD!V79,ZMD!E88,ZMD!V88) -> 0 | I37: =sum(ZMD!F7,ZMD!W7,ZMD!F16,ZMD!W16,ZMD!F25,ZMD!W25,ZMD!F34,ZMD!W34,ZMD!F43,ZMD!W43,ZMD!F52,ZMD!W52,ZMD!F61,ZMD!W61,ZMD!F70,ZMD!W70,ZMD!F79,ZMD!W79,ZMD!F88,ZMD!W88) -> 0 | J37: =sum(ZMD!G7,ZMD!X7,ZMD!G16,ZMD!X16,ZMD!G25,ZMD!X25,ZMD!G34,ZMD!X34,ZMD!G43,ZMD!X43,ZMD!G52,ZMD!X52,ZMD!G61,ZMD!X61,ZMD!G70,ZMD!X70,ZMD!G79,ZMD!X79,ZMD!G88,ZMD!X88) -> 0 | K37: =sum(ZMD!H7,ZMD!Y7,ZMD!H16,ZMD!Y16,ZMD!H25,ZMD!Y25,ZMD!H34,ZMD!Y34,ZMD!H43,ZMD!Y43,ZMD!H52,ZMD!Y52,ZMD!H61,ZMD!Y61,ZMD!H70,ZMD!Y70,ZMD!H79,ZMD!Y79,ZMD!H88,ZMD!Y88) -> 0 | L37: =K37/(HOUR(J37)*60+(MINUTE(J37)+((SECOND(J37)/60)))) -> #DIV/0! | M37: =sum(ZMD!J7,ZMD!AA7,ZMD!J16,ZMD!AA16,ZMD!J25,ZMD!AA25,ZMD!J34,ZMD!AA34,ZMD!J43,ZMD!AA43,ZMD!J52,ZMD!AA52,ZMD!J61,ZMD!AA61,ZMD!J70,ZMD!AA70,ZMD!J79,ZMD!AA79,ZMD!J88,ZMD!AA88) -> 0 | N37: =sum(ZMD!K7,ZMD!AB7,ZMD!K16,ZMD!AB16,ZMD!K25,ZMD!AB25,ZMD!K34,ZMD!AB34,ZMD!K43,ZMD!AB43,ZMD!K52,ZMD!AB52,ZMD!K61,ZMD!AB61,ZMD!K70,ZMD!AB70,ZMD!K79,ZMD!AB79,ZMD!K88,ZMD!AB88) -> 0 | O37: =sum(ZMD!L7,ZMD!AC7,ZMD!L16,ZMD!AC16,ZMD!L25,ZMD!AC25,ZMD!L34,ZMD!AC34,ZMD!L43,ZMD!AC43,ZMD!L52,ZMD!AC52,ZMD!L61,ZMD!AC61,ZMD!L70,ZMD!AC70,ZMD!L79,ZMD!AC79,ZMD!L88,ZMD!AC88) -> 0 | P37: =sum(ZMD!M7,ZMD!AD7,ZMD!M16,ZMD!AD16,ZMD!M25,ZMD!AD25,ZMD!M34,ZMD!AD34,ZMD!M43,ZMD!AD43,ZMD!M52,ZMD!AD52,ZMD!M61,ZMD!AD61,ZMD!M70,ZMD!AD70,ZMD!M79,ZMD!AD79,ZMD!M88,ZMD!AD88) -> 0 | Q37: =sum(ZMD!N7,ZMD!AE7,ZMD!N16,ZMD!AE16,ZMD!N25,ZMD!AE25,ZMD!N34,ZMD!AE34,ZMD!N43,ZMD!AE43,ZMD!N52,ZMD!AE52,ZMD!N61,ZMD!AE61,ZMD!N70,ZMD!AE70,ZMD!N79,ZMD!AE79,ZMD!N88,ZMD!AE88) -> 0 | R37: =sum(ZMD!O7,ZMD!AF7,ZMD!O16,ZMD!AF16,ZMD!O25,ZMD!AF25,ZMD!O34,ZMD!AF34,ZMD!O43,ZMD!AF43,ZMD!O52,ZMD!AF52,ZMD!O61,ZMD!AF61,ZMD!O70,ZMD!AF70,ZMD!O79,ZMD!AF79,ZMD!O88,ZMD!AF88) -> 0 | S37: =sum(ZMD!P7,ZMD!AG7,ZMD!P16,ZMD!AG16,ZMD!P25,ZMD!AG25,ZMD!P34,ZMD!AG34,ZMD!P43,ZMD!AG43,ZMD!P52,ZMD!AG52,ZMD!P61,ZMD!AG61,ZMD!P70,ZMD!AG70,ZMD!P79,ZMD!AG79,ZMD!P88,ZMD!AG88) -> 0 | T37: =J37/I37 -> #DIV/0!
B38: mstell96 (to AJYD) | C38: 1 | E38: 1 | F38: =sum(ZMD!C8,ZMD!T8,ZMD!C17,ZMD!T17,ZMD!C26,ZMD!T26,ZMD!C35,ZMD!T35,ZMD!C44,ZMD!T44,ZMD!C53,ZMD!T53,ZMD!C62,ZMD!T62,ZMD!C71,ZMD!T71,ZMD!C80,ZMD!T80,ZMD!C89,ZMD!T89) -> 1 | G38: =sum(ZMD!D8,ZMD!U8,ZMD!D17,ZMD!U17,ZMD!D26,ZMD!U26,ZMD!D35,ZMD!U35,ZMD!D44,ZMD!U44,ZMD!D53,ZMD!U53,ZMD!D62,ZMD!U62,ZMD!D71,ZMD!U71,ZMD!D80,ZMD!U80,ZMD!D89,ZMD!U89) -> 108 | H38: =sum(ZMD!E8,ZMD!V8,ZMD!E17,ZMD!V17,ZMD!E26,ZMD!V26,ZMD!E35,ZMD!V35,ZMD!E44,ZMD!V44,ZMD!E53,ZMD!V53,ZMD!E62,ZMD!V62,ZMD!E71,ZMD!V71,ZMD!E80,ZMD!V80,ZMD!E89,ZMD!V89) -> 2 | I38: =sum(ZMD!F8,ZMD!W8,ZMD!F17,ZMD!W17,ZMD!F26,ZMD!W26,ZMD!F35,ZMD!W35,ZMD!F44,ZMD!W44,ZMD!F53,ZMD!W53,ZMD!F62,ZMD!W62,ZMD!F71,ZMD!W71,ZMD!F80,ZMD!W80,ZMD!F89,ZMD!W89) -> 159 | J38: =sum(ZMD!G8,ZMD!X8,ZMD!G17,ZMD!X17,ZMD!G26,ZMD!X26,ZMD!G35,ZMD!X35,ZMD!G44,ZMD!X44,ZMD!G53,ZMD!X53,ZMD!G62,ZMD!X62,ZMD!G71,ZMD!X71,ZMD!G80,ZMD!X80,ZMD!G89,ZMD!X89) -> 0.026226852 | K38: =sum(ZMD!H8,ZMD!Y8,ZMD!H17,ZMD!Y17,ZMD!H26,ZMD!Y26,ZMD!H35,ZMD!Y35,ZMD!H44,ZMD!Y44,ZMD!H53,ZMD!Y53,ZMD!H62,ZMD!Y62,ZMD!H71,ZMD!Y71,ZMD!H80,ZMD!Y80,ZMD!H89,ZMD!Y89) -> -51 | L38: =K38/(HOUR(J38)*60+(MINUTE(J38)+((SECOND(J38)/60)))) -> -1.3503972 | M38: =sum(ZMD!J8,ZMD!AA8,ZMD!J17,ZMD!AA17,ZMD!J26,ZMD!AA26,ZMD!J35,ZMD!AA35,ZMD!J44,ZMD!AA44,ZMD!J53,ZMD!AA53,ZMD!J62,ZMD!AA62,ZMD!J71,ZMD!AA71,ZMD!J80,ZMD!AA80,ZMD!J89,ZMD!AA89) -> 2 | N38: =sum(ZMD!K8,ZMD!AB8,ZMD!K17,ZMD!AB17,ZMD!K26,ZMD!AB26,ZMD!K35,ZMD!AB35,ZMD!K44,ZMD!AB44,ZMD!K53,ZMD!AB53,ZMD!K62,ZMD!AB62,ZMD!K71,ZMD!AB71,ZMD!K80,ZMD!AB80,ZMD!K89,ZMD!AB89) -> 15 | O38: =sum(ZMD!L8,ZMD!AC8,ZMD!L17,ZMD!AC17,ZMD!L26,ZMD!AC26,ZMD!L35,ZMD!AC35,ZMD!L44,ZMD!AC44,ZMD!L53,ZMD!AC53,ZMD!L62,ZMD!AC62,ZMD!L71,ZMD!AC71,ZMD!L80,ZMD!AC80,ZMD!L89,ZMD!AC89) -> 4 | P38: =sum(ZMD!M8,ZMD!AD8,ZMD!M17,ZMD!AD17,ZMD!M26,ZMD!AD26,ZMD!M35,ZMD!AD35,ZMD!M44,ZMD!AD44,ZMD!M53,ZMD!AD53,ZMD!M62,ZMD!AD62,ZMD!M71,ZMD!AD71,ZMD!M80,ZMD!AD80,ZMD!M89,ZMD!AD89) -> 0 | Q38: =sum(ZMD!N8,ZMD!AE8,ZMD!N17,ZMD!AE17,ZMD!N26,ZMD!AE26,ZMD!N35,ZMD!AE35,ZMD!N44,ZMD!AE44,ZMD!N53,ZMD!AE53,ZMD!N62,ZMD!AE62,ZMD!N71,ZMD!AE71,ZMD!N80,ZMD!AE80,ZMD!N89,ZMD!AE89) -> 0 | R38: =sum(ZMD!O8,ZMD!AF8,ZMD!O17,ZMD!AF17,ZMD!O26,ZMD!AF26,ZMD!O35,ZMD!AF35,ZMD!O44,ZMD!AF44,ZMD!O53,ZMD!AF53,ZMD!O62,ZMD!AF62,ZMD!O71,ZMD!AF71,ZMD!O80,ZMD!AF80,ZMD!O89,ZMD!AF89) -> 0 | S38: =sum(ZMD!P8,ZMD!AG8,ZMD!P17,ZMD!AG17,ZMD!P26,ZMD!AG26,ZMD!P35,ZMD!AG35,ZMD!P44,ZMD!AG44,ZMD!P53,ZMD!AG53,ZMD!P62,ZMD!AG62,ZMD!P71,ZMD!AG71,ZMD!P80,ZMD!AG80,ZMD!P89,ZMD!AG89) -> 0 | T38: =J38/I38 -> 0.00016494875
B39: ArmanMaNarma (from AJYD) | F39: =sum(ZMD!C44,ZMD!T44,ZMD!C53,ZMD!T53,ZMD!C62,ZMD!T62,ZMD!C71,ZMD!T71,ZMD!C80,ZMD!T80,ZMD!C89,ZMD!T89) -> 0 | G39: =sum(ZMD!D44,ZMD!U44,ZMD!D53,ZMD!U53,ZMD!D62,ZMD!U62,ZMD!D71,ZMD!U71,ZMD!D80,ZMD!U80,ZMD!D89,ZMD!U89) -> 0 | H39: =sum(ZMD!E44,ZMD!V44,ZMD!E53,ZMD!V53,ZMD!E62,ZMD!V62,ZMD!E71,ZMD!V71,ZMD!E80,ZMD!V80,ZMD!E89,ZMD!V89) -> 0 | I39: =sum(ZMD!F44,ZMD!W44,ZMD!F53,ZMD!W53,ZMD!F62,ZMD!W62,ZMD!F71,ZMD!W71,ZMD!F80,ZMD!W80,ZMD!F89,ZMD!W89) -> 0 | J39: =sum(ZMD!G44,ZMD!X44,ZMD!G53,ZMD!X53,ZMD!G62,ZMD!X62,ZMD!G71,ZMD!X71,ZMD!G80,ZMD!X80,ZMD!G89,ZMD!X89) -> 0 | K39: =sum(ZMD!H9,ZMD!Y9,ZMD!H18,ZMD!Y18,ZMD!H27,ZMD!Y27,ZMD!H36,ZMD!Y36,ZMD!H45,ZMD!Y45,ZMD!H54,ZMD!Y54,ZMD!H63,ZMD!Y63,ZMD!H72,ZMD!Y72,ZMD!H81,ZMD!Y81,ZMD!H90,ZMD!Y90) -> 0 | L39: =K39/(HOUR(J39)*60+(MINUTE(J39)+((SECOND(J39)/60)))) -> #DIV/0! | M39: =sum(ZMD!J44,ZMD!AA44,ZMD!J53,ZMD!AA53,ZMD!J62,ZMD!AA62,ZMD!J71,ZMD!AA71,ZMD!J80,ZMD!AA80,ZMD!J89,ZMD!AA89) -> 0 | N39: =sum(ZMD!K44,ZMD!AB44,ZMD!K53,ZMD!AB53,ZMD!K62,ZMD!AB62,ZMD!K71,ZMD!AB71,ZMD!K80,ZMD!AB80,ZMD!K89,ZMD!AB89) -> 0 | O39: =sum(ZMD!L44,ZMD!AC44,ZMD!L53,ZMD!AC53,ZMD!L62,ZMD!AC62,ZMD!L71,ZMD!AC71,ZMD!L80,ZMD!AC80,ZMD!L89,ZMD!AC89) -> 0 | P39: =sum(ZMD!M44,ZMD!AD44,ZMD!M53,ZMD!AD53,ZMD!M62,ZMD!AD62,ZMD!M71,ZMD!AD71,ZMD!M80,ZMD!AD80,ZMD!M89,ZMD!AD89) -> 0 | Q39: =sum(ZMD!N44,ZMD!AE44,ZMD!N53,ZMD!AE53,ZMD!N62,ZMD!AE62,ZMD!N71,ZMD!AE71,ZMD!N80,ZMD!AE80,ZMD!N89,ZMD!AE89) -> 0 | R39: =sum(ZMD!O44,ZMD!AF44,ZMD!O53,ZMD!AF53,ZMD!O62,ZMD!AF62,ZMD!O71,ZMD!AF71,ZMD!O80,ZMD!AF80,ZMD!O89,ZMD!AF89) -> 0 | S39: =sum(ZMD!P44,ZMD!AG44,ZMD!P53,ZMD!AG53,ZMD!P62,ZMD!AG62,ZMD!P71,ZMD!AG71,ZMD!P80,ZMD!AG80,ZMD!P89,ZMD!AG89) -> 0 | T39: =J39/I39 -> #DIV/0!
A40: 17-3 | B40: Totals: | C40: =MAX(C34:C39) -> 20 | D40: =MAX(D34:D39) -> 17 | E40: =MAX(E34:E39) -> 3 | F40: =sum(F33:F39) -> 95 | G40: =sum(G33:G39) -> 6518 | H40: =sum(H33:H39) -> 41 | I40: =sum(I33:I39) -> 6207 | J40: =J33 -> 0.34805556 | K40: =sum(K33:K39) -> 311 | L40: =K40/(HOUR(J40)*60+(MINUTE(J40)+((SECOND(J40)/60)))) -> 0.62051077 | M40: =sum(M33:M39) -> 287 | N40: =sum(N33:N39) -> 990 | O40: =sum(O33:O39) -> 210 | P40: =sum(P33:P39) -> 75 | Q40: =sum(Q33:Q39) -> 174 | R40: =sum(R33:R39) -> 5 | S40: =sum(S33:S39) -> 6 | U40: =sum(U33:U36) -> 377.05882
A42: ApoPo | B42: TheAlphaTurtle | C42: 20 | D42: 14 | E42: 6 | F42: =sum(AP!C3,AP!T3,AP!T12,AP!C12,AP!C21,AP!T21,AP!T30,AP!C30,AP!C39,AP!T39,AP!C48,AP!T48,AP!T57,AP!C57,AP!C66,AP!T66,AP!T75,AP!C75,AP!C84,AP!T84) -> 23 | G42: =sum(AP!D3,AP!U3,AP!U12,AP!D12,AP!D21,AP!U21,AP!U30,AP!D30,AP!D39,AP!U39,AP!D48,AP!U48,AP!U57,AP!D57,AP!D66,AP!U66,AP!U75,AP!D75,AP!D84,AP!U84) -> 1559 | H42: =sum(AP!E3,AP!V3,AP!V12,AP!E12,AP!E21,AP!V21,AP!V30,AP!E30,AP!E39,AP!V39,AP!E48,AP!V48,AP!V57,AP!E57,AP!E66,AP!V66,AP!V75,AP!E75,AP!E84,AP!V84) -> 12 | I42: =sum(AP!F3,AP!W3,AP!W12,AP!F12,AP!F21,AP!W21,AP!W30,AP!F30,AP!F39,AP!W39,AP!F48,AP!W48,AP!W57,AP!F57,AP!F66,AP!W66,AP!W75,AP!F75,AP!F84,AP!W84) -> 1653 | J42: =sum(AP!G3,AP!X3,AP!X12,AP!G12,AP!G21,AP!X21,AP!X30,AP!G30,AP!G39,AP!X39,AP!G48,AP!X48,AP!X57,AP!G57,AP!G66,AP!X66,AP!X75,AP!G75,AP!G84,AP!X84) -> 0.35607639 | K42: =sum(AP!H3,AP!Y3,AP!Y12,AP!H12,AP!H21,AP!Y21,AP!Y30,AP!H30,AP!H39,AP!Y39,AP!H48,AP!Y48,AP!Y57,AP!H57,AP!H66,AP!Y66,AP!Y75,AP!H75,AP!H84,AP!Y84) -> -94 | L42: =K42/(HOUR(J42)*60+(MINUTE(J42)+((SECOND(J42)/60)))) -> -0.18332521 | M42: =sum(AP!J3,AP!AA3,AP!AA12,AP!J12,AP!J21,AP!AA21,AP!AA30,AP!J30,AP!J39,AP!AA39,AP!J48,AP!AA48,AP!AA57,AP!J57,AP!J66,AP!AA66,AP!AA75,AP!J75,AP!J84,AP!AA84) -> 90 | N42: =sum(AP!K3,AP!AB3,AP!K12,AP!AB12,AP!K21,AP!AB21,AP!K30,AP!AB30,AP!K39,AP!AB39,AP!K48,AP!AB48,AP!K57,AP!AB57,AP!K66,AP!AB66,AP!K75,AP!AB75,AP!K84,AP!AB84) -> 213 | O42: =sum(AP!L3,AP!AC3,AP!L12,AP!AC12,AP!L21,AP!AC21,AP!L30,AP!AC30,AP!L39,AP!AC39,AP!L48,AP!AC48,AP!L57,AP!AC57,AP!L66,AP!AC66,AP!L75,AP!AC75,AP!L84,AP!AC84) -> 35 | P42: =sum(AP!M3,AP!AD3,AP!M12,AP!AD12,AP!M21,AP!AD21,AP!M30,AP!AD30,AP!M39,AP!AD39,AP!M48,AP!AD48,AP!M57,AP!AD57,AP!M66,AP!AD66,AP!M75,AP!AD75,AP!M84,AP!AD84) -> 5 | Q42: =sum(AP!N3,AP!AE3,AP!N12,AP!AE12,AP!N21,AP!AE21,AP!N30,AP!AE30,AP!N39,AP!AE39,AP!N48,AP!AE48,AP!N57,AP!AE57,AP!N66,AP!AE66,AP!N75,AP!AE75,AP!N84,AP!AE84) -> 30 | R42: =sum(AP!O3,AP!AF3,AP!O12,AP!AF12,AP!O21,AP!AF21,AP!O30,AP!AF30,AP!O39,AP!AF39,AP!O48,AP!AF48,AP!O57,AP!AF57,AP!O66,AP!AF66,AP!O75,AP!AF75,AP!O84,AP!AF84) -> 0 | S42: =sum(AP!P3,AP!AG3,AP!P12,AP!AG12,AP!P21,AP!AG21,AP!P30,AP!AG30,AP!P39,AP!AG39,AP!P48,AP!AG48,AP!P57,AP!AG57,AP!P66,AP!AG66,AP!P75,AP!AG75,AP!P84,AP!AG84) -> 1 | T42: =J42/I42 -> 0.00021541221 | U42: =G42/D42 -> 111.35714
B43: OverweightGOAT | C43: 20 | D43: 14 | E43: 6 | F43: =sum(AP!C4,AP!T4,AP!T13,AP!C13,AP!C22,AP!T22,AP!T31,AP!C31,AP!C40,AP!T40,AP!C49,AP!T49,AP!T58,AP!C58,AP!C67,AP!T67,AP!T76,AP!C76,AP!C85,AP!T85) -> 16 | G43: =sum(AP!D4,AP!U4,AP!U13,AP!D13,AP!D22,AP!U22,AP!U31,AP!D31,AP!D40,AP!U40,AP!D49,AP!U49,AP!U58,AP!D58,AP!D67,AP!U67,AP!U76,AP!D76,AP!D85,AP!U85) -> 1844 | H43: =sum(AP!E4,AP!V4,AP!V13,AP!E13,AP!E22,AP!V22,AP!V31,AP!E31,AP!E40,AP!V40,AP!E49,AP!V49,AP!V58,AP!E58,AP!E67,AP!V67,AP!V76,AP!E76,AP!E85,AP!V85) -> 10 | I43: =sum(AP!F4,AP!W4,AP!W13,AP!F13,AP!F22,AP!W22,AP!W31,AP!F31,AP!F40,AP!W40,AP!F49,AP!W49,AP!W58,AP!F58,AP!F67,AP!W67,AP!W76,AP!F76,AP!F85,AP!W85) -> 1858 | J43: =sum(AP!G4,AP!X4,AP!X13,AP!G13,AP!G22,AP!X22,AP!X31,AP!G31,AP!G40,AP!X40,AP!G49,AP!X49,AP!X58,AP!G58,AP!G67,AP!X67,AP!X76,AP!G76,AP!G85,AP!X85) -> 0.35607639 | K43: =sum(AP!H4,AP!Y4,AP!Y13,AP!H13,AP!H22,AP!Y22,AP!Y31,AP!H31,AP!H40,AP!Y40,AP!H49,AP!Y49,AP!Y58,AP!H58,AP!H67,AP!Y67,AP!Y76,AP!H76,AP!H85,AP!Y85) -> -14 | L43: =K43/(HOUR(J43)*60+(MINUTE(J43)+((SECOND(J43)/60)))) -> -0.027303754 | M43: =sum(AP!J4,AP!AA4,AP!AA13,AP!J13,AP!J22,AP!AA22,AP!AA31,AP!J31,AP!J40,AP!AA40,AP!J49,AP!AA49,AP!AA58,AP!J58,AP!J67,AP!AA67,AP!AA76,AP!J76,AP!J85,AP!AA85) -> 73 | N43: =sum(AP!K4,AP!AB4,AP!K13,AP!AB13,AP!K22,AP!AB22,AP!K31,AP!AB31,AP!K40,AP!AB40,AP!K49,AP!AB49,AP!K58,AP!AB58,AP!K67,AP!AB67,AP!K76,AP!AB76,AP!K85,AP!AB85) -> 284 | O43: =sum(AP!L4,AP!AC4,AP!L13,AP!AC13,AP!L22,AP!AC22,AP!L31,AP!AC31,AP!L40,AP!AC40,AP!L49,AP!AC49,AP!L58,AP!AC58,AP!L67,AP!AC67,AP!L76,AP!AC76,AP!L85,AP!AC85) -> 69 | P43: =sum(AP!M4,AP!AD4,AP!M13,AP!AD13,AP!M22,AP!AD22,AP!M31,AP!AD31,AP!M40,AP!AD40,AP!M49,AP!AD49,AP!M58,AP!AD58,AP!M67,AP!AD67,AP!M76,AP!AD76,AP!M85,AP!AD85) -> 45 | Q43: =sum(AP!N4,AP!AE4,AP!N13,AP!AE13,AP!N22,AP!AE22,AP!N31,AP!AE31,AP!N40,AP!AE40,AP!N49,AP!AE49,AP!N58,AP!AE58,AP!N67,AP!AE67,AP!N76,AP!AE76,AP!N85,AP!AE85) -> 47 | R43: =sum(AP!O4,AP!AF4,AP!O13,AP!AF13,AP!O22,AP!AF22,AP!O31,AP!AF31,AP!O40,AP!AF40,AP!O49,AP!AF49,AP!O58,AP!AF58,AP!O67,AP!AF67,AP!O76,AP!AF76,AP!O85,AP!AF85) -> 3 | S43: =sum(AP!P4,AP!AG4,AP!P13,AP!AG13,AP!P22,AP!AG22,AP!P31,AP!AG31,AP!P40,AP!AG40,AP!P49,AP!AG49,AP!P58,AP!AG58,AP!P67,AP!AG67,AP!P76,AP!AG76,AP!P85,AP!AG85) -> 0 | T43: =J43/I43 -> 0.00019164499 | U43: =G43/D43 -> 131.71429
B44: DCleak | C44: 19 | D44: 14 | E44: 5 | F44: =sum(AP!C5,AP!T5,AP!T14,AP!C14,AP!C23,AP!T23,AP!T32,AP!C32,AP!C41,AP!T41,AP!C50,AP!T50,AP!T59,AP!C59,AP!C68,AP!T68,AP!T77,AP!C77,AP!C86,AP!T86) -> 22 | G44: =sum(AP!D5,AP!U5,AP!U14,AP!D14,AP!D23,AP!U23,AP!U32,AP!D32,AP!D41,AP!U41,AP!D50,AP!U50,AP!U59,AP!D59,AP!D68,AP!U68,AP!U77,AP!D77,AP!D86,AP!U86) -> 1650 | H44: =sum(AP!E5,AP!V5,AP!V14,AP!E14,AP!E23,AP!V23,AP!V32,AP!E32,AP!E41,AP!V41,AP!E50,AP!V50,AP!V59,AP!E59,AP!E68,AP!V68,AP!V77,AP!E77,AP!E86,AP!V86) -> 13 | I44: =sum(AP!F5,AP!W5,AP!W14,AP!F14,AP!F23,AP!W23,AP!W32,AP!F32,AP!F41,AP!W41,AP!F50,AP!W50,AP!W59,AP!F59,AP!F68,AP!W68,AP!W77,AP!F77,AP!F86,AP!W86) -> 1914 | J44: =sum(AP!G5,AP!X5,AP!X14,AP!G14,AP!G23,AP!X23,AP!X32,AP!G32,AP!G41,AP!X41,AP!G50,AP!X50,AP!X59,AP!G59,AP!G68,AP!X68,AP!X77,AP!G77,AP!G86,AP!X86) -> 0.3453125 | K44: =sum(AP!H5,AP!Y5,AP!Y14,AP!H14,AP!H23,AP!Y23,AP!Y32,AP!H32,AP!H41,AP!Y41,AP!H50,AP!Y50,AP!Y59,AP!H59,AP!H68,AP!Y68,AP!Y77,AP!H77,AP!H86,AP!Y86) -> -264 | L44: =K44/(HOUR(J44)*60+(MINUTE(J44)+((SECOND(J44)/60)))) -> -0.53092006 | M44: =sum(AP!J5,AP!AA5,AP!AA14,AP!J14,AP!J23,AP!AA23,AP!AA32,AP!J32,AP!J41,AP!AA41,AP!J50,AP!AA50,AP!AA59,AP!J59,AP!J68,AP!AA68,AP!AA77,AP!J77,AP!J86,AP!AA86) -> 93 | N44: =sum(AP!K5,AP!AB5,AP!K14,AP!AB14,AP!K23,AP!AB23,AP!K32,AP!AB32,AP!K41,AP!AB41,AP!K50,AP!AB50,AP!K59,AP!AB59,AP!K68,AP!AB68,AP!K77,AP!AB77,AP!K86,AP!AB86) -> 230 | O44: =sum(AP!L5,AP!AC5,AP!L14,AP!AC14,AP!L23,AP!AC23,AP!L32,AP!AC32,AP!L41,AP!AC41,AP!L50,AP!AC50,AP!L59,AP!AC59,AP!L68,AP!AC68,AP!L77,AP!AC77,AP!L86,AP!AC86) -> 56 | P44: =sum(AP!M5,AP!AD5,AP!M14,AP!AD14,AP!M23,AP!AD23,AP!M32,AP!AD32,AP!M41,AP!AD41,AP!M50,AP!AD50,AP!M59,AP!AD59,AP!M68,AP!AD68,AP!M77,AP!AD77,AP!M86,AP!AD86) -> 12 | Q44: =sum(AP!N5,AP!AE5,AP!N14,AP!AE14,AP!N23,AP!AE23,AP!N32,AP!AE32,AP!N41,AP!AE41,AP!N50,AP!AE50,AP!N59,AP!AE59,AP!N68,AP!AE68,AP!N77,AP!AE77,AP!N86,AP!AE86) -> 34 | R44: =sum(AP!O5,AP!AF5,AP!O14,AP!AF14,AP!O23,AP!AF23,AP!O32,AP!AF32,AP!O41,AP!AF41,AP!O50,AP!AF50,AP!O59,AP!AF59,AP!O68,AP!AF68,AP!O77,AP!AF77,AP!O86,AP!AF86) -> 0 | S44: =sum(AP!P5,AP!AG5,AP!P14,AP!AG14,AP!P23,AP!AG23,AP!P32,AP!AG32,AP!P41,AP!AG41,AP!P50,AP!AG50,AP!P59,AP!AG59,AP!P68,AP!AG68,AP!P77,AP!AG77,AP!P86,AP!AG86) -> 0 | T44: =J44/I44 -> 0.00018041405 | U44: =G44/D44 -> 117.85714
B45: RDG NHL | C45: 13 | D45: 9 | E45: 4 | F45: =sum(AP!C6,AP!T6,AP!T15,AP!C15,AP!C24,AP!T24,AP!T33,AP!C33,AP!C42,AP!T42,AP!C51,AP!T51,AP!T60,AP!C60,AP!C69,AP!T69,AP!T78,AP!C78,AP!C87,AP!T87) -> 16 | G45: =sum(AP!D6,AP!U6,AP!U15,AP!D15,AP!D24,AP!U24,AP!U33,AP!D33,AP!D42,AP!U42,AP!D51,AP!U51,AP!U60,AP!D60,AP!D69,AP!U69,AP!U78,AP!D78,AP!D87,AP!U87) -> 885 | H45: =sum(AP!E6,AP!V6,AP!V15,AP!E15,AP!E24,AP!V24,AP!V33,AP!E33,AP!E42,AP!V42,AP!E51,AP!V51,AP!V60,AP!E60,AP!E69,AP!V69,AP!V78,AP!E78,AP!E87,AP!V87) -> 10 | I45: =sum(AP!F6,AP!W6,AP!W15,AP!F15,AP!F24,AP!W24,AP!W33,AP!F33,AP!F42,AP!W42,AP!F51,AP!W51,AP!W60,AP!F60,AP!F69,AP!W69,AP!W78,AP!F78,AP!F87,AP!W87) -> 1099 | J45: =sum(AP!G6,AP!X6,AP!X15,AP!G15,AP!G24,AP!X24,AP!X33,AP!G33,AP!G42,AP!X42,AP!G51,AP!X51,AP!X60,AP!G60,AP!G69,AP!X69,AP!X78,AP!G78,AP!G87,AP!X87) -> 0.25085648 | K45: =sum(AP!H6,AP!Y6,AP!Y15,AP!H15,AP!H24,AP!Y24,AP!Y33,AP!H33,AP!H42,AP!Y42,AP!H51,AP!Y51,AP!Y60,AP!H60,AP!H69,AP!Y69,AP!Y78,AP!H78,AP!H87,AP!Y87) -> -214 | L45: =K45/(HOUR(J45)*60+(MINUTE(J45)+((SECOND(J45)/60)))) -> -0.59241488 | M45: =sum(AP!J6,AP!AA6,AP!AA15,AP!J15,AP!J24,AP!AA24,AP!AA33,AP!J33,AP!J42,AP!AA42,AP!J51,AP!AA51,AP!AA60,AP!J60,AP!J69,AP!AA69,AP!AA78,AP!J78,AP!J87,AP!AA87) -> 40 | N45: =sum(AP!K6,AP!AB6,AP!K15,AP!AB15,AP!K24,AP!AB24,AP!K33,AP!AB33,AP!K42,AP!AB42,AP!K51,AP!AB51,AP!K60,AP!AB60,AP!K69,AP!AB69,AP!K78,AP!AB78,AP!K87,AP!AB87) -> 112 | O45: =sum(AP!L6,AP!AC6,AP!L15,AP!AC15,AP!L24,AP!AC24,AP!L33,AP!AC33,AP!L42,AP!AC42,AP!L51,AP!AC51,AP!L60,AP!AC60,AP!L69,AP!AC69,AP!L78,AP!AC78,AP!L87,AP!AC87) -> 13 | P45: =sum(AP!M6,AP!AD6,AP!M15,AP!AD15,AP!M24,AP!AD24,AP!M33,AP!AD33,AP!M42,AP!AD42,AP!M51,AP!AD51,AP!M60,AP!AD60,AP!M69,AP!AD69,AP!M78,AP!AD78,AP!M87,AP!AD87) -> 1 | Q45: =sum(AP!N6,AP!AE6,AP!N15,AP!AE15,AP!N24,AP!AE24,AP!N33,AP!AE33,AP!N42,AP!AE42,AP!N51,AP!AE51,AP!N60,AP!AE60,AP!N69,AP!AE69,AP!N78,AP!AE78,AP!N87,AP!AE87) -> 12 | R45: =sum(AP!O6,AP!AF6,AP!O15,AP!AF15,AP!O24,AP!AF24,AP!O33,AP!AF33,AP!O42,AP!AF42,AP!O51,AP!AF51,AP!O60,AP!AF60,AP!O69,AP!AF69,AP!O78,AP!AF78,AP!O87,AP!AF87) -> 0 | S45: =sum(AP!P6,AP!AG6,AP!P15,AP!AG15,AP!P24,AP!AG24,AP!P33,AP!AG33,AP!P42,AP!AG42,AP!P51,AP!AG51,AP!P60,AP!AG60,AP!P69,AP!AG69,AP!P78,AP!AG78,AP!P87,AP!AG87) -> 0 | T45: =J45/I45 -> 0.00022825885 | U45: =G45/D45 -> 98.333333
B46: Conra4859 | C46: 8 | D46: 5 | E46: 3 | F46: =sum(AP!C7,AP!T7,AP!T16,AP!C16,AP!C25,AP!T25,AP!T34,AP!C34,AP!C43,AP!T43,AP!C52,AP!T52,AP!T61,AP!C61,AP!C70,AP!T70,AP!T79,AP!C79,AP!C88,AP!T88) -> 2 | G46: =sum(AP!D7,AP!U7,AP!U16,AP!D16,AP!D25,AP!U25,AP!U34,AP!D34,AP!D43,AP!U43,AP!D52,AP!U52,AP!U61,AP!D61,AP!D70,AP!U70,AP!U79,AP!D79,AP!D88,AP!U88) -> 514 | H46: =sum(AP!E7,AP!V7,AP!V16,AP!E16,AP!E25,AP!V25,AP!V34,AP!E34,AP!E43,AP!V43,AP!E52,AP!V52,AP!V61,AP!E61,AP!E70,AP!V70,AP!V79,AP!E79,AP!E88,AP!V88) -> 3 | I46: =sum(AP!F7,AP!W7,AP!W16,AP!F16,AP!F25,AP!W25,AP!W34,AP!F34,AP!F43,AP!W43,AP!F52,AP!W52,AP!W61,AP!F61,AP!F70,AP!W70,AP!W79,AP!F79,AP!F88,AP!W88) -> 758 | J46: =sum(AP!G7,AP!X7,AP!X16,AP!G16,AP!G25,AP!X25,AP!X34,AP!G34,AP!G43,AP!X43,AP!G52,AP!X52,AP!X61,AP!G61,AP!G70,AP!X70,AP!X79,AP!G79,AP!G88,AP!X88) -> 0.1159838 | K46: =sum(AP!H7,AP!Y7,AP!Y16,AP!H16,AP!H25,AP!Y25,AP!Y34,AP!H34,AP!H43,AP!Y43,AP!H52,AP!Y52,AP!Y61,AP!H61,AP!H70,AP!Y70,AP!Y79,AP!H79,AP!H88,AP!Y88) -> -244 | L46: =K46/(HOUR(J46)*60+(MINUTE(J46)+((SECOND(J46)/60)))) -> -1.460932 | M46: =sum(AP!J7,AP!AA7,AP!AA16,AP!J16,AP!J25,AP!AA25,AP!AA34,AP!J34,AP!J43,AP!AA43,AP!J52,AP!AA52,AP!AA61,AP!J61,AP!J70,AP!AA70,AP!AA79,AP!J79,AP!J88,AP!AA88) -> 15 | N46: =sum(AP!K7,AP!AB7,AP!K16,AP!AB16,AP!K25,AP!AB25,AP!K34,AP!AB34,AP!K43,AP!AB43,AP!K52,AP!AB52,AP!K61,AP!AB61,AP!K70,AP!AB70,AP!K79,AP!AB79,AP!K88,AP!AB88) -> 65 | O46: =sum(AP!L7,AP!AC7,AP!L16,AP!AC16,AP!L25,AP!AC25,AP!L34,AP!AC34,AP!L43,AP!AC43,AP!L52,AP!AC52,AP!L61,AP!AC61,AP!L70,AP!AC70,AP!L79,AP!AC79,AP!L88,AP!AC88) -> 11 | P46: =sum(AP!M7,AP!AD7,AP!M16,AP!AD16,AP!M25,AP!AD25,AP!M34,AP!AD34,AP!M43,AP!AD43,AP!M52,AP!AD52,AP!M61,AP!AD61,AP!M70,AP!AD70,AP!M79,AP!AD79,AP!M88,AP!AD88) -> 5 | Q46: =sum(AP!N7,AP!AE7,AP!N16,AP!AE16,AP!N25,AP!AE25,AP!N34,AP!AE34,AP!N43,AP!AE43,AP!N52,AP!AE52,AP!N61,AP!AE61,AP!N70,AP!AE70,AP!N79,AP!AE79,AP!N88,AP!AE88) -> 5 | R46: =sum(AP!O7,AP!AF7,AP!O16,AP!AF16,AP!O25,AP!AF25,AP!O34,AP!AF34,AP!O43,AP!AF43,AP!O52,AP!AF52,AP!O61,AP!AF61,AP!O70,AP!AF70,AP!O79,AP!AF79,AP!O88,AP!AF88) -> 0 | S46: =sum(AP!P7,AP!AG7,AP!P16,AP!AG16,AP!P25,AP!AG25,AP!P34,AP!AG34,AP!P43,AP!AG43,AP!P52,AP!AG52,AP!P61,AP!AG61,AP!P70,AP!AG70,AP!P79,AP!AG79,AP!P88,AP!AG88) -> 0 | T46: =J46/I46 -> 0.00015301292 | U46: =G46/D46 -> 102.8
B47: Jakato | F47: =sum(AP!C8,AP!T8,AP!T17,AP!C17,AP!C26,AP!T26,AP!T35,AP!C35,AP!C44,AP!T44,AP!C53,AP!T53,AP!T62,AP!C62,AP!C71,AP!T71,AP!T80,AP!C80,AP!C89,AP!T89) -> 0 | G47: =sum(AP!D8,AP!U8,AP!U17,AP!D17,AP!D26,AP!U26,AP!U35,AP!D35,AP!D44,AP!U44,AP!D53,AP!U53,AP!U62,AP!D62,AP!D71,AP!U71,AP!U80,AP!D80,AP!D89,AP!U89) -> 0 | H47: =sum(AP!E8,AP!V8,AP!V17,AP!E17,AP!E26,AP!V26,AP!V35,AP!E35,AP!E44,AP!V44,AP!E53,AP!V53,AP!V62,AP!E62,AP!E71,AP!V71,AP!V80,AP!E80,AP!E89,AP!V89) -> 0 | I47: =sum(AP!F8,AP!W8,AP!W17,AP!F17,AP!F26,AP!W26,AP!W35,AP!F35,AP!F44,AP!W44,AP!F53,AP!W53,AP!W62,AP!F62,AP!F71,AP!W71,AP!W80,AP!F80,AP!F89,AP!W89) -> 0 | J47: =sum(AP!G8,AP!X8,AP!X17,AP!G17,AP!G26,AP!X26,AP!X35,AP!G35,AP!G44,AP!X44,AP!G53,AP!X53,AP!X62,AP!G62,AP!G71,AP!X71,AP!X80,AP!G80,AP!G89,AP!X89) -> 0 | K47: =sum(AP!H8,AP!Y8,AP!Y17,AP!H17,AP!H26,AP!Y26,AP!Y35,AP!H35,AP!H44,AP!Y44,AP!H53,AP!Y53,AP!Y62,AP!H62,AP!H71,AP!Y71,AP!Y80,AP!H80,AP!H89,AP!Y89) -> 0 | L47: =K47/(HOUR(J47)*60+(MINUTE(J47)+((SECOND(J47)/60)))) -> #DIV/0! | M47: =sum(AP!J8,AP!AA8,AP!AA17,AP!J17,AP!J26,AP!AA26,AP!AA35,AP!J35,AP!J44,AP!AA44,AP!J53,AP!AA53,AP!AA62,AP!J62,AP!J71,AP!AA71,AP!AA80,AP!J80,AP!J89,AP!AA89) -> 0 | N47: =sum(AP!K8,AP!AB8,AP!K17,AP!AB17,AP!K26,AP!AB26,AP!K35,AP!AB35,AP!K44,AP!AB44,AP!K53,AP!AB53,AP!K62,AP!AB62,AP!K71,AP!AB71,AP!K80,AP!AB80,AP!K89,AP!AB89) -> 0 | O47: =sum(AP!L8,AP!AC8,AP!L17,AP!AC17,AP!L26,AP!AC26,AP!L35,AP!AC35,AP!L44,AP!AC44,AP!L53,AP!AC53,AP!L62,AP!AC62,AP!L71,AP!AC71,AP!L80,AP!AC80,AP!L89,AP!AC89) -> 0 | P47: =sum(AP!M8,AP!AD8,AP!M17,AP!AD17,AP!M26,AP!AD26,AP!M35,AP!AD35,AP!M44,AP!AD44,AP!M53,AP!AD53,AP!M62,AP!AD62,AP!M71,AP!AD71,AP!M80,AP!AD80,AP!M89,AP!AD89) -> 0 | Q47: =sum(AP!N8,AP!AE8,AP!N17,AP!AE17,AP!N26,AP!AE26,AP!N35,AP!AE35,AP!N44,AP!AE44,AP!N53,AP!AE53,AP!N62,AP!AE62,AP!N71,AP!AE71,AP!N80,AP!AE80,AP!N89,AP!AE89) -> 0 | R47: =sum(AP!O8,AP!AF8,AP!O17,AP!AF17,AP!O26,AP!AF26,AP!O35,AP!AF35,AP!O44,AP!AF44,AP!O53,AP!AF53,AP!O62,AP!AF62,AP!O71,AP!AF71,AP!O80,AP!AF80,AP!O89,AP!AF89) -> 0 | S47: =sum(AP!P8,AP!AG8,AP!P17,AP!AG17,AP!P26,AP!AG26,AP!P35,AP!AG35,AP!P44,AP!AG44,AP!P53,AP!AG53,AP!P62,AP!AG62,AP!P71,AP!AG71,AP!P80,AP!AG80,AP!P89,AP!AG89) -> 0 | T47: =J47/I47 -> #DIV/0!
A49: 13-7 | B49: Totals: | C49: =MAX(C43:C47) -> 20 | D49: =MAX(D43:D47) -> 14 | E49: =MAX(E43:E47) -> 6 | F49: =sum(F42:F47) -> 79 | G49: =sum(G42:G47) -> 6452 | H49: =sum(H42:H47) -> 48 | I49: =sum(I42:I47) -> 7282 | J49: =J42 -> 0.35607639 | K49: =sum(K42:K47) -> -830 | L49: =K49/(HOUR(J49)*60+(MINUTE(J49)+((SECOND(J49)/60)))) -> -1.6187226 | M49: =sum(M42:M47) -> 311 | N49: =sum(N42:N47) -> 904 | O49: =sum(O42:O47) -> 184 | P49: =sum(P42:P47) -> 68 | Q49: =sum(Q42:Q47) -> 128 | R49: =sum(R42:R47) -> 3 | S49: =sum(S42:S47) -> 1 | U49: =sum(U4:U42) -> 9554.0152
A51: A&tS | B51: oDhmon | C51: 20 | D51: 15 | E51: 5 | F51: =sum('A&tS'!C3,'A&tS'!C11,'A&tS'!T3,'A&tS'!T11,'A&tS'!T19,'A&tS'!C19,'A&tS'!C27,'A&tS'!T27,'A&tS'!C35,'A&tS'!T35,'A&tS'!T43,'A&tS'!C43,'A&tS'!C51,'A&tS'!T51,'A&tS'!T59,'A&tS'!C59,'A&tS'!C67,'A&tS'!C75,'A&tS'!T67,'A&tS'!T75) -> 9 | G51: =sum('A&tS'!D3,'A&tS'!D11,'A&tS'!U3,'A&tS'!U11,'A&tS'!U19,'A&tS'!D19,'A&tS'!D27,'A&tS'!U27,'A&tS'!D35,'A&tS'!U35,'A&tS'!U43,'A&tS'!D43,'A&tS'!D51,'A&tS'!U51,'A&tS'!U59,'A&tS'!D59,'A&tS'!D67,'A&tS'!D75,'A&tS'!U67,'A&tS'!U75) -> 2234 | H51: =sum('A&tS'!E3,'A&tS'!E11,'A&tS'!V3,'A&tS'!V11,'A&tS'!V19,'A&tS'!E19,'A&tS'!E27,'A&tS'!V27,'A&tS'!E35,'A&tS'!V35,'A&tS'!V43,'A&tS'!E43,'A&tS'!E51,'A&tS'!V51,'A&tS'!V59,'A&tS'!E59,'A&tS'!E67,'A&tS'!E75,'A&tS'!V67,'A&tS'!V75) -> 8 | I51: =sum('A&tS'!F3,'A&tS'!F11,'A&tS'!W3,'A&tS'!W11,'A&tS'!W19,'A&tS'!F19,'A&tS'!F27,'A&tS'!W27,'A&tS'!F35,'A&tS'!W35,'A&tS'!W43,'A&tS'!F43,'A&tS'!F51,'A&tS'!W51,'A&tS'!W59,'A&tS'!F59,'A&tS'!F67,'A&tS'!F75,'A&tS'!W67,'A&tS'!W75) -> 2117 | J51: =sum('A&tS'!G3,'A&tS'!G11,'A&tS'!X3,'A&tS'!X11,'A&tS'!X19,'A&tS'!G19,'A&tS'!G27,'A&tS'!X27,'A&tS'!G35,'A&tS'!X35,'A&tS'!X43,'A&tS'!G43,'A&tS'!G51,'A&tS'!X51,'A&tS'!X59,'A&tS'!G59,'A&tS'!G67,'A&tS'!G75,'A&tS'!X67,'A&tS'!X75) -> 0.41127315 | K51: =sum('A&tS'!H3,'A&tS'!H11,'A&tS'!Y3,'A&tS'!Y11,'A&tS'!Y19,'A&tS'!H19,'A&tS'!H27,'A&tS'!Y27,'A&tS'!H35,'A&tS'!Y35,'A&tS'!Y43,'A&tS'!H43,'A&tS'!H51,'A&tS'!Y51,'A&tS'!Y59,'A&tS'!H59,'A&tS'!H67,'A&tS'!H75,'A&tS'!Y67,'A&tS'!Y75) -> 117 | L51: =K51/(HOUR(J51)*60+(MINUTE(J51)+((SECOND(J51)/60)))) -> 0.19755727 | M51: =sum('A&tS'!J3,'A&tS'!J11,'A&tS'!AA3,'A&tS'!AA11,'A&tS'!AA19,'A&tS'!J19,'A&tS'!J27,'A&tS'!AA27,'A&tS'!J35,'A&tS'!AA35,'A&tS'!AA43,'A&tS'!J43,'A&tS'!J51,'A&tS'!AA51,'A&tS'!AA59,'A&tS'!J59,'A&tS'!J67,'A&tS'!J75,'A&tS'!AA67,'A&tS'!AA75) -> 79 | N51: =sum('A&tS'!K3,'A&tS'!AB3,'A&tS'!K11,'A&tS'!AB11,'A&tS'!K19,'A&tS'!AB19,'A&tS'!K27,'A&tS'!AB27,'A&tS'!K35,'A&tS'!AB35,'A&tS'!K43,'A&tS'!AB43,'A&tS'!K51,'A&tS'!AB51,'A&tS'!K59,'A&tS'!AB59,'A&tS'!K67,'A&tS'!AB67,'A&tS'!K75,'A&tS'!AB75) -> 336 | O51: =sum('A&tS'!L3,'A&tS'!AC3,'A&tS'!L11,'A&tS'!AC11,'A&tS'!L19,'A&tS'!AC19,'A&tS'!L27,'A&tS'!AC27,'A&tS'!L35,'A&tS'!AC35,'A&tS'!L43,'A&tS'!AC43,'A&tS'!L51,'A&tS'!AC51,'A&tS'!L59,'A&tS'!AC59,'A&tS'!L67,'A&tS'!AC67,'A&tS'!L75,'A&tS'!AC75) -> 82 | P51: =sum('A&tS'!M3,'A&tS'!AD3,'A&tS'!M11,'A&tS'!AD11,'A&tS'!M19,'A&tS'!AD19,'A&tS'!M27,'A&tS'!AD27,'A&tS'!M35,'A&tS'!AD35,'A&tS'!M43,'A&tS'!AD43,'A&tS'!M51,'A&tS'!AD51,'A&tS'!M59,'A&tS'!AD59,'A&tS'!M67,'A&tS'!AD67,'A&tS'!M75,'A&tS'!AD75) -> 37 | Q51: =sum('A&tS'!N3,'A&tS'!AE3,'A&tS'!N11,'A&tS'!AE11,'A&tS'!N19,'A&tS'!AE19,'A&tS'!N27,'A&tS'!AE27,'A&tS'!N35,'A&tS'!AE35,'A&tS'!N43,'A&tS'!AE43,'A&tS'!N51,'A&tS'!AE51,'A&tS'!N59,'A&tS'!AE59,'A&tS'!N67,'A&tS'!AE67,'A&tS'!N75,'A&tS'!AE75) -> 52 | R51: =sum('A&tS'!O3,'A&tS'!AF3,'A&tS'!O11,'A&tS'!AF11,'A&tS'!O19,'A&tS'!AF19,'A&tS'!O27,'A&tS'!AF27,'A&tS'!O35,'A&tS'!AF35,'A&tS'!O43,'A&tS'!AF43,'A&tS'!O51,'A&tS'!AF51,'A&tS'!O59,'A&tS'!AF59,'A&tS'!O67,'A&tS'!AF67,'A&tS'!O75,'A&tS'!AF75) -> 3 | S51: =sum('A&tS'!P3,'A&tS'!AG3,'A&tS'!P11,'A&tS'!AG11,'A&tS'!P19,'A&tS'!AG19,'A&tS'!P27,'A&tS'!AG27,'A&tS'!P35,'A&tS'!AG35,'A&tS'!P43,'A&tS'!AG43,'A&tS'!P51,'A&tS'!AG51,'A&tS'!P59,'A&tS'!AG59,'A&tS'!P67,'A&tS'!AG67,'A&tS'!P75,'A&tS'!AG75) -> 0 | T51: =J51/I51 -> 0.00019427168 | U51: =G51/D51 -> 148.93333
B52: xSeoulSnatch | C52: 20 | D52: 15 | E52: 5 | F52: =sum('A&tS'!C4,'A&tS'!T4,'A&tS'!C12,'A&tS'!T12,'A&tS'!C20,'A&tS'!T20,'A&tS'!C28,'A&tS'!T28,'A&tS'!C36,'A&tS'!T36,'A&tS'!C44,'A&tS'!T44,'A&tS'!C52,'A&tS'!T52,'A&tS'!C60,'A&tS'!T60,'A&tS'!C68,'A&tS'!T68,'A&tS'!C76,'A&tS'!T76) -> 4 | G52: =sum('A&tS'!D4,'A&tS'!D12,'A&tS'!U4,'A&tS'!U12,'A&tS'!U20,'A&tS'!D20,'A&tS'!D28,'A&tS'!U28,'A&tS'!D36,'A&tS'!U36,'A&tS'!U44,'A&tS'!D44,'A&tS'!D52,'A&tS'!U52,'A&tS'!U60,'A&tS'!D60,'A&tS'!D68,'A&tS'!D76,'A&tS'!U68,'A&tS'!U76) -> 2347 | H52: =sum('A&tS'!E4,'A&tS'!E12,'A&tS'!V4,'A&tS'!V12,'A&tS'!V20,'A&tS'!E20,'A&tS'!E28,'A&tS'!V28,'A&tS'!E36,'A&tS'!V36,'A&tS'!V44,'A&tS'!E44,'A&tS'!E52,'A&tS'!V52,'A&tS'!V60,'A&tS'!E60,'A&tS'!E68,'A&tS'!E76,'A&tS'!V68,'A&tS'!V76) -> 16 | I52: =sum('A&tS'!F4,'A&tS'!F12,'A&tS'!W4,'A&tS'!W12,'A&tS'!W20,'A&tS'!F20,'A&tS'!F28,'A&tS'!W28,'A&tS'!F36,'A&tS'!W36,'A&tS'!W44,'A&tS'!F44,'A&tS'!F52,'A&tS'!W52,'A&tS'!W60,'A&tS'!F60,'A&tS'!F68,'A&tS'!F76,'A&tS'!W68,'A&tS'!W76) -> 2015 | J52: =sum('A&tS'!G4,'A&tS'!G12,'A&tS'!X4,'A&tS'!X12,'A&tS'!X20,'A&tS'!G20,'A&tS'!G28,'A&tS'!X28,'A&tS'!G36,'A&tS'!X36,'A&tS'!X44,'A&tS'!G44,'A&tS'!G52,'A&tS'!X52,'A&tS'!X60,'A&tS'!G60,'A&tS'!G68,'A&tS'!G76,'A&tS'!X68,'A&tS'!X76) -> 0.41127315 | K52: =sum('A&tS'!H4,'A&tS'!H12,'A&tS'!Y4,'A&tS'!Y12,'A&tS'!Y20,'A&tS'!H20,'A&tS'!H28,'A&tS'!Y28,'A&tS'!H36,'A&tS'!Y36,'A&tS'!Y44,'A&tS'!H44,'A&tS'!H52,'A&tS'!Y52,'A&tS'!Y60,'A&tS'!H60,'A&tS'!H68,'A&tS'!H76,'A&tS'!Y68,'A&tS'!Y76) -> 332 | L52: =K52/(HOUR(J52)*60+(MINUTE(J52)+((SECOND(J52)/60)))) -> 0.56058986 | M52: =sum('A&tS'!J4,'A&tS'!J12,'A&tS'!AA4,'A&tS'!AA12,'A&tS'!AA20,'A&tS'!J20,'A&tS'!J28,'A&tS'!AA28,'A&tS'!J36,'A&tS'!AA36,'A&tS'!AA44,'A&tS'!J44,'A&tS'!J52,'A&tS'!AA52,'A&tS'!AA60,'A&tS'!J60,'A&tS'!J68,'A&tS'!J76,'A&tS'!AA68,'A&tS'!AA76) -> 73 | N52: =sum('A&tS'!K4,'A&tS'!AB4,'A&tS'!K12,'A&tS'!AB12,'A&tS'!K20,'A&tS'!AB20,'A&tS'!K28,'A&tS'!AB28,'A&tS'!K36,'A&tS'!AB36,'A&tS'!K44,'A&tS'!AB44,'A&tS'!K52,'A&tS'!AB52,'A&tS'!K60,'A&tS'!AB60,'A&tS'!K68,'A&tS'!AB68,'A&tS'!K76,'A&tS'!AB76) -> 371 | O52: =sum('A&tS'!L4,'A&tS'!AC4,'A&tS'!L12,'A&tS'!AC12,'A&tS'!L20,'A&tS'!AC20,'A&tS'!L28,'A&tS'!AC28,'A&tS'!L36,'A&tS'!AC36,'A&tS'!L44,'A&tS'!AC44,'A&tS'!L52,'A&tS'!AC52,'A&tS'!L60,'A&tS'!AC60,'A&tS'!L68,'A&tS'!AC68,'A&tS'!L76,'A&tS'!AC76) -> 71 | P52: =sum('A&tS'!M4,'A&tS'!AD4,'A&tS'!M12,'A&tS'!AD12,'A&tS'!M20,'A&tS'!AD20,'A&tS'!M28,'A&tS'!AD28,'A&tS'!M36,'A&tS'!AD36,'A&tS'!M44,'A&tS'!AD44,'A&tS'!M52,'A&tS'!AD52,'A&tS'!M60,'A&tS'!AD60,'A&tS'!M68,'A&tS'!AD68,'A&tS'!M76,'A&tS'!AD76) -> 30 | Q52: =sum('A&tS'!N4,'A&tS'!AE4,'A&tS'!N12,'A&tS'!AE12,'A&tS'!N20,'A&tS'!AE20,'A&tS'!N28,'A&tS'!AE28,'A&tS'!N36,'A&tS'!AE36,'A&tS'!N44,'A&tS'!AE44,'A&tS'!N52,'A&tS'!AE52,'A&tS'!N60,'A&tS'!AE60,'A&tS'!N68,'A&tS'!AE68,'A&tS'!N76,'A&tS'!AE76) -> 61 | R52: =sum('A&tS'!O4,'A&tS'!AF4,'A&tS'!O12,'A&tS'!AF12,'A&tS'!O20,'A&tS'!AF20,'A&tS'!O28,'A&tS'!AF28,'A&tS'!O36,'A&tS'!AF36,'A&tS'!O44,'A&tS'!AF44,'A&tS'!O52,'A&tS'!AF52,'A&tS'!O60,'A&tS'!AF60,'A&tS'!O68,'A&tS'!AF68,'A&tS'!O76,'A&tS'!AF76) -> 1 | S52: =sum('A&tS'!P4,'A&tS'!AG4,'A&tS'!P12,'A&tS'!AG12,'A&tS'!P20,'A&tS'!AG20,'A&tS'!P28,'A&tS'!AG28,'A&tS'!P36,'A&tS'!AG36,'A&tS'!P44,'A&tS'!AG44,'A&tS'!P52,'A&tS'!AG52,'A&tS'!P60,'A&tS'!AG60,'A&tS'!P68,'A&tS'!AG68,'A&tS'!P76,'A&tS'!AG76) -> 0 | T52: =J52/I52 -> 0.00020410578 | U52: =G52/D52 -> 156.46667
B53: Aspence501 | C53: 20 | D53: 15 | E53: 5 | F53: =sum('A&tS'!C5,'A&tS'!T5,'A&tS'!C13,'A&tS'!T13,'A&tS'!C21,'A&tS'!T21,'A&tS'!C29,'A&tS'!T29,'A&tS'!C37,'A&tS'!T37,'A&tS'!C45,'A&tS'!T45,'A&tS'!C53,'A&tS'!T53,'A&tS'!C61,'A&tS'!T61,'A&tS'!C69,'A&tS'!T69,'A&tS'!C77,'A&tS'!T77) -> 7 | G53: =sum('A&tS'!D5,'A&tS'!D13,'A&tS'!U5,'A&tS'!U13,'A&tS'!U21,'A&tS'!D21,'A&tS'!D29,'A&tS'!U29,'A&tS'!D37,'A&tS'!U37,'A&tS'!U45,'A&tS'!D45,'A&tS'!D53,'A&tS'!U53,'A&tS'!U61,'A&tS'!D61,'A&tS'!D69,'A&tS'!D77,'A&tS'!U69,'A&tS'!U77) -> 1978 | H53: =sum('A&tS'!E5,'A&tS'!E13,'A&tS'!V5,'A&tS'!V13,'A&tS'!V21,'A&tS'!E21,'A&tS'!E29,'A&tS'!V29,'A&tS'!E37,'A&tS'!V37,'A&tS'!V45,'A&tS'!E45,'A&tS'!E53,'A&tS'!V53,'A&tS'!V61,'A&tS'!E61,'A&tS'!E69,'A&tS'!E77,'A&tS'!V69,'A&tS'!V77) -> 10 | I53: =sum('A&tS'!F5,'A&tS'!F13,'A&tS'!W5,'A&tS'!W13,'A&tS'!W21,'A&tS'!F21,'A&tS'!F29,'A&tS'!W29,'A&tS'!F37,'A&tS'!W37,'A&tS'!W45,'A&tS'!F45,'A&tS'!F53,'A&tS'!W53,'A&tS'!W61,'A&tS'!F61,'A&tS'!F69,'A&tS'!F77,'A&tS'!W69,'A&tS'!W77) -> 1984 | J53: =sum('A&tS'!G5,'A&tS'!G13,'A&tS'!X5,'A&tS'!X13,'A&tS'!X21,'A&tS'!G21,'A&tS'!G29,'A&tS'!X29,'A&tS'!G37,'A&tS'!X37,'A&tS'!X45,'A&tS'!G45,'A&tS'!G53,'A&tS'!X53,'A&tS'!X61,'A&tS'!G61,'A&tS'!G69,'A&tS'!G77,'A&tS'!X69,'A&tS'!X77) -> 0.41127315 | K53: =sum('A&tS'!H5,'A&tS'!H13,'A&tS'!Y5,'A&tS'!Y13,'A&tS'!Y21,'A&tS'!H21,'A&tS'!H29,'A&tS'!Y29,'A&tS'!H37,'A&tS'!Y37,'A&tS'!Y45,'A&tS'!H45,'A&tS'!H53,'A&tS'!Y53,'A&tS'!Y61,'A&tS'!H61,'A&tS'!H69,'A&tS'!H77,'A&tS'!Y69,'A&tS'!Y77) -> -6 | L53: =K53/(HOUR(J53)*60+(MINUTE(J53)+((SECOND(J53)/60)))) -> -0.010131142 | M53: =sum('A&tS'!J5,'A&tS'!J13,'A&tS'!AA5,'A&tS'!AA13,'A&tS'!AA21,'A&tS'!J21,'A&tS'!J29,'A&tS'!AA29,'A&tS'!J37,'A&tS'!AA37,'A&tS'!AA45,'A&tS'!J45,'A&tS'!J53,'A&tS'!AA53,'A&tS'!AA61,'A&tS'!J61,'A&tS'!J69,'A&tS'!J77,'A&tS'!AA69,'A&tS'!AA77) -> 70 | N53: =sum('A&tS'!K5,'A&tS'!AB5,'A&tS'!K13,'A&tS'!AB13,'A&tS'!K21,'A&tS'!AB21,'A&tS'!K29,'A&tS'!AB29,'A&tS'!K37,'A&tS'!AB37,'A&tS'!K45,'A&tS'!AB45,'A&tS'!K53,'A&tS'!AB53,'A&tS'!K61,'A&tS'!AB61,'A&tS'!K69,'A&tS'!AB69,'A&tS'!K77,'A&tS'!AB77) -> 271 | O53: =sum('A&tS'!L5,'A&tS'!AC5,'A&tS'!L13,'A&tS'!AC13,'A&tS'!L21,'A&tS'!AC21,'A&tS'!L29,'A&tS'!AC29,'A&tS'!L37,'A&tS'!AC37,'A&tS'!L45,'A&tS'!AC45,'A&tS'!L53,'A&tS'!AC53,'A&tS'!L61,'A&tS'!AC61,'A&tS'!L69,'A&tS'!AC69,'A&tS'!L77,'A&tS'!AC77) -> 44 | P53: =sum('A&tS'!M5,'A&tS'!AD5,'A&tS'!M13,'A&tS'!AD13,'A&tS'!M21,'A&tS'!AD21,'A&tS'!M29,'A&tS'!AD29,'A&tS'!M37,'A&tS'!AD37,'A&tS'!M45,'A&tS'!AD45,'A&tS'!M53,'A&tS'!AD53,'A&tS'!M61,'A&tS'!AD61,'A&tS'!M69,'A&tS'!AD69,'A&tS'!M77,'A&tS'!AD77) -> 15 | Q53: =sum('A&tS'!N5,'A&tS'!AE5,'A&tS'!N13,'A&tS'!AE13,'A&tS'!N21,'A&tS'!AE21,'A&tS'!N29,'A&tS'!AE29,'A&tS'!N37,'A&tS'!AE37,'A&tS'!N45,'A&tS'!AE45,'A&tS'!N53,'A&tS'!AE53,'A&tS'!N61,'A&tS'!AE61,'A&tS'!N69,'A&tS'!AE69,'A&tS'!N77,'A&tS'!AE77) -> 36 | R53: =sum('A&tS'!O5,'A&tS'!AF5,'A&tS'!O13,'A&tS'!AF13,'A&tS'!O21,'A&tS'!AF21,'A&tS'!O29,'A&tS'!AF29,'A&tS'!O37,'A&tS'!AF37,'A&tS'!O45,'A&tS'!AF45,'A&tS'!O53,'A&tS'!AF53,'A&tS'!O61,'A&tS'!AF61,'A&tS'!O69,'A&tS'!AF69,'A&tS'!O77,'A&tS'!AF77) -> 0 | S53: =sum('A&tS'!P5,'A&tS'!AG5,'A&tS'!P13,'A&tS'!AG13,'A&tS'!P21,'A&tS'!AG21,'A&tS'!P29,'A&tS'!AG29,'A&tS'!P37,'A&tS'!AG37,'A&tS'!P45,'A&tS'!AG45,'A&tS'!P53,'A&tS'!AG53,'A&tS'!P61,'A&tS'!AG61,'A&tS'!P69,'A&tS'!AG69,'A&tS'!P77,'A&tS'!AG77) -> 7 | T53: =J53/I53 -> 0.00020729493 | U53: =G53/D53 -> 131.86667
B54: Nihilus | C54: 16 | D54: 13 | E54: 3 | F54: =sum('A&tS'!C6,'A&tS'!T6,'A&tS'!C14,'A&tS'!T14,'A&tS'!C22,'A&tS'!T22,'A&tS'!C30,'A&tS'!T30,'A&tS'!C38,'A&tS'!T38,'A&tS'!C46,'A&tS'!T46,'A&tS'!C54,'A&tS'!T54,'A&tS'!C62,'A&tS'!T62,'A&tS'!C70,'A&tS'!T70,'A&tS'!C78,'A&tS'!T78) -> 60 | G54: =sum('A&tS'!D6,'A&tS'!D14,'A&tS'!U6,'A&tS'!U14,'A&tS'!U22,'A&tS'!D22,'A&tS'!D30,'A&tS'!U30,'A&tS'!D38,'A&tS'!U38,'A&tS'!U46,'A&tS'!D46,'A&tS'!D54,'A&tS'!U54,'A&tS'!U62,'A&tS'!D62,'A&tS'!D70,'A&tS'!D78,'A&tS'!U70,'A&tS'!U78) -> 752 | H54: =sum('A&tS'!E6,'A&tS'!E14,'A&tS'!V6,'A&tS'!V14,'A&tS'!V22,'A&tS'!E22,'A&tS'!E30,'A&tS'!V30,'A&tS'!E38,'A&tS'!V38,'A&tS'!V46,'A&tS'!E46,'A&tS'!E54,'A&tS'!V54,'A&tS'!V62,'A&tS'!E62,'A&tS'!E70,'A&tS'!E78,'A&tS'!V70,'A&tS'!V78) -> 3 | I54: =sum('A&tS'!F6,'A&tS'!F14,'A&tS'!W6,'A&tS'!W14,'A&tS'!W22,'A&tS'!F22,'A&tS'!F30,'A&tS'!W30,'A&tS'!F38,'A&tS'!W38,'A&tS'!W46,'A&tS'!F46,'A&tS'!F54,'A&tS'!W54,'A&tS'!W62,'A&tS'!F62,'A&tS'!F70,'A&tS'!F78,'A&tS'!W70,'A&tS'!W78) -> 814 | J54: =sum('A&tS'!G6,'A&tS'!G14,'A&tS'!X6,'A&tS'!X14,'A&tS'!X22,'A&tS'!G22,'A&tS'!G30,'A&tS'!X30,'A&tS'!G38,'A&tS'!X38,'A&tS'!X46,'A&tS'!G46,'A&tS'!G54,'A&tS'!X54,'A&tS'!X62,'A&tS'!G62,'A&tS'!G70,'A&tS'!G78,'A&tS'!X70,'A&tS'!X78) -> 0.3078125 | K54: =sum('A&tS'!H6,'A&tS'!H14,'A&tS'!Y6,'A&tS'!Y14,'A&tS'!Y22,'A&tS'!H22,'A&tS'!H30,'A&tS'!Y30,'A&tS'!H38,'A&tS'!Y38,'A&tS'!Y46,'A&tS'!H46,'A&tS'!H54,'A&tS'!Y54,'A&tS'!Y62,'A&tS'!H62,'A&tS'!H70,'A&tS'!H78,'A&tS'!Y70,'A&tS'!Y78) -> -62 | L54: =K54/(HOUR(J54)*60+(MINUTE(J54)+((SECOND(J54)/60)))) -> -0.13987592 | M54: =sum('A&tS'!J6,'A&tS'!J14,'A&tS'!AA6,'A&tS'!AA14,'A&tS'!AA22,'A&tS'!J22,'A&tS'!J30,'A&tS'!AA30,'A&tS'!J38,'A&tS'!AA38,'A&tS'!AA46,'A&tS'!J46,'A&tS'!J54,'A&tS'!AA54,'A&tS'!AA62,'A&tS'!J62,'A&tS'!J70,'A&tS'!J78,'A&tS'!AA70,'A&tS'!AA78) -> 35 | N54: =sum('A&tS'!K6,'A&tS'!AB6,'A&tS'!K14,'A&tS'!AB14,'A&tS'!K22,'A&tS'!AB22,'A&tS'!K30,'A&tS'!AB30,'A&tS'!K38,'A&tS'!AB38,'A&tS'!K46,'A&tS'!AB46,'A&tS'!K54,'A&tS'!AB54,'A&tS'!K62,'A&tS'!AB62,'A&tS'!K70,'A&tS'!AB70,'A&tS'!K78,'A&tS'!AB78) -> 78 | O54: =sum('A&tS'!L6,'A&tS'!AC6,'A&tS'!L14,'A&tS'!AC14,'A&tS'!L22,'A&tS'!AC22,'A&tS'!L30,'A&tS'!AC30,'A&tS'!L38,'A&tS'!AC38,'A&tS'!L46,'A&tS'!AC46,'A&tS'!L54,'A&tS'!AC54,'A&tS'!L62,'A&tS'!AC62,'A&tS'!L70,'A&tS'!AC70,'A&tS'!L78,'A&tS'!AC78) -> 9 | P54: =sum('A&tS'!M6,'A&tS'!AD6,'A&tS'!M14,'A&tS'!AD14,'A&tS'!M22,'A&tS'!AD22,'A&tS'!M30,'A&tS'!AD30,'A&tS'!M38,'A&tS'!AD38,'A&tS'!M46,'A&tS'!AD46,'A&tS'!M54,'A&tS'!AD54,'A&tS'!M62,'A&tS'!AD62,'A&tS'!M70,'A&tS'!AD70,'A&tS'!M78,'A&tS'!AD78) -> 1 | Q54: =sum('A&tS'!N6,'A&tS'!AE6,'A&tS'!N14,'A&tS'!AE14,'A&tS'!N22,'A&tS'!AE22,'A&tS'!N30,'A&tS'!AE30,'A&tS'!N38,'A&tS'!AE38,'A&tS'!N46,'A&tS'!AE46,'A&tS'!N54,'A&tS'!AE54,'A&tS'!N62,'A&tS'!AE62,'A&tS'!N70,'A&tS'!AE70,'A&tS'!N78,'A&tS'!AE78) -> 15 | R54: =sum('A&tS'!O6,'A&tS'!AF6,'A&tS'!O14,'A&tS'!AF14,'A&tS'!O22,'A&tS'!AF22,'A&tS'!O30,'A&tS'!AF30,'A&tS'!O38,'A&tS'!AF38,'A&tS'!O46,'A&tS'!AF46,'A&tS'!O54,'A&tS'!AF54,'A&tS'!O62,'A&tS'!AF62,'A&tS'!O70,'A&tS'!AF70,'A&tS'!O78,'A&tS'!AF78) -> 0 | S54: =sum('A&tS'!P6,'A&tS'!AG6,'A&tS'!P14,'A&tS'!AG14,'A&tS'!P22,'A&tS'!AG22,'A&tS'!P30,'A&tS'!AG30,'A&tS'!P38,'A&tS'!AG38,'A&tS'!P46,'A&tS'!AG46,'A&tS'!P54,'A&tS'!AG54,'A&tS'!P62,'A&tS'!AG62,'A&tS'!P70,'A&tS'!AG70,'A&tS'!P78,'A&tS'!AG78) -> 6 | T54: =J54/I54 -> 0.00037814803 | U54: =G54/D54 -> 57.846154
B55: CaptainSev004 | C55: 4 | D55: 2 | E55: 2 | F55: =sum('A&tS'!C7,'A&tS'!T7,'A&tS'!C15,'A&tS'!T15,'A&tS'!C23,'A&tS'!T23,'A&tS'!C31,'A&tS'!T31,'A&tS'!C39,'A&tS'!C39,'A&tS'!T39,'A&tS'!C47,'A&tS'!T47,'A&tS'!C55,'A&tS'!T55,'A&tS'!C63,'A&tS'!T63,'A&tS'!C71,'A&tS'!T71,'A&tS'!C79,'A&tS'!T79) -> 6 | G55: =sum('A&tS'!D7,'A&tS'!D15,'A&tS'!U7,'A&tS'!U15,'A&tS'!U23,'A&tS'!D23,'A&tS'!D31,'A&tS'!U31,'A&tS'!D39,'A&tS'!U39,'A&tS'!U47,'A&tS'!D47,'A&tS'!D55,'A&tS'!U55,'A&tS'!U63,'A&tS'!D63,'A&tS'!D71,'A&tS'!D79,'A&tS'!U71,'A&tS'!U79) -> 295 | H55: =sum('A&tS'!E7,'A&tS'!E15,'A&tS'!V7,'A&tS'!V15,'A&tS'!V23,'A&tS'!E23,'A&tS'!E31,'A&tS'!V31,'A&tS'!E39,'A&tS'!V39,'A&tS'!V47,'A&tS'!E47,'A&tS'!E55,'A&tS'!V55,'A&tS'!V63,'A&tS'!E63,'A&tS'!E71,'A&tS'!E79,'A&tS'!V71,'A&tS'!V79) -> 1 | I55: =sum('A&tS'!F7,'A&tS'!F15,'A&tS'!W7,'A&tS'!W15,'A&tS'!W23,'A&tS'!F23,'A&tS'!F31,'A&tS'!W31,'A&tS'!F39,'A&tS'!W39,'A&tS'!W47,'A&tS'!F47,'A&tS'!F55,'A&tS'!W55,'A&tS'!W63,'A&tS'!F63,'A&tS'!F71,'A&tS'!F79,'A&tS'!W71,'A&tS'!W79) -> 420 | J55: =sum('A&tS'!G7,'A&tS'!G15,'A&tS'!X7,'A&tS'!X15,'A&tS'!X23,'A&tS'!G23,'A&tS'!G31,'A&tS'!X31,'A&tS'!G39,'A&tS'!X39,'A&tS'!X47,'A&tS'!G47,'A&tS'!G55,'A&tS'!X55,'A&tS'!X63,'A&tS'!G63,'A&tS'!G71,'A&tS'!G79,'A&tS'!X71,'A&tS'!X79) -> 0.10346065 | K55: =sum('A&tS'!H7,'A&tS'!H15,'A&tS'!Y7,'A&tS'!Y15,'A&tS'!Y23,'A&tS'!H23,'A&tS'!H31,'A&tS'!Y31,'A&tS'!H39,'A&tS'!Y39,'A&tS'!Y47,'A&tS'!H47,'A&tS'!H55,'A&tS'!Y55,'A&tS'!Y63,'A&tS'!H63,'A&tS'!H71,'A&tS'!H79,'A&tS'!Y71,'A&tS'!Y79) -> -125 | L55: =K55/(HOUR(J55)*60+(MINUTE(J55)+((SECOND(J55)/60)))) -> -0.83902002 | M55: =sum('A&tS'!J7,'A&tS'!J15,'A&tS'!AA7,'A&tS'!AA15,'A&tS'!AA23,'A&tS'!J23,'A&tS'!J31,'A&tS'!AA31,'A&tS'!J39,'A&tS'!AA39,'A&tS'!AA47,'A&tS'!J47,'A&tS'!J55,'A&tS'!AA55,'A&tS'!AA63,'A&tS'!J63,'A&tS'!J71,'A&tS'!J79,'A&tS'!AA71,'A&tS'!AA79) -> 19 | N55: =sum('A&tS'!K7,'A&tS'!AB7,'A&tS'!K15,'A&tS'!AB15,'A&tS'!K23,'A&tS'!AB23,'A&tS'!K31,'A&tS'!AB31,'A&tS'!K39,'A&tS'!AB39,'A&tS'!K47,'A&tS'!AB47,'A&tS'!K55,'A&tS'!AB55,'A&tS'!K63,'A&tS'!AB63,'A&tS'!K71,'A&tS'!AB71,'A&tS'!K79,'A&tS'!AB79) -> 27 | O55: =sum('A&tS'!L7,'A&tS'!AC7,'A&tS'!L15,'A&tS'!AC15,'A&tS'!L23,'A&tS'!AC23,'A&tS'!L31,'A&tS'!AC31,'A&tS'!L39,'A&tS'!AC39,'A&tS'!L47,'A&tS'!AC47,'A&tS'!L55,'A&tS'!AC55,'A&tS'!L63,'A&tS'!AC63,'A&tS'!L71,'A&tS'!AC71,'A&tS'!L79,'A&tS'!AC79) -> 2 | P55: =sum('A&tS'!M7,'A&tS'!AD7,'A&tS'!M15,'A&tS'!AD15,'A&tS'!M23,'A&tS'!AD23,'A&tS'!M31,'A&tS'!AD31,'A&tS'!M39,'A&tS'!AD39,'A&tS'!M47,'A&tS'!AD47,'A&tS'!M55,'A&tS'!AD55,'A&tS'!M63,'A&tS'!AD63,'A&tS'!M71,'A&tS'!AD71,'A&tS'!M79,'A&tS'!AD79) -> 2 | Q55: =sum('A&tS'!N7,'A&tS'!AE7,'A&tS'!N15,'A&tS'!AE15,'A&tS'!N23,'A&tS'!AE23,'A&tS'!N31,'A&tS'!AE31,'A&tS'!N39,'A&tS'!AE39,'A&tS'!N47,'A&tS'!AE47,'A&tS'!N55,'A&tS'!AE55,'A&tS'!N63,'A&tS'!AE63,'A&tS'!N71,'A&tS'!AE71,'A&tS'!N79,'A&tS'!AE79) -> 4 | R55: =sum('A&tS'!O7,'A&tS'!AF7,'A&tS'!O15,'A&tS'!AF15,'A&tS'!O23,'A&tS'!AF23,'A&tS'!O31,'A&tS'!AF31,'A&tS'!O39,'A&tS'!AF39,'A&tS'!O47,'A&tS'!AF47,'A&tS'!O55,'A&tS'!AF55,'A&tS'!O63,'A&tS'!AF63,'A&tS'!O71,'A&tS'!AF71,'A&tS'!O79,'A&tS'!AF79) -> 0 | S55: =sum('A&tS'!P7,'A&tS'!AG7,'A&tS'!P15,'A&tS'!AG15,'A&tS'!P23,'A&tS'!AG23,'A&tS'!P31,'A&tS'!AG31,'A&tS'!P39,'A&tS'!AG39,'A&tS'!P47,'A&tS'!AG47,'A&tS'!P55,'A&tS'!AG55,'A&tS'!P63,'A&tS'!AG63,'A&tS'!P71,'A&tS'!AG71,'A&tS'!P79,'A&tS'!AG79) -> 0 | T55: =J55/I55 -> 0.00024633488 | U55: =G55/D55 -> 147.5
A57: 15-5 | B57: Totals: | C57: =MAX(C51:C55) -> 20 | D57: =MAX(D51:D55) -> 15 | E57: =MAX(E51:E55) -> 5 | F57: =sum(F51:F55) -> 86 | G57: =sum(G51:G55) -> 7606 | H57: =sum(H51:H55) -> 38 | I57: =sum(I51:I55) -> 7350 | J57: =J51 -> 0.41127315 | K57: =sum(K51:K55) -> 256 | L57: =K57/(HOUR(J57)*60+(MINUTE(J57)+((SECOND(J57)/60)))) -> 0.43226206 | M57: =sum(M51:M55) -> 276 | N57: =sum(N51:N55) -> 1083 | O57: =sum(O51:O55) -> 208 | P57: =sum(P51:P55) -> 85 | Q57: =sum(Q51:Q55) -> 168 | R57: =sum(R51:R55) -> 4 | S57: =sum(S51:S55) -> 13 | U57: =sum(U51:U55) -> 642.61282
A59: MAB | B59: Invayda Zim | C59: 19 | D59: 15 | E59: 4 | F59: =sum(MAB!C3,MAB!T3,MAB!C11,MAB!T11,MAB!C19,MAB!T19,MAB!C27,MAB!T27,MAB!C35,MAB!T35,MAB!C43,MAB!T43,MAB!C51,MAB!T51,MAB!C59,MAB!T59,MAB!C67,MAB!T67,MAB!C75,MAB!T75) -> 8 | G59: =sum(MAB!D3,MAB!U3,MAB!D11,MAB!U11,MAB!D19,MAB!U19,MAB!D27,MAB!U27,MAB!D35,MAB!U35,MAB!D43,MAB!U43,MAB!D51,MAB!U51,MAB!D59,MAB!U59,MAB!D67,MAB!U67,MAB!D75,MAB!U75) -> 1818 | H59: =sum(MAB!E3,MAB!V3,MAB!E11,MAB!V11,MAB!E19,MAB!V19,MAB!E27,MAB!V27,MAB!E35,MAB!V35,MAB!E43,MAB!V43,MAB!E51,MAB!V51,MAB!E59,MAB!V59,MAB!E67,MAB!V67,MAB!E75,MAB!V75) -> 11 | I59: =sum(MAB!F3,MAB!W3,MAB!F11,MAB!W11,MAB!F19,MAB!W19,MAB!F27,MAB!W27,MAB!F35,MAB!W35,MAB!F43,MAB!W43,MAB!F51,MAB!W51,MAB!F59,MAB!W59,MAB!F67,MAB!W67,MAB!F75,MAB!W75) -> 1440 | J59: =sum(MAB!G3,MAB!X3,MAB!G11,MAB!X11,MAB!G19,MAB!X19,MAB!G27,MAB!X27,MAB!G35,MAB!X35,MAB!G43,MAB!X43,MAB!G51,MAB!X51,MAB!G59,MAB!X59,MAB!G67,MAB!X67,MAB!G75,MAB!X75) -> 0.32855324 | K59: =sum(MAB!H3,MAB!Y3,MAB!H11,MAB!Y11,MAB!H19,MAB!Y19,MAB!H27,MAB!Y27,MAB!H35,MAB!Y35,MAB!H43,MAB!Y43,MAB!H51,MAB!Y51,MAB!H59,MAB!Y59,MAB!H67,MAB!Y67,MAB!H75,MAB!Y75) -> 378 | L59: =K59/(HOUR(J59)*60+(MINUTE(J59)+((SECOND(J59)/60)))) -> 0.79895727 | M59: =sum(MAB!J3,MAB!AA3,MAB!J11,MAB!AA11,MAB!J19,MAB!AA19,MAB!J27,MAB!AA27,MAB!J35,MAB!AA35,MAB!J43,MAB!AA43,MAB!J51,MAB!AA51,MAB!J59,MAB!AA59,MAB!J67,MAB!AA67,MAB!J75,MAB!AA75) -> 61 | N59: =sum(MAB!K3,MAB!AB3,MAB!K11,MAB!AB11,MAB!K19,MAB!AB19,MAB!K27,MAB!AB27,MAB!K35,MAB!AB35,MAB!K43,MAB!AB43,MAB!K51,MAB!AB51,MAB!K59,MAB!AB59,MAB!K67,MAB!AB67,MAB!K75,MAB!AB75) -> 278 | O59: =sum(MAB!L3,MAB!AC3,MAB!L11,MAB!AC11,MAB!L19,MAB!AC19,MAB!L27,MAB!AC27,MAB!L35,MAB!AC35,MAB!L43,MAB!AC43,MAB!L51,MAB!AC51,MAB!L59,MAB!AC59,MAB!L67,MAB!AC67,MAB!L75,MAB!AC75) -> 64 | P59: =sum(MAB!M3,MAB!AD3,MAB!M11,MAB!AD11,MAB!M19,MAB!AD19,MAB!M27,MAB!AD27,MAB!M35,MAB!AD35,MAB!M43,MAB!AD43,MAB!M51,MAB!AD51,MAB!M59,MAB!AD59,MAB!M67,MAB!AD67,MAB!M75,MAB!AD75) -> 21 | Q59: =sum(MAB!N3,MAB!AE3,MAB!N11,MAB!AE11,MAB!N19,MAB!AE19,MAB!N27,MAB!AE27,MAB!N35,MAB!AE35,MAB!N43,MAB!AE43,MAB!N51,MAB!AE51,MAB!N59,MAB!AE59,MAB!N67,MAB!AE67,MAB!N75,MAB!AE75) -> 70 | R59: =sum(MAB!O3,MAB!AF3,MAB!O11,MAB!AF11,MAB!O19,MAB!AF19,MAB!O27,MAB!AF27,MAB!O35,MAB!AF35,MAB!O43,MAB!AF43,MAB!O51,MAB!AF51,MAB!O59,MAB!AF59,MAB!O67,MAB!AF67,MAB!O75,MAB!AF75) -> 2 | S59: =sum(MAB!P3,MAB!AG3,MAB!P11,MAB!AG11,MAB!P19,MAB!AG19,MAB!P27,MAB!AG27,MAB!P35,MAB!AG35,MAB!P43,MAB!AG43,MAB!P51,MAB!AG51,MAB!P59,MAB!AG59,MAB!P67,MAB!AG67,MAB!P75,MAB!AG75) -> 0 | T59: =J59/I59 -> 0.00022816197 | U59: =G59/D59 -> 121.2
B60: Rage More Nerd | C60: 20 | D60: 15 | E60: 5 | F60: =sum(MAB!C4,MAB!T4,MAB!C12,MAB!T12,MAB!C20,MAB!T20,MAB!C28,MAB!T28,MAB!C36,MAB!T36,MAB!C44,MAB!T44,MAB!C52,MAB!T52,MAB!C60,MAB!T60,MAB!C68,MAB!T68,MAB!C76,MAB!T76) -> 9 | G60: =sum(MAB!D4,MAB!U4,MAB!D12,MAB!U12,MAB!D20,MAB!U20,MAB!D28,MAB!U28,MAB!D36,MAB!U36,MAB!D44,MAB!U44,MAB!D52,MAB!U52,MAB!D60,MAB!U60,MAB!D68,MAB!U68,MAB!D76,MAB!U76) -> 1789 | H60: =sum(MAB!E4,MAB!V4,MAB!E12,MAB!V12,MAB!E20,MAB!V20,MAB!E28,MAB!V28,MAB!E36,MAB!V36,MAB!E44,MAB!V44,MAB!E52,MAB!V52,MAB!E60,MAB!V60,MAB!E68,MAB!V68,MAB!E76,MAB!V76) -> 7 | I60: =sum(MAB!F4,MAB!W4,MAB!F12,MAB!W12,MAB!F20,MAB!W20,MAB!F28,MAB!W28,MAB!F36,MAB!W36,MAB!F44,MAB!W44,MAB!F52,MAB!W52,MAB!F60,MAB!W60,MAB!F68,MAB!W68,MAB!F76,MAB!W76) -> 1678 | J60: =sum(MAB!G4,MAB!X4,MAB!G12,MAB!X12,MAB!G20,MAB!X20,MAB!G28,MAB!X28,MAB!G36,MAB!X36,MAB!G44,MAB!X44,MAB!G52,MAB!X52,MAB!G60,MAB!X60,MAB!G68,MAB!X68,MAB!G76,MAB!X76) -> 0.33934028 | K60: =sum(MAB!H4,MAB!Y4,MAB!H12,MAB!Y12,MAB!H20,MAB!Y20,MAB!H28,MAB!Y28,MAB!H36,MAB!Y36,MAB!H44,MAB!Y44,MAB!H52,MAB!Y52,MAB!H60,MAB!Y60,MAB!H68,MAB!Y68,MAB!H76,MAB!Y76) -> 111 | L60: =K60/(HOUR(J60)*60+(MINUTE(J60)+((SECOND(J60)/60)))) -> 0.22715645 | M60: =sum(MAB!J4,MAB!AA4,MAB!J12,MAB!AA12,MAB!J20,MAB!AA20,MAB!J28,MAB!AA28,MAB!J36,MAB!AA36,MAB!J44,MAB!AA44,MAB!J52,MAB!AA52,MAB!J60,MAB!AA60,MAB!J68,MAB!AA68,MAB!J76,MAB!AA76) -> 60 | N60: =sum(MAB!K4,MAB!AB4,MAB!K12,MAB!AB12,MAB!K20,MAB!AB20,MAB!K28,MAB!AB28,MAB!K36,MAB!AB36,MAB!K44,MAB!AB44,MAB!K52,MAB!AB52,MAB!K60,MAB!AB60,MAB!K68,MAB!AB68,MAB!K76,MAB!AB76) -> 277 | O60: =sum(MAB!L4,MAB!AC4,MAB!L12,MAB!AC12,MAB!L20,MAB!AC20,MAB!L28,MAB!AC28,MAB!L36,MAB!AC36,MAB!L44,MAB!AC44,MAB!L52,MAB!AC52,MAB!L60,MAB!AC60,MAB!L68,MAB!AC68,MAB!L76,MAB!AC76) -> 62 | P60: =sum(MAB!M4,MAB!AD4,MAB!M12,MAB!AD12,MAB!M20,MAB!AD20,MAB!M28,MAB!AD28,MAB!M36,MAB!AD36,MAB!M44,MAB!AD44,MAB!M52,MAB!AD52,MAB!M60,MAB!AD60,MAB!M68,MAB!AD68,MAB!M76,MAB!AD76) -> 10 | Q60: =sum(MAB!N4,MAB!AE4,MAB!N12,MAB!AE12,MAB!N20,MAB!AE20,MAB!N28,MAB!AE28,MAB!N36,MAB!AE36,MAB!N44,MAB!AE44,MAB!N52,MAB!AE52,MAB!N60,MAB!AE60,MAB!N68,MAB!AE68,MAB!N76,MAB!AE76) -> 45 | R60: =sum(MAB!O4,MAB!AF4,MAB!O12,MAB!AF12,MAB!O20,MAB!AF20,MAB!O28,MAB!AF28,MAB!O36,MAB!AF36,MAB!O44,MAB!AF44,MAB!O52,MAB!AF52,MAB!O60,MAB!AF60,MAB!O68,MAB!AF68,MAB!O76,MAB!AF76) -> 0 | S60: =sum(MAB!P4,MAB!AG4,MAB!P12,MAB!AG12,MAB!P20,MAB!AG20,MAB!P28,MAB!AG28,MAB!P36,MAB!AG36,MAB!P44,MAB!AG44,MAB!P52,MAB!AG52,MAB!P60,MAB!AG60,MAB!P68,MAB!AG68,MAB!P76,MAB!AG76) -> 0 | T60: =J60/I60 -> 0.00020222901 | U60: =G60/D60 -> 119.26667
B61: Doerstopper | C61: 20 | D61: 15 | E61: 5 | F61: =sum(MAB!C5,MAB!T5,MAB!C13,MAB!T13,MAB!C21,MAB!T21,MAB!C29,MAB!T29,MAB!C37,MAB!T37,MAB!C45,MAB!T45,MAB!C53,MAB!T53,MAB!C61,MAB!T61,MAB!C69,MAB!T69,MAB!C77,MAB!T77) -> 67 | G61: =sum(MAB!D5,MAB!U5,MAB!D13,MAB!U13,MAB!D21,MAB!U21,MAB!D29,MAB!U29,MAB!D37,MAB!U37,MAB!D45,MAB!U45,MAB!D53,MAB!U53,MAB!D61,MAB!U61,MAB!D69,MAB!U69,MAB!D77,MAB!U77) -> 1175 | H61: =sum(MAB!E5,MAB!V5,MAB!E13,MAB!V13,MAB!E21,MAB!V21,MAB!E29,MAB!V29,MAB!E37,MAB!V37,MAB!E45,MAB!V45,MAB!E53,MAB!V53,MAB!E61,MAB!V61,MAB!E69,MAB!V69,MAB!E77,MAB!V77) -> 9 | I61: =sum(MAB!F5,MAB!W5,MAB!F13,MAB!W13,MAB!F21,MAB!W21,MAB!F29,MAB!W29,MAB!F37,MAB!W37,MAB!F45,MAB!W45,MAB!F53,MAB!W53,MAB!F61,MAB!W61,MAB!F69,MAB!W69,MAB!F77,MAB!W77) -> 1414 | J61: =sum(MAB!G5,MAB!X5,MAB!G13,MAB!X13,MAB!G21,MAB!X21,MAB!G29,MAB!X29,MAB!G37,MAB!X37,MAB!G45,MAB!X45,MAB!G53,MAB!X53,MAB!G61,MAB!X61,MAB!G69,MAB!X69,MAB!G77,MAB!X77) -> 0.33934028 | K61: =sum(MAB!H5,MAB!Y5,MAB!H13,MAB!Y13,MAB!H21,MAB!Y21,MAB!H29,MAB!Y29,MAB!H37,MAB!Y37,MAB!H45,MAB!Y45,MAB!H53,MAB!Y53,MAB!H61,MAB!Y61,MAB!H69,MAB!Y69,MAB!H77,MAB!Y77) -> -239 | L61: =K61/(HOUR(J61)*60+(MINUTE(J61)+((SECOND(J61)/60)))) -> -0.48910263 | M61: =sum(MAB!J5,MAB!AA5,MAB!J13,MAB!AA13,MAB!J21,MAB!AA21,MAB!J29,MAB!AA29,MAB!J37,MAB!AA37,MAB!J45,MAB!AA45,MAB!J53,MAB!AA53,MAB!J61,MAB!AA61,MAB!J69,MAB!AA69,MAB!J77,MAB!AA77) -> 70 | N61: =sum(MAB!K5,MAB!AB5,MAB!K13,MAB!AB13,MAB!K21,MAB!AB21,MAB!K29,MAB!AB29,MAB!K37,MAB!AB37,MAB!K45,MAB!AB45,MAB!K53,MAB!AB53,MAB!K61,MAB!AB61,MAB!K69,MAB!AB69,MAB!K77,MAB!AB77) -> 137 | O61: =sum(MAB!L5,MAB!AC5,MAB!L13,MAB!AC13,MAB!L21,MAB!AC21,MAB!L29,MAB!AC29,MAB!L37,MAB!AC37,MAB!L45,MAB!AC45,MAB!L53,MAB!AC53,MAB!L61,MAB!AC61,MAB!L69,MAB!AC69,MAB!L77,MAB!AC77) -> 23 | P61: =sum(MAB!M5,MAB!AD5,MAB!M13,MAB!AD13,MAB!M21,MAB!AD21,MAB!M29,MAB!AD29,MAB!M37,MAB!AD37,MAB!M45,MAB!AD45,MAB!M53,MAB!AD53,MAB!M61,MAB!AD61,MAB!M69,MAB!AD69,MAB!M77,MAB!AD77) -> 7 | Q61: =sum(MAB!N5,MAB!AE5,MAB!N13,MAB!AE13,MAB!N21,MAB!AE21,MAB!N29,MAB!AE29,MAB!N37,MAB!AE37,MAB!N45,MAB!AE45,MAB!N53,MAB!AE53,MAB!N61,MAB!AE61,MAB!N69,MAB!AE69,MAB!N77,MAB!AE77) -> 14 | R61: =sum(MAB!O5,MAB!AF5,MAB!O13,MAB!AF13,MAB!O21,MAB!AF21,MAB!O29,MAB!AF29,MAB!O37,MAB!AF37,MAB!O45,MAB!AF45,MAB!O53,MAB!AF53,MAB!O61,MAB!AF61,MAB!O69,MAB!AF69,MAB!O77,MAB!AF77) -> 1 | S61: =sum(MAB!P5,MAB!AG5,MAB!P13,MAB!AG13,MAB!P21,MAB!AG21,MAB!P29,MAB!AG29,MAB!P37,MAB!AG37,MAB!P45,MAB!AG45,MAB!P53,MAB!AG53,MAB!P61,MAB!AG61,MAB!P69,MAB!AG69,MAB!P77,MAB!AG77) -> 1 | T61: =J61/I61 -> 0.00023998605 | U61: =G61/D61 -> 78.333333
B62: ixJaga | C62: 16 | D62: 11 | E62: 5 | F62: =sum(MAB!C6,MAB!T6,MAB!C14,MAB!T14,MAB!C22,MAB!T22,MAB!C30,MAB!T30,MAB!C38,MAB!T38,MAB!C46,MAB!T46,MAB!C54,MAB!T54,MAB!C62,MAB!T62,MAB!C70,MAB!T70,MAB!C78,MAB!T78) -> 0 | G62: =sum(MAB!D6,MAB!U6,MAB!D14,MAB!U14,MAB!D22,MAB!U22,MAB!D30,MAB!U30,MAB!D38,MAB!U38,MAB!D46,MAB!U46,MAB!D54,MAB!U54,MAB!D62,MAB!U62,MAB!D70,MAB!U70,MAB!D78,MAB!U78) -> 1125 | H62: =sum(MAB!E6,MAB!V6,MAB!E14,MAB!V14,MAB!E22,MAB!V22,MAB!E30,MAB!V30,MAB!E38,MAB!V38,MAB!E46,MAB!V46,MAB!E54,MAB!V54,MAB!E62,MAB!V62,MAB!E70,MAB!V70,MAB!E78,MAB!V78) -> 6 | I62: =sum(MAB!F6,MAB!W6,MAB!F14,MAB!W14,MAB!F22,MAB!W22,MAB!F30,MAB!W30,MAB!F38,MAB!W38,MAB!F46,MAB!W46,MAB!F54,MAB!W54,MAB!F62,MAB!W62,MAB!F70,MAB!W70,MAB!F78,MAB!W78) -> 1279 | J62: =sum(MAB!G6,MAB!X6,MAB!G14,MAB!X14,MAB!G22,MAB!X22,MAB!G30,MAB!X30,MAB!G38,MAB!X38,MAB!G46,MAB!X46,MAB!G54,MAB!X54,MAB!G62,MAB!X62,MAB!G70,MAB!X70,MAB!G78,MAB!X78) -> 0.25443287 | K62: =sum(MAB!H6,MAB!Y6,MAB!H14,MAB!Y14,MAB!H22,MAB!Y22,MAB!H30,MAB!Y30,MAB!H38,MAB!Y38,MAB!H46,MAB!Y46,MAB!H54,MAB!Y54,MAB!H62,MAB!Y62,MAB!H70,MAB!Y70,MAB!H78,MAB!Y78) -> -154 | L62: =K62/(HOUR(J62)*60+(MINUTE(J62)+((SECOND(J62)/60)))) -> -0.4203248 | M62: =sum(MAB!J6,MAB!AA6,MAB!J14,MAB!AA14,MAB!J22,MAB!AA22,MAB!J30,MAB!AA30,MAB!J38,MAB!AA38,MAB!J46,MAB!AA46,MAB!J54,MAB!AA54,MAB!J62,MAB!AA62,MAB!J70,MAB!AA70,MAB!J78,MAB!AA78) -> 27 | N62: =sum(MAB!K6,MAB!AB6,MAB!K14,MAB!AB14,MAB!K22,MAB!AB22,MAB!K30,MAB!AB30,MAB!K38,MAB!AB38,MAB!K46,MAB!AB46,MAB!K54,MAB!AB54,MAB!K62,MAB!AB62,MAB!K70,MAB!AB70,MAB!K78,MAB!AB78) -> 154 | O62: =sum(MAB!L6,MAB!AC6,MAB!L14,MAB!AC14,MAB!L22,MAB!AC22,MAB!L30,MAB!AC30,MAB!L38,MAB!AC38,MAB!L46,MAB!AC46,MAB!L54,MAB!AC54,MAB!L62,MAB!AC62,MAB!L70,MAB!AC70,MAB!L78,MAB!AC78) -> 27 | P62: =sum(MAB!M6,MAB!AD6,MAB!M14,MAB!AD14,MAB!M22,MAB!AD22,MAB!M30,MAB!AD30,MAB!M38,MAB!AD38,MAB!M46,MAB!AD46,MAB!M54,MAB!AD54,MAB!M62,MAB!AD62,MAB!M70,MAB!AD70,MAB!M78,MAB!AD78) -> 7 | Q62: =sum(MAB!N6,MAB!AE6,MAB!N14,MAB!AE14,MAB!N22,MAB!AE22,MAB!N30,MAB!AE30,MAB!N38,MAB!AE38,MAB!N46,MAB!AE46,MAB!N54,MAB!AE54,MAB!N62,MAB!AE62,MAB!N70,MAB!AE70,MAB!N78,MAB!AE78) -> 20 | R62: =sum(MAB!O6,MAB!AF6,MAB!O14,MAB!AF14,MAB!O22,MAB!AF22,MAB!O30,MAB!AF30,MAB!O38,MAB!AF38,MAB!O46,MAB!AF46,MAB!O54,MAB!AF54,MAB!O62,MAB!AF62,MAB!O70,MAB!AF70,MAB!O78,MAB!AF78) -> 0 | S62: =sum(MAB!P6,MAB!AG6,MAB!P14,MAB!AG14,MAB!P22,MAB!AG22,MAB!P30,MAB!AG30,MAB!P38,MAB!AG38,MAB!P46,MAB!AG46,MAB!P54,MAB!AG54,MAB!P62,MAB!AG62,MAB!P70,MAB!AG70,MAB!P78,MAB!AG78) -> 0 | T62: =J62/I62 -> 0.00019893109 | U62: =G62/D62 -> 102.27273
B63: ScarHead1995 (to Team Rocket) | C63: 1 | D63: 1 | F63: =sum(MAB!C7,MAB!T7,MAB!C15,MAB!T15,MAB!C23,MAB!T23,MAB!C31,MAB!T31,MAB!C39,MAB!T39,MAB!C47,MAB!T47) -> 0 | G63: =sum(MAB!D7,MAB!U7,MAB!D15,MAB!U15,MAB!D23,MAB!U23,MAB!D31,MAB!U31,MAB!D39,MAB!U39,MAB!D47,MAB!U47) -> 107 | H63: =sum(MAB!E7,MAB!V7,MAB!E15,MAB!V15,MAB!E23,MAB!V23,MAB!E31,MAB!V31,MAB!E39,MAB!V39,MAB!E47,MAB!V47) -> 0 | I63: =sum(MAB!F7,MAB!W7,MAB!F15,MAB!W15,MAB!F23,MAB!W23,MAB!F31,MAB!W31,MAB!F39,MAB!W39,MAB!F47,MAB!W47) -> 119 | J63: =sum(MAB!G7,MAB!X7,MAB!G15,MAB!X15,MAB!G23,MAB!X23,MAB!G31,MAB!X31,MAB!G39,MAB!X39,MAB!G47,MAB!X47) -> 0.025439815 | K63: =sum(MAB!H7,MAB!Y7,MAB!H15,MAB!Y15,MAB!H23,MAB!Y23,MAB!H31,MAB!Y31,MAB!H39,MAB!Y39,MAB!H47,MAB!Y47) -> -12 | L63: =K63/(HOUR(J63)*60+(MINUTE(J63)+((SECOND(J63)/60)))) -> -0.32757052 | M63: =sum(MAB!J7,MAB!AA7,MAB!J15,MAB!AA15,MAB!J23,MAB!AA23,MAB!J31,MAB!AA31,MAB!J39,MAB!AA39,MAB!J47,MAB!AA47) -> 1 | N63: =sum(MAB!K7,MAB!AB7,MAB!K15,MAB!AB15,MAB!K23,MAB!AB23,MAB!K31,MAB!AB31,MAB!K39,MAB!AB39,MAB!K47,MAB!AB47) -> 13 | O63: =sum(MAB!L7,MAB!AC7,MAB!L15,MAB!AC15,MAB!L23,MAB!AC23,MAB!L31,MAB!AC31,MAB!L39,MAB!AC39,MAB!L47,MAB!AC47) -> 2 | P63: =sum(MAB!M7,MAB!AD7,MAB!M15,MAB!AD15,MAB!M23,MAB!AD23,MAB!M31,MAB!AD31,MAB!M39,MAB!AD39,MAB!M47,MAB!AD47) -> 0 | Q63: =sum(MAB!N7,MAB!AE7,MAB!N15,MAB!AE15,MAB!N23,MAB!AE23,MAB!N31,MAB!AE31,MAB!N39,MAB!AE39,MAB!N47,MAB!AE47) -> 4 | R63: =sum(MAB!O7,MAB!AF7,MAB!O15,MAB!AF15,MAB!O23,MAB!AF23,MAB!O31,MAB!AF31,MAB!O39,MAB!AF39,MAB!O47,MAB!AF47) -> 0 | S63: =sum(MAB!P7,MAB!AG7,MAB!P15,MAB!AG15,MAB!P23,MAB!AG23,MAB!P31,MAB!AG31,MAB!P39,MAB!AG39,MAB!P47,MAB!AG47) -> 0 | T63: =J63/I63 -> 0.00021377996 | U63: =G63/D63 -> 107
B64: godwit1ivy | C64: 5 | D64: 3 | E64: 2 | F64: =sum(MAB!C55,MAB!T55,MAB!C63,MAB!T63,MAB!C71,MAB!T71,MAB!C79,MAB!T79) -> 1 | G64: =sum(MAB!D55,MAB!U55,MAB!D63,MAB!U63,MAB!D71,MAB!U71,MAB!D79,MAB!U79) -> 309 | H64: =sum(MAB!E55,MAB!V55,MAB!E63,MAB!V63,MAB!E71,MAB!V71,MAB!E79,MAB!V79) -> 3 | I64: =sum(MAB!F55,MAB!W55,MAB!F63,MAB!W63,MAB!F71,MAB!W71,MAB!F79,MAB!W79) -> 442 | J64: =sum(MAB!G55,MAB!X55,MAB!G63,MAB!X63,MAB!G71,MAB!X71,MAB!G79,MAB!X79) -> 0.07025463 | K64: =sum(MAB!H55,MAB!Y55,MAB!H63,MAB!Y63,MAB!H71,MAB!Y71,MAB!H79,MAB!Y79) -> -133 | L64: =K64/(HOUR(J64)*60+(MINUTE(J64)+((SECOND(J64)/60)))) -> -1.3146623 | M64: =sum(MAB!J55,MAB!AA55,MAB!J63,MAB!AA63,MAB!J71,MAB!AA71,MAB!J79,MAB!AA79) -> 8 | N64: =sum(MAB!K55,MAB!AB55,MAB!K63,MAB!AB63,MAB!K71,MAB!AB71,MAB!K79,MAB!AB79) -> 39 | O64: =sum(MAB!L55,MAB!AC55,MAB!L63,MAB!AC63,MAB!L71,MAB!AC71,MAB!L79,MAB!AC79) -> 6 | P64: =sum(MAB!M55,MAB!AD55,MAB!M63,MAB!AD63,MAB!M71,MAB!AD71,MAB!M79,MAB!AD79) -> 1 | Q64: =sum(MAB!N55,MAB!AE55,MAB!N63,MAB!AE63,MAB!N71,MAB!AE71,MAB!N79,MAB!AE79) -> 2 | R64: =sum(MAB!O55,MAB!AF55,MAB!O63,MAB!AF63,MAB!O71,MAB!AF71,MAB!O79,MAB!AF79) -> 0 | S64: =sum(MAB!P55,MAB!AG55,MAB!P63,MAB!AG63,MAB!P71,MAB!AG71,MAB!P79,MAB!AG79) -> 0 | T64: =J64/I64 -> 0.00015894713 | U64: =G64/D64 -> 103
A65: 15-5 | B65: Totals: | C65: =MAX(C59:C64) -> 20 | D65: =MAX(D59:D64) -> 15 | E65: =MAX(E59:E64) -> 5 | F65: =sum(F59:F64) -> 85 | G65: =sum(G59:G64) -> 6323 | H65: =sum(H59:H64) -> 36 | I65: =sum(I59:I64) -> 6372 | J65: =J60 -> 0.33934028 | K65: =sum(K59:K64) -> -49 | L65: =K65/(HOUR(J65)*60+(MINUTE(J65)+((SECOND(J65)/60)))) -> -0.10027627 | M65: =sum(M59:M64) -> 227 | N65: =sum(N59:N64) -> 898 | O65: =sum(O59:O64) -> 184 | P65: =sum(P59:P64) -> 46 | Q65: =sum(Q59:Q64) -> 155 | R65: =sum(R59:R64) -> 3 | S65: =sum(S59:S64) -> 1 | U65: =sum(U59:U64) -> 631.07273
A67: Ascended | B67: Regresser | C67: 20 | D67: 11 | E67: 9 | F67: =sum(ASC!C3,ASC!T3,ASC!T11,ASC!C11,ASC!C19,ASC!T19,ASC!T27,ASC!C27,ASC!C35,ASC!T35,ASC!T43,ASC!C43,ASC!C51,ASC!T51,ASC!T59,ASC!C59,ASC!C67,ASC!T67,ASC!T75,ASC!C75) -> 32 | G67: =sum(ASC!D3,ASC!U3,ASC!U11,ASC!D11,ASC!D19,ASC!U19,ASC!U27,ASC!D27,ASC!D35,ASC!U35,ASC!U43,ASC!D43,ASC!D51,ASC!U51,ASC!U59,ASC!D59,ASC!D67,ASC!U67,ASC!U75,ASC!D75) -> 1667 | H67: =sum(ASC!E3,ASC!V3,ASC!V11,ASC!E11,ASC!E19,ASC!V19,ASC!V27,ASC!E27,ASC!E35,ASC!V35,ASC!V43,ASC!E43,ASC!E51,ASC!V51,ASC!V59,ASC!E59,ASC!E67,ASC!V67,ASC!V75,ASC!E75) -> 23 | I67: =sum(ASC!F3,ASC!W3,ASC!W11,ASC!F11,ASC!F19,ASC!W19,ASC!W27,ASC!F27,ASC!F35,ASC!W35,ASC!W43,ASC!F43,ASC!F51,ASC!W51,ASC!W59,ASC!F59,ASC!F67,ASC!W67,ASC!W75,ASC!F75) -> 1714 | J67: =sum(ASC!G3,ASC!X3,ASC!X11,ASC!G11,ASC!G19,ASC!X19,ASC!X27,ASC!G27,ASC!G35,ASC!X35,ASC!X43,ASC!G43,ASC!G51,ASC!X51,ASC!X59,ASC!G59,ASC!G67,ASC!X67,ASC!X75,ASC!G75) -> 0.34162037 | K67: =sum(ASC!H3,ASC!Y3,ASC!Y11,ASC!H11,ASC!H19,ASC!Y19,ASC!Y27,ASC!H27,ASC!H35,ASC!Y35,ASC!Y43,ASC!H43,ASC!H51,ASC!Y51,ASC!Y59,ASC!H59,ASC!H67,ASC!Y67,ASC!Y75,ASC!H75) -> -47 | L67: =K67/(HOUR(J67)*60+(MINUTE(J67)+((SECOND(J67)/60)))) -> -0.095541401 | M67: =sum(ASC!J3,ASC!AA3,ASC!AA11,ASC!J11,ASC!J19,ASC!AA19,ASC!AA27,ASC!J27,ASC!J35,ASC!AA35,ASC!AA43,ASC!J43,ASC!J51,ASC!AA51,ASC!AA59,ASC!J59,ASC!J67,ASC!AA67,ASC!AA75,ASC!J75) -> 59 | N67: =sum(ASC!K3,ASC!AB3,ASC!K11,ASC!AB11,ASC!K19,ASC!AB19,ASC!K27,ASC!AB27,ASC!K35,ASC!AB35,ASC!K43,ASC!AB43,ASC!K51,ASC!AB51,ASC!K59,ASC!AB59,ASC!K67,ASC!AB67,ASC!K75,ASC!AB75) -> 245 | O67: =sum(ASC!L3,ASC!AC3,ASC!L11,ASC!AC11,ASC!L19,ASC!AC19,ASC!L27,ASC!AC27,ASC!L35,ASC!AC35,ASC!L43,ASC!AC43,ASC!L51,ASC!AC51,ASC!L59,ASC!AC59,ASC!L67,ASC!AC67,ASC!L75,ASC!AC75) -> 49 | P67: =sum(ASC!M3,ASC!AD3,ASC!M11,ASC!AD11,ASC!M19,ASC!AD19,ASC!M27,ASC!AD27,ASC!M35,ASC!AD35,ASC!M43,ASC!AD43,ASC!M51,ASC!AD51,ASC!M59,ASC!AD59,ASC!M67,ASC!AD67,ASC!M75,ASC!AD75) -> 13 | Q67: =sum(ASC!N3,ASC!AE3,ASC!N11,ASC!AE11,ASC!N19,ASC!AE19,ASC!N27,ASC!AE27,ASC!N35,ASC!AE35,ASC!N43,ASC!AE43,ASC!N51,ASC!AE51,ASC!N59,ASC!AE59,ASC!N67,ASC!AE67,ASC!N75,ASC!AE75) -> 36 | R67: =sum(ASC!O3,ASC!AF3,ASC!O11,ASC!AF11,ASC!O19,ASC!AF19,ASC!O27,ASC!AF27,ASC!O35,ASC!AF35,ASC!O43,ASC!AF43,ASC!O51,ASC!AF51,ASC!O59,ASC!AF59,ASC!O67,ASC!AF67,ASC!O75,ASC!AF75) -> 1 | S67: =sum(ASC!P3,ASC!AG3,ASC!P11,ASC!AG11,ASC!P19,ASC!AG19,ASC!P27,ASC!AG27,ASC!P35,ASC!AG35,ASC!P43,ASC!AG43,ASC!P51,ASC!AG51,ASC!P59,ASC!AG59,ASC!P67,ASC!AG67,ASC!P75,ASC!AG75) -> 0 | T67: =J67/I67 -> 0.00019931177 | U67: =G67/D67 -> 151.54545
B68: Sabasauros Rex | C68: 20 | D68: 11 | E68: 9 | F68: =sum(ASC!C4,ASC!T4,ASC!T12,ASC!C12,ASC!C20,ASC!T20,ASC!T28,ASC!C28,ASC!C36,ASC!T36,ASC!T44,ASC!C44,ASC!C52,ASC!T52,ASC!T60,ASC!C60,ASC!C68,ASC!T68,ASC!T76,ASC!C76) -> 32 | G68: =sum(ASC!D4,ASC!U4,ASC!U12,ASC!D12,ASC!D20,ASC!U20,ASC!U28,ASC!D28,ASC!D36,ASC!U36,ASC!U44,ASC!D44,ASC!D52,ASC!U52,ASC!U60,ASC!D60,ASC!D68,ASC!U68,ASC!U76,ASC!D76) -> 1633 | H68: =sum(ASC!E4,ASC!V4,ASC!V12,ASC!E12,ASC!E20,ASC!V20,ASC!V28,ASC!E28,ASC!E36,ASC!V36,ASC!V44,ASC!E44,ASC!E52,ASC!V52,ASC!V60,ASC!E60,ASC!E68,ASC!V68,ASC!V76,ASC!E76) -> 14 | I68: =sum(ASC!F4,ASC!W4,ASC!W12,ASC!F12,ASC!F20,ASC!W20,ASC!W28,ASC!F28,ASC!F36,ASC!W36,ASC!W44,ASC!F44,ASC!F52,ASC!W52,ASC!W60,ASC!F60,ASC!F68,ASC!W68,ASC!W76,ASC!F76) -> 1436 | J68: =sum(ASC!G4,ASC!X4,ASC!X12,ASC!G12,ASC!G20,ASC!X20,ASC!X28,ASC!G28,ASC!G36,ASC!X36,ASC!X44,ASC!G44,ASC!G52,ASC!X52,ASC!X60,ASC!G60,ASC!G68,ASC!X68,ASC!X76,ASC!G76) -> 0.34162037 | K68: =sum(ASC!H4,ASC!Y4,ASC!Y12,ASC!H12,ASC!H20,ASC!Y20,ASC!Y28,ASC!H28,ASC!H36,ASC!Y36,ASC!Y44,ASC!H44,ASC!H52,ASC!Y52,ASC!Y60,ASC!H60,ASC!H68,ASC!Y68,ASC!Y76,ASC!H76) -> 197 | L68: =K68/(HOUR(J68)*60+(MINUTE(J68)+((SECOND(J68)/60)))) -> 0.40046077 | M68: =sum(ASC!J4,ASC!AA4,ASC!AA12,ASC!J12,ASC!J20,ASC!AA20,ASC!AA28,ASC!J28,ASC!J36,ASC!AA36,ASC!AA44,ASC!J44,ASC!J52,ASC!AA52,ASC!AA60,ASC!J60,ASC!J68,ASC!AA68,ASC!AA76,ASC!J76) -> 94 | N68: =sum(ASC!K4,ASC!AB4,ASC!K12,ASC!AB12,ASC!K20,ASC!AB20,ASC!K28,ASC!AB28,ASC!K36,ASC!AB36,ASC!K44,ASC!AB44,ASC!K52,ASC!AB52,ASC!K60,ASC!AB60,ASC!K68,ASC!AB68,ASC!K76,ASC!AB76) -> 226 | O68: =sum(ASC!L4,ASC!AC4,ASC!L12,ASC!AC12,ASC!L20,ASC!AC20,ASC!L28,ASC!AC28,ASC!L36,ASC!AC36,ASC!L44,ASC!AC44,ASC!L52,ASC!AC52,ASC!L60,ASC!AC60,ASC!L68,ASC!AC68,ASC!L76,ASC!AC76) -> 54 | P68: =sum(ASC!M4,ASC!AD4,ASC!M12,ASC!AD12,ASC!M20,ASC!AD20,ASC!M28,ASC!AD28,ASC!M36,ASC!AD36,ASC!M44,ASC!AD44,ASC!M52,ASC!AD52,ASC!M60,ASC!AD60,ASC!M68,ASC!AD68,ASC!M76,ASC!AD76) -> 20 | Q68: =sum(ASC!N4,ASC!AE4,ASC!N12,ASC!AE12,ASC!N20,ASC!AE20,ASC!N28,ASC!AE28,ASC!N36,ASC!AE36,ASC!N44,ASC!AE44,ASC!N52,ASC!AE52,ASC!N60,ASC!AE60,ASC!N68,ASC!AE68,ASC!N76,ASC!AE76) -> 44 | R68: =sum(ASC!O4,ASC!AF4,ASC!O12,ASC!AF12,ASC!O20,ASC!AF20,ASC!O28,ASC!AF28,ASC!O36,ASC!AF36,ASC!O44,ASC!AF44,ASC!O52,ASC!AF52,ASC!O60,ASC!AF60,ASC!O68,ASC!AF68,ASC!O76,ASC!AF76) -> 2 | S68: =sum(ASC!P4,ASC!AG4,ASC!P12,ASC!AG12,ASC!P20,ASC!AG20,ASC!P28,ASC!AG28,ASC!P36,ASC!AG36,ASC!P44,ASC!AG44,ASC!P52,ASC!AG52,ASC!P60,ASC!AG60,ASC!P68,ASC!AG68,ASC!P76,ASC!AG76) -> 0 | T68: =J68/I68 -> 0.00023789719 | U68: =G68/D68 -> 148.45455
B69: Icey Tanker | C69: 20 | D69: 11 | E69: 9 | F69: =sum(ASC!C5,ASC!T5,ASC!T13,ASC!C13,ASC!C21,ASC!T21,ASC!T29,ASC!C29,ASC!C37,ASC!T37,ASC!T45,ASC!C45,ASC!C53,ASC!T53,ASC!T61,ASC!C61,ASC!C69,ASC!T69,ASC!T77,ASC!C77) -> 11 | G69: =sum(ASC!D5,ASC!U5,ASC!U13,ASC!D13,ASC!D21,ASC!U21,ASC!U29,ASC!D29,ASC!D37,ASC!U37,ASC!U45,ASC!D45,ASC!D53,ASC!U53,ASC!U61,ASC!D61,ASC!D69,ASC!U69,ASC!U77,ASC!D77) -> 1619 | H69: =sum(ASC!E5,ASC!V5,ASC!V13,ASC!E13,ASC!E21,ASC!V21,ASC!V29,ASC!E29,ASC!E37,ASC!V37,ASC!V45,ASC!E45,ASC!E53,ASC!V53,ASC!V61,ASC!E61,ASC!E69,ASC!V69,ASC!V77,ASC!E77) -> 8 | I69: =sum(ASC!F5,ASC!W5,ASC!W13,ASC!F13,ASC!F21,ASC!W21,ASC!W29,ASC!F29,ASC!F37,ASC!W37,ASC!W45,ASC!F45,ASC!F53,ASC!W53,ASC!W61,ASC!F61,ASC!F69,ASC!W69,ASC!W77,ASC!F77) -> 1438 | J69: =sum(ASC!G5,ASC!X5,ASC!X13,ASC!G13,ASC!G21,ASC!X21,ASC!X29,ASC!G29,ASC!G37,ASC!X37,ASC!X45,ASC!G45,ASC!G53,ASC!X53,ASC!X61,ASC!G61,ASC!G69,ASC!X69,ASC!X77,ASC!G77) -> 0.34162037 | K69: =sum(ASC!H5,ASC!Y5,ASC!Y13,ASC!H13,ASC!H21,ASC!Y21,ASC!Y29,ASC!H29,ASC!H37,ASC!Y37,ASC!Y45,ASC!H45,ASC!H53,ASC!Y53,ASC!Y61,ASC!H61,ASC!H69,ASC!Y69,ASC!Y77,ASC!H77) -> 181 | L69: =K69/(HOUR(J69)*60+(MINUTE(J69)+((SECOND(J69)/60)))) -> 0.36793603 | M69: =sum(ASC!J5,ASC!AA5,ASC!AA13,ASC!J13,ASC!J21,ASC!AA21,ASC!AA29,ASC!J29,ASC!J37,ASC!AA37,ASC!AA45,ASC!J45,ASC!J53,ASC!AA53,ASC!AA61,ASC!J61,ASC!J69,ASC!AA69,ASC!AA77,ASC!J77) -> 59 | N69: =sum(ASC!K5,ASC!AB5,ASC!K13,ASC!AB13,ASC!K21,ASC!AB21,ASC!K29,ASC!AB29,ASC!K37,ASC!AB37,ASC!K45,ASC!AB45,ASC!K53,ASC!AB53,ASC!K61,ASC!AB61,ASC!K69,ASC!AB69,ASC!K77,ASC!AB77) -> 233 | O69: =sum(ASC!L5,ASC!AC5,ASC!L13,ASC!AC13,ASC!L21,ASC!AC21,ASC!L29,ASC!AC29,ASC!L37,ASC!AC37,ASC!L45,ASC!AC45,ASC!L53,ASC!AC53,ASC!L61,ASC!AC61,ASC!L69,ASC!AC69,ASC!L77,ASC!AC77) -> 56 | P69: =sum(ASC!M5,ASC!AD5,ASC!M13,ASC!AD13,ASC!M21,ASC!AD21,ASC!M29,ASC!AD29,ASC!M37,ASC!AD37,ASC!M45,ASC!AD45,ASC!M53,ASC!AD53,ASC!M61,ASC!AD61,ASC!M69,ASC!AD69,ASC!M77,ASC!AD77) -> 17 | Q69: =sum(ASC!N5,ASC!AE5,ASC!N13,ASC!AE13,ASC!N21,ASC!AE21,ASC!N29,ASC!AE29,ASC!N37,ASC!AE37,ASC!N45,ASC!AE45,ASC!N53,ASC!AE53,ASC!N61,ASC!AE61,ASC!N69,ASC!AE69,ASC!N77,ASC!AE77) -> 44 | R69: =sum(ASC!O5,ASC!AF5,ASC!O13,ASC!AF13,ASC!O21,ASC!AF21,ASC!O29,ASC!AF29,ASC!O37,ASC!AF37,ASC!O45,ASC!AF45,ASC!O53,ASC!AF53,ASC!O61,ASC!AF61,ASC!O69,ASC!AF69,ASC!O77,ASC!AF77) -> 0 | S69: =sum(ASC!P5,ASC!AG5,ASC!P13,ASC!AG13,ASC!P21,ASC!AG21,ASC!P29,ASC!AG29,ASC!P37,ASC!AG37,ASC!P45,ASC!AG45,ASC!P53,ASC!AG53,ASC!P61,ASC!AG61,ASC!P69,ASC!AG69,ASC!P77,ASC!AG77) -> 0 | T69: =J69/I69 -> 0.00023756632 | U69: =G69/D69 -> 147.18182
B70: cxrnchip | C70: 19 | D70: 11 | E70: 8 | F70: =sum(ASC!C6,ASC!T6,ASC!T14,ASC!C14,ASC!C22,ASC!T22,ASC!T30,ASC!C30,ASC!C38,ASC!T38,ASC!T46,ASC!C46,ASC!C54,ASC!T54,ASC!T62,ASC!C62,ASC!C70,ASC!T70,ASC!T78,ASC!C78) -> 5 | G70: =sum(ASC!D6,ASC!U6,ASC!U14,ASC!D14,ASC!D22,ASC!U22,ASC!U30,ASC!D30,ASC!D38,ASC!U38,ASC!U46,ASC!D46,ASC!D54,ASC!U54,ASC!U62,ASC!D62,ASC!D70,ASC!U70,ASC!U78,ASC!D78) -> 1468 | H70: =sum(ASC!E6,ASC!V6,ASC!V14,ASC!E14,ASC!E22,ASC!V22,ASC!V30,ASC!E30,ASC!E38,ASC!V38,ASC!V46,ASC!E46,ASC!E54,ASC!V54,ASC!V62,ASC!E62,ASC!E70,ASC!V70,ASC!V78,ASC!E78) -> 12 | I70: =sum(ASC!F6,ASC!W6,ASC!W14,ASC!F14,ASC!F22,ASC!W22,ASC!W30,ASC!F30,ASC!F38,ASC!W38,ASC!W46,ASC!F46,ASC!F54,ASC!W54,ASC!W62,ASC!F62,ASC!F70,ASC!W70,ASC!W78,ASC!F78) -> 1745 | J70: =sum(ASC!G6,ASC!X6,ASC!X14,ASC!G14,ASC!G22,ASC!X22,ASC!X30,ASC!G30,ASC!G38,ASC!X38,ASC!X46,ASC!G46,ASC!G54,ASC!X54,ASC!X62,ASC!G62,ASC!G70,ASC!X70,ASC!X78,ASC!G78) -> 0.32581019 | K70: =sum(ASC!H6,ASC!Y6,ASC!Y14,ASC!H14,ASC!H22,ASC!Y22,ASC!Y30,ASC!H30,ASC!H38,ASC!Y38,ASC!Y46,ASC!H46,ASC!H54,ASC!Y54,ASC!Y62,ASC!H62,ASC!H70,ASC!Y70,ASC!Y78,ASC!H78) -> -277 | L70: =K70/(HOUR(J70)*60+(MINUTE(J70)+((SECOND(J70)/60)))) -> -0.59040853 | M70: =sum(ASC!J6,ASC!AA6,ASC!AA14,ASC!J14,ASC!J22,ASC!AA22,ASC!AA30,ASC!J30,ASC!J38,ASC!AA38,ASC!AA46,ASC!J46,ASC!J54,ASC!AA54,ASC!AA62,ASC!J62,ASC!J70,ASC!AA70,ASC!AA78,ASC!J78) -> 70 | N70: =sum(ASC!K6,ASC!AB6,ASC!K14,ASC!AB14,ASC!K22,ASC!AB22,ASC!K30,ASC!AB30,ASC!K38,ASC!AB38,ASC!K46,ASC!AB46,ASC!K54,ASC!AB54,ASC!K62,ASC!AB62,ASC!K70,ASC!AB70,ASC!K78,ASC!AB78) -> 179 | O70: =sum(ASC!L6,ASC!AC6,ASC!L14,ASC!AC14,ASC!L22,ASC!AC22,ASC!L30,ASC!AC30,ASC!L38,ASC!AC38,ASC!L46,ASC!AC46,ASC!L54,ASC!AC54,ASC!L62,ASC!AC62,ASC!L70,ASC!AC70,ASC!L78,ASC!AC78) -> 41 | P70: =sum(ASC!M6,ASC!AD6,ASC!M14,ASC!AD14,ASC!M22,ASC!AD22,ASC!M30,ASC!AD30,ASC!M38,ASC!AD38,ASC!M46,ASC!AD46,ASC!M54,ASC!AD54,ASC!M62,ASC!AD62,ASC!M70,ASC!AD70,ASC!M78,ASC!AD78) -> 12 | Q70: =sum(ASC!N6,ASC!AE6,ASC!N14,ASC!AE14,ASC!N22,ASC!AE22,ASC!N30,ASC!AE30,ASC!N38,ASC!AE38,ASC!N46,ASC!AE46,ASC!N54,ASC!AE54,ASC!N62,ASC!AE62,ASC!N70,ASC!AE70,ASC!N78,ASC!AE78) -> 18 | R70: =sum(ASC!O6,ASC!AF6,ASC!O14,ASC!AF14,ASC!O22,ASC!AF22,ASC!O30,ASC!AF30,ASC!O38,ASC!AF38,ASC!O46,ASC!AF46,ASC!O54,ASC!AF54,ASC!O62,ASC!AF62,ASC!O70,ASC!AF70,ASC!O78,ASC!AF78) -> 0 | S70: =sum(ASC!P6,ASC!AG6,ASC!P14,ASC!AG14,ASC!P22,ASC!AG22,ASC!P30,ASC!AG30,ASC!P38,ASC!AG38,ASC!P46,ASC!AG46,ASC!P54,ASC!AG54,ASC!P62,ASC!AG62,ASC!P70,ASC!AG70,ASC!P78,ASC!AG78) -> 1 | T70: =J70/I70 -> 0.00018671071 | U70: =G70/D70 -> 133.45455
B71: Credit Clown | C71: 1 | E71: 1 | F71: =sum(ASC!C7,ASC!T7,ASC!T15,ASC!C15,ASC!C23,ASC!T23,ASC!T31,ASC!C31,ASC!C39,ASC!T39,ASC!T47,ASC!C47,ASC!C55,ASC!T55,ASC!T63,ASC!C63,ASC!C71,ASC!T71,ASC!T79,ASC!C79) -> 0 | G71: =sum(ASC!D7,ASC!U7,ASC!U15,ASC!D15,ASC!D23,ASC!U23,ASC!U31,ASC!D31,ASC!D39,ASC!U39,ASC!U47,ASC!D47,ASC!D55,ASC!U55,ASC!U63,ASC!D63,ASC!D71,ASC!U71,ASC!U79,ASC!D79) -> 56 | H71: =sum(ASC!E7,ASC!V7,ASC!V15,ASC!E15,ASC!E23,ASC!V23,ASC!V31,ASC!E31,ASC!E39,ASC!V39,ASC!V47,ASC!E47,ASC!E55,ASC!V55,ASC!V63,ASC!E63,ASC!E71,ASC!V71,ASC!V79,ASC!E79) -> 1 | I71: =sum(ASC!F7,ASC!W7,ASC!W15,ASC!F15,ASC!F23,ASC!W23,ASC!W31,ASC!F31,ASC!F39,ASC!W39,ASC!W47,ASC!F47,ASC!F55,ASC!W55,ASC!W63,ASC!F63,ASC!F71,ASC!W71,ASC!W79,ASC!F79) -> 89 | J71: =sum(ASC!G7,ASC!X7,ASC!X15,ASC!G15,ASC!G23,ASC!X23,ASC!X31,ASC!G31,ASC!G39,ASC!X39,ASC!X47,ASC!G47,ASC!G55,ASC!X55,ASC!X63,ASC!G63,ASC!G71,ASC!X71,ASC!X79,ASC!G79) -> 0.015810185 | K71: =sum(ASC!H7,ASC!Y7,ASC!Y15,ASC!H15,ASC!H23,ASC!Y23,ASC!Y31,ASC!H31,ASC!H39,ASC!Y39,ASC!Y47,ASC!H47,ASC!H55,ASC!Y55,ASC!Y63,ASC!H63,ASC!H71,ASC!Y71,ASC!Y79,ASC!H79) -> -33 | L71: =K71/(HOUR(J71)*60+(MINUTE(J71)+((SECOND(J71)/60)))) -> -1.4494876 | M71: =sum(ASC!J7,ASC!AA7,ASC!AA15,ASC!J15,ASC!J23,ASC!AA23,ASC!AA31,ASC!J31,ASC!J39,ASC!AA39,ASC!AA47,ASC!J47,ASC!J55,ASC!AA55,ASC!AA63,ASC!J63,ASC!J71,ASC!AA71,ASC!AA79,ASC!J79) -> 1 | N71: =sum(ASC!K7,ASC!AB7,ASC!K15,ASC!AB15,ASC!K23,ASC!AB23,ASC!K31,ASC!AB31,ASC!K39,ASC!AB39,ASC!K47,ASC!AB47,ASC!K55,ASC!AB55,ASC!K63,ASC!AB63,ASC!K71,ASC!AB71,ASC!K79,ASC!AB79) -> 4 | O71: =sum(ASC!L7,ASC!AC7,ASC!L15,ASC!AC15,ASC!L23,ASC!AC23,ASC!L31,ASC!AC31,ASC!L39,ASC!AC39,ASC!L47,ASC!AC47,ASC!L55,ASC!AC55,ASC!L63,ASC!AC63,ASC!L71,ASC!AC71,ASC!L79,ASC!AC79) -> 0 | P71: =sum(ASC!M7,ASC!AD7,ASC!M15,ASC!AD15,ASC!M23,ASC!AD23,ASC!M31,ASC!AD31,ASC!M39,ASC!AD39,ASC!M47,ASC!AD47,ASC!M55,ASC!AD55,ASC!M63,ASC!AD63,ASC!M71,ASC!AD71,ASC!M79,ASC!AD79) -> 0 | Q71: =sum(ASC!N7,ASC!AE7,ASC!N15,ASC!AE15,ASC!N23,ASC!AE23,ASC!N31,ASC!AE31,ASC!N39,ASC!AE39,ASC!N47,ASC!AE47,ASC!N55,ASC!AE55,ASC!N63,ASC!AE63,ASC!N71,ASC!AE71,ASC!N79,ASC!AE79) -> 0 | R71: =sum(ASC!O7,ASC!AF7,ASC!O15,ASC!AF15,ASC!O23,ASC!AF23,ASC!O31,ASC!AF31,ASC!O39,ASC!AF39,ASC!O47,ASC!AF47,ASC!O55,ASC!AF55,ASC!O63,ASC!AF63,ASC!O71,ASC!AF71,ASC!O79,ASC!AF79) -> 0 | S71: =sum(ASC!P7,ASC!AG7,ASC!P15,ASC!AG15,ASC!P23,ASC!AG23,ASC!P31,ASC!AG31,ASC!P39,ASC!AG39,ASC!P47,ASC!AG47,ASC!P55,ASC!AG55,ASC!P63,ASC!AG63,ASC!P71,ASC!AG71,ASC!P79,ASC!AG79) -> 0 | T71: =J71/I71 -> 0.00017764253
A73: 44144 | B73: Totals: | C73: =MAX(C67:C71) -> 20 | D73: =MAX(D67:D71) -> 11 | E73: =MAX(E67:E71) -> 9 | F73: =sum(F67:F71) -> 80 | G73: =sum(G67:G71) -> 6443 | H73: =sum(H67:H71) -> 58 | I73: =sum(I67:I71) -> 6422 | J73: =J67 -> 0.34162037 | K73: =sum(K67:K71) -> 21 | L73: =K73/(HOUR(J73)*60+(MINUTE(J73)+((SECOND(J73)/60)))) -> 0.042688711 | M73: =sum(M67:M71) -> 283 | N73: =sum(N67:N71) -> 887 | O73: =sum(O67:O71) -> 200 | P73: =sum(P67:P71) -> 62 | Q73: =sum(Q67:Q71) -> 142 | R73: =sum(R67:R71) -> 3 | S73: =sum(S67:S71) -> 1 | U73: =sum(U67:U70) -> 580.63636
A75: Final Boss | B75: Saintz The God | C75: 18 | D75: 4 | E75: 14 | F75: =sum(FB!C3,FB!T3,FB!T11,FB!C11,FB!C19,FB!T19,FB!T27,FB!C27,FB!C35,FB!T35,FB!T43,FB!C43,FB!C51,FB!T51,FB!T59,FB!C59,FB!C67,FB!T67,FB!T75,FB!C75) -> 4 | G75: =sum(FB!D3,FB!U3,FB!U11,FB!D11,FB!D19,FB!U19,FB!U27,FB!D27,FB!D35,FB!U35,FB!U43,FB!D43,FB!D51,FB!U51,FB!U59,FB!D59,FB!D67,FB!U67,FB!U75,FB!D75) -> 1441 | H75: =sum(FB!E3,FB!V3,FB!V11,FB!E11,FB!E19,FB!V19,FB!V27,FB!E27,FB!E35,FB!V35,FB!V43,FB!E43,FB!E51,FB!V51,FB!V59,FB!E59,FB!E67,FB!V67,FB!V75,FB!E75) -> 11 | I75: =sum(FB!F3,FB!W3,FB!W11,FB!F11,FB!F19,FB!W19,FB!W27,FB!F27,FB!F35,FB!W35,FB!W43,FB!F43,FB!F51,FB!W51,FB!W59,FB!F59,FB!F67,FB!W67,FB!W75,FB!F75) -> 1376 | J75: =sum(FB!G3,FB!X3,FB!X11,FB!G11,FB!G19,FB!X19,FB!X27,FB!G27,FB!G35,FB!X35,FB!X43,FB!G43,FB!G51,FB!X51,FB!X59,FB!G59,FB!G67,FB!X67,FB!X75,FB!G75) -> 0.25612269 | K75: =sum(FB!H3,FB!Y3,FB!Y11,FB!H11,FB!H19,FB!Y19,FB!Y27,FB!H27,FB!H35,FB!Y35,FB!Y43,FB!H43,FB!H51,FB!Y51,FB!Y59,FB!H59,FB!H67,FB!Y67,FB!Y75,FB!H75) -> 65 | L75: =K75/(HOUR(J75)*60+(MINUTE(J75)+((SECOND(J75)/60)))) -> 0.17623932 | M75: =sum(FB!J3,FB!AA3,FB!AA11,FB!J11,FB!J19,FB!AA19,FB!AA27,FB!J27,FB!J35,FB!AA35,FB!AA43,FB!J43,FB!J51,FB!AA51,FB!AA59,FB!J59,FB!J67,FB!AA67,FB!AA75,FB!J75) -> 61 | N75: =sum(FB!K3,FB!AB3,FB!K11,FB!AB11,FB!K19,FB!AB19,FB!K27,FB!AB27,FB!K35,FB!AB35,FB!K43,FB!AB43,FB!K51,FB!AB51,FB!K59,FB!AB59,FB!K67,FB!AB67,FB!K75,FB!AB75) -> 209 | O75: =sum(FB!L3,FB!AC3,FB!L11,FB!AC11,FB!L19,FB!AC19,FB!L27,FB!AC27,FB!L35,FB!AC35,FB!L43,FB!AC43,FB!L51,FB!AC51,FB!L59,FB!AC59,FB!L67,FB!AC67,FB!L75,FB!AC75) -> 50 | P75: =sum(FB!M3,FB!AD3,FB!M11,FB!AD11,FB!M19,FB!AD19,FB!M27,FB!AD27,FB!M35,FB!AD35,FB!M43,FB!AD43,FB!M51,FB!AD51,FB!M59,FB!AD59,FB!M67,FB!AD67,FB!M75,FB!AD75) -> 16 | Q75: =sum(FB!N3,FB!AE3,FB!N11,FB!AE11,FB!N19,FB!AE19,FB!N27,FB!AE27,FB!N35,FB!AE35,FB!N43,FB!AE43,FB!N51,FB!AE51,FB!N59,FB!AE59,FB!N67,FB!AE67,FB!N75,FB!AE75) -> 32 | R75: =sum(FB!O3,FB!AF3,FB!O11,FB!AF11,FB!O19,FB!AF19,FB!O27,FB!AF27,FB!O35,FB!AF35,FB!O43,FB!AF43,FB!O51,FB!AF51,FB!O59,FB!AF59,FB!O67,FB!AF67,FB!O75,FB!AF75) -> 0 | S75: =sum(FB!P3,FB!AG3,FB!P11,FB!AG11,FB!P19,FB!AG19,FB!P27,FB!AG27,FB!P35,FB!AG35,FB!P43,FB!AG43,FB!P51,FB!AG51,FB!P59,FB!AG59,FB!P67,FB!AG67,FB!P75,FB!AG75) -> 0 | T75: =J75/I75 -> 0.00018613567 | U75: =G75/D75 -> 360.25
B76: XerackPls | C76: 17 | D76: 4 | E76: 12 | F76: =sum(FB!C4,FB!T4,FB!T12,FB!C12,FB!T28,FB!C28,FB!C36,FB!T36,FB!T44,FB!C44,FB!C52,FB!T52,FB!T60,FB!C60,FB!C68,FB!T68,FB!T76,FB!C76) -> 38 | G76: =sum(FB!D4,FB!U4,FB!U12,FB!D12,FB!U28,FB!D28,FB!D36,FB!U36,FB!U44,FB!D44,FB!D52,FB!U52,FB!U60,FB!D60,FB!D68,FB!U68,FB!U76,FB!D76) -> 585 | H76: =sum(FB!E4,FB!V4,FB!V12,FB!E12,FB!V28,FB!E28,FB!E36,FB!V36,FB!V44,FB!E44,FB!E52,FB!V52,FB!V60,FB!E60,FB!E68,FB!V68,FB!V76,FB!E76) -> 4 | I76: =sum(FB!F4,FB!W4,FB!W12,FB!F12,FB!W28,FB!F28,FB!F36,FB!W36,FB!W44,FB!F44,FB!F52,FB!W52,FB!W60,FB!F60,FB!F68,FB!W68,FB!W76,FB!F76) -> 783 | J76: =sum(FB!G4,FB!X4,FB!X12,FB!G12,FB!X28,FB!G28,FB!G36,FB!X36,FB!X44,FB!G44,FB!G52,FB!X52,FB!X60,FB!G60,FB!G68,FB!X68,FB!X76,FB!G76) -> 0.22758102 | K76: =sum(FB!H4,FB!Y4,FB!Y12,FB!H12,FB!Y28,FB!H28,FB!H36,FB!Y36,FB!Y44,FB!H44,FB!H52,FB!Y52,FB!Y60,FB!H60,FB!H68,FB!Y68,FB!Y76,FB!H76) -> -198 | L76: =K76/(HOUR(J76)*60+(MINUTE(J76)+((SECOND(J76)/60)))) -> -0.60418044 | M76: =sum(FB!J4,FB!AA4,FB!AA12,FB!J12,FB!AA28,FB!J28,FB!J36,FB!AA36,FB!AA44,FB!J44,FB!J52,FB!AA52,FB!AA60,FB!J60,FB!J68,FB!AA68,FB!AA76,FB!J76) -> 48 | N76: =sum(FB!K4,FB!AB4,FB!K12,FB!AB12,FB!K28,FB!AB28,FB!K36,FB!AB36,FB!K44,FB!AB44,FB!K52,FB!AB52,FB!K60,FB!AB60,FB!K68,FB!AB68,FB!K76,FB!AB76) -> 66 | O76: =sum(FB!L4,FB!AC4,FB!L12,FB!AC12,FB!L28,FB!AC28,FB!L36,FB!AC36,FB!L44,FB!AC44,FB!L52,FB!AC52,FB!L60,FB!AC60,FB!L68,FB!AC68,FB!L76,FB!AC76) -> 10 | P76: =sum(FB!M4,FB!AD4,FB!M12,FB!AD12,FB!M28,FB!AD28,FB!M36,FB!AD36,FB!M44,FB!AD44,FB!M52,FB!AD52,FB!M60,FB!AD60,FB!M68,FB!AD68,FB!M76,FB!AD76) -> 0 | Q76: =sum(FB!N4,FB!AE4,FB!N12,FB!AE12,FB!N28,FB!AE28,FB!N36,FB!AE36,FB!N44,FB!AE44,FB!N52,FB!AE52,FB!N60,FB!AE60,FB!N68,FB!AE68,FB!N76,FB!AE76) -> 6 | R76: =sum(FB!O4,FB!AF4,FB!O12,FB!AF12,FB!O28,FB!AF28,FB!O36,FB!AF36,FB!O44,FB!AF44,FB!O52,FB!AF52,FB!O60,FB!AF60,FB!O68,FB!AF68,FB!O76,FB!AF76) -> 0 | S76: =sum(FB!P4,FB!AG4,FB!P12,FB!AG12,FB!P28,FB!AG28,FB!P36,FB!AG36,FB!P44,FB!AG44,FB!P52,FB!AG52,FB!P60,FB!AG60,FB!P68,FB!AG68,FB!P76,FB!AG76) -> 0 | T76: =J76/I76 -> 0.00029065264 | U76: =G76/D76 -> 146.25
B77: AtoneMilitant | C77: 18 | D77: 4 | E77: 14 | F77: =sum(FB!C5,FB!T5,FB!T13,FB!C13,FB!C21,FB!T21,FB!T29,FB!C29,FB!C37,FB!T37,FB!T45,FB!C45,FB!C53,FB!T53,FB!T61,FB!C61,FB!C69,FB!T69,FB!T77,FB!C77) -> 2 | G77: =sum(FB!D5,FB!U5,FB!U13,FB!D13,FB!D21,FB!U21,FB!U29,FB!D29,FB!D37,FB!U37,FB!U45,FB!D45,FB!D53,FB!U53,FB!U61,FB!D61,FB!D69,FB!U69,FB!U77,FB!D77) -> 1344 | H77: =sum(FB!E5,FB!V5,FB!V13,FB!E13,FB!E21,FB!V21,FB!V29,FB!E29,FB!E37,FB!V37,FB!V45,FB!E45,FB!E53,FB!V53,FB!V61,FB!E61,FB!E69,FB!V69,FB!V77,FB!E77) -> 8 | I77: =sum(FB!F5,FB!W5,FB!W13,FB!F13,FB!F21,FB!W21,FB!W29,FB!F29,FB!F37,FB!W37,FB!W45,FB!F45,FB!F53,FB!W53,FB!W61,FB!F61,FB!F69,FB!W69,FB!W77,FB!F77) -> 1352 | J77: =sum(FB!G5,FB!X5,FB!X13,FB!G13,FB!G21,FB!X21,FB!X29,FB!G29,FB!G37,FB!X37,FB!X45,FB!G45,FB!G53,FB!X53,FB!X61,FB!G61,FB!G69,FB!X69,FB!X77,FB!G77) -> 0.25612269 | K77: =sum(FB!H5,FB!Y5,FB!Y13,FB!H13,FB!H21,FB!Y21,FB!Y29,FB!H29,FB!H37,FB!Y37,FB!Y45,FB!H45,FB!H53,FB!Y53,FB!Y61,FB!H61,FB!H69,FB!Y69,FB!Y77,FB!H77) -> -8 | L77: =K77/(HOUR(J77)*60+(MINUTE(J77)+((SECOND(J77)/60)))) -> -0.021690994 | M77: =sum(FB!J5,FB!AA5,FB!AA13,FB!J13,FB!J21,FB!AA21,FB!AA29,FB!J29,FB!J37,FB!AA37,FB!AA45,FB!J45,FB!J53,FB!AA53,FB!AA61,FB!J61,FB!J69,FB!AA69,FB!AA77,FB!J77) -> 45 | N77: =sum(FB!K5,FB!AB5,FB!K13,FB!AB13,FB!K21,FB!AB21,FB!K29,FB!AB29,FB!K37,FB!AB37,FB!K45,FB!AB45,FB!K53,FB!AB53,FB!K61,FB!AB61,FB!K69,FB!AB69,FB!K77,FB!AB77) -> 201 | O77: =sum(FB!L5,FB!AC5,FB!L13,FB!AC13,FB!L21,FB!AC21,FB!L29,FB!AC29,FB!L37,FB!AC37,FB!L45,FB!AC45,FB!L53,FB!AC53,FB!L61,FB!AC61,FB!L69,FB!AC69,FB!L77,FB!AC77) -> 44 | P77: =sum(FB!M5,FB!AD5,FB!M13,FB!AD13,FB!M21,FB!AD21,FB!M29,FB!AD29,FB!M37,FB!AD37,FB!M45,FB!AD45,FB!M53,FB!AD53,FB!M61,FB!AD61,FB!M69,FB!AD69,FB!M77,FB!AD77) -> 14 | Q77: =sum(FB!N5,FB!AE5,FB!N13,FB!AE13,FB!N21,FB!AE21,FB!N29,FB!AE29,FB!N37,FB!AE37,FB!N45,FB!AE45,FB!N53,FB!AE53,FB!N61,FB!AE61,FB!N69,FB!AE69,FB!N77,FB!AE77) -> 32 | R77: =sum(FB!O5,FB!AF5,FB!O13,FB!AF13,FB!O21,FB!AF21,FB!O29,FB!AF29,FB!O37,FB!AF37,FB!O45,FB!AF45,FB!O53,FB!AF53,FB!O61,FB!AF61,FB!O69,FB!AF69,FB!O77,FB!AF77) -> 0 | S77: =sum(FB!P5,FB!AG5,FB!P13,FB!AG13,FB!P21,FB!AG21,FB!P29,FB!AG29,FB!P37,FB!AG37,FB!P45,FB!AG45,FB!P53,FB!AG53,FB!P61,FB!AG61,FB!P69,FB!AG69,FB!P77,FB!AG77) -> 0 | T77: =J77/I77 -> 0.00018943986 | U77: =G77/D77 -> 336
B78: Senpai Rebs | C78: 6 | E78: 6 | F78: =sum(FB!C6,FB!T6,FB!T14,FB!C14,FB!C22,FB!T22,FB!T30,FB!C30,FB!C38,FB!T38,FB!T46,FB!C46,FB!C54,FB!T54,FB!T62,FB!C62,FB!C70,FB!T70,FB!T78,FB!C78) -> 0 | G78: =sum(FB!D6,FB!U6,FB!U14,FB!D14,FB!D22,FB!U22,FB!U30,FB!D30,FB!D38,FB!U38,FB!U46,FB!D46,FB!D54,FB!U54,FB!U62,FB!D62,FB!D70,FB!U70,FB!U78,FB!D78) -> 377 | H78: =sum(FB!E6,FB!V6,FB!V14,FB!E14,FB!E22,FB!V22,FB!V30,FB!E30,FB!E38,FB!V38,FB!V46,FB!E46,FB!E54,FB!V54,FB!V62,FB!E62,FB!E70,FB!V70,FB!V78,FB!E78) -> 2 | I78: =sum(FB!F6,FB!W6,FB!W14,FB!F14,FB!F22,FB!W22,FB!W30,FB!F30,FB!F38,FB!W38,FB!W46,FB!F46,FB!F54,FB!W54,FB!W62,FB!F62,FB!F70,FB!W70,FB!W78,FB!F78) -> 589 | J78: =sum(FB!G6,FB!X6,FB!X14,FB!G14,FB!G22,FB!X22,FB!X30,FB!G30,FB!G38,FB!X38,FB!X46,FB!G46,FB!G54,FB!X54,FB!X62,FB!G62,FB!G70,FB!X70,FB!X78,FB!G78) -> 0.092997685 | K78: =sum(FB!H6,FB!Y6,FB!Y14,FB!H14,FB!H22,FB!Y22,FB!Y30,FB!H30,FB!H38,FB!Y38,FB!Y46,FB!H46,FB!H54,FB!Y54,FB!Y62,FB!H62,FB!H70,FB!Y70,FB!Y78,FB!H78) -> -212 | L78: =K78/(HOUR(J78)*60+(MINUTE(J78)+((SECOND(J78)/60)))) -> -1.5830741 | M78: =sum(FB!J6,FB!AA6,FB!AA14,FB!J14,FB!J22,FB!AA22,FB!AA30,FB!J30,FB!J38,FB!AA38,FB!AA46,FB!J46,FB!J54,FB!AA54,FB!AA62,FB!J62,FB!J70,FB!AA70,FB!AA78,FB!J78) -> 16 | N78: =sum(FB!K6,FB!AB6,FB!K14,FB!AB14,FB!K22,FB!AB22,FB!K30,FB!AB30,FB!K38,FB!AB38,FB!K46,FB!AB46,FB!K54,FB!AB54,FB!K62,FB!AB62,FB!K70,FB!AB70,FB!K78,FB!AB78) -> 47 | O78: =sum(FB!L6,FB!AC6,FB!L14,FB!AC14,FB!L22,FB!AC22,FB!L30,FB!AC30,FB!L38,FB!AC38,FB!L46,FB!AC46,FB!L54,FB!AC54,FB!L62,FB!AC62,FB!L70,FB!AC70,FB!L78,FB!AC78) -> 8 | P78: =sum(FB!M6,FB!AD6,FB!M14,FB!AD14,FB!M22,FB!AD22,FB!M30,FB!AD30,FB!M38,FB!AD38,FB!M46,FB!AD46,FB!M54,FB!AD54,FB!M62,FB!AD62,FB!M70,FB!AD70,FB!M78,FB!AD78) -> 2 | Q78: =sum(FB!N6,FB!AE6,FB!N14,FB!AE14,FB!N22,FB!AE22,FB!N30,FB!AE30,FB!N38,FB!AE38,FB!N46,FB!AE46,FB!N54,FB!AE54,FB!N62,FB!AE62,FB!N70,FB!AE70,FB!N78,FB!AE78) -> 6 | R78: =sum(FB!O6,FB!AF6,FB!O14,FB!AF14,FB!O22,FB!AF22,FB!O30,FB!AF30,FB!O38,FB!AF38,FB!O46,FB!AF46,FB!O54,FB!AF54,FB!O62,FB!AF62,FB!O70,FB!AF70,FB!O78,FB!AF78) -> 0 | S78: =sum(FB!P6,FB!AG6,FB!P14,FB!AG14,FB!P22,FB!AG22,FB!P30,FB!AG30,FB!P38,FB!AG38,FB!P46,FB!AG46,FB!P54,FB!AG54,FB!P62,FB!AG62,FB!P70,FB!AG70,FB!P78,FB!AG78) -> 0 | T78: =J78/I78 -> 0.00015789081
B79: Freak
A80: Subs | B80: Tommy/Sam | C80: 14 | D80: 4 | E80: 10 | F80: =sum(FB!C20,FB!T20,FB!C31,FB!T31,FB!C39,FB!T39) -> 2 | G80: =sum(FB!D20,FB!U20,FB!D31,FB!U31,FB!D39,FB!U39) -> 327 | H80: =sum(FB!E20,FB!V20,FB!E31,FB!V31,FB!E39,FB!V39) -> 5 | I80: =sum(FB!F20,FB!W20,FB!F31,FB!W31,FB!F39,FB!W39) -> 389 | J80: =sum(FB!G20,FB!X20,FB!G31,FB!X31,FB!G39,FB!X39) -> 0.080798611 | K80: =sum(FB!H20,FB!Y20,FB!H31,FB!Y31,FB!H39,FB!Y39) -> -62 | L80: =K80/(HOUR(J80)*60+(MINUTE(J80)+((SECOND(J80)/60)))) -> -0.53287495 | M80: =sum(FB!J20,FB!AA20,FB!J31,FB!AA31,FB!J39,FB!AA39) -> 10 | N80: =sum(FB!K20,FB!AB20,FB!K31,FB!AB31,FB!K39,FB!AB39) -> 35 | O80: =sum(FB!L20,FB!AC20,FB!L31,FB!AC31,FB!L39,FB!AC39) -> 6 | P80: =sum(FB!M20,FB!AD20,FB!M31,FB!AD31,FB!M39,FB!AD39) -> 1 | Q80: =sum(FB!N20,FB!AE20,FB!N31,FB!AE31,FB!N39,FB!AE39) -> 5 | R80: =sum(FB!O20,FB!AF20,FB!O31,FB!AF31,FB!O39,FB!AF39) -> 0 | S80: =sum(FB!P20,FB!AG20,FB!P31,FB!AG31,FB!P39,FB!AG39) -> 0 | U80: =G80/D80 -> 81.75
A81: 43935 | B81: Totals: | C81: =MAX(C75:C80) -> 18 | D81: =MAX(D75:D80) -> 4 | E81: =MAX(E75:E80) -> 14 | F81: =sum(F75:F80) -> 46 | G81: =sum(G75:G80) -> 4074 | H81: =sum(H75:H80) -> 30 | I81: =sum(I75:I80) -> 4489 | J81: =J75 -> 0.25612269 | K81: =sum(K75:K80) -> -415 | L81: =K81/(HOUR(J81)*60+(MINUTE(J81)+((SECOND(J81)/60)))) -> -1.1252203 | M81: =sum(M75:M80) -> 180 | N81: =sum(N75:N80) -> 558 | O81: =sum(O75:O80) -> 118 | P81: =sum(P75:P80) -> 33 | Q81: =sum(Q75:Q80) -> 81 | R81: =sum(R75:R80) -> 0 | S81: =sum(S75:S80) -> 0 | U81: =sum(U75:U80) -> 924.25
A83: The Boys | B83: Silva | C83: 20 | D83: 3 | E83: 17 | F83: =sum(TB!C3,TB!T3,TB!C11,TB!T11,TB!C19,TB!T19,TB!C27,TB!T27,TB!C35,TB!T35,TB!C43,TB!T43,TB!C51,TB!T51,TB!C59,TB!T59,TB!C67,TB!T67,TB!C75,TB!T75) -> 15 | G83: =sum(TB!D3,TB!U3,TB!D11,TB!U11,TB!D19,TB!U19,TB!D27,TB!U27,TB!D35,TB!U35,TB!D43,TB!U43,TB!D51,TB!U51,TB!D59,TB!U59,TB!D67,TB!U67,TB!D75,TB!U75) -> 2168 | H83: =sum(TB!E3,TB!V3,TB!E11,TB!V11,TB!E19,TB!V19,TB!E27,TB!V27,TB!E35,TB!V35,TB!E43,TB!V43,TB!E51,TB!V51,TB!E59,TB!V59,TB!E67,TB!V67,TB!E75,TB!V75) -> 14 | I83: =sum(TB!F3,TB!W3,TB!F11,TB!W11,TB!F19,TB!W19,TB!F27,TB!W27,TB!F35,TB!W35,TB!F43,TB!W43,TB!F51,TB!W51,TB!F59,TB!W59,TB!F67,TB!W67,TB!F75,TB!W75) -> 2002 | J83: =sum(TB!G3,TB!X3,TB!G11,TB!X11,TB!G19,TB!X19,TB!G27,TB!X27,TB!G35,TB!X35,TB!G43,TB!X43,TB!G51,TB!X51,TB!G59,TB!X59,TB!G67,TB!X67,TB!G75,TB!X75) -> 0.41876157 | K83: =sum(TB!H3,TB!Y3,TB!H11,TB!Y11,TB!H19,TB!Y19,TB!H27,TB!Y27,TB!H35,TB!Y35,TB!H43,TB!Y43,TB!H51,TB!Y51,TB!H59,TB!Y59,TB!H67,TB!Y67,TB!H75,TB!Y75) -> 166 | L83: =K83/(HOUR(J83)*60+(MINUTE(J83)+((SECOND(J83)/60)))) -> 0.27528261 | M83: =sum(TB!J3,TB!AA3,TB!J11,TB!AA11,TB!J19,TB!AA19,TB!J27,TB!AA27,TB!J35,TB!AA35,TB!J43,TB!AA43,TB!J51,TB!AA51,TB!J59,TB!AA59,TB!J67,TB!AA67,TB!J75,TB!AA75) -> 104 | N83: =sum(TB!K3,TB!AB3,TB!K11,TB!AB11,TB!K19,TB!AB19,TB!K27,TB!AB27,TB!K35,TB!AB35,TB!K43,TB!AB43,TB!K51,TB!AB51,TB!K59,TB!AB59,TB!K67,TB!AB67,TB!K75,TB!AB75) -> 335 | O83: =sum(TB!L3,TB!AC3,TB!L11,TB!AC11,TB!L19,TB!AC19,TB!L27,TB!AC27,TB!L35,TB!AC35,TB!L43,TB!AC43,TB!L51,TB!AC51,TB!L59,TB!AC59,TB!L67,TB!AC67,TB!L75,TB!AC75) -> 60 | P83: =sum(TB!M3,TB!AD3,TB!M11,TB!AD11,TB!M19,TB!AD19,TB!M27,TB!AD27,TB!M35,TB!AD35,TB!M43,TB!AD43,TB!M51,TB!AD51,TB!M59,TB!AD59,TB!M67,TB!AD67,TB!M75,TB!AD75) -> 19 | Q83: =sum(TB!N3,TB!AE3,TB!N11,TB!AE11,TB!N19,TB!AE19,TB!N27,TB!AE27,TB!N35,TB!AE35,TB!N43,TB!AE43,TB!N51,TB!AE51,TB!N59,TB!AE59,TB!N67,TB!AE67,TB!N75,TB!AE75) -> 61 | R83: =sum(TB!O3,TB!AF3,TB!O11,TB!AF11,TB!O19,TB!AF19,TB!O27,TB!AF27,TB!O35,TB!AF35,TB!O43,TB!AF43,TB!O51,TB!AF51,TB!O59,TB!AF59,TB!O67,TB!AF67,TB!O75,TB!AF75) -> 1 | S83: =sum(TB!P3,TB!AG3,TB!P11,TB!AG11,TB!P19,TB!AG19,TB!P27,TB!AG27,TB!P35,TB!AG35,TB!P43,TB!AG43,TB!P51,TB!AG51,TB!P59,TB!AG59,TB!P67,TB!AG67,TB!P75,TB!AG75) -> 0 | T83: =J83/I83 -> 0.00020917162 | U83: =G83/D83 -> 722.66667
B84: El Diablo x230x | C84: 20 | D84: 3 | E84: 17 | F84: =sum(TB!C4,TB!T4,TB!C12,TB!T12,TB!C20,TB!T20,TB!C28,TB!T28,TB!C36,TB!T36,TB!C44,TB!T44,TB!C52,TB!T52,TB!C60,TB!T60,TB!C68,TB!T68,TB!C76,TB!T76) -> 8 | G84: =sum(TB!D4,TB!U4,TB!D12,TB!U12,TB!D20,TB!U20,TB!D28,TB!U28,TB!D36,TB!U36,TB!D44,TB!U44,TB!D52,TB!U52,TB!D60,TB!U60,TB!D68,TB!U68,TB!D76,TB!U76) -> 2035 | H84: =sum(TB!E4,TB!V4,TB!E12,TB!V12,TB!E20,TB!V20,TB!E28,TB!V28,TB!E36,TB!V36,TB!E44,TB!V44,TB!E52,TB!V52,TB!E60,TB!V60,TB!E68,TB!V68,TB!E76,TB!V76) -> 16 | I84: =sum(TB!F4,TB!W4,TB!F12,TB!W12,TB!F20,TB!W20,TB!F28,TB!W28,TB!F36,TB!W36,TB!F44,TB!W44,TB!F52,TB!W52,TB!F60,TB!W60,TB!F68,TB!W68,TB!F76,TB!W76) -> 2092 | J84: =sum(TB!G4,TB!X4,TB!G12,TB!X12,TB!G20,TB!X20,TB!G28,TB!X28,TB!G36,TB!X36,TB!G44,TB!X44,TB!G52,TB!X52,TB!G60,TB!X60,TB!G68,TB!X68,TB!G76,TB!X76) -> 0.41876157 | K84: =sum(TB!H4,TB!Y4,TB!H12,TB!Y12,TB!H20,TB!Y20,TB!H28,TB!Y28,TB!H36,TB!Y36,TB!H44,TB!Y44,TB!H52,TB!Y52,TB!H60,TB!Y60,TB!H68,TB!Y68,TB!H76,TB!Y76) -> -57 | L84: =K84/(HOUR(J84)*60+(MINUTE(J84)+((SECOND(J84)/60)))) -> -0.094524751 | M84: =sum(TB!J4,TB!AA4,TB!J12,TB!AA12,TB!J20,TB!AA20,TB!J28,TB!AA28,TB!J36,TB!AA36,TB!J44,TB!AA44,TB!J52,TB!AA52,TB!J60,TB!AA60,TB!J68,TB!AA68,TB!J76,TB!AA76) -> 63 | N84: =sum(TB!K4,TB!AB4,TB!K12,TB!AB12,TB!K20,TB!AB20,TB!K28,TB!AB28,TB!K36,TB!AB36,TB!K44,TB!AB44,TB!K52,TB!AB52,TB!K60,TB!AB60,TB!K68,TB!AB68,TB!K76,TB!AB76) -> 289 | O84: =sum(TB!L4,TB!AC4,TB!L12,TB!AC12,TB!L20,TB!AC20,TB!L28,TB!AC28,TB!L36,TB!AC36,TB!L44,TB!AC44,TB!L52,TB!AC52,TB!L60,TB!AC60,TB!L68,TB!AC68,TB!L76,TB!AC76) -> 68 | P84: =sum(TB!M4,TB!AD4,TB!M12,TB!AD12,TB!M20,TB!AD20,TB!M28,TB!AD28,TB!M36,TB!AD36,TB!M44,TB!AD44,TB!M52,TB!AD52,TB!M60,TB!AD60,TB!M68,TB!AD68,TB!M76,TB!AD76) -> 15 | Q84: =sum(TB!N4,TB!AE4,TB!N12,TB!AE12,TB!N20,TB!AE20,TB!N28,TB!AE28,TB!N36,TB!AE36,TB!N44,TB!AE44,TB!N52,TB!AE52,TB!N60,TB!AE60,TB!N68,TB!AE68,TB!N76,TB!AE76) -> 44 | R84: =sum(TB!O4,TB!AF4,TB!O12,TB!AF12,TB!O20,TB!AF20,TB!O28,TB!AF28,TB!O36,TB!AF36,TB!O44,TB!AF44,TB!O52,TB!AF52,TB!O60,TB!AF60,TB!O68,TB!AF68,TB!O76,TB!AF76) -> 0 | S84: =sum(TB!P4,TB!AG4,TB!P12,TB!AG12,TB!P20,TB!AG20,TB!P28,TB!AG28,TB!P36,TB!AG36,TB!P44,TB!AG44,TB!P52,TB!AG52,TB!P60,TB!AG60,TB!P68,TB!AG68,TB!P76,TB!AG76) -> 0 | T84: =J84/I84 -> 0.00020017284 | U84: =G84/D84 -> 678.33333
B85: Tad Neptune | C85: 17 | D85: 2 | E85: 15 | F85: =sum(TB!C5,TB!T5,TB!C13,TB!T13,TB!C21,TB!T21,TB!C29,TB!T29,TB!C37,TB!T37,TB!C45,TB!T45,TB!C53,TB!T53,TB!C61,TB!T61,TB!C69,TB!T69,TB!C77,TB!T77) -> 10 | G85: =sum(TB!D5,TB!U5,TB!D13,TB!U13,TB!D21,TB!U21,TB!D29,TB!U29,TB!D37,TB!U37,TB!D45,TB!U45,TB!D53,TB!U53,TB!D61,TB!U61,TB!D69,TB!U69,TB!D77,TB!U77) -> 1595 | H85: =sum(TB!E5,TB!V5,TB!E13,TB!V13,TB!E21,TB!V21,TB!E29,TB!V29,TB!E37,TB!V37,TB!E45,TB!V45,TB!E53,TB!V53,TB!E61,TB!V61,TB!E69,TB!V69,TB!E77,TB!V77) -> 13 | I85: =sum(TB!F5,TB!W5,TB!F13,TB!W13,TB!F21,TB!W21,TB!F29,TB!W29,TB!F37,TB!W37,TB!F45,TB!W45,TB!F53,TB!W53,TB!F61,TB!W61,TB!F69,TB!W69,TB!F77,TB!W77) -> 1905 | J85: =sum(TB!G5,TB!X5,TB!G13,TB!X13,TB!G21,TB!X21,TB!G29,TB!X29,TB!G37,TB!X37,TB!G45,TB!X45,TB!G53,TB!X53,TB!G61,TB!X61,TB!G69,TB!X69,TB!G77,TB!X77) -> 0.36467593 | K85: =sum(TB!H5,TB!Y5,TB!H13,TB!Y13,TB!H21,TB!Y21,TB!H29,TB!Y29,TB!H37,TB!Y37,TB!H45,TB!Y45,TB!H53,TB!Y53,TB!H61,TB!Y61,TB!H69,TB!Y69,TB!H77,TB!Y77) -> -310 | L85: =K85/(HOUR(J85)*60+(MINUTE(J85)+((SECOND(J85)/60)))) -> -0.59032627 | M85: =sum(TB!J5,TB!AA5,TB!J13,TB!AA13,TB!J21,TB!AA21,TB!J29,TB!AA29,TB!J37,TB!AA37,TB!J45,TB!AA45,TB!J53,TB!AA53,TB!J61,TB!AA61,TB!J69,TB!AA69,TB!J77,TB!AA77) -> 91 | N85: =sum(TB!K5,TB!AB5,TB!K13,TB!AB13,TB!K21,TB!AB21,TB!K29,TB!AB29,TB!K37,TB!AB37,TB!K45,TB!AB45,TB!K53,TB!AB53,TB!K61,TB!AB61,TB!K69,TB!AB69,TB!K77,TB!AB77) -> 199 | O85: =sum(TB!L5,TB!AC5,TB!L13,TB!AC13,TB!L21,TB!AC21,TB!L29,TB!AC29,TB!L37,TB!AC37,TB!L45,TB!AC45,TB!L53,TB!AC53,TB!L61,TB!AC61,TB!L69,TB!AC69,TB!L77,TB!AC77) -> 26 | P85: =sum(TB!M5,TB!AD5,TB!M13,TB!AD13,TB!M21,TB!AD21,TB!M29,TB!AD29,TB!M37,TB!AD37,TB!M45,TB!AD45,TB!M53,TB!AD53,TB!M61,TB!AD61,TB!M69,TB!AD69,TB!M77,TB!AD77) -> 3 | Q85: =sum(TB!N5,TB!AE5,TB!N13,TB!AE13,TB!N21,TB!AE21,TB!N29,TB!AE29,TB!N37,TB!AE37,TB!N45,TB!AE45,TB!N53,TB!AE53,TB!N61,TB!AE61,TB!N69,TB!AE69,TB!N77,TB!AE77) -> 20 | R85: =sum(TB!O5,TB!AF5,TB!O13,TB!AF13,TB!O21,TB!AF21,TB!O29,TB!AF29,TB!O37,TB!AF37,TB!O45,TB!AF45,TB!O53,TB!AF53,TB!O61,TB!AF61,TB!O69,TB!AF69,TB!O77,TB!AF77) -> 0 | S85: =sum(TB!P5,TB!AG5,TB!P13,TB!AG13,TB!P21,TB!AG21,TB!P29,TB!AG29,TB!P37,TB!AG37,TB!P45,TB!AG45,TB!P53,TB!AG53,TB!P61,TB!AG61,TB!P69,TB!AG69,TB!P77,TB!AG77) -> 0 | T85: =J85/I85 -> 0.00019143093 | U85: =G85/D85 -> 797.5
B86: Rockys12 | C86: 17 | D86: 3 | E86: 14 | F86: =sum(TB!C6,TB!T6,TB!C14,TB!T14,TB!C22,TB!T22,TB!C30,TB!T30,TB!C38,TB!T38,TB!C46,TB!T46,TB!C54,TB!T54,TB!C62,TB!T62,TB!C70,TB!T70,TB!C78,TB!T78) -> 17 | G86: =sum(TB!D6,TB!U6,TB!D14,TB!U14,TB!D22,TB!U22,TB!D30,TB!U30,TB!D38,TB!U38,TB!D46,TB!U46,TB!D54,TB!U54,TB!D62,TB!U62,TB!D70,TB!U70,TB!D78,TB!U78) -> 1391 | H86: =sum(TB!E6,TB!V6,TB!E14,TB!V14,TB!E22,TB!V22,TB!E30,TB!V30,TB!E38,TB!V38,TB!E46,TB!V46,TB!E54,TB!V54,TB!E62,TB!V62,TB!E70,TB!V70,TB!E78,TB!V78) -> 15 | I86: =sum(TB!F6,TB!W6,TB!F14,TB!W14,TB!F22,TB!W22,TB!F30,TB!W30,TB!F38,TB!W38,TB!F46,TB!W46,TB!F54,TB!W54,TB!F62,TB!W62,TB!F70,TB!W70,TB!F78,TB!W78) -> 1677 | J86: =sum(TB!G6,TB!X6,TB!G14,TB!X14,TB!G22,TB!X22,TB!G30,TB!X30,TB!G38,TB!X38,TB!G46,TB!X46,TB!G54,TB!X54,TB!G62,TB!X62,TB!G70,TB!X70,TB!G78,TB!X78) -> 0.36337963 | K86: =sum(TB!H6,TB!Y6,TB!H14,TB!Y14,TB!H22,TB!Y22,TB!H30,TB!Y30,TB!H38,TB!Y38,TB!H46,TB!Y46,TB!H54,TB!Y54,TB!H62,TB!Y62,TB!H70,TB!Y70,TB!H78,TB!Y78) -> -286 | L86: =K86/(HOUR(J86)*60+(MINUTE(J86)+((SECOND(J86)/60)))) -> -0.54656644 | M86: =sum(TB!J6,TB!AA6,TB!J14,TB!AA14,TB!J22,TB!AA22,TB!J30,TB!AA30,TB!J38,TB!AA38,TB!J46,TB!AA46,TB!J54,TB!AA54,TB!J62,TB!AA62,TB!J70,TB!AA70,TB!J78,TB!AA78) -> 66 | N86: =sum(TB!K6,TB!AB6,TB!K14,TB!AB14,TB!K22,TB!AB22,TB!K30,TB!AB30,TB!K38,TB!AB38,TB!K46,TB!AB46,TB!K54,TB!AB54,TB!K62,TB!AB62,TB!K70,TB!AB70,TB!K78,TB!AB78) -> 166 | O86: =sum(TB!L6,TB!AC6,TB!L14,TB!AC14,TB!L22,TB!AC22,TB!L30,TB!AC30,TB!L38,TB!AC38,TB!L46,TB!AC46,TB!L54,TB!AC54,TB!L62,TB!AC62,TB!L70,TB!AC70,TB!L78,TB!AC78) -> 33 | P86: =sum(TB!M6,TB!AD6,TB!M14,TB!AD14,TB!M22,TB!AD22,TB!M30,TB!AD30,TB!M38,TB!AD38,TB!M46,TB!AD46,TB!M54,TB!AD54,TB!M62,TB!AD62,TB!M70,TB!AD70,TB!M78,TB!AD78) -> 17 | Q86: =sum(TB!N6,TB!AE6,TB!N14,TB!AE14,TB!N22,TB!AE22,TB!N30,TB!AE30,TB!N38,TB!AE38,TB!N46,TB!AE46,TB!N54,TB!AE54,TB!N62,TB!AE62,TB!N70,TB!AE70,TB!N78,TB!AE78) -> 22 | R86: =sum(TB!O6,TB!AF6,TB!O14,TB!AF14,TB!O22,TB!AF22,TB!O30,TB!AF30,TB!O38,TB!AF38,TB!O46,TB!AF46,TB!O54,TB!AF54,TB!O62,TB!AF62,TB!O70,TB!AF70,TB!O78,TB!AF78) -> 2 | S86: =sum(TB!P6,TB!AG6,TB!P14,TB!AG14,TB!P22,TB!AG22,TB!P30,TB!AG30,TB!P38,TB!AG38,TB!P46,TB!AG46,TB!P54,TB!AG54,TB!P62,TB!AG62,TB!P70,TB!AG70,TB!P78,TB!AG78) -> 0 | T86: =J86/I86 -> 0.00021668433 | U86: =G86/D86 -> 463.66667
B87: AwareMosquito | C87: 6 | D87: 1 | E87: 5 | F87: =sum(TB!C7,TB!T7,TB!C15,TB!T15,TB!C23,TB!T23,TB!C31,TB!T31,TB!C39,TB!T39,TB!C47,TB!T47,TB!C55,TB!T55,TB!C63,TB!T63,TB!C71,TB!T71,TB!C79,TB!T79) -> 1 | G87: =sum(TB!D7,TB!U7,TB!D15,TB!U15,TB!D23,TB!U23,TB!D31,TB!U31,TB!D39,TB!U39,TB!D47,TB!U47,TB!D55,TB!U55,TB!D63,TB!U63,TB!D71,TB!U71,TB!D79,TB!U79) -> 443 | H87: =sum(TB!E7,TB!V7,TB!E15,TB!V15,TB!E23,TB!V23,TB!E31,TB!V31,TB!E39,TB!V39,TB!E47,TB!V47,TB!E55,TB!V55,TB!E63,TB!V63,TB!E71,TB!V71,TB!E79,TB!V79) -> 4 | I87: =sum(TB!F7,TB!W7,TB!F15,TB!W15,TB!F23,TB!W23,TB!F31,TB!W31,TB!F39,TB!W39,TB!F47,TB!W47,TB!F55,TB!W55,TB!F63,TB!W63,TB!F71,TB!W71,TB!F79,TB!W79) -> 595 | J87: =sum(TB!G7,TB!X7,TB!G15,TB!X15,TB!G23,TB!X23,TB!G31,TB!X31,TB!G39,TB!X39,TB!G47,TB!X47,TB!G55,TB!X55,TB!G63,TB!X63,TB!G71,TB!X71,TB!G79,TB!X79) -> 0.10946759 | K87: =sum(TB!H7,TB!Y7,TB!H15,TB!Y15,TB!H23,TB!Y23,TB!H31,TB!Y31,TB!H39,TB!Y39,TB!H47,TB!Y47,TB!H55,TB!Y55,TB!H63,TB!Y63,TB!H71,TB!Y71,TB!H79,TB!Y79) -> -152 | L87: =K87/(HOUR(J87)*60+(MINUTE(J87)+((SECOND(J87)/60)))) -> -0.96426306 | M87: =sum(TB!J7,TB!AA7,TB!J15,TB!AA15,TB!J23,TB!AA23,TB!J31,TB!AA31,TB!J39,TB!AA39,TB!J47,TB!AA47,TB!J55,TB!AA55,TB!J63,TB!AA63,TB!J71,TB!AA71,TB!J79,TB!AA79) -> 13 | N87: =sum(TB!K7,TB!AB7,TB!K15,TB!AB15,TB!K23,TB!AB23,TB!K31,TB!AB31,TB!K39,TB!AB39,TB!K47,TB!AB47,TB!K55,TB!AB55,TB!K63,TB!AB63,TB!K71,TB!AB71,TB!K79,TB!AB79) -> 52 | O87: =sum(TB!L7,TB!AC7,TB!L15,TB!AC15,TB!L23,TB!AC23,TB!L31,TB!AC31,TB!L39,TB!AC39,TB!L47,TB!AC47,TB!L55,TB!AC55,TB!L63,TB!AC63,TB!L71,TB!AC71,TB!L79,TB!AC79) -> 12 | P87: =sum(TB!M7,TB!AD7,TB!M15,TB!AD15,TB!M23,TB!AD23,TB!M31,TB!AD31,TB!M39,TB!AD39,TB!M47,TB!AD47,TB!M55,TB!AD55,TB!M63,TB!AD63,TB!M71,TB!AD71,TB!M79,TB!AD79) -> 1 | Q87: =sum(TB!N7,TB!AE7,TB!N15,TB!AE15,TB!N23,TB!AE23,TB!N31,TB!AE31,TB!N39,TB!AE39,TB!N47,TB!AE47,TB!N55,TB!AE55,TB!N63,TB!AE63,TB!N71,TB!AE71,TB!N79,TB!AE79) -> 3 | R87: =sum(TB!O7,TB!AF7,TB!O15,TB!AF15,TB!O23,TB!AF23,TB!O31,TB!AF31,TB!O39,TB!AF39,TB!O47,TB!AF47,TB!O55,TB!AF55,TB!O63,TB!AF63,TB!O71,TB!AF71,TB!O79,TB!AF79) -> 0 | S87: =sum(TB!P7,TB!AG7,TB!P15,TB!AG15,TB!P23,TB!AG23,TB!P31,TB!AG31,TB!P39,TB!AG39,TB!P47,TB!AG47,TB!P55,TB!AG55,TB!P63,TB!AG63,TB!P71,TB!AG71,TB!P79,TB!AG79) -> 0 | T87: =J87/I87 -> 0.00018397915 | U87: =G87/D87 -> 443
A89: 43907 | B89: Totals: | C89: =MAX(C83:C87) -> 20 | D89: =MAX(D83:D87) -> 3 | E89: =MAX(E83:E87) -> 17 | F89: =sum(F83:F87) -> 51 | G89: =sum(G83:G87) -> 7632 | H89: =sum(H83:H87) -> 62 | I89: =sum(I83:I87) -> 8271 | J89: =J83 -> 0.41876157 | K89: =sum(K83:K87) -> -639 | L89: =K89/(HOUR(J89)*60+(MINUTE(J89)+((SECOND(J89)/60)))) -> -1.0596722 | M89: =sum(M83:M87) -> 337 | N89: =sum(N83:N87) -> 1041 | O89: =sum(O83:O87) -> 199 | P89: =sum(P83:P87) -> 55 | Q89: =sum(Q83:Q87) -> 150 | R89: =sum(R83:R87) -> 3 | S89: =sum(S83:S87) -> 0 | U89: =sum(U83:U87) -> 3105.1667
A91: Team U.S.A. | B91: DlGITAL PAIN | C91: 18 | D91: 9 | E91: 9 | F91: =sum(USA!C3,USA!T3,USA!C11,USA!T11,USA!C19,USA!T19,USA!C27,USA!T27,USA!C35,USA!T35,USA!C43,USA!T43,USA!C51,USA!T51,USA!C59,USA!T59,USA!C67,USA!T67,USA!C75,USA!T75) -> 10 | G91: =sum(USA!D3,USA!U3,USA!D11,USA!U11,USA!D19,USA!U19,USA!D27,USA!U27,USA!D35,USA!U35,USA!D43,USA!U43,USA!D51,USA!U51,USA!D59,USA!U59,USA!D67,USA!U67,USA!D75,USA!U75) -> 2884 | H91: =sum(USA!E3,USA!V3,USA!E11,USA!V11,USA!E19,USA!V19,USA!E27,USA!V27,USA!E35,USA!V35,USA!E43,USA!V43,USA!E51,USA!V51,USA!E59,USA!V59,USA!E67,USA!V67,USA!E75,USA!V75) -> 5 | I91: =sum(USA!F3,USA!W3,USA!F11,USA!W11,USA!F19,USA!W19,USA!F27,USA!W27,USA!F35,USA!W35,USA!F43,USA!W43,USA!F51,USA!W51,USA!F59,USA!W59,USA!F67,USA!W67,USA!F75,USA!W75) -> 2001 | J91: =sum(USA!G3,USA!X3,USA!G11,USA!X11,USA!G19,USA!X19,USA!G27,USA!X27,USA!G35,USA!X35,USA!G43,USA!X43,USA!G51,USA!X51,USA!G59,USA!X59,USA!G67,USA!X67,USA!G75,USA!X75) -> 0.43979167 | K91: =sum(USA!H3,USA!Y3,USA!H11,USA!Y11,USA!H19,USA!Y19,USA!H27,USA!Y27,USA!H35,USA!Y35,USA!H43,USA!Y43,USA!H51,USA!Y51,USA!H59,USA!Y59,USA!H67,USA!Y67,USA!H75,USA!Y75) -> 883 | L91: =K91/(HOUR(J91)*60+(MINUTE(J91)+((SECOND(J91)/60)))) -> 1.3942839 | M91: =sum(USA!J3,USA!AA3,USA!J11,USA!AA11,USA!J19,USA!AA19,USA!J27,USA!AA27,USA!J35,USA!AA35,USA!J43,USA!AA43,USA!J51,USA!AA51,USA!J59,USA!AA59,USA!J67,USA!AA67,USA!J75,USA!AA75) -> 93 | N91: =sum(USA!K3,USA!AB3,USA!K11,USA!AB11,USA!K19,USA!AB19,USA!K27,USA!AB27,USA!K35,USA!AB35,USA!K43,USA!AB43,USA!K51,USA!AB51,USA!K59,USA!AB59,USA!K67,USA!AB67,USA!K75,USA!AB75) -> 511 | O91: =sum(USA!L3,USA!AC3,USA!L11,USA!AC11,USA!L19,USA!AC19,USA!L27,USA!AC27,USA!L35,USA!AC35,USA!L43,USA!AC43,USA!L51,USA!AC51,USA!L59,USA!AC59,USA!L67,USA!AC67,USA!L75,USA!AC75) -> 134 | P91: =sum(USA!M3,USA!AD3,USA!M11,USA!AD11,USA!M19,USA!AD19,USA!M27,USA!AD27,USA!M35,USA!AD35,USA!M43,USA!AD43,USA!M51,USA!AD51,USA!M59,USA!AD59,USA!M67,USA!AD67,USA!M75,USA!AD75) -> 34 | Q91: =sum(USA!N3,USA!AE3,USA!N11,USA!AE11,USA!N19,USA!AE19,USA!N27,USA!AE27,USA!N35,USA!AE35,USA!N43,USA!AE43,USA!N51,USA!AE51,USA!N59,USA!AE59,USA!N67,USA!AE67,USA!N75,USA!AE75) -> 129 | R91: =sum(USA!O3,USA!AF3,USA!O11,USA!AF11,USA!O19,USA!AF19,USA!O27,USA!AF27,USA!O35,USA!AF35,USA!O43,USA!AF43,USA!O51,USA!AF51,USA!O59,USA!AF59,USA!O67,USA!AF67,USA!O75,USA!AF75) -> 0 | S91: =sum(USA!P3,USA!AG3,USA!P11,USA!AG11,USA!P19,USA!AG19,USA!P27,USA!AG27,USA!P35,USA!AG35,USA!P43,USA!AG43,USA!P51,USA!AG51,USA!P59,USA!AG59,USA!P67,USA!AG67,USA!P75,USA!AG75) -> 0 | T91: =J91/I91 -> 0.00021978594 | U91: =G91/D91 -> 320.44444
B92: Fanciest Pants | C92: 18 | D92: 9 | E92: 9 | F92: =sum(USA!C4,USA!T4,USA!C12,USA!T12,USA!C20,USA!T20,USA!C28,USA!T28,USA!C36,USA!T36,USA!C44,USA!T44,USA!C52,USA!T52,USA!C60,USA!T60,USA!C68,USA!T68,USA!C76,USA!T76) -> 4 | G92: =sum(USA!D4,USA!U4,USA!D12,USA!U12,USA!D20,USA!U20,USA!D28,USA!U28,USA!D36,USA!U36,USA!D44,USA!U44,USA!D52,USA!U52,USA!D60,USA!U60,USA!D68,USA!U68,USA!D76,USA!U76) -> 2275 | H92: =sum(USA!E4,USA!V4,USA!E12,USA!V12,USA!E20,USA!V20,USA!E28,USA!V28,USA!E36,USA!V36,USA!E44,USA!V44,USA!E52,USA!V52,USA!E60,USA!V60,USA!E68,USA!V68,USA!E76,USA!V76) -> 16 | I92: =sum(USA!F4,USA!W4,USA!F12,USA!W12,USA!F20,USA!W20,USA!F28,USA!W28,USA!F36,USA!W36,USA!F44,USA!W44,USA!F52,USA!W52,USA!F60,USA!W60,USA!F68,USA!W68,USA!F76,USA!W76) -> 2143 | J92: =sum(USA!G4,USA!X4,USA!G12,USA!X12,USA!G20,USA!X20,USA!G28,USA!X28,USA!G36,USA!X36,USA!G44,USA!X44,USA!G52,USA!X52,USA!G60,USA!X60,USA!G68,USA!X68,USA!G76,USA!X76) -> 0.43979167 | K92: =sum(USA!H4,USA!Y4,USA!H12,USA!Y12,USA!H20,USA!Y20,USA!H28,USA!Y28,USA!H36,USA!Y36,USA!H44,USA!Y44,USA!H52,USA!Y52,USA!H60,USA!Y60,USA!H68,USA!Y68,USA!H76,USA!Y76) -> 132 | L92: =K92/(HOUR(J92)*60+(MINUTE(J92)+((SECOND(J92)/60)))) -> 0.20843202 | M92: =sum(USA!J4,USA!AA4,USA!J12,USA!AA12,USA!J20,USA!AA20,USA!J28,USA!AA28,USA!J36,USA!AA36,USA!J44,USA!AA44,USA!J52,USA!AA52,USA!J60,USA!AA60,USA!J68,USA!AA68,USA!J76,USA!AA76) -> 52 | N92: =sum(USA!K4,USA!AB4,USA!K12,USA!AB12,USA!K20,USA!AB20,USA!K28,USA!AB28,USA!K36,USA!AB36,USA!K44,USA!AB44,USA!K52,USA!AB52,USA!K60,USA!AB60,USA!K68,USA!AB68,USA!K76,USA!AB76) -> 332 | O92: =sum(USA!L4,USA!AC4,USA!L12,USA!AC12,USA!L20,USA!AC20,USA!L28,USA!AC28,USA!L36,USA!AC36,USA!L44,USA!AC44,USA!L52,USA!AC52,USA!L60,USA!AC60,USA!L68,USA!AC68,USA!L76,USA!AC76) -> 84 | P92: =sum(USA!M4,USA!AD4,USA!M12,USA!AD12,USA!M20,USA!AD20,USA!M28,USA!AD28,USA!M36,USA!AD36,USA!M44,USA!AD44,USA!M52,USA!AD52,USA!M60,USA!AD60,USA!M68,USA!AD68,USA!M76,USA!AD76) -> 23 | Q92: =sum(USA!N4,USA!AE4,USA!N12,USA!AE12,USA!N20,USA!AE20,USA!N28,USA!AE28,USA!N36,USA!AE36,USA!N44,USA!AE44,USA!N52,USA!AE52,USA!N60,USA!AE60,USA!N68,USA!AE68,USA!N76,USA!AE76) -> 54 | R92: =sum(USA!O4,USA!AF4,USA!O12,USA!AF12,USA!O20,USA!AF20,USA!O28,USA!AF28,USA!O36,USA!AF36,USA!O44,USA!AF44,USA!O52,USA!AF52,USA!O60,USA!AF60,USA!O68,USA!AF68,USA!O76,USA!AF76) -> 0 | S92: =sum(USA!P4,USA!AG4,USA!P12,USA!AG12,USA!P20,USA!AG20,USA!P28,USA!AG28,USA!P36,USA!AG36,USA!P44,USA!AG44,USA!P52,USA!AG52,USA!P60,USA!AG60,USA!P68,USA!AG68,USA!P76,USA!AG76) -> 0 | T92: =J92/I92 -> 0.00020522243 | U92: =G92/D92 -> 252.77778
B93: MSSR Martin | C93: 17 | D93: 9 | E93: 8 | F93: =sum(USA!C5,USA!T5,USA!C13,USA!T13,USA!C21,USA!T21,USA!C29,USA!T29,USA!C37,USA!T37,USA!C45,USA!T45,USA!C53,USA!T53,USA!C61,USA!T61,USA!C69,USA!T69,USA!C77,USA!T77) -> 50 | G93: =sum(USA!D5,USA!U5,USA!D13,USA!U13,USA!D21,USA!U21,USA!D29,USA!U29,USA!D37,USA!U37,USA!D45,USA!U45,USA!D53,USA!U53,USA!D61,USA!U61,USA!D69,USA!U69,USA!D77,USA!U77) -> 1103 | H93: =sum(USA!E5,USA!V5,USA!E13,USA!V13,USA!E21,USA!V21,USA!E29,USA!V29,USA!E37,USA!V37,USA!E45,USA!V45,USA!E53,USA!V53,USA!E61,USA!V61,USA!E69,USA!V69,USA!E77,USA!V77) -> 10 | I93: =sum(USA!F5,USA!W5,USA!F13,USA!W13,USA!F21,USA!W21,USA!F29,USA!W29,USA!F37,USA!W37,USA!F45,USA!W45,USA!F53,USA!W53,USA!F61,USA!W61,USA!F69,USA!W69,USA!F77,USA!W77) -> 1132 | J93: =sum(USA!G5,USA!X5,USA!G13,USA!X13,USA!G21,USA!X21,USA!G29,USA!X29,USA!G37,USA!X37,USA!G45,USA!X45,USA!G53,USA!X53,USA!G61,USA!X61,USA!G69,USA!X69,USA!G77,USA!X77) -> 0.4227662 | K93: =sum(USA!H5,USA!Y5,USA!H13,USA!Y13,USA!H21,USA!Y21,USA!H29,USA!Y29,USA!H37,USA!Y37,USA!H45,USA!Y45,USA!H53,USA!Y53,USA!H61,USA!Y61,USA!H69,USA!Y69,USA!H77,USA!Y77) -> -29 | L93: =K93/(HOUR(J93)*60+(MINUTE(J93)+((SECOND(J93)/60)))) -> -0.047635995 | M93: =sum(USA!J5,USA!AA5,USA!J13,USA!AA13,USA!J21,USA!AA21,USA!J29,USA!AA29,USA!J37,USA!AA37,USA!J45,USA!AA45,USA!J53,USA!AA53,USA!J61,USA!AA61,USA!J69,USA!AA69,USA!J77,USA!AA77) -> 42 | N93: =sum(USA!K5,USA!AB5,USA!K13,USA!AB13,USA!K21,USA!AB21,USA!K29,USA!AB29,USA!K37,USA!AB37,USA!K45,USA!AB45,USA!K53,USA!AB53,USA!K61,USA!AB61,USA!K69,USA!AB69,USA!K77,USA!AB77) -> 114 | O93: =sum(USA!L5,USA!AC5,USA!L13,USA!AC13,USA!L21,USA!AC21,USA!L29,USA!AC29,USA!L37,USA!AC37,USA!L45,USA!AC45,USA!L53,USA!AC53,USA!L61,USA!AC61,USA!L69,USA!AC69,USA!L77,USA!AC77) -> 17 | P93: =sum(USA!M5,USA!AD5,USA!M13,USA!AD13,USA!M21,USA!AD21,USA!M29,USA!AD29,USA!M37,USA!AD37,USA!M45,USA!AD45,USA!M53,USA!AD53,USA!M61,USA!AD61,USA!M69,USA!AD69,USA!M77,USA!AD77) -> 1 | Q93: =sum(USA!N5,USA!AE5,USA!N13,USA!AE13,USA!N21,USA!AE21,USA!N29,USA!AE29,USA!N37,USA!AE37,USA!N45,USA!AE45,USA!N53,USA!AE53,USA!N61,USA!AE61,USA!N69,USA!AE69,USA!N77,USA!AE77) -> 25 | R93: =sum(USA!O5,USA!AF5,USA!O13,USA!AF13,USA!O21,USA!AF21,USA!O29,USA!AF29,USA!O37,USA!AF37,USA!O45,USA!AF45,USA!O53,USA!AF53,USA!O61,USA!AF61,USA!O69,USA!AF69,USA!O77,USA!AF77) -> 0 | S93: =sum(USA!P5,USA!AG5,USA!P13,USA!AG13,USA!P21,USA!AG21,USA!P29,USA!AG29,USA!P37,USA!AG37,USA!P45,USA!AG45,USA!P53,USA!AG53,USA!P61,USA!AG61,USA!P69,USA!AG69,USA!P77,USA!AG77) -> 1 | T93: =J93/I93 -> 0.00037346838 | U93: =G93/D93 -> 122.55556
B94: Myst The Cold | C94: 17 | D94: 9 | E94: 8 | F94: =sum(USA!C6,USA!T6,USA!C14,USA!T14,USA!C22,USA!T22,USA!C30,USA!T30,USA!C38,USA!T38,USA!C46,USA!T46,USA!C54,USA!T54,USA!C62,USA!T62,USA!C70,USA!T70,USA!C78,USA!T78) -> 0 | G94: =sum(USA!D6,USA!U6,USA!D14,USA!U14,USA!D22,USA!U22,USA!D30,USA!U30,USA!D38,USA!U38,USA!D46,USA!U46,USA!D54,USA!U54,USA!D62,USA!U62,USA!D70,USA!U70,USA!D78,USA!U78) -> 1897 | H94: =sum(USA!E6,USA!V6,USA!E14,USA!V14,USA!E22,USA!V22,USA!E30,USA!V30,USA!E38,USA!V38,USA!E46,USA!V46,USA!E54,USA!V54,USA!E62,USA!V62,USA!E70,USA!V70,USA!E78,USA!V78) -> 10 | I94: =sum(USA!F6,USA!W6,USA!F14,USA!W14,USA!F22,USA!W22,USA!F30,USA!W30,USA!F38,USA!W38,USA!F46,USA!W46,USA!F54,USA!W54,USA!F62,USA!W62,USA!F70,USA!W70,USA!F78,USA!W78) -> 2138 | J94: =sum(USA!G6,USA!X6,USA!G14,USA!X14,USA!G22,USA!X22,USA!G30,USA!X30,USA!G38,USA!X38,USA!G46,USA!X46,USA!G54,USA!X54,USA!G62,USA!X62,USA!G70,USA!X70,USA!G78,USA!X78) -> 0.43621528 | K94: =sum(USA!H6,USA!Y6,USA!H14,USA!Y14,USA!H22,USA!Y22,USA!H30,USA!Y30,USA!H38,USA!Y38,USA!H46,USA!Y46,USA!H54,USA!Y54,USA!H62,USA!Y62,USA!H70,USA!Y70,USA!H78,USA!Y78) -> -241 | L94: =K94/(HOUR(J94)*60+(MINUTE(J94)+((SECOND(J94)/60)))) -> -0.38366632 | M94: =sum(USA!J6,USA!AA6,USA!J14,USA!AA14,USA!J22,USA!AA22,USA!J30,USA!AA30,USA!J38,USA!AA38,USA!J46,USA!AA46,USA!J54,USA!AA54,USA!J62,USA!AA62,USA!J70,USA!AA70,USA!J78,USA!AA78) -> 45 | N94: =sum(USA!K6,USA!AB6,USA!K14,USA!AB14,USA!K22,USA!AB22,USA!K30,USA!AB30,USA!K38,USA!AB38,USA!K46,USA!AB46,USA!K54,USA!AB54,USA!K62,USA!AB62,USA!K70,USA!AB70,USA!K78,USA!AB78) -> 221 | O94: =sum(USA!L6,USA!AC6,USA!L14,USA!AC14,USA!L22,USA!AC22,USA!L30,USA!AC30,USA!L38,USA!AC38,USA!L46,USA!AC46,USA!L54,USA!AC54,USA!L62,USA!AC62,USA!L70,USA!AC70,USA!L78,USA!AC78) -> 35 | P94: =sum(USA!M6,USA!AD6,USA!M14,USA!AD14,USA!M22,USA!AD22,USA!M30,USA!AD30,USA!M38,USA!AD38,USA!M46,USA!AD46,USA!M54,USA!AD54,USA!M62,USA!AD62,USA!M70,USA!AD70,USA!M78,USA!AD78) -> 4 | Q94: =sum(USA!N6,USA!AE6,USA!N14,USA!AE14,USA!N22,USA!AE22,USA!N30,USA!AE30,USA!N38,USA!AE38,USA!N46,USA!AE46,USA!N54,USA!AE54,USA!N62,USA!AE62,USA!N70,USA!AE70,USA!N78,USA!AE78) -> 29 | R94: =sum(USA!O6,USA!AF6,USA!O14,USA!AF14,USA!O22,USA!AF22,USA!O30,USA!AF30,USA!O38,USA!AF38,USA!O46,USA!AF46,USA!O54,USA!AF54,USA!O62,USA!AF62,USA!O70,USA!AF70,USA!O78,USA!AF78) -> 2 | S94: =sum(USA!P6,USA!AG6,USA!P14,USA!AG14,USA!P22,USA!AG22,USA!P30,USA!AG30,USA!P38,USA!AG38,USA!P46,USA!AG46,USA!P54,USA!AG54,USA!P62,USA!AG62,USA!P70,USA!AG70,USA!P78,USA!AG78) -> 1 | T94: =J94/I94 -> 0.0002040296 | U94: =G94/D94 -> 210.77778
B95: SonicNachos | C95: 2 | E95: 2 | F95: =sum(USA!C7,USA!T7,USA!C15,USA!T15,USA!C23,USA!T23,USA!C31,USA!T31,USA!C39,USA!T39,USA!C47,USA!T47,USA!C55,USA!T55,USA!C63,USA!T63,USA!C71,USA!T71,USA!C79,USA!T79) -> 0 | G95: =sum(USA!D7,USA!U7,USA!D15,USA!U15,USA!D23,USA!U23,USA!D31,USA!U31,USA!D39,USA!U39,USA!D47,USA!U47,USA!D55,USA!U55,USA!D63,USA!U63,USA!D71,USA!U71,USA!D79,USA!U79) -> 59 | H95: =sum(USA!E7,USA!V7,USA!E15,USA!V15,USA!E23,USA!V23,USA!E31,USA!V31,USA!E39,USA!V39,USA!E47,USA!V47,USA!E55,USA!V55,USA!E63,USA!V63,USA!E71,USA!V71,USA!E79,USA!V79) -> 0 | I95: =sum(USA!F7,USA!W7,USA!F15,USA!W15,USA!F23,USA!W23,USA!F31,USA!W31,USA!F39,USA!W39,USA!F47,USA!W47,USA!F55,USA!W55,USA!F63,USA!W63,USA!F71,USA!W71,USA!F79,USA!W79) -> 138 | J95: =sum(USA!G7,USA!X7,USA!G15,USA!X15,USA!G23,USA!X23,USA!G31,USA!X31,USA!G39,USA!X39,USA!G47,USA!X47,USA!G55,USA!X55,USA!G63,USA!X63,USA!G71,USA!X71,USA!G79,USA!X79) -> 0.020601852 | K95: =sum(USA!H7,USA!Y7,USA!H15,USA!Y15,USA!H23,USA!Y23,USA!H31,USA!Y31,USA!H39,USA!Y39,USA!H47,USA!Y47,USA!H55,USA!Y55,USA!H63,USA!Y63,USA!H71,USA!Y71,USA!H79,USA!Y79) -> -79 | L95: =K95/(HOUR(J95)*60+(MINUTE(J95)+((SECOND(J95)/60)))) -> -2.6629213 | M95: =sum(USA!J7,USA!AA7,USA!J15,USA!AA15,USA!J23,USA!AA23,USA!J31,USA!AA31,USA!J39,USA!AA39,USA!J47,USA!AA47,USA!J55,USA!AA55,USA!J63,USA!AA63,USA!J71,USA!AA71,USA!J79,USA!AA79) -> 1 | N95: =sum(USA!K7,USA!AB7,USA!K15,USA!AB15,USA!K23,USA!AB23,USA!K31,USA!AB31,USA!K39,USA!AB39,USA!K47,USA!AB47,USA!K55,USA!AB55,USA!K63,USA!AB63,USA!K71,USA!AB71,USA!K79,USA!AB79) -> 5 | O95: =sum(USA!L7,USA!AC7,USA!L15,USA!AC15,USA!L23,USA!AC23,USA!L31,USA!AC31,USA!L39,USA!AC39,USA!L47,USA!AC47,USA!L55,USA!AC55,USA!L63,USA!AC63,USA!L71,USA!AC71,USA!L79,USA!AC79) -> 1 | P95: =sum(USA!M7,USA!AD7,USA!M15,USA!AD15,USA!M23,USA!AD23,USA!M31,USA!AD31,USA!M39,USA!AD39,USA!M47,USA!AD47,USA!M55,USA!AD55,USA!M63,USA!AD63,USA!M71,USA!AD71,USA!M79,USA!AD79) -> 0 | Q95: =sum(USA!N7,USA!AE7,USA!N15,USA!AE15,USA!N23,USA!AE23,USA!N31,USA!AE31,USA!N39,USA!AE39,USA!N47,USA!AE47,USA!N55,USA!AE55,USA!N63,USA!AE63,USA!N71,USA!AE71,USA!N79,USA!AE79) -> 0 | R95: =sum(USA!O7,USA!AF7,USA!O15,USA!AF15,USA!O23,USA!AF23,USA!O31,USA!AF31,USA!O39,USA!AF39,USA!O47,USA!AF47,USA!O55,USA!AF55,USA!O63,USA!AF63,USA!O71,USA!AF71,USA!O79,USA!AF79) -> 0 | S95: =sum(USA!P7,USA!AG7,USA!P15,USA!AG15,USA!P23,USA!AG23,USA!P31,USA!AG31,USA!P39,USA!AG39,USA!P47,USA!AG47,USA!P55,USA!AG55,USA!P63,USA!AG63,USA!P71,USA!AG71,USA!P79,USA!AG79) -> 0 | T95: =J95/I95 -> 0.00014928878
A97: 44082 | B97: Totals: | C97: =MAX(C91:C95) -> 18 | D97: =MAX(D91:D95) -> 9 | E97: =MAX(E91:E95) -> 9 | F97: =sum(F91:F95) -> 64 | G97: =sum(G91:G95) -> 8218 | H97: =sum(H91:H95) -> 41 | I97: =sum(I91:I95) -> 7552 | J97: =J91 -> 0.43979167 | K97: =sum(K91:K95) -> 666 | L97: =K97/(HOUR(J97)*60+(MINUTE(J97)+((SECOND(J97)/60)))) -> 1.0516343 | M97: =sum(M91:M95) -> 233 | N97: =sum(N91:N95) -> 1183 | O97: =sum(O91:O95) -> 271 | P97: =sum(P91:P95) -> 62 | Q97: =sum(Q91:Q95) -> 237 | R97: =sum(R91:R95) -> 2 | S97: =sum(S91:S95) -> 2 | U97: =sum(U91:U94) -> 906.55556
A99: League Totals | C99: =sum(C97,C89,C81,C73,C65,C57,C49,C40,C31,C21,C11) -> 212 | D99: =sum(D97,D89,D81,D73,D65,D57,D49,D40,D31,D21,D11) -> 109 | E99: =sum(E97,E89,E81,E73,E65,E57,E49,E40,E31,E21,E11) -> 107 | F99: =sum(F97,F89,F81,F73,F65,F57,F49,F40,F31,F21,F11) -> 763 | G99: =sum(G97,G89,G81,G73,G65,G57,G49,G40,G31,G21,G11) -> 75189 | H99: =sum(H97,H89,H81,H73,H65,H57,H49,H40,H31,H21,H11) -> 500 | I99: =sum(I97,I89,I81,I73,I65,I57,I49,I40,I31,I21,I11) -> 77123 | J99: =sum(J97,J89,J81,J73,J65,J57,J49,J40,J31,J21,J11) -> 4.1177083 | K99: =sum(K97,K89,K81,K73,K65,K57,K49,K40,K31,K21,K11) -> -1934 | L99: =K99/(HOUR(J99)*60+(MINUTE(J99)+((SECOND(J99)/60)))) -> -11.41003 | M99: =sum(M97,M89,M81,M73,M65,M57,M49,M40,M31,M21,M11) -> 2981 | N99: =sum(N97,N89,N81,N73,N65,N57,N49,N40,N31,N21,N11) -> 10649 | O99: =sum(O97,O89,O81,O73,O65,O57,O49,O40,O31,O21,O11) -> 2225 | P99: =sum(P97,P89,P81,P73,P65,P57,P49,P40,P31,P21,P11) -> 692 | Q99: =sum(Q97,Q89,Q81,Q73,Q65,Q57,Q49,Q40,Q31,Q21,Q11) -> 1712 | R99: =sum(R97,R89,R81,R73,R65,R57,R49,R40,R31,R21,R11) -> 36 | S99: =sum(S97,S89,S81,S73,S65,S57,S49,S40,S31,S21,S11) -> 25

Sheet Playoff Game Stats
A1: Team | B1: Player | C1: Games | D1: Wins | E1: Losses | F1: Goals | G1: Kills | H1: Assists | I1: Deaths | J1: Time | K1: K-D | L1: (K-D)/min) | M1: Stops | N1: Doubles | O1: Triples | P1: Over+ | Q1: Sprees | R1: Exterm | S1: Sword Spree | T1: AVG Life
A2: A&tS | B2: oDhmon | C2: 1 | D2: 1 | G2: 51 | I2: 51 | K2: =G2-I2 -> 0 | Q2: 4 | T2: :13
B3: xSeoulSnatch | C3: 1 | D3: 1 | F3: 2 | G3: 58 | I3: 52 | K3: =G3-I3 -> 6 | Q3: 6 | T3: :13
B4: Aspence501 | C4: 1 | D4: 1 | G4: 46 | I4: 48 | K4: =G4-I4 -> -2 | Q4: 4 | T4: :20
B5: CaptainSev004 | C5: 1 | D5: 1 | F5: 2 | G5: 34 | I5: 37 | K5: =G5-I5 -> -3 | Q5: 4 | T5: :14
A6: ASP vs ASC Game 1
A7: Ascended | B7: Regresser | C7: 1 | E7: 1 | G7: 44 | H7: 2 | I7: 55 | K7: =G7-I7 -> -11 | Q7: 4 | T7: :12
B8: Sabasauros Rex | C8: 1 | E8: 1 | F8: 1 | G8: 55 | H8: 1 | I8: 48 | K8: =G8-I8 -> 7 | Q8: 6 | T8: :14
B9: Icey Tanker | C9: 1 | E9: 1 | G9: 44 | I9: 36 | K9: =G9-I9 -> 8 | Q9: 4 | T9: :20
B10: cxrnchip | C10: 1 | E10: 1 | G10: 39 | H10: 1 | I10: 62 | K10: =G10-I10 -> -23 | Q10: 7 | T10: :10
A11: ASP 5-1
A12: Team | B12: Player | C12: Games | D12: Wins | E12: Losses | F12: Goals | G12: Kills | H12: Assists | I12: Deaths | J12: Time | K12: K-D | L12: (K-D)/min) | M12: Stops | N12: Doubles | O12: Triples | P12: Over+ | Q12: Sprees | R12: Exterm | S12: Sword Spree | T12: AVG Life
A13: A&tS | B13: oDhmon | C13: 1 | E13: 1 | F13: 1 | G13: 82 | H13: 1 | I13: 83 | K13: =G13-I13 -> -1 | M13: 4 | N13: 10 | O13: 5 | P13: 3 | Q13: 1
B14: xSeoulSnatch | C14: 1 | E14: 1 | G14: 102 | I14: 70 | K14: =G14-I14 -> 32 | M14: 4 | N14: 20 | O14: 6 | Q14: 5
B15: Aspence501 | C15: 1 | E15: 1 | F15: 3 | G15: 39 | H15: 1 | I15: 70 | K15: =G15-I15 -> -31 | N15: 5
B16: CaptainSev004 | C16: 1 | E16: 1 | G16: 36 | I16: 60 | K16: =G16-I16 -> -24 | M16: 2 | N16: 5 | Q16: 1
A17: ASP vs ASC Game 2
A18: Ascended | B18: Regresser | C18: 1 | D18: 1 | F18: 4 | G18: 38 | I18: 57 | K18: =G18-I18 -> -19 | M18: 1 | N18: 3 | O18: 1
B19: Sabasauros Rex | C19: 1 | D19: 1 | G19: 83 | I19: 74 | K19: =G19-I19 -> 9 | M19: 3 | N19: 9 | Q19: 1
B20: Icey Tanker | C20: 1 | D20: 1 | F20: 1 | G20: 85 | I20: 57 | K20: =G20-I20 -> 28 | M20: 4 | N20: 13 | O20: 5 | P20: 2 | Q20: 2
B21: cxrnchip | C21: 1 | D21: 1 | G21: 63 | I21: 74 | K21: =G21-I21 -> -11 | N21: 11 | O21: 1
A22: ASC 5-4
A23: Team | B23: Player | C23: Games | D23: Wins | E23: Losses | F23: Goals | G23: Kills | H23: Assists | I23: Deaths | J23: Time | K23: K-D | L23: (K-D)/min) | M23: Stops | N23: Doubles | O23: Triples | P23: Over+ | Q23: Sprees | R23: Exterm | S23: Sword Spree | T23: AVG Life
A24: A&tS | B24: oDhmon | C24: 1 | E24: 1 | G24: 70 | I24: 59 | K24: =G24-I24 -> 11 | M24: 2 | N24: 14 | O24: 1 | Q24: 1
B25: xSeoulSnatch | C25: 1 | E25: 1 | G25: 55 | I25: 60 | K25: =G25-I25 -> -5 | M25: 1 | N25: 10 | O25: 1 | P25: 1 | Q25: 1
B26: Aspence501 | C26: 1 | E26: 1 | G26: 47 | I26: 54 | K26: =G26-I26 -> -7 | M26: 5 | N26: 6 | O26: 2
B27: CaptainSev004 | C27: 1 | E27: 1 | F27: 1 | G27: 31 | I27: 44 | K27: =G27-I27 -> -13 | M27: 2 | N27: 4
A28: ASP vs ASC Game 3 | K28: =G28-I28 -> 0
A29: Ascended | B29: Regresser | C29: 1 | D29: 1 | F29: 4 | G29: 41 | I29: 50 | K29: =G29-I29 -> -9 | M29: 2 | N29: 6 | Q29: 2
B30: Sabasauros Rex | C30: 1 | D30: 1 | G30: 57 | I30: 47 | K30: =G30-I30 -> 10 | M30: 1 | N30: 6 | O30: 1 | Q30: 1
B31: Icey Tanker | C31: 1 | D31: 1 | G31: 58 | I31: 50 | K31: =G31-I31 -> 8 | M31: 2 | N31: 11 | O31: 5 | P31: 2 | Q31: 2 | R31: 1
B32: cxrnchip | C32: 1 | D32: 1 | F32: 1 | G32: 55 | H32: 1 | I32: 62 | K32: =G32-I32 -> -7 | M32: 3 | N32: 11 | O32: 4
A33: ASC 5-1 | K33: =G33-I33 -> 0
A35: Team | B35: Player | C35: Games | D35: Wins | E35: Losses | F35: Goals | G35: Kills | H35: Assists | I35: Deaths | J35: Time | K35: K-D | L35: (K-D)/min) | M35: Stops | N35: Doubles | O35: Triples | P35: Over+ | Q35: Sprees | R35: Exterm | S35: Sword Spree | T35: AVG Life
A36: MAB | B36: Invayda Zim | C36: 1 | E36: 1 | G36: 121 | H36: 1 | I36: 97 | K36: =G36-I36 -> 24 | M36: 8 | N36: 21 | O36: 2 | Q36: 4
B37: Rage More Nerd | C37: 1 | E37: 1 | G37: 101 | H37: 2 | I37: 105 | K37: =G37-I37 -> -4 | N37: 7 | O37: 3 | Q37: 1
B38: Doerstopper | C38: 1 | E38: 1 | F38: 2 | G38: 64 | H38: 1 | I38: 92 | K38: =G38-I38 -> -28 | M38: 7 | N38: 9 | Q38: 2
B39: ixJaga | C39: 1
B40: godwit1vy | C40: 1 | E40: 1 | G40: 74 | I40: 125 | K40: =G40-I40 -> -51 | M40: 1 | N40: 9 | O40: 4
A41: MAB vs ASC Game 1
A42: Ascended | B42: Regresser | C42: 1 | D42: 1 | F42: 4 | G42: 64 | I42: 71 | K42: =G42-I42 -> -7 | M42: 4 | N42: 8 | O42: 1 | Q42: 1
B43: Sabasauros Rex | C43: 1 | D43: 1 | G43: 137 | H43: 1 | I43: 100 | K43: =G43-I43 -> 37 | M43: 3 | N43: 19 | O43: 1 (didn't scroll down) | P43: 6 | Q43: 7 | R43: 1
B44: Icey Tanker | C44: 1 | D44: 1 | G44: 101 | H44: 1 | I44: 81 | K44: =G44-I44 -> 20 | M44: 2 | N44: 13 | O44: 3 | Q44: 4
B45: cxrnchip | C45: 1 | D45: 1 | F45: 1 | G45: 108 | I45: 114 | K45: =G45-I45 -> -6 | M45: 8 | N45: 11 | Q45: 1 | S45: 1
A46: ASC 5-2
A47: Team | B47: Player | C47: Games | D47: Wins | E47: Losses | F47: Goals | G47: Kills | H47: Assists | I47: Deaths | J47: Time | K47: K-D | L47: (K-D)/min) | M47: Stops | N47: Doubles | O47: Triples | P47: Over+ | Q47: Sprees | R47: Exterm | S47: Sword Spree | T47: AVG Life
A48: MAB | B48: Invayda Zim | C48: 1 | E48: 1 | F48: 1 | G48: 85 | I48: 76 | K48: =G48-I48 -> 9 | M48: 3 | N48: 8
B49: Rage More Nerd | C49: 1 | E49: 1 | G49: 87 | I49: 81 | K49: =G49-I49 -> 6 | M49: 3 | N49: 12 | O49: 1 | Q49: 2
B50: Doerstopper | C50: 1 | E50: 1 | F50: 2 | G50: 47 | I50: 55 | K50: =G50-I50 -> -8 | M50: 2 | N50: 2 | O50: 1 | P50: 1 | Q50: 2
B51: ixJaga | C51: 1 | E51: 1 | G51: 79 | H51: 1 | I51: 75 | K51: =G51-I51 -> 4 | M51: 3 | N51: 10 | Q51: 1
B52: godwit1vy | C52: 1 | K52: =G52-I52 -> 0
A53: MAB vs ASC Game 2 | K53: =G53-I53 -> 0
A54: Ascended | B54: Regresser | C54: 1 | D54: 1 | F54: 4 | G54: 56 | H54: 2 | I54: 77 | K54: =G54-I54 -> -21 | M54: 2 | N54: 4
B55: Sabasauros Rex | C55: 1 | D55: 1 | G55: 87 | H55: 1 | I55: 83 | K55: =G55-I55 -> 4 | M55: 4 | N55: 13 | O55: 2 | P55: 1
B56: Icey Tanker | C56: 1 | D56: 1 | F56: 1 | G56: 69 | I56: 63 | K56: =G56-I56 -> 6 | M56: 6 | N56: 10 | O56: 2 | Q56: 1
B57: cxrnchip | C57: 1 | D57: 1 | G57: 64 | H57: 3 | I57: 86 | K57: =G57-I57 -> -22 | M57: 5 | N57: 4 | O57: 1
A58: ASC 5-3 | K58: =G58-I58 -> 0
A60: Team | B60: Player | C60: Games | D60: Wins | E60: Losses | F60: Goals | G60: Kills | H60: Assists | I60: Deaths | J60: Time | K60: K-D | L60: (K-D)/min) | M60: Stops | N60: Doubles | O60: Triples | P60: Over+ | Q60: Sprees | R60: Exterm | S60: Sword Spree | T60: AVG Life
A61: ApoPo | B61: TheAlphaTurtle | C61: 1 | D61: 1 | F61: 2 | G61: 78 | I61: 104 | K61: =G61-I61 -> -26 | M61: 3 | N61: 7
B62: OverweightGOAT | C62: 1 | D62: 1 | G62: 125 | I62: 129 | K62: =G62-I62 -> -4 | M62: 3 | N62: 25 | O62: 4 | Q62: 2
B63: DCleak | C63: 1 | D63: 1 | F63: 1 | G63: 98 | I63: 116 | K63: =G63-I63 -> -18 | M63: 1 | N63: 16 | O63: 4 | P63: 5 | Q63: 1
B64: RDG NHL | C64: 1 | D64: 1 | F64: 2 | G64: 75 | I64: 89 | K64: =G64-I64 -> -14 | M64: 7 | N64: 11 | O64: 2 | Q64: 1
A65: AP vs ZAPS Game 1
A66: Zaps MD | B66: x Zeg x | C66: 1 | E66: 1 | G66: 153 | H66: 1 | I66: 134 | K66: =G66-I66 -> 19 | M66: 7 | N66: 32 | O66: 11 | P66: 5 | Q66: 5 | R66: 1
B67: Ace B S1entND1 | C67: 1 | E67: 1 | G67: 128 | H67: 1 | I67: 102 | K67: =G67-I67 -> 26 | M67: 3 | N67: 22 | O67: 4 | P67: 1 | Q67: 5
B68: x0 pie x0 | C68: 1 | E68: 1 | G68: 76 | H68: 2 | I68: 90 | K68: =G68-I68 -> -14 | M68: 2 | N68: 7 | O68: 2 | P68: 2 | Q68: 1
B69: The Scet | C69: 1 | E69: 1 | F69: 4 | G69: 77 | I69: 62 | K69: =G69-I69 -> 15 | M69: 6 | N69: 9 | O69: 1 | Q69: 1 | S69: 1
A70: AP 5-4
A71: Team | B71: Player | C71: Games | D71: Wins | E71: Losses | F71: Goals | G71: Kills | H71: Assists | I71: Deaths | J71: Time | K71: K-D | L71: (K-D)/min) | M71: Stops | N71: Doubles | O71: Triples | P71: Over+ | Q71: Sprees | R71: Exterm | S71: Sword Spree | T71: AVG Life
A72: ApoPo | B72: TheAlphaTurtle | C72: 1 | E72: 1 | F72: 1 | G72: 77 | I72: 94 | K72: =G72-I72 -> -17 | M72: 5 | N72: 8 | O72: 2 | P72: 1
B73: OverweightGOAT | C73: 1 | E73: 1 | F73: 1 | G73: 94 | H73: 1 | I73: 130 | K73: =G73-I73 -> -36 | M73: 1 | N73: 13 | O73: 2 | Q73: 1
B74: DCleak | C74: 1 | E74: 1 | F74: 2 | G74: 86 | I74: 121 | K74: =G74-I74 -> -35 | M74: 2 | N74: 12 | O74: 2 | P74: 1 | Q74: 1
B75: RDG NHL | C75: 1 | E75: 1 | G75: 81 | I75: 84 | K75: =G75-I75 -> -3 | M75: 5 | N75: 10 | O75: 2 | P75: 1 | Q75: 2
A76: AP vs ZAPS Game 2
A77: Zaps MD | B77: x Zeg x | C77: 1 | D77: 1 | F77: 1 | G77: 131 | I77: 118 | K77: =G77-I77 -> 13 | M77: 3 | N77: 17 | O77: 6 | P77: 1 | Q77: 3
B78: Ace B S1entND1 | C78: 1 | D78: 1 | G78: 133 | I78: 93 | K78: =G78-I78 -> 40 | M78: 2 | N78: 24 | O78: 5 | Q78: 7
B79: x0 pie x0 | C79: 1 | D79: 1 | G79: 87 | H79: 1 | I79: 92 | K79: =G79-I79 -> -5 | M79: 3 | N79: 18 | O79: 2 | Q79: 1
B80: The Scet | C80: 1 | D80: 1 | F80: 4 | G80: 68 | I80: 45 | K80: =G80-I80 -> 23 | M80: 9 | N80: 13 | O80: 3 | Q80: 1
A81: ZAPS 5-4
A82: Team | B82: Player | C82: Games | D82: Wins | E82: Losses | F82: Goals | G82: Kills | H82: Assists | I82: Deaths | J82: Time | K82: K-D | L82: (K-D)/min) | M82: Stops | N82: Doubles | O82: Triples | P82: Over+ | Q82: Sprees | R82: Exterm | S82: Sword Spree | T82: AVG Life
A83: ApoPo | B83: TheAlphaTurtle | C83: 1 | D83: 1 | F83: 1 | G83: 89 | I83: 83 | K83: =G83-I83 -> 6 | M83: 5 | N83: 12 | O83: 1 | P83: 1 | Q83: 2
B84: OverweightGOAT | C84: 1 | D84: 1 | F84: 1 | G84: 135 | I84: 119 | K84: =G84-I84 -> 16 | M84: 6 | N84: 21 | O84: 8 | P84: 5 | Q84: 1
B85: DCleak | C85: 1 | D85: 1 | F85: 2 | G85: 138 | I85: 117 | K85: =G85-I85 -> 21 | M85: 2 | N85: 26 | O85: 5 | P85: 4 | Q85: 5
B86: RDG NHL | C86: 1 | D86: 1 | F86: 1 | G86: 78 | I86: 91 | K86: =G86-I86 -> -13 | M86: 5 | N86: 8 | O86: 2 | P86: 1 | Q86: 1
A87: AP vs ZAPS Game 3 | K87: =G87-I87 -> 0
A88: Zaps MD | B88: x Zeg x | C88: 1 | E88: 1 | G88: 108 | H88: 2 | I88: 155 | K88: =G88-I88 -> -47 | M88: 4 | N88: 17 | O88: 1
B89: Ace B S1entND1 | C89: 1 | E89: 1 | G89: 143 | I89: 112 | K89: =G89-I89 -> 31 | M89: 6 | N89: 18 | O89: 7 | P89: 5 | Q89: 5 | R89: 1
B90: x0 pie x0 | C90: 1 | E90: 1 | F90: 1 | G90: 53 | H90: 1 | I90: 90 | K90: =G90-I90 -> -37 | M90: 5 | N90: 5
B91: The Scet | C91: 1 | E91: 1 | G91: 99 | H91: 1 | I91: 90 | K91: =G91-I91 -> 9 | M91: 2 | N91: 10 | O91: 2 | P91: 1 | Q91: 1
A92: AP 5-1 | K92: =G92-I92 -> 0
A94: GAME 1 | T94: Game 2
A96: W vs ApoPo (5-1) Doer host | C96: Goals | D96: Kills | E96: Assist | F96: Deaths | G96: Time | H96: K-D | I96: K-D/min | J96: Stops | K96: Doubles | L96: Triples | M96: Over+ | N96: Sprees | O96: Exterm | P96: Sword Spree | R96: W vs ApoPo (5-3) Rage host | T96: Goals | U96: Kills | V96: Assist | W96: Deaths | X96: Time | Y96: K-D | Z96: K-D/min | AA96: Stops | AB96: Doubles | AC96: Triples | AD96: Over+ | AE96: Sprees | AF96: Exterm | AG96: Sword Spree
A98: Regresser | C98: 5 | D98: 29 | E98: 1 | F98: 29 | G98: 0.0072106481 | H98: =D98-F98 -> 0 | I98: =H98/(HOUR(G98)*60+(MINUTE(G98)+((SECOND(G98)/60)))) -> 0 | J98: 2 | K98: 3 | L98: 1 | N98: 1 | R98: Regresser | T98: 4 | U98: 29 | W98: 40 | Y98: =U98-W98 -> -11 | Z98: =Y98/(HOUR(X98)*60+(MINUTE(X98)+((SECOND(X98)/60)))) -> #DIV/0! | AA98: 1 | AB98: 2
A99: Sabasauros Rex | D99: 45 | F99: 37 | G99: 0.0072106481 | H99: =D99-F99 -> 8 | I99: =H99/(HOUR(G99)*60+(MINUTE(G99)+((SECOND(G99)/60)))) -> 0.77046549 | J99: 3 | K99: 6 | L99: 2 | M99: 2 | N99: 2 | R99: Sabasauros Rex | U99: 76 | W99: 48 | Y99: =U99-W99 -> 28 | Z99: =Y99/(HOUR(X99)*60+(MINUTE(X99)+((SECOND(X99)/60)))) -> #DIV/0! | AA99: 3 | AB99: 13 | AC99: 2 | AE99: 5
A100: Icey Tanker | D100: 45 | F100: 32 | G100: 0.0072106481 | H100: =D100-F100 -> 13 | I100: =H100/(HOUR(G100)*60+(MINUTE(G100)+((SECOND(G100)/60)))) -> 1.2520064 | K100: 4 | L100: 2 | M100: 1 | N100: 1 | R100: Icey Tanker | T100: 1 | U100: 68 | W100: 46 | Y100: =U100-W100 -> 22 | Z100: =Y100/(HOUR(X100)*60+(MINUTE(X100)+((SECOND(X100)/60)))) -> #DIV/0! | AA100: 1 | AB100: 12 | AC100: 2 | AD100: 1 | AE100: 4
A101: cxrnchip | D101: 39 | F101: 42 | G101: 0.0072106481 | H101: =D101-F101 -> -3 | I101: =H101/(HOUR(G101)*60+(MINUTE(G101)+((SECOND(G101)/60)))) -> -0.28892456 | J101: 2 | K101: 3 | L101: 1 | N101: 1 | P101: 1 | R101: cxrnchip | U101: 53 | W101: 55 | Y101: =U101-W101 -> -2 | Z101: =Y101/(HOUR(X101)*60+(MINUTE(X101)+((SECOND(X101)/60)))) -> #DIV/0! | AA101: 4 | AB101: 4 | AC101: 1
A102: Credit Clown | R102: Credit Clown
A107: L vs ASC (1-5) Doer host | C107: Goals | D107: Kills | E107: Assist | F107: Deaths | G107: Time | H107: K-D | I107: K-D/min | J107: Stops | K107: Doubles | L107: Triples | M107: Over+ | N107: Sprees | O107: Exterm | P107: Sword Spree | R107: L vs Ascended (3-5) Rage host | T107: Goals | U107: Kills | V107: Assist | W107: Deaths | X107: Time | Y107: K-D | Z107: K-D/min | AA107: Stops | AB107: Doubles | AC107: Triples | AD107: Over+ | AE107: Sprees | AF107: Exterm | AG107: Sword Spree
A109: TheAlphaTurtle | C109: 1 | D109: 32 | E109: 1 | F109: 36 | G109: 0.0072106481 | H109: =D109-F109 -> -4 | I109: =H109/(HOUR(G109)*60+(MINUTE(G109)+((SECOND(G109)/60)))) -> -0.38523274 | J109: 1 | K109: 2 | L109: 1 | N109: 3 | R109: TheAlphaTurtle | T109: 2 | U109: 46 | W109: 53 | Y109: =U109-W109 -> -7 | Z109: =Y109/(HOUR(X109)*60+(MINUTE(X109)+((SECOND(X109)/60)))) -> #DIV/0! | AA109: 3 | AB109: 8 | AE109: 1
A110: OverweightGOAT | D110: 44 | F110: 47 | G110: 0.0072106481 | H110: =D110-F110 -> -3 | I110: =H110/(HOUR(G110)*60+(MINUTE(G110)+((SECOND(G110)/60)))) -> -0.28892456 | K110: 9 | L110: 4 | M110: 2 | N110: 1 | O110: 1 | R110: OverweightGOAT | U110: 52 | W110: 71 | Y110: =U110-W110 -> -19 | Z110: =Y110/(HOUR(X110)*60+(MINUTE(X110)+((SECOND(X110)/60)))) -> #DIV/0! | AA110: 5 | AB110: 7 | AC110: 1
...

Sheet Sams Playground
A1: Player | B1: Games | C1: Goals | D1: Kills | E1: Assists | F1: Deaths | G1: Time | H1: K-D | I1: (K-D)/min) | J1: Stops | K1: Doubles | L1: Triples | M1: Over+ | N1: Sprees | O1: Exterm | P1: Sword Spree | Q1: AVG Life | S1: (K+A-D)/Min | T1: (K+A+D)/Min | U1: Player Efficiency | V1: Goals/Game | W1: Stops/Min | X1: Assists/Minute | Y1: HexaS | Z1: Tank Factor | AA1: Runner Factor
A2: DlGITAL PAIN | B2: =Stats!C91 -> 18 | C2: =sum(USA!C3,USA!T3,USA!C11,USA!T11,USA!C19,USA!T19,USA!C27,USA!T27,USA!C35,USA!T35,USA!C43,USA!T43,USA!C51,USA!T51,USA!C59,USA!T59,USA!C67,USA!T67,USA!C75,USA!T75) -> 10 | D2: =sum(USA!D3,USA!U3,USA!D11,USA!U11,USA!D19,USA!U19,USA!D27,USA!U27,USA!D35,USA!U35,USA!D43,USA!U43,USA!D51,USA!U51,USA!D59,USA!U59,USA!D67,USA!U67,USA!D75,USA!U75) -> 2884 | E2: =sum(USA!E3,USA!V3,USA!E11,USA!V11,USA!E19,USA!V19,USA!E27,USA!V27,USA!E35,USA!V35,USA!E43,USA!V43,USA!E51,USA!V51,USA!E59,USA!V59,USA!E67,USA!V67,USA!E75,USA!V75) -> 5 | F2: =sum(USA!F3,USA!W3,USA!F11,USA!W11,USA!F19,USA!W19,USA!F27,USA!W27,USA!F35,USA!W35,USA!F43,USA!W43,USA!F51,USA!W51,USA!F59,USA!W59,USA!F67,USA!W67,USA!F75,USA!W75) -> 2001 | G2: =sum(USA!G3,USA!X3,USA!G11,USA!X11,USA!G19,USA!X19,USA!G27,USA!X27,USA!G35,USA!X35,USA!G43,USA!X43,USA!G51,USA!X51,USA!G59,USA!X59,USA!G67,USA!X67,USA!G75,USA!X75) -> 0.43979167 | H2: =sum(USA!H3,USA!Y3,USA!H11,USA!Y11,USA!H19,USA!Y19,USA!H27,USA!Y27,USA!H35,USA!Y35,USA!H43,USA!Y43,USA!H51,USA!Y51,USA!H59,USA!Y59,USA!H67,USA!Y67,USA!H75,USA!Y75) -> 883 | I2: =H2/(HOUR(G2)*60+(MINUTE(G2)+((SECOND(G2)/60)))) -> 1.3942839 | J2: =sum(USA!J3,USA!AA3,USA!J11,USA!AA11,USA!J19,USA!AA19,USA!J27,USA!AA27,USA!J35,USA!AA35,USA!J43,USA!AA43,USA!J51,USA!AA51,USA!J59,USA!AA59,USA!J67,USA!AA67,USA!J75,USA!AA75) -> 93 | K2: =sum(USA!K3,USA!AB3,USA!K11,USA!AB11,USA!K19,USA!AB19,USA!K27,USA!AB27,USA!K35,USA!AB35,USA!K43,USA!AB43,USA!K51,USA!AB51,USA!K59,USA!AB59,USA!K67,USA!AB67,USA!K75,USA!AB75) -> 511 | L2: =sum(USA!L3,USA!AC3,USA!L11,USA!AC11,USA!L19,USA!AC19,USA!L27,USA!AC27,USA!L35,USA!AC35,USA!L43,USA!AC43,USA!L51,USA!AC51,USA!L59,USA!AC59,USA!L67,USA!AC67,USA!L75,USA!AC75) -> 134 | M2: =sum(USA!M3,USA!AD3,USA!M11,USA!AD11,USA!M19,USA!AD19,USA!M27,USA!AD27,USA!M35,USA!AD35,USA!M43,USA!AD43,USA!M51,USA!AD51,USA!M59,USA!AD59,USA!M67,USA!AD67,USA!M75,USA!AD75) -> 34 | N2: =sum(USA!N3,USA!AE3,USA!N11,USA!AE11,USA!N19,USA!AE19,USA!N27,USA!AE27,USA!N35,USA!AE35,USA!N43,USA!AE43,USA!N51,USA!AE51,USA!N59,USA!AE59,USA!N67,USA!AE67,USA!N75,USA!AE75) -> 129 | O2: =sum(USA!O3,USA!AF3,USA!O11,USA!AF11,USA!O19,USA!AF19,USA!O27,USA!AF27,USA!O35,USA!AF35,USA!O43,USA!AF43,USA!O51,USA!AF51,USA!O59,USA!AF59,USA!O67,USA!AF67,USA!O75,USA!AF75) -> 0 | P2: =sum(USA!P3,USA!AG3,USA!P11,USA!AG11,USA!P19,USA!AG19,USA!P27,USA!AG27,USA!P35,USA!AG35,USA!P43,USA!AG43,USA!P51,USA!AG51,USA!P59,USA!AG59,USA!P67,USA!AG67,USA!P75,USA!AG75) -> 0 | Q2: =G2/F2 -> 0.00021978594 | S2: =(H2+E2)/(HOUR(G2)*60+(MINUTE(G2)+((SECOND(G2)/60)))) -> 1.4021791 | T2: =(D2+E2+F2)/(HOUR(G2)*60+(MINUTE(G2)+((SECOND(G2)/60)))) -> 7.721459 | U2: =(D2+(E2*0.33)+(J2)+(K2*2)+(L2*3)+(M2*4))/(D2+F2) -> 0.92909928 | V2: =C2/B2 -> 0.55555556 | W2: =J2/(HOUR(G2)*60+(MINUTE(G2)+((SECOND(G2)/60)))) -> 0.14684983 | X2: =E2/(HOUR(G2)*60+(MINUTE(G2)+((SECOND(G2)/60)))) -> 0.0078951524 | Y2: =(C2/B2/5)+((D2-F2+J2+K2+L2+M2)/((HOUR(G2)*60)+(MINUTE(G2))+((SECOND(G2)/60)))) -> 2.7244065 | Z2: =Y2-AA2 -> 2.6132954 | AA2: =C2/B2/5 -> 0.11111111
