Workbook

Sheet Team Statistics
C1: Statistics for the Halo Reach Event of DJBluePDX's Grifball Summer Series presented by Dreamhack and powered by PlayGrifball.com
A2: Team | B2: Player | C2: Games | D2: Wins | E2: Minutes | F2: Score | G2: Kills | H2: Assists | I2: Deaths | J2: Spread | K2: K/D Ratio | L2: Average Life | M2: Medals | N2: Medals Recorded? | O2: Minutes | P2: Double Kill | Q2: Triple Kill | R2: Overkill | S2: Killtacular | T2: Killing Spree | U2: Killing Frenzy | V2: Sword Spree | W2: Extermination | X2: Running Riot | Y2: Rampage | Z2: Killtrocity | AA2: Killmanjaro | AB2: Killpocalypse | AC2: Killtastrophe | AD2: Killionaire
A3: Noble Team | B3: TheNobleTV | C3: 5 | D3: =SUM('Game Results'!C56+'Game Results'!C121+'Game Results'!C225+'Game Results'!C282+'Game Results'!C295) -> 3 | E3: =SUM('Game Results'!D56+'Game Results'!D121+'Game Results'!D225+'Game Results'!D282+'Game Results'!D295) -> 118.9 | F3: =SUM('Game Results'!E56+'Game Results'!E121+'Game Results'!E225+'Game Results'!E282+'Game Results'!E295) -> 0 | G3: =SUM('Game Results'!F56+'Game Results'!F121+'Game Results'!F225+'Game Results'!F282+'Game Results'!F295) -> 414 | H3: =SUM('Game Results'!G56+'Game Results'!G121+'Game Results'!G225+'Game Results'!G282+'Game Results'!G295) -> 34 | I3: =SUM('Game Results'!H56+'Game Results'!H121+'Game Results'!H225+'Game Results'!H282+'Game Results'!H295) -> 509 | J3: =SUM('Game Results'!I56+'Game Results'!I121+'Game Results'!I225+'Game Results'!I282+'Game Results'!I295) -> -95 | K3: =SUM(G3/I3) -> 0.81335953 | L3: =SUM((E3*60)/I3) -> 14.015717 | M3: =SUM('Game Results'!L56+'Game Results'!L121+'Game Results'!L225+'Game Results'!L282+'Game Results'!L295) -> 655 | N3: =SUM('Game Results'!M56+'Game Results'!M121+'Game Results'!M225+'Game Results'!M282+'Game Results'!M295) -> 5 | O3: =SUM('Game Results'!N56+'Game Results'!N121+'Game Results'!N225+'Game Results'!N282+'Game Results'!N295) -> 118.9 | P3: =SUM('Game Results'!O56+'Game Results'!O121+'Game Results'!O225+'Game Results'!O282+'Game Results'!O295) -> 52 | Q3: =SUM('Game Results'!P56+'Game Results'!P121+'Game Results'!P225+'Game Results'!P282+'Game Results'!P295) -> 9 | R3: =SUM('Game Results'!Q56+'Game Results'!Q121+'Game Results'!Q225+'Game Results'!Q282+'Game Results'!Q295) -> 3 | S3: =SUM('Game Results'!R56+'Game Results'!R121+'Game Results'!R225+'Game Results'!R282+'Game Results'!R295) -> 0 | T3: =SUM('Game Results'!S56+'Game Results'!S121+'Game Results'!S225+'Game Results'!S282+'Game Results'!S295) -> 2 | ... AD3: =SUM('Game Results'!AC56+'Game Results'!AC121+'Game Results'!AC225+'Game Results'!AC282+'Game Results'!AC295) -> 0
A4: Noble Team | B4: Ace B S1lentND1 | C4: 5 | D4: =SUM('Game Results'!C57+'Game Results'!C122+'Game Results'!C226+'Game Results'!C283+'Game Results'!C296) -> 3 | E4: =SUM('Game Results'!D57+'Game Results'!D122+'Game Results'!D226+'Game Results'!D283+'Game Results'!D296) -> 118.9 | F4: =SUM('Game Results'!E57+'Game Results'!E122+'Game Results'!E226+'Game Results'!E283+'Game Results'!E296) -> 3 | G4: =SUM('Game Results'!F57+'Game Results'!F122+'Game Results'!F226+'Game Results'!F283+'Game Results'!F296) -> 557 | H4: =SUM('Game Results'!G57+'Game Results'!G122+'Game Results'!G226+'Game Results'!G283+'Game Results'!G296) -> 49 | I4: =SUM('Game Results'!H57+'Game Results'!H122+'Game Results'!H226+'Game Results'!H283+'Game Results'!H296) -> 494 | J4: =SUM('Game Results'!I57+'Game Results'!I122+'Game Results'!I226+'Game Results'!I283+'Game Results'!I296) -> 63 | K4: =SUM(G4/I4) -> 1.1275304 | L4: =SUM((E4*60)/I4) -> 14.441296 | M4: =SUM('Game Results'!L57+'Game Results'!L122+'Game Results'!L226+'Game Results'!L283+'Game Results'!L296) -> 958 | N4: =SUM('Game Results'!M57+'Game Results'!M122+'Game Results'!M226+'Game Results'!M283+'Game Results'!M296) -> 5 | O4: =SUM('Game Results'!N57+'Game Results'!N122+'Game Results'!N226+'Game Results'!N283+'Game Results'!N296) -> 118.9 | P4: =SUM('Game Results'!O57+'Game Results'!O122+'Game Results'!O226+'Game Results'!O283+'Game Results'!O296) -> 113 | Q4: =SUM('Game Results'!P57+'Game Results'!P122+'Game Results'!P226+'Game Results'!P283+'Game Results'!P296) -> 22 | R4: =SUM('Game Results'!Q57+'Game Results'!Q122+'Game Results'!Q226+'Game Results'!Q283+'Game Results'!Q296) -> 5 | S4: =SUM('Game Results'!R57+'Game Results'!R122+'Game Results'!R226+'Game Results'!R283+'Game Results'!R296) -> 1 | T4: =SUM('Game Results'!S57+'Game Results'!S122+'Game Results'!S226+'Game Results'!S283+'Game Results'!S296) -> 14 | ... AD4: =SUM('Game Results'!AC57+'Game Results'!AC122+'Game Results'!AC226+'Game Results'!AC283+'Game Results'!AC296) -> 0
A5: Noble Team | B5: DCleak | C5: 5 | D5: =SUM('Game Results'!C58+'Game Results'!C123+'Game Results'!C227+'Game Results'!C284+'Game Results'!C297) -> 3 | E5: =SUM('Game Results'!D58+'Game Results'!D123+'Game Results'!D227+'Game Results'!D284+'Game Results'!D297) -> 118.9 | F5: =SUM('Game Results'!E58+'Game Results'!E123+'Game Results'!E227+'Game Results'!E284+'Game Results'!E297) -> 1 | G5: =SUM('Game Results'!F58+'Game Results'!F123+'Game Results'!F227+'Game Results'!F284+'Game Results'!F297) -> 487 | H5: =SUM('Game Results'!G58+'Game Results'!G123+'Game Results'!G227+'Game Results'!G284+'Game Results'!G297) -> 44 | I5: =SUM('Game Results'!H58+'Game Results'!H123+'Game Results'!H227+'Game Results'!H284+'Game Results'!H297) -> 530 | J5: =SUM('Game Results'!I58+'Game Results'!I123+'Game Results'!I227+'Game Results'!I284+'Game Results'!I297) -> -43 | K5: =SUM(G5/I5) -> 0.91886792 | L5: =SUM((E5*60)/I5) -> 13.460377 | M5: =SUM('Game Results'!L58+'Game Results'!L123+'Game Results'!L227+'Game Results'!L284+'Game Results'!L297) -> 784 | N5: =SUM('Game Results'!M58+'Game Results'!M123+'Game Results'!M227+'Game Results'!M284+'Game Results'!M297) -> 5 | O5: =SUM('Game Results'!N58+'Game Results'!N123+'Game Results'!N227+'Game Results'!N284+'Game Results'!N297) -> 118.9 | P5: =SUM('Game Results'!O58+'Game Results'!O123+'Game Results'!O227+'Game Results'!O284+'Game Results'!O297) -> 80 | Q5: =SUM('Game Results'!P58+'Game Results'!P123+'Game Results'!P227+'Game Results'!P284+'Game Results'!P297) -> 13 | R5: =SUM('Game Results'!Q58+'Game Results'!Q123+'Game Results'!Q227+'Game Results'!Q284+'Game Results'!Q297) -> 1 | S5: =SUM('Game Results'!R58+'Game Results'!R123+'Game Results'!R227+'Game Results'!R284+'Game Results'!R297) -> 0 | T5: =SUM('Game Results'!S58+'Game Results'!S123+'Game Results'!S227+'Game Results'!S284+'Game Results'!S297) -> 2 | ... AD5: =SUM('Game Results'!AC58+'Game Results'!AC123+'Game Results'!AC227+'Game Results'!AC284+'Game Results'!AC297) -> 0
A6: Noble Team | B6: Ouglaf11 | C6: 5 | D6: =SUM('Game Results'!C59+'Game Results'!C124+'Game Results'!C228+'Game Results'!C285+'Game Results'!C298) -> 3 | E6: =SUM('Game Results'!D59+'Game Results'!D124+'Game Results'!D228+'Game Results'!D285+'Game Results'!D298) -> 118.9 | F6: =SUM('Game Results'!E59+'Game Results'!E124+'Game Results'!E228+'Game Results'!E285+'Game Results'!E298) -> 13 | G6: =SUM('Game Results'!F59+'Game Results'!F124+'Game Results'!F228+'Game Results'!F285+'Game Results'!F298) -> 393 | H6: =SUM('Game Results'!G59+'Game Results'!G124+'Game Results'!G228+'Game Results'!G285+'Game Results'!G298) -> 6 | I6: =SUM('Game Results'!H59+'Game Results'!H124+'Game Results'!H228+'Game Results'!H285+'Game Results'!H298) -> 376 | J6: =SUM('Game Results'!I59+'Game Results'!I124+'Game Results'!I228+'Game Results'!I285+'Game Results'!I298) -> 17 | K6: =SUM(G6/I6) -> 1.0452128 | L6: =SUM((E6*60)/I6) -> 18.973404 | M6: =SUM('Game Results'!L59+'Game Results'!L124+'Game Results'!L228+'Game Results'!L285+'Game Results'!L298) -> 636 | N6: =SUM('Game Results'!M59+'Game Results'!M124+'Game Results'!M228+'Game Results'!M285+'Game Results'!M298) -> 5 | O6: =SUM('Game Results'!N59+'Game Results'!N124+'Game Results'!N228+'Game Results'!N285+'Game Results'!N298) -> 118.9 | P6: =SUM('Game Results'!O59+'Game Results'!O124+'Game Results'!O228+'Game Results'!O285+'Game Results'!O298) -> 35 | Q6: =SUM('Game Results'!P59+'Game Results'!P124+'Game Results'!P228+'Game Results'!P285+'Game Results'!P298) -> 7 | R6: =SUM('Game Results'!Q59+'Game Results'!Q124+'Game Results'!Q228+'Game Results'!Q285+'Game Results'!Q298) -> 0 | S6: =SUM('Game Results'!R59+'Game Results'!R124+'Game Results'!R228+'Game Results'!R285+'Game Results'!R298) -> 0 | T6: =SUM('Game Results'!S59+'Game Results'!S124+'Game Results'!S228+'Game Results'!S285+'Game Results'!S298) -> 8 | ... AD6: =SUM('Game Results'!AC59+'Game Results'!AC124+'Game Results'!AC228+'Game Results'!AC285+'Game Results'!AC298) -> 0
A7: Totals: | C7: =SUM(C3:C6)/4 -> 5 | D7: =SUM(D3:D6)/4 -> 3 | E7: =SUM(E3:E6)/4 -> 118.9 | F7: =SUM(F3:F6) -> 17 | G7: =SUM(G3:G6) -> 1851 | H7: =SUM(H3:H6) -> 133 | I7: =SUM(I3:I6) -> 1909 | J7: =SUM(J3:J6) -> -58 | K7: =G7/I7 -> 0.9696176 | L7: =SUM(L3:L6)/4 -> 15.222699 | M7: =SUM(M3:M6) -> 3033 | N7: =SUM(N3:N6) -> 20 | O7: =SUM(O3:O6) -> 475.6 | P7: =SUM(P3:P6) -> 280 | Q7: =SUM(Q3:Q6) -> 51 | R7: =SUM(R3:R6) -> 9 | S7: =SUM(S3:S6) -> 1 | T7: =SUM(T3:T6) -> 26 | ... AD7: =SUM(AD3:AD6) -> 0
A8: Salvatores | B8: ADhillyy | C8: 2 | D8: =SUM('Game Results'!C35+'Game Results'!C74) -> 0 | E8: =SUM('Game Results'!D35+'Game Results'!D74) -> 58.8 | F8: =SUM('Game Results'!E35+'Game Results'!E74) -> 0 | G8: =SUM('Game Results'!F35+'Game Results'!F74) -> 261 | H8: =SUM('Game Results'!G35+'Game Results'!G74) -> 16 | I8: =SUM('Game Results'!H35+'Game Results'!H74) -> 270 | J8: =SUM('Game Results'!I35+'Game Results'!I74) -> -9 | K8: =SUM(G8/I8) -> 0.96666667 | L8: =SUM((E8*60)/I8) -> 13.066667 | M8: =SUM('Game Results'!L35+'Game Results'!L74) -> 403 | N8: =SUM('Game Results'!M35+'Game Results'!M74) -> 2 | O8: =SUM('Game Results'!N35+'Game Results'!N74) -> 58.8 | P8: =SUM('Game Results'!O35+'Game Results'!O74) -> 49 | Q8: =SUM('Game Results'!P35+'Game Results'!P74) -> 7 | R8: =SUM('Game Results'!Q35+'Game Results'!Q74) -> 3 | S8: =SUM('Game Results'!R35+'Game Results'!R74) -> 1 | T8: =SUM('Game Results'!S35+'Game Results'!S74) -> 4 | ... AD8: =SUM('Game Results'!AC35+'Game Results'!AC74) -> 0
A9: Salvatores | B9: Yejis Aegyo | C9: 2 | D9: =SUM('Game Results'!C36+'Game Results'!C75) -> 0 | E9: =SUM('Game Results'!D36+'Game Results'!D75) -> 58.8 | F9: =SUM('Game Results'!E36+'Game Results'!E75) -> 2 | G9: =SUM('Game Results'!F36+'Game Results'!F75) -> 326 | H9: =SUM('Game Results'!G36+'Game Results'!G75) -> 14 | I9: =SUM('Game Results'!H36+'Game Results'!H75) -> 280 | J9: =SUM('Game Results'!I36+'Game Results'!I75) -> 46 | K9: =SUM(G9/I9) -> 1.1642857 | L9: =SUM((E9*60)/I9) -> 12.6 | M9: =SUM('Game Results'!L36+'Game Results'!L75) -> 520 | N9: =SUM('Game Results'!M36+'Game Results'!M75) -> 2 | O9: =SUM('Game Results'!N36+'Game Results'!N75) -> 58.8 | P9: =SUM('Game Results'!O36+'Game Results'!O75) -> 62 | Q9: =SUM('Game Results'!P36+'Game Results'!P75) -> 11 | R9: =SUM('Game Results'!Q36+'Game Results'!Q75) -> 1 | S9: =SUM('Game Results'!R36+'Game Results'!R75) -> 0 | T9: =SUM('Game Results'!S36+'Game Results'!S75) -> 2 | ... AD9: =SUM('Game Results'!AC36+'Game Results'!AC75) -> 0
A10: Salvatores | B10: Myst the Cold | C10: 2 | D10: =SUM('Game Results'!C37+'Game Results'!C76) -> 0 | E10: =SUM('Game Results'!D37+'Game Results'!D76) -> 58.8 | F10: =SUM('Game Results'!E37+'Game Results'!E76) -> 0 | G10: =SUM('Game Results'!F37+'Game Results'!F76) -> 249 | H10: =SUM('Game Results'!G37+'Game Results'!G76) -> 21 | I10: =SUM('Game Results'!H37+'Game Results'!H76) -> 280 | J10: =SUM('Game Results'!I37+'Game Results'!I76) -> -31 | K10: =SUM(G10/I10) -> 0.88928571 | L10: =SUM((E10*60)/I10) -> 12.6 | M10: =SUM('Game Results'!L37+'Game Results'!L76) -> 398 | N10: =SUM('Game Results'!M37+'Game Results'!M76) -> 2 | O10: =SUM('Game Results'!N37+'Game Results'!N76) -> 58.8 | P10: =SUM('Game Results'!O37+'Game Results'!O76) -> 43 | Q10: =SUM('Game Results'!P37+'Game Results'!P76) -> 3 | R10: =SUM('Game Results'!Q37+'Game Results'!Q76) -> 0 | S10: =SUM('Game Results'!R37+'Game Results'!R76) -> 0 | T10: =SUM('Game Results'!S37+'Game Results'!S76) -> 1 | ... AD10: =SUM('Game Results'!AC37+'Game Results'!AC76) -> 0
A11: Salvatores | B11: Beam1N1 | C11: 2 | D11: =SUM('Game Results'!C38+'Game Results'!C77) -> 0 | E11: =SUM('Game Results'!D38+'Game Results'!D77) -> 58.8 | F11: =SUM('Game Results'!E38+'Game Results'!E77) -> 2 | G11: =SUM('Game Results'!F38+'Game Results'!F77) -> 147 | H11: =SUM('Game Results'!G38+'Game Results'!G77) -> 4 | I11: =SUM('Game Results'!H38+'Game Results'!H77) -> 175 | J11: =SUM('Game Results'!I38+'Game Results'!I77) -> -28 | K11: =SUM(G11/I11) -> 0.84 | L11: =SUM((E11*60)/I11) -> 20.16 | M11: =SUM('Game Results'!L38+'Game Results'!L77) -> 225 | N11: =SUM('Game Results'!M38+'Game Results'!M77) -> 2 | O11: =SUM('Game Results'!N38+'Game Results'!N77) -> 58.8 | P11: =SUM('Game Results'!O38+'Game Results'!O77) -> 18 | Q11: =SUM('Game Results'!P38+'Game Results'!P77) -> 5 | R11: =SUM('Game Results'!Q38+'Game Results'!Q77) -> 0 | S11: =SUM('Game Results'!R38+'Game Results'!R77) -> 0 | T11: =SUM('Game Results'!S38+'Game Results'!S77) -> 1 | ... AD11: =SUM('Game Results'!AC38+'Game Results'!AC77) -> 0
A12: Totals: | C12: =SUM(C8:C11)/4 -> 2 | D12: =SUM(D8:D11)/4 -> 0 | E12: =SUM(E8:E11)/4 -> 58.8 | F12: =SUM(F8:F11) -> 4 | G12: =SUM(G8:G11) -> 983 | H12: =SUM(H8:H11) -> 55 | I12: =SUM(I8:I11) -> 1005 | J12: =SUM(J8:J11) -> -22 | K12: =G12/I12 -> 0.97810945 | L12: =SUM(L8:L11)/4 -> 14.606667 | M12: =SUM(M8:M11) -> 1546 | N12: =SUM(N8:N11) -> 8 | O12: =SUM(O8:O11) -> 235.2 | P12: =SUM(P8:P11) -> 172 | Q12: =SUM(Q8:Q11) -> 26 | R12: =SUM(R8:R11) -> 4 | S12: =SUM(S8:S11) -> 1 | T12: =SUM(T8:T11) -> 8 | ... AD12: =SUM(AD8:AD11) -> 0
A13: Goon Squad | B13: MsWolv3rine | C13: 2 | D13: =SUM('Game Results'!C126+'Game Results'!C178) -> 0 | E13: =SUM('Game Results'!D126+'Game Results'!D178) -> 53.2 | F13: =SUM('Game Results'!E126+'Game Results'!E178) -> 1 | G13: =SUM('Game Results'!F126+'Game Results'!F178) -> 185 | H13: =SUM('Game Results'!G126+'Game Results'!G178) -> 12 | I13: =SUM('Game Results'!H126+'Game Results'!H178) -> 238 | J13: =SUM('Game Results'!I126+'Game Results'!I178) -> -53 | K13: =SUM(G13/I13) -> 0.77731092 | L13: =SUM((E13*60)/I13) -> 13.411765 | M13: =SUM('Game Results'!L126+'Game Results'!L178) -> 276 | N13: =SUM('Game Results'!M126+'Game Results'!M178) -> 2 | O13: =SUM('Game Results'!N126+'Game Results'!N178) -> 53.2 | P13: =SUM('Game Results'!O126+'Game Results'!O178) -> 19 | Q13: =SUM('Game Results'!P126+'Game Results'!P178) -> 3 | R13: =SUM('Game Results'!Q126+'Game Results'!Q178) -> 0 | S13: =SUM('Game Results'!R126+'Game Results'!R178) -> 0 | T13: =SUM('Game Results'!S126+'Game Results'!S178) -> 1 | ... AD13: =SUM('Game Results'!AC126+'Game Results'!AC178) -> 0
A14: Goon Squad | B14: AJ DaJuiceMayne | C14: 2 | D14: =SUM('Game Results'!C127+'Game Results'!C179) -> 0 | E14: =SUM('Game Results'!D127+'Game Results'!D179) -> 53.2 | F14: =SUM('Game Results'!E127+'Game Results'!E179) -> 0 | G14: =SUM('Game Results'!F127+'Game Results'!F179) -> 249 | H14: =SUM('Game Results'!G127+'Game Results'!G179) -> 17 | I14: =SUM('Game Results'!H127+'Game Results'!H179) -> 192 | J14: =SUM('Game Results'!I127+'Game Results'!I179) -> 57 | K14: =SUM(G14/I14) -> 1.296875 | L14: =SUM((E14*60)/I14) -> 16.625 | M14: =SUM('Game Results'!L127+'Game Results'!L179) -> 419 | N14: =SUM('Game Results'!M127+'Game Results'!M179) -> 2 | O14: =SUM('Game Results'!N127+'Game Results'!N179) -> 53.2 | P14: =SUM('Game Results'!O127+'Game Results'!O179) -> 49 | Q14: =SUM('Game Results'!P127+'Game Results'!P179) -> 12 | R14: =SUM('Game Results'!Q127+'Game Results'!Q179) -> 3 | S14: =SUM('Game Results'!R127+'Game Results'!R179) -> 0 | T14: =SUM('Game Results'!S127+'Game Results'!S179) -> 6 | ... AD14: =SUM('Game Results'!AC127+'Game Results'!AC179) -> 0
A15: Goon Squad | B15: MysticalNovice | C15: 2 | D15: =SUM('Game Results'!C128+'Game Results'!C180) -> 0 | E15: =SUM('Game Results'!D128+'Game Results'!D180) -> 53.2 | F15: =SUM('Game Results'!E128+'Game Results'!E180) -> 0 | G15: =SUM('Game Results'!F128+'Game Results'!F180) -> 204 | H15: =SUM('Game Results'!G128+'Game Results'!G180) -> 18 | I15: =SUM('Game Results'!H128+'Game Results'!H180) -> 248 | J15: =SUM('Game Results'!I128+'Game Results'!I180) -> -44 | K15: =SUM(G15/I15) -> 0.82258065 | L15: =SUM((E15*60)/I15) -> 12.870968 | M15: =SUM('Game Results'!L128+'Game Results'!L180) -> 306 | N15: =SUM('Game Results'!M128+'Game Results'!M180) -> 2 | O15: =SUM('Game Results'!N128+'Game Results'!N180) -> 53.2 | P15: =SUM('Game Results'!O128+'Game Results'!O180) -> 32 | Q15: =SUM('Game Results'!P128+'Game Results'!P180) -> 2 | R15: =SUM('Game Results'!Q128+'Game Results'!Q180) -> 0 | S15: =SUM('Game Results'!R128+'Game Results'!R180) -> 0 | T15: =SUM('Game Results'!S128+'Game Results'!S180) -> 0 | ... AD15: =SUM('Game Results'!AC128+'Game Results'!AC180) -> 0
A16: Goon Squad | B16: MuNgO PuNgO | C16: 2 | D16: =SUM('Game Results'!C129+'Game Results'!C181) -> 0 | E16: =SUM('Game Results'!D129+'Game Results'!D181) -> 53.2 | F16: =SUM('Game Results'!E129+'Game Results'!E181) -> 1 | G16: =SUM('Game Results'!F129+'Game Results'!F181) -> 130 | H16: =SUM('Game Results'!G129+'Game Results'!G181) -> 8 | I16: =SUM('Game Results'!H129+'Game Results'!H181) -> 162 | J16: =SUM('Game Results'!I129+'Game Results'!I181) -> -32 | K16: =SUM(G16/I16) -> 0.80246914 | L16: =SUM((E16*60)/I16) -> 19.703704 | M16: =SUM('Game Results'!L129+'Game Results'!L181) -> 198 | N16: =SUM('Game Results'!M129+'Game Results'!M181) -> 2 | O16: =SUM('Game Results'!N129+'Game Results'!N181) -> 53.2 | P16: =SUM('Game Results'!O129+'Game Results'!O181) -> 10 | Q16: =SUM('Game Results'!P129+'Game Results'!P181) -> 2 | R16: =SUM('Game Results'!Q129+'Game Results'!Q181) -> 0 | S16: =SUM('Game Results'!R129+'Game Results'!R181) -> 0 | T16: =SUM('Game Results'!S129+'Game Results'!S181) -> 2 | ... AD16: =SUM('Game Results'!AC129+'Game Results'!AC181) -> 0
A17: Totals: | C17: =SUM(C13:C16)/4 -> 2 | D17: =SUM(D13:D16)/4 -> 0 | E17: =SUM(E13:E16)/4 -> 53.2 | F17: =SUM(F13:F16) -> 2 | G17: =SUM(G13:G16) -> 768 | H17: =SUM(H13:H16) -> 55 | I17: =SUM(I13:I16) -> 840 | J17: =SUM(J13:J16) -> -72 | K17: =G17/I17 -> 0.91428571 | L17: =SUM(L13:L16)/4 -> 15.652859 | M17: =SUM(M13:M16) -> 1199 | N17: =SUM(N13:N16) -> 8 | O17: =SUM(O13:O16) -> 212.8 | P17: =SUM(P13:P16) -> 110 | Q17: =SUM(Q13:Q16) -> 19 | R17: =SUM(R13:R16) -> 3 | S17: =SUM(S13:S16) -> 0 | T17: =SUM(T13:T16) -> 9 | ... AD17: =SUM(AD13:AD16) -> 0
A18: BOGO Margs | B18: TommyWstSide | C18: 5 | D18: =SUM('Game Results'!C9+'Game Results'!C173+'Game Results'!C199+'Game Results'!C238+'Game Results'!C269) -> 3 | E18: =SUM('Game Results'!D9+'Game Results'!D173+'Game Results'!D199+'Game Results'!D238+'Game Results'!D269) -> 169.85 | F18: =SUM('Game Results'!E9+'Game Results'!E173+'Game Results'!E199+'Game Results'!E238+'Game Results'!E269) -> 16 | G18: =SUM('Game Results'!F9+'Game Results'!F173+'Game Results'!F199+'Game Results'!F238+'Game Results'!F269) -> 446 | H18: =SUM('Game Results'!G9+'Game Results'!G173+'Game Results'!G199+'Game Results'!G238+'Game Results'!G269) -> 13 | I18: =SUM('Game Results'!H9+'Game Results'!H173+'Game Results'!H199+'Game Results'!H238+'Game Results'!H269) -> 389 | J18: =SUM('Game Results'!I9+'Game Results'!I173+'Game Results'!I199+'Game Results'!I238+'Game Results'!I269) -> 57 | K18: =SUM(G18/I18) -> 1.1465296 | L18: =SUM((E18*60)/I18) -> 26.197943 | M18: =SUM('Game Results'!L9+'Game Results'!L173+'Game Results'!L199+'Game Results'!L238+'Game Results'!L269) -> 693 | N18: =SUM('Game Results'!M9+'Game Results'!M173+'Game Results'!M199+'Game Results'!M238+'Game Results'!M269) -> 5 | O18: =SUM('Game Results'!N9+'Game Results'!N173+'Game Results'!N199+'Game Results'!N238+'Game Results'!N269) -> 169.85 | P18: =SUM('Game Results'!O9+'Game Results'!O173+'Game Results'!O199+'Game Results'!O238+'Game Results'!O269) -> 30 | Q18: =SUM('Game Results'!P9+'Game Results'!P173+'Game Results'!P199+'Game Results'!P238+'Game Results'!P269) -> 2 | R18: =SUM('Game Results'!Q9+'Game Results'!Q173+'Game Results'!Q199+'Game Results'!Q238+'Game Results'!Q269) -> 0 | S18: =SUM('Game Results'!R9+'Game Results'!R173+'Game Results'!R199+'Game Results'!R238+'Game Results'!R269) -> 0 | T18: =SUM('Game Results'!S9+'Game Results'!S173+'Game Results'!S199+'Game Results'!S238+'Game Results'!S269) -> 10 | ... AD18: =SUM('Game Results'!AC9+'Game Results'!AC173+'Game Results'!AC199+'Game Results'!AC238+'Game Results'!AC269) -> 0
A19: BOGO Margs | B19: Judasey | C19: 5 | D19: =SUM('Game Results'!C10+'Game Results'!C174+'Game Results'!C200+'Game Results'!C239+'Game Results'!C270) -> 3 | E19: =SUM('Game Results'!D10+'Game Results'!D174+'Game Results'!D200+'Game Results'!D239+'Game Results'!D270) -> 169.85 | F19: =SUM('Game Results'!E10+'Game Results'!E174+'Game Results'!E200+'Game Results'!E239+'Game Results'!E270) -> 2 | G19: =SUM('Game Results'!F10+'Game Results'!F174+'Game Results'!F200+'Game Results'!F239+'Game Results'!F270) -> 859 | H19: =SUM('Game Results'!G10+'Game Results'!G174+'Game Results'!G200+'Game Results'!G239+'Game Results'!G270) -> 55 | I19: =SUM('Game Results'!H10+'Game Results'!H174+'Game Results'!H200+'Game Results'!H239+'Game Results'!H270) -> 667 | J19: =SUM('Game Results'!I10+'Game Results'!I174+'Game Results'!I200+'Game Results'!I239+'Game Results'!I270) -> 192 | K19: =SUM(G19/I19) -> 1.2878561 | L19: =SUM((E19*60)/I19) -> 15.278861 | M19: =SUM('Game Results'!L10+'Game Results'!L174+'Game Results'!L200+'Game Results'!L239+'Game Results'!L270) -> 1443 | N19: =SUM('Game Results'!M10+'Game Results'!M174+'Game Results'!M200+'Game Results'!M239+'Game Results'!M270) -> 5 | O19: =SUM('Game Results'!N10+'Game Results'!N174+'Game Results'!N200+'Game Results'!N239+'Game Results'!N270) -> 169.85 | P19: =SUM('Game Results'!O10+'Game Results'!O174+'Game Results'!O200+'Game Results'!O239+'Game Results'!O270) -> 185 | Q19: =SUM('Game Results'!P10+'Game Results'!P174+'Game Results'!P200+'Game Results'!P239+'Game Results'!P270) -> 61 | R19: =SUM('Game Results'!Q10+'Game Results'!Q174+'Game Results'!Q200+'Game Results'!Q239+'Game Results'!Q270) -> 16 | S19: =SUM('Game Results'!R10+'Game Results'!R174+'Game Results'!R200+'Game Results'!R239+'Game Results'!R270) -> 3 | T19: =SUM('Game Results'!S10+'Game Results'!S174+'Game Results'!S200+'Game Results'!S239+'Game Results'!S270) -> 23 | ... AD19: =SUM('Game Results'!AC10+'Game Results'!AC174+'Game Results'!AC200+'Game Results'!AC239+'Game Results'!AC270) -> 0
A20: BOGO Margs | B20: ManCanonPls | C20: 5 | D20: =SUM('Game Results'!C11+'Game Results'!C175+'Game Results'!C201+'Game Results'!C240+'Game Results'!C271) -> 3 | E20: =SUM('Game Results'!D11+'Game Results'!D175+'Game Results'!D201+'Game Results'!D240+'Game Results'!D271) -> 169.85 | F20: =SUM('Game Results'!E11+'Game Results'!E175+'Game Results'!E201+'Game Results'!E240+'Game Results'!E271) -> 2 | G20: =SUM('Game Results'!F11+'Game Results'!F175+'Game Results'!F201+'Game Results'!F240+'Game Results'!F271) -> 629 | H20: =SUM('Game Results'!G11+'Game Results'!G175+'Game Results'!G201+'Game Results'!G240+'Game Results'!G271) -> 32 | I20: =SUM('Game Results'!H11+'Game Results'!H175+'Game Results'!H201+'Game Results'!H240+'Game Results'!H271) -> 642 | J20: =SUM('Game Results'!I11+'Game Results'!I175+'Game Results'!I201+'Game Results'!I240+'Game Results'!I271) -> -13 | K20: =SUM(G20/I20) -> 0.97975078 | L20: =SUM((E20*60)/I20) -> 15.873832 | M20: =SUM('Game Results'!L11+'Game Results'!L175+'Game Results'!L201+'Game Results'!L240+'Game Results'!L271) -> 929 | N20: =SUM('Game Results'!M11+'Game Results'!M175+'Game Results'!M201+'Game Results'!M240+'Game Results'!M271) -> 5 | O20: =SUM('Game Results'!N11+'Game Results'!N175+'Game Results'!N201+'Game Results'!N240+'Game Results'!N271) -> 169.85 | P20: =SUM('Game Results'!O11+'Game Results'!O175+'Game Results'!O201+'Game Results'!O240+'Game Results'!O271) -> 95 | Q20: =SUM('Game Results'!P11+'Game Results'!P175+'Game Results'!P201+'Game Results'!P240+'Game Results'!P271) -> 15 | R20: =SUM('Game Results'!Q11+'Game Results'!Q175+'Game Results'!Q201+'Game Results'!Q240+'Game Results'!Q271) -> 2 | S20: =SUM('Game Results'!R11+'Game Results'!R175+'Game Results'!R201+'Game Results'!R240+'Game Results'!R271) -> 0 | T20: =SUM('Game Results'!S11+'Game Results'!S175+'Game Results'!S201+'Game Results'!S240+'Game Results'!S271) -> 3 | ... AD20: =SUM('Game Results'!AC11+'Game Results'!AC175+'Game Results'!AC201+'Game Results'!AC240+'Game Results'!AC271) -> 0
A21: BOGO Margs | B21: MoldyVolts | C21: 5 | D21: =SUM('Game Results'!C12+'Game Results'!C176+'Game Results'!C202+'Game Results'!C241+'Game Results'!C272) -> 3 | E21: =SUM('Game Results'!D12+'Game Results'!D176+'Game Results'!D202+'Game Results'!D241+'Game Results'!D272) -> 169.85 | F21: =SUM('Game Results'!E12+'Game Results'!E176+'Game Results'!E202+'Game Results'!E241+'Game Results'!E272) -> 2 | G21: =SUM('Game Results'!F12+'Game Results'!F176+'Game Results'!F202+'Game Results'!F241+'Game Results'!F272) -> 651 | H21: =SUM('Game Results'!G12+'Game Results'!G176+'Game Results'!G202+'Game Results'!G241+'Game Results'!G272) -> 52 | I21: =SUM('Game Results'!H12+'Game Results'!H176+'Game Results'!H202+'Game Results'!H241+'Game Results'!H272) -> 657 | J21: =SUM('Game Results'!I12+'Game Results'!I176+'Game Results'!I202+'Game Results'!I241+'Game Results'!I272) -> -6 | K21: =SUM(G21/I21) -> 0.99086758 | L21: =SUM((E21*60)/I21) -> 15.511416 | M21: =SUM('Game Results'!L12+'Game Results'!L176+'Game Results'!L202+'Game Results'!L241+'Game Results'!L272) -> 1055 | N21: =SUM('Game Results'!M12+'Game Results'!M176+'Game Results'!M202+'Game Results'!M241+'Game Results'!M272) -> 5 | O21: =SUM('Game Results'!N12+'Game Results'!N176+'Game Results'!N202+'Game Results'!N241+'Game Results'!N272) -> 169.85 | P21: =SUM('Game Results'!O12+'Game Results'!O176+'Game Results'!O202+'Game Results'!O241+'Game Results'!O272) -> 106 | Q21: =SUM('Game Results'!P12+'Game Results'!P176+'Game Results'!P202+'Game Results'!P241+'Game Results'!P272) -> 19 | R21: =SUM('Game Results'!Q12+'Game Results'!Q176+'Game Results'!Q202+'Game Results'!Q241+'Game Results'!Q272) -> 2 | S21: =SUM('Game Results'!R12+'Game Results'!R176+'Game Results'!R202+'Game Results'!R241+'Game Results'!R272) -> 1 | T21: =SUM('Game Results'!S12+'Game Results'!S176+'Game Results'!S202+'Game Results'!S241+'Game Results'!S272) -> 9 | ... AD21: =SUM('Game Results'!AC12+'Game Results'!AC176+'Game Results'!AC202+'Game Results'!AC241+'Game Results'!AC272) -> 0
A22: Totals: | C22: =SUM(C18:C21)/4 -> 5 | D22: =SUM(D18:D21)/4 -> 3 | E22: =SUM(E18:E21)/4 -> 169.85 | F22: =SUM(F18:F21) -> 22 | G22: =SUM(G18:G21) -> 2585 | H22: =SUM(H18:H21) -> 152 | I22: =SUM(I18:I21) -> 2355 | J22: =SUM(J18:J21) -> 230 | K22: =G22/I22 -> 1.0976645 | L22: =SUM(L18:L21)/4 -> 18.215513 | M22: =SUM(M18:M21) -> 4120 | N22: =SUM(N18:N21) -> 20 | O22: =SUM(O18:O21) -> 679.4 | P22: =SUM(P18:P21) -> 416 | Q22: =SUM(Q18:Q21) -> 97 | R22: =SUM(R18:R21) -> 20 | S22: =SUM(S18:S21) -> 4 | T22: =SUM(T18:T21) -> 45 | ... AD22: =SUM(AD18:AD21) -> 0
A23: Minor Threat | B23: Dat Twinkie | C23: 2 | D23: =SUM('Game Results'!C48+'Game Results'!C152) -> 0 | E23: =SUM('Game Results'!D48+'Game Results'!D152) -> 82.7 | F23: =SUM('Game Results'!E48+'Game Results'!E152) -> 0 | G23: =SUM('Game Results'!F48+'Game Results'!F152) -> 399 | H23: =SUM('Game Results'!G48+'Game Results'!G152) -> 33 | I23: =SUM('Game Results'!H48+'Game Results'!H152) -> 411 | J23: =SUM('Game Results'!I48+'Game Results'!I152) -> -12 | K23: =SUM(G23/I23) -> 0.97080292 | L23: =SUM((E23*60)/I23) -> 12.072993 | M23: =SUM('Game Results'!L48+'Game Results'!L152) -> 634 | N23: =SUM('Game Results'!M48+'Game Results'!M152) -> 2 | O23: =SUM('Game Results'!N48+'Game Results'!N152) -> 82.7 | P23: =SUM('Game Results'!O48+'Game Results'!O152) -> 54 | Q23: =SUM('Game Results'!P48+'Game Results'!P152) -> 20 | R23: =SUM('Game Results'!Q48+'Game Results'!Q152) -> 4 | S23: =SUM('Game Results'!R48+'Game Results'!R152) -> 2 | T23: =SUM('Game Results'!S48+'Game Results'!S152) -> 3 | ... AD23: =SUM('Game Results'!AC48+'Game Results'!AC152) -> 0
A24: Minor Threat | B24: cxrnchip | C24: 2 | D24: =SUM('Game Results'!C49+'Game Results'!C153) -> 0 | E24: =SUM('Game Results'!D49+'Game Results'!D153) -> 86.166667 | F24: =SUM('Game Results'!E49+'Game Results'!E153) -> 0 | G24: =SUM('Game Results'!F49+'Game Results'!F153) -> 339 | H24: =SUM('Game Results'!G49+'Game Results'!G153) -> 26 | I24: =SUM('Game Results'!H49+'Game Results'!H153) -> 271 | J24: =SUM('Game Results'!I49+'Game Results'!I153) -> 68 | K24: =SUM(G24/I24) -> 1.2509225 | L24: =SUM((E24*60)/I24) -> 19.077491 | M24: =SUM('Game Results'!L49+'Game Results'!L153) -> 557 | N24: =SUM('Game Results'!M49+'Game Results'!M153) -> 2 | O24: =SUM('Game Results'!N49+'Game Results'!N153) -> 86.166667 | P24: =SUM('Game Results'!O49+'Game Results'!O153) -> 51 | Q24: =SUM('Game Results'!P49+'Game Results'!P153) -> 6 | R24: =SUM('Game Results'!Q49+'Game Results'!Q153) -> 0 | S24: =SUM('Game Results'!R49+'Game Results'!R153) -> 0 | T24: =SUM('Game Results'!S49+'Game Results'!S153) -> 2 | ... AD24: =SUM('Game Results'!AC49+'Game Results'!AC153) -> 0
A25: Minor Threat | B25: Doerstopper | C25: 2 | D25: =SUM('Game Results'!C50+'Game Results'!C154) -> 0 | E25: =SUM('Game Results'!D50+'Game Results'!D154) -> 85.4 | F25: =SUM('Game Results'!E50+'Game Results'!E154) -> 3 | G25: =SUM('Game Results'!F50+'Game Results'!F154) -> 197 | H25: =SUM('Game Results'!G50+'Game Results'!G154) -> 11 | I25: =SUM('Game Results'!H50+'Game Results'!H154) -> 302 | J25: =SUM('Game Results'!I50+'Game Results'!I154) -> -105 | K25: =SUM(G25/I25) -> 0.65231788 | L25: =SUM((E25*60)/I25) -> 16.966887 | M25: =SUM('Game Results'!L50+'Game Results'!L154) -> 307 | N25: =SUM('Game Results'!M50+'Game Results'!M154) -> 2 | O25: =SUM('Game Results'!N50+'Game Results'!N154) -> 85.4 | P25: =SUM('Game Results'!O50+'Game Results'!O154) -> 20 | Q25: =SUM('Game Results'!P50+'Game Results'!P154) -> 2 | R25: =SUM('Game Results'!Q50+'Game Results'!Q154) -> 0 | S25: =SUM('Game Results'!R50+'Game Results'!R154) -> 0 | T25: =SUM('Game Results'!S50+'Game Results'!S154) -> 1 | ... AD25: =SUM('Game Results'!AC50+'Game Results'!AC154) -> 0
A26: Minor Threat | B26: You heard of us | C26: 2 | D26: =SUM('Game Results'!C51+'Game Results'!C155) -> 0 | E26: =SUM('Game Results'!D51+'Game Results'!D155) -> 83.45 | F26: =SUM('Game Results'!E51+'Game Results'!E155) -> 0 | G26: =SUM('Game Results'!F51+'Game Results'!F155) -> 342 | H26: =SUM('Game Results'!G51+'Game Results'!G155) -> 20 | I26: =SUM('Game Results'!H51+'Game Results'!H155) -> 423 | J26: =SUM('Game Results'!I51+'Game Results'!I155) -> -81 | K26: =SUM(G26/I26) -> 0.80851064 | L26: =SUM((E26*60)/I26) -> 11.836879 | M26: =SUM('Game Results'!L51+'Game Results'!L155) -> 528 | N26: =SUM('Game Results'!M51+'Game Results'!M155) -> 2 | O26: =SUM('Game Results'!N51+'Game Results'!N155) -> 83.45 | P26: =SUM('Game Results'!O51+'Game Results'!O155) -> 52 | Q26: =SUM('Game Results'!P51+'Game Results'!P155) -> 9 | R26: =SUM('Game Results'!Q51+'Game Results'!Q155) -> 1 | S26: =SUM('Game Results'!R51+'Game Results'!R155) -> 0 | T26: =SUM('Game Results'!S51+'Game Results'!S155) -> 1 | ... AD26: =SUM('Game Results'!AC51+'Game Results'!AC155) -> 0
A27: Totals: | C27: =SUM(C23:C26)/4 -> 2 | D27: =SUM(D23:D26)/4 -> 0 | E27: =SUM(E23:E26)/4 -> 84.429167 | F27: =SUM(F23:F26) -> 3 | G27: =SUM(G23:G26) -> 1277 | H27: =SUM(H23:H26) -> 90 | I27: =SUM(I23:I26) -> 1407 | J27: =SUM(J23:J26) -> -130 | K27: =G27/I27 -> 0.90760483 | L27: =SUM(L23:L26)/4 -> 14.988563 | M27: =SUM(M23:M26) -> 2026 | N27: =SUM(N23:N26) -> 8 | O27: =SUM(O23:O26) -> 337.71667 | P27: =SUM(P23:P26) -> 177 | Q27: =SUM(Q23:Q26) -> 37 | R27: =SUM(R23:R26) -> 5 | S27: =SUM(S23:S26) -> 2 | T27: =SUM(T23:T26) -> 7 | ... AD27: =SUM(AD23:AD26) -> 0
A28: Eurostars | B28: CaptainSev004 | C28: 4 | D28: =SUM('Game Results'!C17+'Game Results'!C100+'Game Results'!C147+'Game Results'!C191) -> 2 | E28: =SUM('Game Results'!D17+'Game Results'!D100+'Game Results'!D147+'Game Results'!D191) -> 206.9 | F28: =SUM('Game Results'!E17+'Game Results'!E100+'Game Results'!E147+'Game Results'!E191) -> 2 | G28: =SUM('Game Results'!F17+'Game Results'!F100+'Game Results'!F147+'Game Results'!F191) -> 787 | H28: =SUM('Game Results'!G17+'Game Results'!G100+'Game Results'!G147+'Game Results'!G191) -> 34 | I28: =SUM('Game Results'!H17+'Game Results'!H100+'Game Results'!H147+'Game Results'!H191) -> 842 | J28: =SUM('Game Results'!I17+'Game Results'!I100+'Game Results'!I147+'Game Results'!I191) -> -55 | K28: =SUM(G28/I28) -> 0.93467933 | L28: =SUM((E28*60)/I28) -> 14.743468 | M28: =SUM('Game Results'!L17+'Game Results'!L100+'Game Results'!L147+'Game Results'!L191) -> 1137 | N28: =SUM('Game Results'!M17+'Game Results'!M100+'Game Results'!M147+'Game Results'!M191) -> 4 | O28: =SUM('Game Results'!N17+'Game Results'!N100+'Game Results'!N147+'Game Results'!N191) -> 206.9 | P28: =SUM('Game Results'!O17+'Game Results'!O100+'Game Results'!O147+'Game Results'!O191) -> 96 | Q28: =SUM('Game Results'!P17+'Game Results'!P100+'Game Results'!P147+'Game Results'!P191) -> 16 | R28: =SUM('Game Results'!Q17+'Game Results'!Q100+'Game Results'!Q147+'Game Results'!Q191) -> 3 | S28: =SUM('Game Results'!R17+'Game Results'!R100+'Game Results'!R147+'Game Results'!R191) -> 0 | T28: =SUM('Game Results'!S17+'Game Results'!S100+'Game Results'!S147+'Game Results'!S191) -> 5 | ... AD28: =SUM('Game Results'!AC17+'Game Results'!AC100+'Game Results'!AC147+'Game Results'!AC191) -> 0
A29: Eurostars | B29: oDhmon | C29: 4 | D29: =SUM('Game Results'!C18+'Game Results'!C101+'Game Results'!C148+'Game Results'!C192) -> 2 | E29: =SUM('Game Results'!D18+'Game Results'!D101+'Game Results'!D148+'Game Results'!D192) -> 206.9 | F29: =SUM('Game Results'!E18+'Game Results'!E101+'Game Results'!E148+'Game Results'!E192) -> 4 | G29: =SUM('Game Results'!F18+'Game Results'!F101+'Game Results'!F148+'Game Results'!F192) -> 938 | H29: =SUM('Game Results'!G18+'Game Results'!G101+'Game Results'!G148+'Game Results'!G192) -> 65 | I29: =SUM('Game Results'!H18+'Game Results'!H101+'Game Results'!H148+'Game Results'!H192) -> 765 | J29: =SUM('Game Results'!I18+'Game Results'!I101+'Game Results'!I148+'Game Results'!I192) -> 173 | K29: =SUM(G29/I29) -> 1.2261438 | L29: =SUM((E29*60)/I29) -> 16.227451 | M29: =SUM('Game Results'!L18+'Game Results'!L101+'Game Results'!L148+'Game Results'!L192) -> 1511 | N29: =SUM('Game Results'!M18+'Game Results'!M101+'Game Results'!M148+'Game Results'!M192) -> 4 | O29: =SUM('Game Results'!N18+'Game Results'!N101+'Game Results'!N148+'Game Results'!N192) -> 206.9 | P29: =SUM('Game Results'!O18+'Game Results'!O101+'Game Results'!O148+'Game Results'!O192) -> 152 | Q29: =SUM('Game Results'!P18+'Game Results'!P101+'Game Results'!P148+'Game Results'!P192) -> 35 | R29: =SUM('Game Results'!Q18+'Game Results'!Q101+'Game Results'!Q148+'Game Results'!Q192) -> 8 | S29: =SUM('Game Results'!R18+'Game Results'!R101+'Game Results'!R148+'Game Results'!R192) -> 0 | T29: =SUM('Game Results'!S18+'Game Results'!S101+'Game Results'!S148+'Game Results'!S192) -> 23 | ... AD29: =SUM('Game Results'!AC18+'Game Results'!AC101+'Game Results'!AC148+'Game Results'!AC192) -> 0
A30: Eurostars | B30: SlMQ | C30: 4 | D30: =SUM('Game Results'!C19+'Game Results'!C102+'Game Results'!C149+'Game Results'!C193) -> 2 | E30: =SUM('Game Results'!D19+'Game Results'!D102+'Game Results'!D149+'Game Results'!D193) -> 206.9 | F30: =SUM('Game Results'!E19+'Game Results'!E102+'Game Results'!E149+'Game Results'!E193) -> 2 | G30: =SUM('Game Results'!F19+'Game Results'!F102+'Game Results'!F149+'Game Results'!F193) -> 756 | H30: =SUM('Game Results'!G19+'Game Results'!G102+'Game Results'!G149+'Game Results'!G193) -> 68 | I30: =SUM('Game Results'!H19+'Game Results'!H102+'Game Results'!H149+'Game Results'!H193) -> 793 | J30: =SUM('Game Results'!I19+'Game Results'!I102+'Game Results'!I149+'Game Results'!I193) -> -37 | K30: =SUM(G30/I30) -> 0.95334174 | L30: =SUM((E30*60)/I30) -> 15.654477 | M30: =SUM('Game Results'!L19+'Game Results'!L102+'Game Results'!L149+'Game Results'!L193) -> 1149 | N30: =SUM('Game Results'!M19+'Game Results'!M102+'Game Results'!M149+'Game Results'!M193) -> 4 | O30: =SUM('Game Results'!N19+'Game Results'!N102+'Game Results'!N149+'Game Results'!N193) -> 206.9 | P30: =SUM('Game Results'!O19+'Game Results'!O102+'Game Results'!O149+'Game Results'!O193) -> 98 | Q30: =SUM('Game Results'!P19+'Game Results'!P102+'Game Results'!P149+'Game Results'!P193) -> 13 | R30: =SUM('Game Results'!Q19+'Game Results'!Q102+'Game Results'!Q149+'Game Results'!Q193) -> 2 | S30: =SUM('Game Results'!R19+'Game Results'!R102+'Game Results'!R149+'Game Results'!R193) -> 2 | T30: =SUM('Game Results'!S19+'Game Results'!S102+'Game Results'!S149+'Game Results'!S193) -> 6 | ... AD30: =SUM('Game Results'!AC19+'Game Results'!AC102+'Game Results'!AC149+'Game Results'!AC193) -> 0
A31: Eurostars | B31: AwareMosquito | C31: 4 | D31: =SUM('Game Results'!C20+'Game Results'!C103+'Game Results'!C150+'Game Results'!C194) -> 2 | E31: =SUM('Game Results'!D20+'Game Results'!D103+'Game Results'!D150+'Game Results'!D194) -> 206.9 | F31: =SUM('Game Results'!E20+'Game Results'!E103+'Game Results'!E150+'Game Results'!E194) -> 7 | G31: =SUM('Game Results'!F20+'Game Results'!F103+'Game Results'!F150+'Game Results'!F194) -> 593 | H31: =SUM('Game Results'!G20+'Game Results'!G103+'Game Results'!G150+'Game Results'!G194) -> 8 | I31: =SUM('Game Results'!H20+'Game Results'!H103+'Game Results'!H150+'Game Results'!H194) -> 617 | J31: =SUM('Game Results'!I20+'Game Results'!I103+'Game Results'!I150+'Game Results'!I194) -> -24 | K31: =SUM(G31/I31) -> 0.96110211 | L31: =SUM((E31*60)/I31) -> 20.119935 | M31: =SUM('Game Results'!L20+'Game Results'!L103+'Game Results'!L150+'Game Results'!L194) -> 813 | N31: =SUM('Game Results'!M20+'Game Results'!M103+'Game Results'!M150+'Game Results'!M194) -> 4 | O31: =SUM('Game Results'!N20+'Game Results'!N103+'Game Results'!N150+'Game Results'!N194) -> 206.9 | P31: =SUM('Game Results'!O20+'Game Results'!O103+'Game Results'!O150+'Game Results'!O194) -> 54 | Q31: =SUM('Game Results'!P20+'Game Results'!P103+'Game Results'!P150+'Game Results'!P194) -> 6 | R31: =SUM('Game Results'!Q20+'Game Results'!Q103+'Game Results'!Q150+'Game Results'!Q194) -> 1 | S31: =SUM('Game Results'!R20+'Game Results'!R103+'Game Results'!R150+'Game Results'!R194) -> 1 | T31: =SUM('Game Results'!S20+'Game Results'!S103+'Game Results'!S150+'Game Results'!S194) -> 4 | ... AD31: =SUM('Game Results'!AC20+'Game Results'!AC103+'Game Results'!AC150+'Game Results'!AC194) -> 0
A32: Totals: | C32: =SUM(C28:C31)/4 -> 4 | D32: =SUM(D28:D31)/4 -> 2 | E32: =SUM(E28:E31)/4 -> 206.9 | F32: =SUM(F28:F31) -> 15 | G32: =SUM(G28:G31) -> 3074 | H32: =SUM(H28:H31) -> 175 | I32: =SUM(I28:I31) -> 3017 | J32: =SUM(J28:J31) -> 57 | K32: =G32/I32 -> 1.0188929 | L32: =SUM(L28:L31)/4 -> 16.686333 | M32: =SUM(M28:M31) -> 4610 | N32: =SUM(N28:N31) -> 16 | O32: =SUM(O28:O31) -> 827.6 | P32: =SUM(P28:P31) -> 400 | Q32: =SUM(Q28:Q31) -> 70 | R32: =SUM(R28:R31) -> 14 | S32: =SUM(S28:S31) -> 3 | T32: =SUM(T28:T31) -> 38 | ... AD32: =SUM(AD28:AD31) -> 0
A33: Spam Folder | B33: ixjaga | C33: 8 | D33: =SUM('Game Results'!C4+'Game Results'!C87+'Game Results'!C134+'Game Results'!C186+'Game Results'!C251+'Game Results'!C264+'Game Results'!C290+'Game Results'!C308) -> 6 | E33: =SUM('Game Results'!D4+'Game Results'!D87+'Game Results'!D134+'Game Results'!D186+'Game Results'!D251+'Game Results'!D264+'Game Results'!D290+'Game Results'!D308) -> 282 | F33: =SUM('Game Results'!E4+'Game Results'!E87+'Game Results'!E134+'Game Results'!E186+'Game Results'!E251+'Game Results'!E264+'Game Results'!E290+'Game Results'!E308) -> 3 | G33: =SUM('Game Results'!F4+'Game Results'!F87+'Game Results'!F134+'Game Results'!F186+'Game Results'!F251+'Game Results'!F264+'Game Results'!F290+'Game Results'!F308) -> 1128 | H33: =SUM('Game Results'!G4+'Game Results'!G87+'Game Results'!G134+'Game Results'!G186+'Game Results'!G251+'Game Results'!G264+'Game Results'!G290+'Game Results'!G308) -> 83 | I33: =SUM('Game Results'!H4+'Game Results'!H87+'Game Results'!H134+'Game Results'!H186+'Game Results'!H251+'Game Results'!H264+'Game Results'!H290+'Game Results'!H308) -> 1144 | J33: =SUM('Game Results'!I4+'Game Results'!I87+'Game Results'!I134+'Game Results'!I186+'Game Results'!I251+'Game Results'!I264+'Game Results'!I290+'Game Results'!I308) -> -16 | K33: =SUM(G33/I33) -> 0.98601399 | L33: =SUM((E33*60)/I33) -> 14.79021 | M33: =SUM('Game Results'!L4+'Game Results'!L87+'Game Results'!L134+'Game Results'!L186+'Game Results'!L251+'Game Results'!L264+'Game Results'!L290+'Game Results'!L308) -> 1777 | N33: =SUM('Game Results'!M4+'Game Results'!M87+'Game Results'!M134+'Game Results'!M186+'Game Results'!M251+'Game Results'!M264+'Game Results'!M290+'Game Results'!M308) -> 8 | O33: =SUM('Game Results'!N4+'Game Results'!N87+'Game Results'!N134+'Game Results'!N186+'Game Results'!N251+'Game Results'!N264+'Game Results'!N290+'Game Results'!N308) -> 282 | P33: =SUM('Game Results'!O4+'Game Results'!O87+'Game Results'!O134+'Game Results'!O186+'Game Results'!O251+'Game Results'!O264+'Game Results'!O290+'Game Results'!O308) -> 160 | Q33: =SUM('Game Results'!P4+'Game Results'!P87+'Game Results'!P134+'Game Results'!P186+'Game Results'!P251+'Game Results'!P264+'Game Results'!P290+'Game Results'!P308) -> 16 | R33: =SUM('Game Results'!Q4+'Game Results'!Q87+'Game Results'!Q134+'Game Results'!Q186+'Game Results'!Q251+'Game Results'!Q264+'Game Results'!Q290+'Game Results'!Q308) -> 1 | S33: =SUM('Game Results'!R4+'Game Results'!R87+'Game Results'!R134+'Game Results'!R186+'Game Results'!R251+'Game Results'!R264+'Game Results'!R290+'Game Results'!R308) -> 1 | T33: =SUM('Game Results'!S4+'Game Results'!S87+'Game Results'!S134+'Game Results'!S186+'Game Results'!S251+'Game Results'!S264+'Game Results'!S290+'Game Results'!S308) -> 13 | ... AD33: =SUM('Game Results'!AC4+'Game Results'!AC87+'Game Results'!AC134+'Game Results'!AC186+'Game Results'!AC251+'Game Results'!AC264+'Game Results'!AC290+'Game Results'!AC308) -> 0
A34: Spam Folder | B34: Icey Tanker | C34: 8 | D34: =SUM('Game Results'!C5+'Game Results'!C88+'Game Results'!C135+'Game Results'!C187+'Game Results'!C252+'Game Results'!C265+'Game Results'!C291+'Game Results'!C309) -> 6 | E34: =SUM('Game Results'!D5+'Game Results'!D88+'Game Results'!D135+'Game Results'!D187+'Game Results'!D252+'Game Results'!D265+'Game Results'!D291+'Game Results'!D309) -> 282 | F34: =SUM('Game Results'!E5+'Game Results'!E88+'Game Results'!E135+'Game Results'!E187+'Game Results'!E252+'Game Results'!E265+'Game Results'!E291+'Game Results'!E309) -> 9 | G34: =SUM('Game Results'!F5+'Game Results'!F88+'Game Results'!F135+'Game Results'!F187+'Game Results'!F252+'Game Results'!F265+'Game Results'!F291+'Game Results'!F309) -> 1227 | H34: =SUM('Game Results'!G5+'Game Results'!G88+'Game Results'!G135+'Game Results'!G187+'Game Results'!G252+'Game Results'!G265+'Game Results'!G291+'Game Results'!G309) -> 65 | I34: =SUM('Game Results'!H5+'Game Results'!H88+'Game Results'!H135+'Game Results'!H187+'Game Results'!H252+'Game Results'!H265+'Game Results'!H291+'Game Results'!H309) -> 928 | J34: =SUM('Game Results'!I5+'Game Results'!I88+'Game Results'!I135+'Game Results'!I187+'Game Results'!I252+'Game Results'!I265+'Game Results'!I291+'Game Results'!I309) -> 299 | K34: =SUM(G34/I34) -> 1.3221983 | L34: =SUM((E34*60)/I34) -> 18.232759 | M34: =SUM('Game Results'!L5+'Game Results'!L88+'Game Results'!L135+'Game Results'!L187+'Game Results'!L252+'Game Results'!L265+'Game Results'!L291+'Game Results'!L309) -> 2057 | N34: =SUM('Game Results'!M5+'Game Results'!M88+'Game Results'!M135+'Game Results'!M187+'Game Results'!M252+'Game Results'!M265+'Game Results'!M291+'Game Results'!M309) -> 8 | O34: =SUM('Game Results'!N5+'Game Results'!N88+'Game Results'!N135+'Game Results'!N187+'Game Results'!N252+'Game Results'!N265+'Game Results'!N291+'Game Results'!N309) -> 282 | P34: =SUM('Game Results'!O5+'Game Results'!O88+'Game Results'!O135+'Game Results'!O187+'Game Results'!O252+'Game Results'!O265+'Game Results'!O291+'Game Results'!O309) -> 223 | Q34: =SUM('Game Results'!P5+'Game Results'!P88+'Game Results'!P135+'Game Results'!P187+'Game Results'!P252+'Game Results'!P265+'Game Results'!P291+'Game Results'!P309) -> 65 | R34: =SUM('Game Results'!Q5+'Game Results'!Q88+'Game Results'!Q135+'Game Results'!Q187+'Game Results'!Q252+'Game Results'!Q265+'Game Results'!Q291+'Game Results'!Q309) -> 16 | S34: =SUM('Game Results'!R5+'Game Results'!R88+'Game Results'!R135+'Game Results'!R187+'Game Results'!R252+'Game Results'!R265+'Game Results'!R291+'Game Results'!R309) -> 4 | T34: =SUM('Game Results'!S5+'Game Results'!S88+'Game Results'!S135+'Game Results'!S187+'Game Results'!S252+'Game Results'!S265+'Game Results'!S291+'Game Results'!S309) -> 33 | ... AD34: =SUM('Game Results'!AC5+'Game Results'!AC88+'Game Results'!AC135+'Game Results'!AC187+'Game Results'!AC252+'Game Results'!AC265+'Game Results'!AC291+'Game Results'!AC309) -> 0
A35: Spam Folder | B35: Grunt Padre | C35: 8 | D35: =SUM('Game Results'!C6+'Game Results'!C89+'Game Results'!C136+'Game Results'!C188+'Game Results'!C253+'Game Results'!C266+'Game Results'!C292+'Game Results'!C310) -> 6 | E35: =SUM('Game Results'!D6+'Game Results'!D89+'Game Results'!D136+'Game Results'!D188+'Game Results'!D253+'Game Results'!D266+'Game Results'!D292+'Game Results'!D310) -> 282 | F35: =SUM('Game Results'!E6+'Game Results'!E89+'Game Results'!E136+'Game Results'!E188+'Game Results'!E253+'Game Results'!E266+'Game Results'!E292+'Game Results'!E310) -> 2 | G35: =SUM('Game Results'!F6+'Game Results'!F89+'Game Results'!F136+'Game Results'!F188+'Game Results'!F253+'Game Results'!F266+'Game Results'!F292+'Game Results'!F310) -> 1096 | H35: =SUM('Game Results'!G6+'Game Results'!G89+'Game Results'!G136+'Game Results'!G188+'Game Results'!G253+'Game Results'!G266+'Game Results'!G292+'Game Results'!G310) -> 77 | I35: =SUM('Game Results'!H6+'Game Results'!H89+'Game Results'!H136+'Game Results'!H188+'Game Results'!H253+'Game Results'!H266+'Game Results'!H292+'Game Results'!H310) -> 1360 | J35: =SUM('Game Results'!I6+'Game Results'!I89+'Game Results'!I136+'Game Results'!I188+'Game Results'!I253+'Game Results'!I266+'Game Results'!I292+'Game Results'!I310) -> -264 | K35: =SUM(G35/I35) -> 0.80588235 | L35: =SUM((E35*60)/I35) -> 12.441176 | M35: =SUM('Game Results'!L6+'Game Results'!L89+'Game Results'!L136+'Game Results'!L188+'Game Results'!L253+'Game Results'!L266+'Game Results'!L292+'Game Results'!L310) -> 1732 | N35: =SUM('Game Results'!M6+'Game Results'!M89+'Game Results'!M136+'Game Results'!M188+'Game Results'!M253+'Game Results'!M266+'Game Results'!M292+'Game Results'!M310) -> 8 | O35: =SUM('Game Results'!N6+'Game Results'!N89+'Game Results'!N136+'Game Results'!N188+'Game Results'!N253+'Game Results'!N266+'Game Results'!N292+'Game Results'!N310) -> 282 | P35: =SUM('Game Results'!O6+'Game Results'!O89+'Game Results'!O136+'Game Results'!O188+'Game Results'!O253+'Game Results'!O266+'Game Results'!O292+'Game Results'!O310) -> 185 | Q35: =SUM('Game Results'!P6+'Game Results'!P89+'Game Results'!P136+'Game Results'!P188+'Game Results'!P253+'Game Results'!P266+'Game Results'!P292+'Game Results'!P310) -> 35 | R35: =SUM('Game Results'!Q6+'Game Results'!Q89+'Game Results'!Q136+'Game Results'!Q188+'Game Results'!Q253+'Game Results'!Q266+'Game Results'!Q292+'Game Results'!Q310) -> 8 | S35: =SUM('Game Results'!R6+'Game Results'!R89+'Game Results'!R136+'Game Results'!R188+'Game Results'!R253+'Game Results'!R266+'Game Results'!R292+'Game Results'!R310) -> 2 | T35: =SUM('Game Results'!S6+'Game Results'!S89+'Game Results'!S136+'Game Results'!S188+'Game Results'!S253+'Game Results'!S266+'Game Results'!S292+'Game Results'!S310) -> 16 | ... AD35: =SUM('Game Results'!AC6+'Game Results'!AC89+'Game Results'!AC136+'Game Results'!AC188+'Game Results'!AC253+'Game Results'!AC266+'Game Results'!AC292+'Game Results'!AC310) -> 0
A36: Spam Folder | B36: The Scet | C36: 8 | D36: =SUM('Game Results'!C7+'Game Results'!C90+'Game Results'!C137+'Game Results'!C189+'Game Results'!C254+'Game Results'!C267+'Game Results'!C293+'Game Results'!C311) -> 6 | E36: =SUM('Game Results'!D7+'Game Results'!D90+'Game Results'!D137+'Game Results'!D189+'Game Results'!D254+'Game Results'!D267+'Game Results'!D293+'Game Results'!D311) -> 282 | F36: =SUM('Game Results'!E7+'Game Results'!E90+'Game Results'!E137+'Game Results'!E189+'Game Results'!E254+'Game Results'!E267+'Game Results'!E293+'Game Results'!E311) -> 19 | G36: =SUM('Game Results'!F7+'Game Results'!F90+'Game Results'!F137+'Game Results'!F189+'Game Results'!F254+'Game Results'!F267+'Game Results'!F293+'Game Results'!F311) -> 608 | H36: =SUM('Game Results'!G7+'Game Results'!G90+'Game Results'!G137+'Game Results'!G189+'Game Results'!G254+'Game Results'!G267+'Game Results'!G293+'Game Results'!G311) -> 18 | I36: =SUM('Game Results'!H7+'Game Results'!H90+'Game Results'!H137+'Game Results'!H189+'Game Results'!H254+'Game Results'!H267+'Game Results'!H293+'Game Results'!H311) -> 886 | J36: =SUM('Game Results'!I7+'Game Results'!I90+'Game Results'!I137+'Game Results'!I189+'Game Results'!I254+'Game Results'!I267+'Game Results'!I293+'Game Results'!I311) -> -278 | K36: =SUM(G36/I36) -> 0.68623025 | L36: =SUM((E36*60)/I36) -> 19.097065 | M36: =SUM('Game Results'!L7+'Game Results'!L90+'Game Results'!L137+'Game Results'!L189+'Game Results'!L254+'Game Results'!L267+'Game Results'!L293+'Game Results'!L311) -> 862 | N36: =SUM('Game Results'!M7+'Game Results'!M90+'Game Results'!M137+'Game Results'!M189+'Game Results'!M254+'Game Results'!M267+'Game Results'!M293+'Game Results'!M311) -> 8 | O36: =SUM('Game Results'!N7+'Game Results'!N90+'Game Results'!N137+'Game Results'!N189+'Game Results'!N254+'Game Results'!N267+'Game Results'!N293+'Game Results'!N311) -> 282 | P36: =SUM('Game Results'!O7+'Game Results'!O90+'Game Results'!O137+'Game Results'!O189+'Game Results'!O254+'Game Results'!O267+'Game Results'!O293+'Game Results'!O311) -> 59 | Q36: =SUM('Game Results'!P7+'Game Results'!P90+'Game Results'!P137+'Game Results'!P189+'Game Results'!P254+'Game Results'!P267+'Game Results'!P293+'Game Results'!P311) -> 8 | R36: =SUM('Game Results'!Q7+'Game Results'!Q90+'Game Results'!Q137+'Game Results'!Q189+'Game Results'!Q254+'Game Results'!Q267+'Game Results'!Q293+'Game Results'!Q311) -> 0 | S36: =SUM('Game Results'!R7+'Game Results'!R90+'Game Results'!R137+'Game Results'!R189+'Game Results'!R254+'Game Results'!R267+'Game Results'!R293+'Game Results'!R311) -> 0 | T36: =SUM('Game Results'!S7+'Game Results'!S90+'Game Results'!S137+'Game Results'!S189+'Game Results'!S254+'Game Results'!S267+'Game Results'!S293+'Game Results'!S311) -> 0 | ... AD36: =SUM('Game Results'!AC7+'Game Results'!AC90+'Game Results'!AC137+'Game Results'!AC189+'Game Results'!AC254+'Game Results'!AC267+'Game Results'!AC293+'Game Results'!AC311) -> 0
A37: Totals: | C37: =SUM(C33:C36)/4 -> 8 | D37: =SUM(D33:D36)/4 -> 6 | E37: =SUM(E33:E36)/4 -> 282 | F37: =SUM(F33:F36) -> 33 | G37: =SUM(G33:G36) -> 4059 | H37: =SUM(H33:H36) -> 243 | I37: =SUM(I33:I36) -> 4318 | J37: =SUM(J33:J36) -> -259 | K37: =G37/I37 -> 0.94001853 | L37: =SUM(L33:L36)/4 -> 16.140303 | M37: =SUM(M33:M36) -> 6428 | N37: =SUM(N33:N36) -> 32 | O37: =SUM(O33:O36) -> 1128 | P37: =SUM(P33:P36) -> 627 | Q37: =SUM(Q33:Q36) -> 124 | R37: =SUM(R33:R36) -> 25 | S37: =SUM(S33:S36) -> 7 | T37: =SUM(T33:T36) -> 62 | ... AD37: =SUM(AD33:AD36) -> 0
A38: Like Clockwork | B38: yLuxe | C38: 2 | D38: =SUM('Game Results'!C61+'Game Results'!C139) -> 0 | E38: =SUM('Game Results'!D61+'Game Results'!D139) -> 39.4 | F38: =SUM('Game Results'!E61+'Game Results'!E139) -> 4 | G38: =SUM('Game Results'!F61+'Game Results'!F139) -> 159 | H38: =SUM('Game Results'!G61+'Game Results'!G139) -> 5 | I38: =SUM('Game Results'!H61+'Game Results'!H139) -> 161 | J38: =SUM('Game Results'!I61+'Game Results'!I139) -> -2 | K38: =SUM(G38/I38) -> 0.98757764 | L38: =SUM((E38*60)/I38) -> 14.68323 | M38: =SUM('Game Results'!L61+'Game Results'!L139) -> 264 | N38: =SUM('Game Results'!M61+'Game Results'!M139) -> 2 | O38: =SUM('Game Results'!N61+'Game Results'!N139) -> 39.4 | P38: =SUM('Game Results'!O61+'Game Results'!O139) -> 27 | Q38: =SUM('Game Results'!P61+'Game Results'!P139) -> 5 | R38: =SUM('Game Results'!Q61+'Game Results'!Q139) -> 1 | S38: =SUM('Game Results'!R61+'Game Results'!R139) -> 1 | T38: =SUM('Game Results'!S61+'Game Results'!S139) -> 3 | ... AD38: =SUM('Game Results'!AC61+'Game Results'!AC139) -> 0
A39: Like Clockwork | B39: Fanciest Pants | C39: 2 | D39: =SUM('Game Results'!C62+'Game Results'!C140) -> 0 | E39: =SUM('Game Results'!D62+'Game Results'!D140) -> 39.4 | F39: =SUM('Game Results'!E62+'Game Results'!E140) -> 0 | G39: =SUM('Game Results'!F62+'Game Results'!F140) -> 184 | H39: =SUM('Game Results'!G62+'Game Results'!G140) -> 19 | I39: =SUM('Game Results'!H62+'Game Results'!H140) -> 173 | J39: =SUM('Game Results'!I62+'Game Results'!I140) -> 11 | K39: =SUM(G39/I39) -> 1.0635838 | L39: =SUM((E39*60)/I39) -> 13.66474 | M39: =SUM('Game Results'!L62+'Game Results'!L140) -> 314 | N39: =SUM('Game Results'!M62+'Game Results'!M140) -> 2 | O39: =SUM('Game Results'!N62+'Game Results'!N140) -> 39.4 | P39: =SUM('Game Results'!O62+'Game Results'!O140) -> 34 | Q39: =SUM('Game Results'!P62+'Game Results'!P140) -> 5 | R39: =SUM('Game Results'!Q62+'Game Results'!Q140) -> 2 | S39: =SUM('Game Results'!R62+'Game Results'!R140) -> 1 | T39: =SUM('Game Results'!S62+'Game Results'!S140) -> 4 | ... AD39: =SUM('Game Results'!AC62+'Game Results'!AC140) -> 0
A40: Like Clockwork | B40: mstell96 | C40: 2 | D40: =SUM('Game Results'!C63+'Game Results'!C141) -> 0 | E40: =SUM('Game Results'!D63+'Game Results'!D141) -> 39.4 | F40: =SUM('Game Results'!E63+'Game Results'!E141) -> 1 | G40: =SUM('Game Results'!F63+'Game Results'!F141) -> 131 | H40: =SUM('Game Results'!G63+'Game Results'!G141) -> 16 | I40: =SUM('Game Results'!H63+'Game Results'!H141) -> 162 | J40: =SUM('Game Results'!I63+'Game Results'!I141) -> -31 | K40: =SUM(G40/I40) -> 0.80864198 | L40: =SUM((E40*60)/I40) -> 14.592593 | M40: =SUM('Game Results'!L63+'Game Results'!L141) -> 213 | N40: =SUM('Game Results'!M63+'Game Results'!M141) -> 2 | O40: =SUM('Game Results'!N63+'Game Results'!N141) -> 39.4 | P40: =SUM('Game Results'!O63+'Game Results'!O141) -> 13 | Q40: =SUM('Game Results'!P63+'Game Results'!P141) -> 1 | R40: =SUM('Game Results'!Q63+'Game Results'!Q141) -> 1 | S40: =SUM('Game Results'!R63+'Game Results'!R141) -> 0 | T40: =SUM('Game Results'!S63+'Game Results'!S141) -> 2 | ... AD40: =SUM('Game Results'!AC63+'Game Results'!AC141) -> 0
A41: Like Clockwork | B41: eJolts | C41: 2 | D41: =SUM('Game Results'!C64+'Game Results'!C142) -> 0 | E41: =SUM('Game Results'!D64+'Game Results'!D142) -> 39.4 | F41: =SUM('Game Results'!E64+'Game Results'!E142) -> 0 | G41: =SUM('Game Results'!F64+'Game Results'!F142) -> 121 | H41: =SUM('Game Results'!G64+'Game Results'!G142) -> 15 | I41: =SUM('Game Results'!H64+'Game Results'!H142) -> 195 | J41: =SUM('Game Results'!I64+'Game Results'!I142) -> -74 | K41: =SUM(G41/I41) -> 0.62051282 | L41: =SUM((E41*60)/I41) -> 12.123077 | M41: =SUM('Game Results'!L64+'Game Results'!L142) -> 180 | N41: =SUM('Game Results'!M64+'Game Results'!M142) -> 2 | O41: =SUM('Game Results'!N64+'Game Results'!N142) -> 39.4 | P41: =SUM('Game Results'!O64+'Game Results'!O142) -> 10 | Q41: =SUM('Game Results'!P64+'Game Results'!P142) -> 1 | R41: =SUM('Game Results'!Q64+'Game Results'!Q142) -> 0 | S41: =SUM('Game Results'!R64+'Game Results'!R142) -> 0 | T41: =SUM('Game Results'!S64+'Game Results'!S142) -> 0 | ... AD41: =SUM('Game Results'!AC64+'Game Results'!AC142) -> 0
A42: Totals: | C42: =SUM(C38:C41)/4 -> 2 | D42: =SUM(D38:D41)/4 -> 0 | E42: =SUM(E38:E41)/4 -> 39.4 | F42: =SUM(F38:F41) -> 5 | G42: =SUM(G38:G41) -> 595 | H42: =SUM(H38:H41) -> 55 | I42: =SUM(I38:I41) -> 691 | J42: =SUM(J38:J41) -> -96 | K42: =G42/I42 -> 0.86107091 | L42: =SUM(L38:L41)/4 -> 13.76591 | M42: =SUM(M38:M41) -> 971 | N42: =SUM(N38:N41) -> 8 | O42: =SUM(O38:O41) -> 157.6 | P42: =SUM(P38:P41) -> 84 | Q42: =SUM(Q38:Q41) -> 12 | R42: =SUM(R38:R41) -> 4 | S42: =SUM(S38:S41) -> 2 | T42: =SUM(T38:T41) -> 9 | ... AD42: =SUM(AD38:AD41) -> 0
A43: EU Squad w/o EUs | B43: Frnzh | C43: 2 | D43: =SUM('Game Results'!C230+'Game Results'!C256) -> 0 | E43: =SUM('Game Results'!D230+'Game Results'!D256) -> 36.5 | F43: =SUM('Game Results'!E230+'Game Results'!E256) -> 0 | G43: =SUM('Game Results'!F230+'Game Results'!F256) -> 164 | H43: =SUM('Game Results'!G230+'Game Results'!G256) -> 3 | I43: =SUM('Game Results'!H230+'Game Results'!H256) -> 207 | J43: =SUM('Game Results'!I230+'Game Results'!I256) -> -43 | K43: =SUM(G43/I43) -> 0.79227053 | L43: =SUM((E43*60)/I43) -> 10.57971 | M43: =SUM('Game Results'!L230+'Game Results'!L256) -> 237 | N43: =SUM('Game Results'!M230+'Game Results'!M256) -> 2 | O43: =SUM('Game Results'!N230+'Game Results'!N256) -> 36.5 | P43: =SUM('Game Results'!O230+'Game Results'!O256) -> 33 | Q43: =SUM('Game Results'!P230+'Game Results'!P256) -> 4 | R43: =SUM('Game Results'!Q230+'Game Results'!Q256) -> 2 | S43: =SUM('Game Results'!R230+'Game Results'!R256) -> 1 | T43: =SUM('Game Results'!S230+'Game Results'!S256) -> 1 | ... AD43: =SUM('Game Results'!AC230+'Game Results'!AC256) -> 0
A44: EU Squad w/o EUs | B44: grimm szn | C44: 2 | D44: =SUM('Game Results'!C231+'Game Results'!C257) -> 0 | E44: =SUM('Game Results'!D231+'Game Results'!D257) -> 36.5 | F44: =SUM('Game Results'!E231+'Game Results'!E257) -> 3 | G44: =SUM('Game Results'!F231+'Game Results'!F257) -> 138 | H44: =SUM('Game Results'!G231+'Game Results'!G257) -> 4 | I44: =SUM('Game Results'!H231+'Game Results'!H257) -> 149 | J44: =SUM('Game Results'!I231+'Game Results'!I257) -> -11 | K44: =SUM(G44/I44) -> 0.9261745 | L44: =SUM((E44*60)/I44) -> 14.697987 | M44: =SUM('Game Results'!L231+'Game Results'!L257) -> 204 | N44: =SUM('Game Results'!M231+'Game Results'!M257) -> 2 | O44: =SUM('Game Results'!N231+'Game Results'!N257) -> 36.5 | P44: =SUM('Game Results'!O231+'Game Results'!O257) -> 16 | Q44: =SUM('Game Results'!P231+'Game Results'!P257) -> 1 | R44: =SUM('Game Results'!Q231+'Game Results'!Q257) -> 0 | S44: =SUM('Game Results'!R231+'Game Results'!R257) -> 0 | T44: =SUM('Game Results'!S231+'Game Results'!S257) -> 1 | ... AD44: =SUM('Game Results'!AC231+'Game Results'!AC257) -> 0
A45: EU Squad w/o EUs | B45: KillerDj Demon | C45: 2 | D45: =SUM('Game Results'!C232+'Game Results'!C258) -> 0 | E45: =SUM('Game Results'!D232+'Game Results'!D258) -> 36.5 | F45: =SUM('Game Results'!E232+'Game Results'!E258) -> 0 | G45: =SUM('Game Results'!F232+'Game Results'!F258) -> 151 | H45: =SUM('Game Results'!G232+'Game Results'!G258) -> 12 | I45: =SUM('Game Results'!H232+'Game Results'!H258) -> 187 | J45: =SUM('Game Results'!I232+'Game Results'!I258) -> -36 | K45: =SUM(G45/I45) -> 0.80748663 | L45: =SUM((E45*60)/I45) -> 11.71123 | M45: =SUM('Game Results'!L232+'Game Results'!L258) -> 255 | N45: =SUM('Game Results'!M232+'Game Results'!M258) -> 2 | O45: =SUM('Game Results'!N232+'Game Results'!N258) -> 36.5 | P45: =SUM('Game Results'!O232+'Game Results'!O258) -> 22 | Q45: =SUM('Game Results'!P232+'Game Results'!P258) -> 3 | R45: =SUM('Game Results'!Q232+'Game Results'!Q258) -> 1 | S45: =SUM('Game Results'!R232+'Game Results'!R258) -> 0 | T45: =SUM('Game Results'!S232+'Game Results'!S258) -> 0 | ... AD45: =SUM('Game Results'!AC232+'Game Results'!AC258) -> 0
A46: EU Squad w/o EUs | B46: Scullen75 | C46: 2 | D46: =SUM('Game Results'!C233+'Game Results'!C259) -> 0 | E46: =SUM('Game Results'!D233+'Game Results'!D259) -> 36.5 | F46: =SUM('Game Results'!E233+'Game Results'!E259) -> 1 | G46: =SUM('Game Results'!F233+'Game Results'!F259) -> 109 | H46: =SUM('Game Results'!G233+'Game Results'!G259) -> 4 | I46: =SUM('Game Results'!H233+'Game Results'!H259) -> 180 | J46: =SUM('Game Results'!I233+'Game Results'!I259) -> -71 | K46: =SUM(G46/I46) -> 0.60555556 | L46: =SUM((E46*60)/I46) -> 12.166667 | M46: =SUM('Game Results'!L233+'Game Results'!L259) -> 163 | N46: =SUM('Game Results'!M233+'Game Results'!M259) -> 2 | O46: =SUM('Game Results'!N233+'Game Results'!N259) -> 36.5 | P46: =SUM('Game Results'!O233+'Game Results'!O259) -> 10 | Q46: =SUM('Game Results'!P233+'Game Results'!P259) -> 1 | R46: =SUM('Game Results'!Q233+'Game Results'!Q259) -> 1 | S46: =SUM('Game Results'!R233+'Game Results'!R259) -> 0 | T46: =SUM('Game Results'!S233+'Game Results'!S259) -> 0 | ... AD46: =SUM('Game Results'!AC233+'Game Results'!AC259) -> 0
A47: Totals: | C47: =SUM(C43:C46)/4 -> 2 | D47: =SUM(D43:D46)/4 -> 0 | E47: =SUM(E43:E46)/4 -> 36.5 | F47: =SUM(F43:F46) -> 4 | G47: =SUM(G43:G46) -> 562 | H47: =SUM(H43:H46) -> 23 | I47: =SUM(I43:I46) -> 723 | J47: =SUM(J43:J46) -> -161 | K47: =G47/I47 -> 0.77731674 | L47: =SUM(L43:L46)/4 -> 12.288898 | M47: =SUM(M43:M46) -> 859 | N47: =SUM(N43:N46) -> 8 | O47: =SUM(O43:O46) -> 146 | P47: =SUM(P43:P46) -> 81 | Q47: =SUM(Q43:Q46) -> 9 | R47: =SUM(R43:R46) -> 4 | S47: =SUM(S43:S46) -> 1 | T47: =SUM(T43:T46) -> 2 | ... AD47: =SUM(AD43:AD46) -> 0
A48: Fat Mav | B48: Regresser | C48: 3 | D48: =SUM('Game Results'!C82+'Game Results'!C217+'Game Results'!C243) -> 1 | E48: =SUM('Game Results'!D82+'Game Results'!D217+'Game Results'!D243) -> 52.4 | F48: =SUM('Game Results'!E82+'Game Results'!E217+'Game Results'!E243) -> 1 | G48: =SUM('Game Results'!F82+'Game Results'!F217+'Game Results'!F243) -> 229 | H48: =SUM('Game Results'!G82+'Game Results'!G217+'Game Results'!G243) -> 16 | I48: =SUM('Game Results'!H82+'Game Results'!H217+'Game Results'!H243) -> 245 | J48: =SUM('Game Results'!I82+'Game Results'!I217+'Game Results'!I243) -> -16 | K48: =SUM(G48/I48) -> 0.93469388 | L48: =SUM((E48*60)/I48) -> 12.832653 | M48: =SUM('Game Results'!L82+'Game Results'!L217+'Game Results'!L243) -> 380 | N48: =SUM('Game Results'!M82+'Game Results'!M217+'Game Results'!M243) -> 3 | O48: =SUM('Game Results'!N82+'Game Results'!N217+'Game Results'!N243) -> 52.4 | P48: =SUM('Game Results'!O82+'Game Results'!O217+'Game Results'!O243) -> 40 | Q48: =SUM('Game Results'!P82+'Game Results'!P217+'Game Results'!P243) -> 8 | R48: =SUM('Game Results'!Q82+'Game Results'!Q217+'Game Results'!Q243) -> 2 | S48: =SUM('Game Results'!R82+'Game Results'!R217+'Game Results'!R243) -> 0 | T48: =SUM('Game Results'!S82+'Game Results'!S217+'Game Results'!S243) -> 5 | ... AD48: =SUM('Game Results'!AC82+'Game Results'!AC217+'Game Results'!AC243) -> 0
A49: Fat Mav | B49: Vex Loxodrome | C49: 3 | D49: =SUM('Game Results'!C83+'Game Results'!C218+'Game Results'!C244) -> 1 | E49: =SUM('Game Results'!D83+'Game Results'!D218+'Game Results'!D244) -> 52.4 | F49: =SUM('Game Results'!E83+'Game Results'!E218+'Game Results'!E244) -> 0 | G49: =SUM('Game Results'!F83+'Game Results'!F218+'Game Results'!F244) -> 150 | H49: =SUM('Game Results'!G83+'Game Results'!G218+'Game Results'!G244) -> 15 | I49: =SUM('Game Results'!H83+'Game Results'!H218+'Game Results'!H244) -> 161 | J49: =SUM('Game Results'!I83+'Game Results'!I218+'Game Results'!I244) -> -11 | K49: =SUM(G49/I49) -> 0.93167702 | L49: =SUM((E49*60)/I49) -> 19.52795 | M49: =SUM('Game Results'!L83+'Game Results'!L218+'Game Results'!L244) -> 228 | N49: =SUM('Game Results'!M83+'Game Results'!M218+'Game Results'!M244) -> 3 | O49: =SUM('Game Results'!N83+'Game Results'!N218+'Game Results'!N244) -> 52.4 | P49: =SUM('Game Results'!O83+'Game Results'!O218+'Game Results'!O244) -> 19 | Q49: =SUM('Game Results'!P83+'Game Results'!P218+'Game Results'!P244) -> 2 | R49: =SUM('Game Results'!Q83+'Game Results'!Q218+'Game Results'!Q244) -> 0 | S49: =SUM('Game Results'!R83+'Game Results'!R218+'Game Results'!R244) -> 0 | T49: =SUM('Game Results'!S83+'Game Results'!S218+'Game Results'!S244) -> 1 | ... AD49: =SUM('Game Results'!AC83+'Game Results'!AC218+'Game Results'!AC244) -> 0
A50: Fat Mav | B50: RDG NHL | C50: 3 | D50: =SUM('Game Results'!C84+'Game Results'!C219+'Game Results'!C245) -> 1 | E50: =SUM('Game Results'!D84+'Game Results'!D219+'Game Results'!D245) -> 52.4 | F50: =SUM('Game Results'!E84+'Game Results'!E219+'Game Results'!E245) -> 2 | G50: =SUM('Game Results'!F84+'Game Results'!F219+'Game Results'!F245) -> 201 | H50: =SUM('Game Results'!G84+'Game Results'!G219+'Game Results'!G245) -> 9 | I50: =SUM('Game Results'!H84+'Game Results'!H219+'Game Results'!H245) -> 194 | J50: =SUM('Game Results'!I84+'Game Results'!I219+'Game Results'!I245) -> 7 | K50: =SUM(G50/I50) -> 1.0360825 | L50: =SUM((E50*60)/I50) -> 16.206186 | M50: =SUM('Game Results'!L84+'Game Results'!L219+'Game Results'!L245) -> 309 | N50: =SUM('Game Results'!M84+'Game Results'!M219+'Game Results'!M245) -> 3 | O50: =SUM('Game Results'!N84+'Game Results'!N219+'Game Results'!N245) -> 52.4 | P50: =SUM('Game Results'!O84+'Game Results'!O219+'Game Results'!O245) -> 32 | Q50: =SUM('Game Results'!P84+'Game Results'!P219+'Game Results'!P245) -> 5 | R50: =SUM('Game Results'!Q84+'Game Results'!Q219+'Game Results'!Q245) -> 0 | S50: =SUM('Game Results'!R84+'Game Results'!R219+'Game Results'!R245) -> 0 | T50: =SUM('Game Results'!S84+'Game Results'!S219+'Game Results'!S245) -> 1 | ... AD50: =SUM('Game Results'!AC84+'Game Results'!AC219+'Game Results'!AC245) -> 0
A51: Fat Mav | B51: Maverick3192 | C51: 3 | D51: =SUM('Game Results'!C85+'Game Results'!C220+'Game Results'!C246) -> 1 | E51: =SUM('Game Results'!D85+'Game Results'!D220+'Game Results'!D246) -> 52.4 | F51: =SUM('Game Results'!E85+'Game Results'!E220+'Game Results'!E246) -> 6 | G51: =SUM('Game Results'!F85+'Game Results'!F220+'Game Results'!F246) -> 134 | H51: =SUM('Game Results'!G85+'Game Results'!G220+'Game Results'!G246) -> 7 | I51: =SUM('Game Results'!H85+'Game Results'!H220+'Game Results'!H246) -> 188 | J51: =SUM('Game Results'!I85+'Game Results'!I220+'Game Results'!I246) -> -54 | K51: =SUM(G51/I51) -> 0.71276596 | L51: =SUM((E51*60)/I51) -> 16.723404 | M51: =SUM('Game Results'!L85+'Game Results'!L220+'Game Results'!L246) -> 198 | N51: =SUM('Game Results'!M85+'Game Results'!M220+'Game Results'!M246) -> 3 | O51: =SUM('Game Results'!N85+'Game Results'!N220+'Game Results'!N246) -> 52.4 | P51: =SUM('Game Results'!O85+'Game Results'!O220+'Game Results'!O246) -> 12 | Q51: =SUM('Game Results'!P85+'Game Results'!P220+'Game Results'!P246) -> 0 | R51: =SUM('Game Results'!Q85+'Game Results'!Q220+'Game Results'!Q246) -> 0 | S51: =SUM('Game Results'!R85+'Game Results'!R220+'Game Results'!R246) -> 0 | T51: =SUM('Game Results'!S85+'Game Results'!S220+'Game Results'!S246) -> 1 | ... AD51: =SUM('Game Results'!AC85+'Game Results'!AC220+'Game Results'!AC246) -> 0
A52: Totals: | C52: =SUM(C48:C51)/4 -> 3 | D52: =SUM(D48:D51)/4 -> 1 | E52: =SUM(E48:E51)/4 -> 52.4 | F52: =SUM(F48:F51) -> 9 | G52: =SUM(G48:G51) -> 714 | H52: =SUM(H48:H51) -> 47 | I52: =SUM(I48:I51) -> 788 | J52: =SUM(J48:J51) -> -74 | K52: =G52/I52 -> 0.90609137 | L52: =SUM(L48:L51)/4 -> 16.322548 | M52: =SUM(M48:M51) -> 1115 | N52: =SUM(N48:N51) -> 12 | O52: =SUM(O48:O51) -> 209.6 | P52: =SUM(P48:P51) -> 103 | Q52: =SUM(Q48:Q51) -> 15 | R52: =SUM(R48:R51) -> 2 | S52: =SUM(S48:S51) -> 0 | T52: =SUM(T48:T51) -> 8 | ... AD52: =SUM(AD48:AD51) -> 0
A53: Candice | B53: ixGingy | C53: 3 | D53: =SUM('Game Results'!C22+'Game Results'!C69+'Game Results'!C165) -> 1 | E53: =SUM('Game Results'!D22+'Game Results'!D69+'Game Results'!D165) -> 99.3 | F53: =SUM('Game Results'!E22+'Game Results'!E69+'Game Results'!E165) -> 4 | G53: =SUM('Game Results'!F22+'Game Results'!F69+'Game Results'!F165) -> 516 | H53: =SUM('Game Results'!G22+'Game Results'!G69+'Game Results'!G165) -> 20 | I53: =SUM('Game Results'!H22+'Game Results'!H69+'Game Results'!H165) -> 364 | J53: =SUM('Game Results'!I22+'Game Results'!I69+'Game Results'!I165) -> 152 | K53: =SUM(G53/I53) -> 1.4175824 | L53: =SUM((E53*60)/I53) -> 16.368132 | M53: =SUM('Game Results'!L22+'Game Results'!L69+'Game Results'!L165) -> 853 | N53: =SUM('Game Results'!M22+'Game Results'!M69+'Game Results'!M165) -> 2 | O53: =SUM('Game Results'!N22+'Game Results'!N69+'Game Results'!N165) -> 64.3 | P53: =SUM('Game Results'!O22+'Game Results'!O69+'Game Results'!O165) -> 49 | Q53: =SUM('Game Results'!P22+'Game Results'!P69+'Game Results'!P165) -> 7 | R53: =SUM('Game Results'!Q22+'Game Results'!Q69+'Game Results'!Q165) -> 3 | S53: =SUM('Game Results'!R22+'Game Results'!R69+'Game Results'!R165) -> 1 | T53: =SUM('Game Results'!S22+'Game Results'!S69+'Game Results'!S165) -> 9 | ... AD53: =SUM('Game Results'!AC22+'Game Results'!AC69+'Game Results'!AC165) -> 0
A54: Candice | B54: Godsnipezx | C54: 3 | D54: =SUM('Game Results'!C23+'Game Results'!C70+'Game Results'!C166) -> 1 | E54: =SUM('Game Results'!D23+'Game Results'!D70+'Game Results'!D166) -> 99.3 | F54: =SUM('Game Results'!E23+'Game Results'!E70+'Game Results'!E166) -> 5 | G54: =SUM('Game Results'!F23+'Game Results'!F70+'Game Results'!F166) -> 384 | H54: =SUM('Game Results'!G23+'Game Results'!G70+'Game Results'!G166) -> 30 | I54: =SUM('Game Results'!H23+'Game Results'!H70+'Game Results'!H166) -> 353 | J54: =SUM('Game Results'!I23+'Game Results'!I70+'Game Results'!I166) -> 31 | K54: =SUM(G54/I54) -> 1.0878187 | L54: =SUM((E54*60)/I54) -> 16.878187 | M54: =SUM('Game Results'!L23+'Game Results'!L70+'Game Results'!L166) -> 609 | N54: =SUM('Game Results'!M23+'Game Results'!M70+'Game Results'!M166) -> 2 | O54: =SUM('Game Results'!N23+'Game Results'!N70+'Game Results'!N166) -> 64.3 | P54: =SUM('Game Results'!O23+'Game Results'!O70+'Game Results'!O166) -> 28 | Q54: =SUM('Game Results'!P23+'Game Results'!P70+'Game Results'!P166) -> 3 | R54: =SUM('Game Results'!Q23+'Game Results'!Q70+'Game Results'!Q166) -> 0 | S54: =SUM('Game Results'!R23+'Game Results'!R70+'Game Results'!R166) -> 0 | T54: =SUM('Game Results'!S23+'Game Results'!S70+'Game Results'!S166) -> 3 | ... AD54: =SUM('Game Results'!AC23+'Game Results'!AC70+'Game Results'!AC166) -> 0
A55: Candice | B55: LaMeowlla | C55: 3 | D55: =SUM('Game Results'!C24+'Game Results'!C71+'Game Results'!C167) -> 1 | E55: =SUM('Game Results'!D24+'Game Results'!D71+'Game Results'!D167) -> 99.3 | F55: =SUM('Game Results'!E24+'Game Results'!E71+'Game Results'!E167) -> 0 | G55: =SUM('Game Results'!F24+'Game Results'!F71+'Game Results'!F167) -> 369 | H55: =SUM('Game Results'!G24+'Game Results'!G71+'Game Results'!G167) -> 32 | I55: =SUM('Game Results'!H24+'Game Results'!H71+'Game Results'!H167) -> 423 | J55: =SUM('Game Results'!I24+'Game Results'!I71+'Game Results'!I167) -> -54 | K55: =SUM(G55/I55) -> 0.87234043 | L55: =SUM((E55*60)/I55) -> 14.085106 | M55: =SUM('Game Results'!L24+'Game Results'!L71+'Game Results'!L167) -> 570 | N55: =SUM('Game Results'!M24+'Game Results'!M71+'Game Results'!M167) -> 2 | O55: =SUM('Game Results'!N24+'Game Results'!N71+'Game Results'!N167) -> 64.3 | P55: =SUM('Game Results'!O24+'Game Results'!O71+'Game Results'!O167) -> 26 | Q55: =SUM('Game Results'!P24+'Game Results'!P71+'Game Results'!P167) -> 4 | R55: =SUM('Game Results'!Q24+'Game Results'!Q71+'Game Results'!Q167) -> 1 | S55: =SUM('Game Results'!R24+'Game Results'!R71+'Game Results'!R167) -> 0 | T55: =SUM('Game Results'!S24+'Game Results'!S71+'Game Results'!S167) -> 0 | ... AD55: =SUM('Game Results'!AC24+'Game Results'!AC71+'Game Results'!AC167) -> 0
A56: Candice | B56: Mr_Epic_Beast | C56: 3 | D56: =SUM('Game Results'!C25+'Game Results'!C72+'Game Results'!C168) -> 1 | E56: =SUM('Game Results'!D25+'Game Results'!D72+'Game Results'!D168) -> 99.3 | F56: =SUM('Game Results'!E25+'Game Results'!E72+'Game Results'!E168) -> 0 | G56: =SUM('Game Results'!F25+'Game Results'!F72+'Game Results'!F168) -> 371 | H56: =SUM('Game Results'!G25+'Game Results'!G72+'Game Results'!G168) -> 21 | I56: =SUM('Game Results'!H25+'Game Results'!H72+'Game Results'!H168) -> 475 | J56: =SUM('Game Results'!I25+'Game Results'!I72+'Game Results'!I168) -> -104 | K56: =SUM(G56/I56) -> 0.78105263 | L56: =SUM((E56*60)/I56) -> 12.543158 | M56: =SUM('Game Results'!L25+'Game Results'!L72+'Game Results'!L168) -> 575 | N56: =SUM('Game Results'!M25+'Game Results'!M72+'Game Results'!M168) -> 2 | O56: =SUM('Game Results'!N25+'Game Results'!N72+'Game Results'!N168) -> 64.3 | P56: =SUM('Game Results'!O25+'Game Results'!O72+'Game Results'!O168) -> 33 | Q56: =SUM('Game Results'!P25+'Game Results'!P72+'Game Results'!P168) -> 2 | R56: =SUM('Game Results'!Q25+'Game Results'!Q72+'Game Results'!Q168) -> 1 | S56: =SUM('Game Results'!R25+'Game Results'!R72+'Game Results'!R168) -> 1 | T56: =SUM('Game Results'!S25+'Game Results'!S72+'Game Results'!S168) -> 1 | ... AD56: =SUM('Game Results'!AC25+'Game Results'!AC72+'Game Results'!AC168) -> 0
A57: Totals: | C57: =SUM(C53:C56)/4 -> 3 | D57: =SUM(D53:D56)/4 -> 1 | E57: =SUM(E53:E56)/4 -> 99.3 | F57: =SUM(F53:F56) -> 9 | G57: =SUM(G53:G56) -> 1640 | H57: =SUM(H53:H56) -> 103 | I57: =SUM(I53:I56) -> 1615 | J57: =SUM(J53:J56) -> 25 | K57: =G57/I57 -> 1.0154799 | L57: =SUM(L53:L56)/4 -> 14.968646 | M57: =SUM(M53:M56) -> 2607 | N57: =SUM(N53:N56) -> 8 | O57: =SUM(O53:O56) -> 257.2 | P57: =SUM(P53:P56) -> 136 | Q57: =SUM(Q53:Q56) -> 16 | R57: =SUM(R53:R56) -> 5 | S57: =SUM(S53:S56) -> 2 | T57: =SUM(T53:T56) -> 13 | ... AD57: =SUM(AD53:AD56) -> 0
A58: Goose's Girls | B58: DlGITAL PAIN | C58: 4 | D58: =SUM('Game Results'!C43+'Game Results'!C113+'Game Results'!C160+'Game Results'!C204) -> 2 | E58: =SUM('Game Results'!D43+'Game Results'!D113+'Game Results'!D160+'Game Results'!D204) -> 78.416667 | F58: =SUM('Game Results'!E43+'Game Results'!E113+'Game Results'!E160+'Game Results'!E204) -> 3 | G58: =SUM('Game Results'!F43+'Game Results'!F113+'Game Results'!F160+'Game Results'!F204) -> 424 | H58: =SUM('Game Results'!G43+'Game Results'!G113+'Game Results'!G160+'Game Results'!G204) -> 17 | I58: =SUM('Game Results'!H43+'Game Results'!H113+'Game Results'!H160+'Game Results'!H204) -> 310 | J58: =SUM('Game Results'!I43+'Game Results'!I113+'Game Results'!I160+'Game Results'!I204) -> 114 | K58: =SUM(G58/I58) -> 1.3677419 | L58: =SUM((E58*60)/I58) -> 15.177419 | M58: =SUM('Game Results'!L43+'Game Results'!L113+'Game Results'!L160+'Game Results'!L204) -> 681 | N58: =SUM('Game Results'!M43+'Game Results'!M113+'Game Results'!M160+'Game Results'!M204) -> 2 | O58: =SUM('Game Results'!N43+'Game Results'!N113+'Game Results'!N160+'Game Results'!N204) -> 43.416667 | P58: =SUM('Game Results'!O43+'Game Results'!O113+'Game Results'!O160+'Game Results'!O204) -> 50 | Q58: =SUM('Game Results'!P43+'Game Results'!P113+'Game Results'!P160+'Game Results'!P204) -> 10 | R58: =SUM('Game Results'!Q43+'Game Results'!Q113+'Game Results'!Q160+'Game Results'!Q204) -> 2 | S58: =SUM('Game Results'!R43+'Game Results'!R113+'Game Results'!R160+'Game Results'!R204) -> 0 | T58: =SUM('Game Results'!S43+'Game Results'!S113+'Game Results'!S160+'Game Results'!S204) -> 8 | ... AD58: =SUM('Game Results'!AC43+'Game Results'!AC113+'Game Results'!AC160+'Game Results'!AC204) -> 0
A59: Goose's Girls | B59: Its bck | C59: 4 | D59: =SUM('Game Results'!C44+'Game Results'!C114+'Game Results'!C161+'Game Results'!C205) -> 2 | E59: =SUM('Game Results'!D44+'Game Results'!D114+'Game Results'!D161+'Game Results'!D205) -> 80.55 | F59: =SUM('Game Results'!E44+'Game Results'!E114+'Game Results'!E161+'Game Results'!E205) -> 6 | G59: =SUM('Game Results'!F44+'Game Results'!F114+'Game Results'!F161+'Game Results'!F205) -> 136 | H59: =SUM('Game Results'!G44+'Game Results'!G114+'Game Results'!G161+'Game Results'!G205) -> 8 | I59: =SUM('Game Results'!H44+'Game Results'!H114+'Game Results'!H161+'Game Results'!H205) -> 202 | J59: =SUM('Game Results'!I44+'Game Results'!I114+'Game Results'!I161+'Game Results'!I205) -> -66 | K59: =SUM(G59/I59) -> 0.67326733 | L59: =SUM((E59*60)/I59) -> 23.925743 | M59: =SUM('Game Results'!L44+'Game Results'!L114+'Game Results'!L161+'Game Results'!L205) -> 207 | N59: =SUM('Game Results'!M44+'Game Results'!M114+'Game Results'!M161+'Game Results'!M205) -> 2 | O59: =SUM('Game Results'!N44+'Game Results'!N114+'Game Results'!N161+'Game Results'!N205) -> 45.55 | P59: =SUM('Game Results'!O44+'Game Results'!O114+'Game Results'!O161+'Game Results'!O205) -> 5 | Q59: =SUM('Game Results'!P44+'Game Results'!P114+'Game Results'!P161+'Game Results'!P205) -> 0 | R59: =SUM('Game Results'!Q44+'Game Results'!Q114+'Game Results'!Q161+'Game Results'!Q205) -> 0 | S59: =SUM('Game Results'!R44+'Game Results'!R114+'Game Results'!R161+'Game Results'!R205) -> 0 | T59: =SUM('Game Results'!S44+'Game Results'!S114+'Game Results'!S161+'Game Results'!S205) -> 0 | ... AD59: =SUM('Game Results'!AC44+'Game Results'!AC114+'Game Results'!AC161+'Game Results'!AC205) -> 0
A60: Goose's Girls | B60: Aspence501 | C60: 4 | D60: =SUM('Game Results'!C45+'Game Results'!C115+'Game Results'!C162+'Game Results'!C206) -> 2 | E60: =SUM('Game Results'!D45+'Game Results'!D115+'Game Results'!D162+'Game Results'!D206) -> 76.25 | F60: =SUM('Game Results'!E45+'Game Results'!E115+'Game Results'!E162+'Game Results'!E206) -> 0 | G60: =SUM('Game Results'!F45+'Game Results'!F115+'Game Results'!F162+'Game Results'!F206) -> 313 | H60: =SUM('Game Results'!G45+'Game Results'!G115+'Game Results'!G162+'Game Results'!G206) -> 18 | I60: =SUM('Game Results'!H45+'Game Results'!H115+'Game Results'!H162+'Game Results'!H206) -> 437 | J60: =SUM('Game Results'!I45+'Game Results'!I115+'Game Results'!I162+'Game Results'!I206) -> -124 | K60: =SUM(G60/I60) -> 0.71624714 | L60: =SUM((E60*60)/I60) -> 10.469108 | M60: =SUM('Game Results'!L45+'Game Results'!L115+'Game Results'!L162+'Game Results'!L206) -> 478 | N60: =SUM('Game Results'!M45+'Game Results'!M115+'Game Results'!M162+'Game Results'!M206) -> 2 | O60: =SUM('Game Results'!N45+'Game Results'!N115+'Game Results'!N162+'Game Results'!N206) -> 41.25 | P60: =SUM('Game Results'!O45+'Game Results'!O115+'Game Results'!O162+'Game Results'!O206) -> 24 | Q60: =SUM('Game Results'!P45+'Game Results'!P115+'Game Results'!P162+'Game Results'!P206) -> 4 | R60: =SUM('Game Results'!Q45+'Game Results'!Q115+'Game Results'!Q162+'Game Results'!Q206) -> 1 | S60: =SUM('Game Results'!R45+'Game Results'!R115+'Game Results'!R162+'Game Results'!R206) -> 0 | T60: =SUM('Game Results'!S45+'Game Results'!S115+'Game Results'!S162+'Game Results'!S206) -> 0 | ... AD60: =SUM('Game Results'!AC45+'Game Results'!AC115+'Game Results'!AC162+'Game Results'!AC206) -> 0
A61: Goose's Girls | B61: Its Low Mane | C61: 4 | D61: =SUM('Game Results'!C46+'Game Results'!C116+'Game Results'!C163+'Game Results'!C207) -> 2 | E61: =SUM('Game Results'!D46+'Game Results'!D116+'Game Results'!D163+'Game Results'!D207) -> 76.416667 | F61: =SUM('Game Results'!E46+'Game Results'!E116+'Game Results'!E163+'Game Results'!E207) -> 1 | G61: =SUM('Game Results'!F46+'Game Results'!F116+'Game Results'!F163+'Game Results'!F207) -> 242 | H61: =SUM('Game Results'!G46+'Game Results'!G116+'Game Results'!G163+'Game Results'!G207) -> 13 | I61: =SUM('Game Results'!H46+'Game Results'!H116+'Game Results'!H163+'Game Results'!H207) -> 381 | J61: =SUM('Game Results'!I46+'Game Results'!I116+'Game Results'!I163+'Game Results'!I207) -> -139 | K61: =SUM(G61/I61) -> 0.6351706 | L61: =SUM((E61*60)/I61) -> 12.034121 | M61: =SUM('Game Results'!L46+'Game Results'!L116+'Game Results'!L163+'Game Results'!L207) -> 342 | N61: =SUM('Game Results'!M46+'Game Results'!M116+'Game Results'!M163+'Game Results'!M207) -> 2 | O61: =SUM('Game Results'!N46+'Game Results'!N116+'Game Results'!N163+'Game Results'!N207) -> 41.416667 | P61: =SUM('Game Results'!O46+'Game Results'!O116+'Game Results'!O163+'Game Results'!O207) -> 11 | Q61: =SUM('Game Results'!P46+'Game Results'!P116+'Game Results'!P163+'Game Results'!P207) -> 2 | R61: =SUM('Game Results'!Q46+'Game Results'!Q116+'Game Results'!Q163+'Game Results'!Q207) -> 1 | S61: =SUM('Game Results'!R46+'Game Results'!R116+'Game Results'!R163+'Game Results'!R207) -> 0 | T61: =SUM('Game Results'!S46+'Game Results'!S116+'Game Results'!S163+'Game Results'!S207) -> 0 | ... AD61: =SUM('Game Results'!AC46+'Game Results'!AC116+'Game Results'!AC163+'Game Results'!AC207) -> 0
A62: Totals: | C62: =SUM(C58:C61)/4 -> 4 | D62: =SUM(D58:D61)/4 -> 2 | E62: =SUM(E58:E61)/4 -> 77.908333 | F62: =SUM(F58:F61) -> 10 | G62: =SUM(G58:G61) -> 1115 | H62: =SUM(H58:H61) -> 56 | I62: =SUM(I58:I61) -> 1330 | J62: =SUM(J58:J61) -> -215 | K62: =G62/I62 -> 0.83834586 | L62: =SUM(L58:L61)/4 -> 15.401598 | M62: =SUM(M58:M61) -> 1708 | N62: =SUM(N58:N61) -> 8 | O62: =SUM(O58:O61) -> 171.63333 | P62: =SUM(P58:P61) -> 90 | Q62: =SUM(Q58:Q61) -> 16 | R62: =SUM(R58:R61) -> 4 | S62: =SUM(S58:S61) -> 0 | T62: =SUM(T58:T61) -> 8 | ... AD62: =SUM(AD58:AD61) -> 0
A63: Originals | B63: Galvann | C63: 5 | D63: =SUM('Game Results'!C30+'Game Results'!C95+'Game Results'!C212+'Game Results'!C277+'Game Results'!C303) -> 5 | E63: =SUM('Game Results'!D30+'Game Results'!D95+'Game Results'!D212+'Game Results'!D277+'Game Results'!D303) -> 65 | F63: =SUM('Game Results'!E30+'Game Results'!E95+'Game Results'!E212+'Game Results'!E277+'Game Results'!E303) -> 1 | G63: =SUM('Game Results'!F30+'Game Results'!F95+'Game Results'!F212+'Game Results'!F277+'Game Results'!F303) -> 354 | H63: =SUM('Game Results'!G30+'Game Results'!G95+'Game Results'!G212+'Game Results'!G277+'Game Results'!G303) -> 29 | I63: =SUM('Game Results'!H30+'Game Results'!H95+'Game Results'!H212+'Game Results'!H277+'Game Results'!H303) -> 255 | J63: =SUM('Game Results'!I30+'Game Results'!I95+'Game Results'!I212+'Game Results'!I277+'Game Results'!I303) -> 99 | K63: =SUM(G63/I63) -> 1.3882353 | L63: =SUM((E63*60)/I63) -> 15.294118 | M63: =SUM('Game Results'!L30+'Game Results'!L95+'Game Results'!L212+'Game Results'!L277+'Game Results'!L303) -> 601 | N63: =SUM('Game Results'!M30+'Game Results'!M95+'Game Results'!M212+'Game Results'!M277+'Game Results'!M303) -> 5 | O63: =SUM('Game Results'!N30+'Game Results'!N95+'Game Results'!N212+'Game Results'!N277+'Game Results'!N303) -> 65 | P63: =SUM('Game Results'!O30+'Game Results'!O95+'Game Results'!O212+'Game Results'!O277+'Game Results'!O303) -> 72 | Q63: =SUM('Game Results'!P30+'Game Results'!P95+'Game Results'!P212+'Game Results'!P277+'Game Results'!P303) -> 19 | R63: =SUM('Game Results'!Q30+'Game Results'!Q95+'Game Results'!Q212+'Game Results'!Q277+'Game Results'!Q303) -> 6 | S63: =SUM('Game Results'!R30+'Game Results'!R95+'Game Results'!R212+'Game Results'!R277+'Game Results'!R303) -> 1 | T63: =SUM('Game Results'!S30+'Game Results'!S95+'Game Results'!S212+'Game Results'!S277+'Game Results'!S303) -> 5 | ... AD63: =SUM('Game Results'!AC30+'Game Results'!AC95+'Game Results'!AC212+'Game Results'!AC277+'Game Results'!AC303) -> 0
A64: Originals | B64: Wrecking Nerds | C64: 5 | D64: =SUM('Game Results'!C31+'Game Results'!C96+'Game Results'!C213+'Game Results'!C278+'Game Results'!C304) -> 5 | E64: =SUM('Game Results'!D31+'Game Results'!D96+'Game Results'!D213+'Game Results'!D278+'Game Results'!D304) -> 65 | F64: =SUM('Game Results'!E31+'Game Results'!E96+'Game Results'!E213+'Game Results'!E278+'Game Results'!E304) -> 20 | G64: =SUM('Game Results'!F31+'Game Results'!F96+'Game Results'!F213+'Game Results'!F278+'Game Results'!F304) -> 191 | H64: =SUM('Game Results'!G31+'Game Results'!G96+'Game Results'!G213+'Game Results'!G278+'Game Results'!G304) -> 14 | I64: =SUM('Game Results'!H31+'Game Results'!H96+'Game Results'!H213+'Game Results'!H278+'Game Results'!H304) -> 138 | J64: =SUM('Game Results'!I31+'Game Results'!I96+'Game Results'!I213+'Game Results'!I278+'Game Results'!I304) -> 53 | K64: =SUM(G64/I64) -> 1.384058 | L64: =SUM((E64*60)/I64) -> 28.26087 | M64: =SUM('Game Results'!L31+'Game Results'!L96+'Game Results'!L213+'Game Results'!L278+'Game Results'!L304) -> 332 | N64: =SUM('Game Results'!M31+'Game Results'!M96+'Game Results'!M213+'Game Results'!M278+'Game Results'!M304) -> 5 | O64: =SUM('Game Results'!N31+'Game Results'!N96+'Game Results'!N213+'Game Results'!N278+'Game Results'!N304) -> 65 | P64: =SUM('Game Results'!O31+'Game Results'!O96+'Game Results'!O213+'Game Results'!O278+'Game Results'!O304) -> 28 | Q64: =SUM('Game Results'!P31+'Game Results'!P96+'Game Results'!P213+'Game Results'!P278+'Game Results'!P304) -> 5 | R64: =SUM('Game Results'!Q31+'Game Results'!Q96+'Game Results'!Q213+'Game Results'!Q278+'Game Results'!Q304) -> 1 | S64: =SUM('Game Results'!R31+'Game Results'!R96+'Game Results'!R213+'Game Results'!R278+'Game Results'!R304) -> 0 | T64: =SUM('Game Results'!S31+'Game Results'!S96+'Game Results'!S213+'Game Results'!S278+'Game Results'!S304) -> 7 | ... AD64: =SUM('Game Results'!AC31+'Game Results'!AC96+'Game Results'!AC213+'Game Results'!AC278+'Game Results'!AC304) -> 0
A65: Originals | B65: Diixvn | C65: 5 | D65: =SUM('Game Results'!C32+'Game Results'!C97+'Game Results'!C214+'Game Results'!C279+'Game Results'!C305) -> 5 | E65: =SUM('Game Results'!D32+'Game Results'!D97+'Game Results'!D214+'Game Results'!D279+'Game Results'!D305) -> 65 | F65: =SUM('Game Results'!E32+'Game Results'!E97+'Game Results'!E214+'Game Results'!E279+'Game Results'!E305) -> 2 | G65: =SUM('Game Results'!F32+'Game Results'!F97+'Game Results'!F214+'Game Results'!F279+'Game Results'!F305) -> 268 | H65: =SUM('Game Results'!G32+'Game Results'!G97+'Game Results'!G214+'Game Results'!G279+'Game Results'!G305) -> 11 | I65: =SUM('Game Results'!H32+'Game Results'!H97+'Game Results'!H214+'Game Results'!H279+'Game Results'!H305) -> 285 | J65: =SUM('Game Results'!I32+'Game Results'!I97+'Game Results'!I214+'Game Results'!I279+'Game Results'!I305) -> -17 | K65: =SUM(G65/I65) -> 0.94035088 | L65: =SUM((E65*60)/I65) -> 13.684211 | M65: =SUM('Game Results'!L32+'Game Results'!L97+'Game Results'!L214+'Game Results'!L279+'Game Results'!L305) -> 410 | N65: =SUM('Game Results'!M32+'Game Results'!M97+'Game Results'!M214+'Game Results'!M279+'Game Results'!M305) -> 5 | O65: =SUM('Game Results'!N32+'Game Results'!N97+'Game Results'!N214+'Game Results'!N279+'Game Results'!N305) -> 65 | P65: =SUM('Game Results'!O32+'Game Results'!O97+'Game Results'!O214+'Game Results'!O279+'Game Results'!O305) -> 46 | Q65: =SUM('Game Results'!P32+'Game Results'!P97+'Game Results'!P214+'Game Results'!P279+'Game Results'!P305) -> 6 | R65: =SUM('Game Results'!Q32+'Game Results'!Q97+'Game Results'!Q214+'Game Results'!Q279+'Game Results'!Q305) -> 3 | S65: =SUM('Game Results'!R32+'Game Results'!R97+'Game Results'!R214+'Game Results'!R279+'Game Results'!R305) -> 3 | T65: =SUM('Game Results'!S32+'Game Results'!S97+'Game Results'!S214+'Game Results'!S279+'Game Results'!S305) -> 3 | ... AD65: =SUM('Game Results'!AC32+'Game Results'!AC97+'Game Results'!AC214+'Game Results'!AC279+'Game Results'!AC305) -> 0
A66: Originals | B66: nukiey | C66: 5 | D66: =SUM('Game Results'!C33+'Game Results'!C98+'Game Results'!C215+'Game Results'!C280+'Game Results'!C306) -> 5 | E66: =SUM('Game Results'!D33+'Game Results'!D98+'Game Results'!D215+'Game Results'!D280+'Game Results'!D306) -> 65 | F66: =SUM('Game Results'!E33+'Game Results'!E98+'Game Results'!E215+'Game Results'!E280+'Game Results'!E306) -> 2 | G66: =SUM('Game Results'!F33+'Game Results'!F98+'Game Results'!F215+'Game Results'!F280+'Game Results'!F306) -> 217 | H66: =SUM('Game Results'!G33+'Game Results'!G98+'Game Results'!G215+'Game Results'!G280+'Game Results'!G306) -> 13 | I66: =SUM('Game Results'!H33+'Game Results'!H98+'Game Results'!H215+'Game Results'!H280+'Game Results'!H306) -> 281 | J66: =SUM('Game Results'!I33+'Game Results'!I98+'Game Results'!I215+'Game Results'!I280+'Game Results'!I306) -> -64 | K66: =SUM(G66/I66) -> 0.77224199 | L66: =SUM((E66*60)/I66) -> 13.879004 | M66: =SUM('Game Results'!L33+'Game Results'!L98+'Game Results'!L215+'Game Results'!L280+'Game Results'!L306) -> 368 | N66: =SUM('Game Results'!M33+'Game Results'!M98+'Game Results'!M215+'Game Results'!M280+'Game Results'!M306) -> 5 | O66: =SUM('Game Results'!N33+'Game Results'!N98+'Game Results'!N215+'Game Results'!N280+'Game Results'!N306) -> 65 | P66: =SUM('Game Results'!O33+'Game Results'!O98+'Game Results'!O215+'Game Results'!O280+'Game Results'!O306) -> 33 | Q66: =SUM('Game Results'!P33+'Game Results'!P98+'Game Results'!P215+'Game Results'!P280+'Game Results'!P306) -> 7 | R66: =SUM('Game Results'!Q33+'Game Results'!Q98+'Game Results'!Q215+'Game Results'!Q280+'Game Results'!Q306) -> 0 | S66: =SUM('Game Results'!R33+'Game Results'!R98+'Game Results'!R215+'Game Results'!R280+'Game Results'!R306) -> 0 | T66: =SUM('Game Results'!S33+'Game Results'!S98+'Game Results'!S215+'Game Results'!S280+'Game Results'!S306) -> 1 | ... AD66: =SUM('Game Results'!AC33+'Game Results'!AC98+'Game Results'!AC215+'Game Results'!AC280+'Game Results'!AC306) -> 0
A67: Totals: | C67: =SUM(C63:C66)/4 -> 5 | D67: =SUM(D63:D66)/4 -> 5 | E67: =SUM(E63:E66)/4 -> 65 | F67: =SUM(F63:F66) -> 25 | G67: =SUM(G63:G66) -> 1030 | H67: =SUM(H63:H66) -> 67 | I67: =SUM(I63:I66) -> 959 | J67: =SUM(J63:J66) -> 71 | K67: =G67/I67 -> 1.0740355 | L67: =SUM(L63:L66)/4 -> 17.77955 | M67: =SUM(M63:M66) -> 1711 | N67: =SUM(N63:N66) -> 20 | O67: =SUM(O63:O66) -> 260 | P67: =SUM(P63:P66) -> 179 | Q67: =SUM(Q63:Q66) -> 37 | R67: =SUM(R63:R66) -> 10 | S67: =SUM(S63:S66) -> 4 | T67: =SUM(T63:T66) -> 16 | ... AD67: =SUM(AD63:AD66) -> 0
A69: Neutral Host: | B69: =SUM(B70:B85) -> 24
A70: Rage More Nerd | B70: 3
A71: Priest XYZ | B71: 3
A72: DJBlue PDX | B72: 4
A73: Nihilus | B73: 6
A74: Star | B74: 3
A75: yLuxe | B75: 1
A76: Doerstopped | B76: 1
A77: KDSkill | B77: 1
A78: eTazedd | B78: 2

Sheet Player Leaderboards
C1: Statistics for the Halo Reach Event of DJBluePDX's Grifball Summer Series presented by Dreamhack and powered by PlayGrifball.com
A2: Team | B2: Player | C2: Games | D2: Wins | E2: Minutes | F2: Score | G2: Kills | H2: Assists | I2: Deaths | J2: Spread | K2: K/D Ratio | L2: Average Life | M2: Medals | N2: Medals Recorded? | O2: Minutes | P2: Double Kill | Q2: Triple Kill | R2: Overkill | S2: Killtacular | T2: Killing Spree | U2: Killing Frenzy | V2: Sword Spree | W2: Extermination | X2: Running Riot | Y2: Rampage | Z2: Killtrocity | AA2: Killmanjaro | AB2: Killpocalypse | AC2: Killtastrophe | AD2: Killionaire | AE2: Rampage | AF2: Killtrocity | AG2: Killmanjaro | AH2: Killpocalypse | AI2: Killtastrophe | AJ2: Killionaire
A3: ='Team Statistics'!A34 -> Spam Folder | B3: ='Team Statistics'!B34 -> Icey Tanker | C3: ='Team Statistics'!C34 -> 8 | D3: ='Team Statistics'!D34 -> 6 | E3: ='Team Statistics'!E34 -> 282 | F3: ='Team Statistics'!F34 -> 9 | G3: ='Team Statistics'!G34 -> 1227 | H3: ='Team Statistics'!H34 -> 65 | ... AD3: ='Team Statistics'!AD34 -> 0 | AE3: =#REF! -> #REF! | AF3: =#REF! -> #REF! | AG3: =#REF! -> #REF! | AH3: =#REF! -> #REF! | AI3: =#REF! -> #REF! | AJ3: =#REF! -> #REF!
A4: ='Team Statistics'!A19 -> BOGO Margs | B4: ='Team Statistics'!B19 -> Judasey | C4: ='Team Statistics'!C19 -> 5 | D4: ='Team Statistics'!D19 -> 3 | E4: ='Team Statistics'!E19 -> 169.85 | F4: ='Team Statistics'!F19 -> 2 | G4: ='Team Statistics'!G19 -> 859 | H4: ='Team Statistics'!H19 -> 55 | ... AD4: ='Team Statistics'!AD19 -> 0 | AE4: =#REF! -> #REF! | AF4: =#REF! -> #REF! | AG4: =#REF! -> #REF! | AH4: =#REF! -> #REF! | AI4: =#REF! -> #REF! | AJ4: =#REF! -> #REF!
A5: ='Team Statistics'!A35 -> Spam Folder | B5: ='Team Statistics'!B35 -> Grunt Padre | C5: ='Team Statistics'!C35 -> 8 | D5: ='Team Statistics'!D35 -> 6 | E5: ='Team Statistics'!E35 -> 282 | F5: ='Team Statistics'!F35 -> 2 | G5: ='Team Statistics'!G35 -> 1096 | H5: ='Team Statistics'!H35 -> 77 | ... AD5: ='Team Statistics'!AD35 -> 0 | AE5: =#REF! -> #REF! | AF5: =#REF! -> #REF! | AG5: =#REF! -> #REF! | AH5: =#REF! -> #REF! | AI5: =#REF! -> #REF! | AJ5: =#REF! -> #REF!
A6: ='Team Statistics'!A29 -> Eurostars | B6: ='Team Statistics'!B29 -> oDhmon | C6: ='Team Statistics'!C29 -> 4 | D6: ='Team Statistics'!D29 -> 2 | E6: ='Team Statistics'!E29 -> 206.9 | F6: ='Team Statistics'!F29 -> 4 | G6: ='Team Statistics'!G29 -> 938 | H6: ='Team Statistics'!H29 -> 65 | ... AD6: ='Team Statistics'!AD29 -> 0 | AE6: =#REF! -> #REF! | AF6: =#REF! -> #REF! | AG6: =#REF! -> #REF! | AH6: =#REF! -> #REF! | AI6: =#REF! -> #REF! | AJ6: =#REF! -> #REF!
A7: ='Team Statistics'!A63 -> Originals | B7: ='Team Statistics'!B63 -> Galvann | C7: ='Team Statistics'!C63 -> 5 | D7: ='Team Statistics'!D63 -> 5 | E7: ='Team Statistics'!E63 -> 65 | F7: ='Team Statistics'!F63 -> 1 | G7: ='Team Statistics'!G63 -> 354 | H7: ='Team Statistics'!H63 -> 29 | ... AD7: ='Team Statistics'!AD63 -> 0 | AE7: =#REF! -> #REF! | AF7: =#REF! -> #REF! | AG7: =#REF! -> #REF! | AH7: =#REF! -> #REF! | AI7: =#REF! -> #REF! | AJ7: =#REF! -> #REF!
A8: ='Team Statistics'!A4 -> Noble Team | B8: ='Team Statistics'!B4 -> Ace B S1lentND1 | C8: ='Team Statistics'!C4 -> 5 | D8: ='Team Statistics'!D4 -> 3 | E8: ='Team Statistics'!E4 -> 118.9 | F8: ='Team Statistics'!F4 -> 3 | G8: ='Team Statistics'!G4 -> 557 | H8: ='Team Statistics'!H4 -> 49 | ... AD8: ='Team Statistics'!AD4 -> 0 | AE8: =#REF! -> #REF! | AF8: =#REF! -> #REF! | AG8: =#REF! -> #REF! | AH8: =#REF! -> #REF! | AI8: =#REF! -> #REF! | AJ8: =#REF! -> #REF!
A9: ='Team Statistics'!A23 -> Minor Threat | B9: ='Team Statistics'!B23 -> Dat Twinkie | C9: ='Team Statistics'!C23 -> 2 | D9: ='Team Statistics'!D23 -> 0 | E9: ='Team Statistics'!E23 -> 82.7 | F9: ='Team Statistics'!F23 -> 0 | G9: ='Team Statistics'!G23 -> 399 | H9: ='Team Statistics'!H23 -> 33 | ... AD9: ='Team Statistics'!AD23 -> 0 | AE9: =#REF! -> #REF! | AF9: =#REF! -> #REF! | AG9: =#REF! -> #REF! | AH9: =#REF! -> #REF! | AI9: =#REF! -> #REF! | AJ9: =#REF! -> #REF!
A10: ='Team Statistics'!A28 -> Eurostars | B10: ='Team Statistics'!B28 -> CaptainSev004 | C10: ='Team Statistics'!C28 -> 4 | D10: ='Team Statistics'!D28 -> 2 | E10: ='Team Statistics'!E28 -> 206.9 | F10: ='Team Statistics'!F28 -> 2 | G10: ='Team Statistics'!G28 -> 787 | H10: ='Team Statistics'!H28 -> 34 | ... AD10: ='Team Statistics'!AD28 -> 0 | AE10: =#REF! -> #REF! | AF10: =#REF! -> #REF! | AG10: =#REF! -> #REF! | AH10: =#REF! -> #REF! | AI10: =#REF! -> #REF! | AJ10: =#REF! -> #REF!
A11: ='Team Statistics'!A14 -> Goon Squad | B11: ='Team Statistics'!B14 -> AJ DaJuiceMayne | C11: ='Team Statistics'!C14 -> 2 | D11: ='Team Statistics'!D14 -> 0 | E11: ='Team Statistics'!E14 -> 53.2 | F11: ='Team Statistics'!F14 -> 0 | G11: ='Team Statistics'!G14 -> 249 | H11: ='Team Statistics'!H14 -> 17 | ... AD11: ='Team Statistics'!AD14 -> 0 | AE11: =#REF! -> #REF! | AF11: =#REF! -> #REF! | AG11: =#REF! -> #REF! | AH11: =#REF! -> #REF! | AI11: =#REF! -> #REF! | AJ11: =#REF! -> #REF!
A12: ='Team Statistics'!A3 -> Noble Team | B12: ='Team Statistics'!B3 -> TheNobleTV | C12: ='Team Statistics'!C3 -> 5 | D12: ='Team Statistics'!D3 -> 3 | E12: ='Team Statistics'!E3 -> 118.9 | F12: ='Team Statistics'!F3 -> 0 | G12: ='Team Statistics'!G3 -> 414 | H12: ='Team Statistics'!H3 -> 34 | ... AD12: ='Team Statistics'!AD3 -> 0 | AE12: =#REF! -> #REF! | AF12: =#REF! -> #REF! | AG12: =#REF! -> #REF! | AH12: =#REF! -> #REF! | AI12: =#REF! -> #REF! | AJ12: =#REF! -> #REF!
A13: ='Team Statistics'!A53 -> Candice | B13: ='Team Statistics'!B53 -> ixGingy | C13: ='Team Statistics'!C53 -> 3 | D13: ='Team Statistics'!D53 -> 1 | E13: ='Team Statistics'!E53 -> 99.3 | F13: ='Team Statistics'!F53 -> 4 | G13: ='Team Statistics'!G53 -> 516 | H13: ='Team Statistics'!H53 -> 20 | ... AD13: ='Team Statistics'!AD53 -> 0 | AE13: =#REF! -> #REF! | AF13: =#REF! -> #REF! | AG13: =#REF! -> #REF! | AH13: =#REF! -> #REF! | AI13: =#REF! -> #REF! | AJ13: =#REF! -> #REF!
A14: ='Team Statistics'!A8 -> Salvatores | B14: ='Team Statistics'!B8 -> ADhillyy | C14: ='Team Statistics'!C8 -> 2 | D14: ='Team Statistics'!D8 -> 0 | E14: ='Team Statistics'!E8 -> 58.8 | F14: ='Team Statistics'!F8 -> 0 | G14: ='Team Statistics'!G8 -> 261 | H14: ='Team Statistics'!H8 -> 16 | ... AD14: ='Team Statistics'!AD8 -> 0 | AE14: =#REF! -> #REF! | AF14: =#REF! -> #REF! | AG14: =#REF! -> #REF! | AH14: =#REF! -> #REF! | AI14: =#REF! -> #REF! | AJ14: =#REF! -> #REF!
A15: ='Team Statistics'!A65 -> Originals | B15: ='Team Statistics'!B65 -> Diixvn | C15: ='Team Statistics'!C65 -> 5 | D15: ='Team Statistics'!D65 -> 5 | E15: ='Team Statistics'!E65 -> 65 | F15: ='Team Statistics'!F65 -> 2 | G15: ='Team Statistics'!G65 -> 268 | H15: ='Team Statistics'!H65 -> 11 | ... AD15: ='Team Statistics'!AD65 -> 0 | AE15: =#REF! -> #REF! | AF15: =#REF! -> #REF! | AG15: =#REF! -> #REF! | AH15: =#REF! -> #REF! | AI15: =#REF! -> #REF! | AJ15: =#REF! -> #REF!
A16: ='Team Statistics'!A21 -> BOGO Margs | B16: ='Team Statistics'!B21 -> MoldyVolts | C16: ='Team Statistics'!C21 -> 5 | D16: ='Team Statistics'!D21 -> 3 | E16: ='Team Statistics'!E21 -> 169.85 | F16: ='Team Statistics'!F21 -> 2 | G16: ='Team Statistics'!G21 -> 651 | H16: ='Team Statistics'!H21 -> 52 | ... AD16: ='Team Statistics'!AD21 -> 0 | AE16: =#REF! -> #REF! | AF16: =#REF! -> #REF! | AG16: =#REF! -> #REF! | AH16: =#REF! -> #REF! | AI16: =#REF! -> #REF! | AJ16: =#REF! -> #REF!
A17: ='Team Statistics'!A20 -> BOGO Margs | B17: ='Team Statistics'!B20 -> ManCanonPls | C17: ='Team Statistics'!C20 -> 5 | D17: ='Team Statistics'!D20 -> 3 | E17: ='Team Statistics'!E20 -> 169.85 | F17: ='Team Statistics'!F20 -> 2 | G17: ='Team Statistics'!G20 -> 629 | H17: ='Team Statistics'!H20 -> 32 | ... AD17: ='Team Statistics'!AD20 -> 0 | AE17: =#REF! -> #REF! | AF17: =#REF! -> #REF! | AG17: =#REF! -> #REF! | AH17: =#REF! -> #REF! | AI17: =#REF! -> #REF! | AJ17: =#REF! -> #REF!
A18: ='Team Statistics'!A30 -> Eurostars | B18: ='Team Statistics'!B30 -> SlMQ | C18: ='Team Statistics'!C30 -> 4 | D18: ='Team Statistics'!D30 -> 2 | E18: ='Team Statistics'!E30 -> 206.9 | F18: ='Team Statistics'!F30 -> 2 | G18: ='Team Statistics'!G30 -> 756 | H18: ='Team Statistics'!H30 -> 68 | ... AD18: ='Team Statistics'!AD30 -> 0 | AE18: =#REF! -> #REF! | AF18: =#REF! -> #REF! | AG18: =#REF! -> #REF! | AH18: =#REF! -> #REF! | AI18: =#REF! -> #REF! | AJ18: =#REF! -> #REF!
A19: ='Team Statistics'!A58 -> Goose's Girls | B19: ='Team Statistics'!B58 -> DlGITAL PAIN | C19: ='Team Statistics'!C58 -> 4 | D19: ='Team Statistics'!D58 -> 2 | E19: ='Team Statistics'!E58 -> 78.416667 | F19: ='Team Statistics'!F58 -> 3 | G19: ='Team Statistics'!G58 -> 424 | H19: ='Team Statistics'!H58 -> 17 | ... AD19: ='Team Statistics'!AD58 -> 0 | AE19: =#REF! -> #REF! | AF19: =#REF! -> #REF! | AG19: =#REF! -> #REF! | AH19: =#REF! -> #REF! | AI19: =#REF! -> #REF! | AJ19: =#REF! -> #REF!
A20: ='Team Statistics'!A48 -> Fat Mav | B20: ='Team Statistics'!B48 -> Regresser | C20: ='Team Statistics'!C48 -> 3 | D20: ='Team Statistics'!D48 -> 1 | E20: ='Team Statistics'!E48 -> 52.4 | F20: ='Team Statistics'!F48 -> 1 | G20: ='Team Statistics'!G48 -> 229 | H20: ='Team Statistics'!H48 -> 16 | ... AD20: ='Team Statistics'!AD48 -> 0 | AE20: =#REF! -> #REF! | AF20: =#REF! -> #REF! | AG20: =#REF! -> #REF! | AH20: =#REF! -> #REF! | AI20: =#REF! -> #REF! | AJ20: =#REF! -> #REF!
A21: ='Team Statistics'!A39 -> Like Clockwork | B21: ='Team Statistics'!B39 -> Fanciest Pants | C21: ='Team Statistics'!C39 -> 2 | D21: ='Team Statistics'!D39 -> 0 | E21: ='Team Statistics'!E39 -> 39.4 | F21: ='Team Statistics'!F39 -> 0 | G21: ='Team Statistics'!G39 -> 184 | H21: ='Team Statistics'!H39 -> 19 | ... AD21: ='Team Statistics'!AD39 -> 0 | AE21: =#REF! -> #REF! | AF21: =#REF! -> #REF! | AG21: =#REF! -> #REF! | AH21: =#REF! -> #REF! | AI21: =#REF! -> #REF! | AJ21: =#REF! -> #REF!
A22: ='Team Statistics'!A43 -> EU Squad w/o EUs | B22: ='Team Statistics'!B43 -> Frnzh | C22: ='Team Statistics'!C43 -> 2 | D22: ='Team Statistics'!D43 -> 0 | E22: ='Team Statistics'!E43 -> 36.5 | F22: ='Team Statistics'!F43 -> 0 | G22: ='Team Statistics'!G43 -> 164 | H22: ='Team Statistics'!H43 -> 3 | ... AD22: ='Team Statistics'!AD43 -> 0 | AE22: =#REF! -> #REF! | AF22: =#REF! -> #REF! | AG22: =#REF! -> #REF! | AH22: =#REF! -> #REF! | AI22: =#REF! -> #REF! | AJ22: =#REF! -> #REF!
A23: ='Team Statistics'!A33 -> Spam Folder | B23: ='Team Statistics'!B33 -> ixjaga | C23: ='Team Statistics'!C33 -> 8 | D23: ='Team Statistics'!D33 -> 6 | E23: ='Team Statistics'!E33 -> 282 | F23: ='Team Statistics'!F33 -> 3 | G23: ='Team Statistics'!G33 -> 1128 | H23: ='Team Statistics'!H33 -> 83 | ... AD23: ='Team Statistics'!AD33 -> 0 | AE23: =#REF! -> #REF! | AF23: =#REF! -> #REF! | AG23: =#REF! -> #REF! | AH23: =#REF! -> #REF! | AI23: =#REF! -> #REF! | AJ23: =#REF! -> #REF!
A24: ='Team Statistics'!A5 -> Noble Team | B24: ='Team Statistics'!B5 -> DCleak | C24: ='Team Statistics'!C5 -> 5 | D24: ='Team Statistics'!D5 -> 3 | E24: ='Team Statistics'!E5 -> 118.9 | F24: ='Team Statistics'!F5 -> 1 | G24: ='Team Statistics'!G5 -> 487 | H24: ='Team Statistics'!H5 -> 44 | ... AD24: ='Team Statistics'!AD5 -> 0 | AE24: =#REF! -> #REF! | AF24: =#REF! -> #REF! | AG24: =#REF! -> #REF! | AH24: =#REF! -> #REF! | AI24: =#REF! -> #REF! | AJ24: =#REF! -> #REF!
A25: ='Team Statistics'!A9 -> Salvatores | B25: ='Team Statistics'!B9 -> Yejis Aegyo | C25: ='Team Statistics'!C9 -> 2 | D25: ='Team Statistics'!D9 -> 0 | E25: ='Team Statistics'!E9 -> 58.8 | F25: ='Team Statistics'!F9 -> 2 | G25: ='Team Statistics'!G9 -> 326 | H25: ='Team Statistics'!H9 -> 14 | ... AD25: ='Team Statistics'!AD9 -> 0 | AE25: =#REF! -> #REF! | AF25: =#REF! -> #REF! | AG25: =#REF! -> #REF! | AH25: =#REF! -> #REF! | AI25: =#REF! -> #REF! | AJ25: =#REF! -> #REF!
A26: ='Team Statistics'!A26 -> Minor Threat | B26: ='Team Statistics'!B26 -> You heard of us | C26: ='Team Statistics'!C26 -> 2 | D26: ='Team Statistics'!D26 -> 0 | E26: ='Team Statistics'!E26 -> 83.45 | F26: ='Team Statistics'!F26 -> 0 | G26: ='Team Statistics'!G26 -> 342 | H26: ='Team Statistics'!H26 -> 20 | ... AD26: ='Team Statistics'!AD26 -> 0 | AE26: =#REF! -> #REF! | AF26: =#REF! -> #REF! | AG26: =#REF! -> #REF! | AH26: =#REF! -> #REF! | AI26: =#REF! -> #REF! | AJ26: =#REF! -> #REF!
A27: ='Team Statistics'!A31 -> Eurostars | B27: ='Team Statistics'!B31 -> AwareMosquito | C27: ='Team Statistics'!C31 -> 4 | D27: ='Team Statistics'!D31 -> 2 | E27: ='Team Statistics'!E31 -> 206.9 | F27: ='Team Statistics'!F31 -> 7 | G27: ='Team Statistics'!G31 -> 593 | H27: ='Team Statistics'!H31 -> 8 | ... AD27: ='Team Statistics'!AD31 -> 0 | AE27: =#REF! -> #REF! | AF27: =#REF! -> #REF! | AG27: =#REF! -> #REF! | AH27: =#REF! -> #REF! | AI27: =#REF! -> #REF! | AJ27: =#REF! -> #REF!
A28: ='Team Statistics'!A64 -> Originals | B28: ='Team Statistics'!B64 -> Wrecking Nerds | C28: ='Team Statistics'!C64 -> 5 | D28: ='Team Statistics'!D64 -> 5 | E28: ='Team Statistics'!E64 -> 65 | F28: ='Team Statistics'!F64 -> 20 | G28: ='Team Statistics'!G64 -> 191 | H28: ='Team Statistics'!H64 -> 14 | ... AD28: ='Team Statistics'!AD64 -> 0 | AE28: =#REF! -> #REF! | AF28: =#REF! -> #REF! | AG28: =#REF! -> #REF! | AH28: =#REF! -> #REF! | AI28: =#REF! -> #REF! | AJ28: =#REF! -> #REF!
A29: ='Team Statistics'!A38 -> Like Clockwork | B29: ='Team Statistics'!B38 -> yLuxe | C29: ='Team Statistics'!C38 -> 2 | D29: ='Team Statistics'!D38 -> 0 | E29: ='Team Statistics'!E38 -> 39.4 | F29: ='Team Statistics'!F38 -> 4 | G29: ='Team Statistics'!G38 -> 159 | H29: ='Team Statistics'!H38 -> 5 | ... AD29: ='Team Statistics'!AD38 -> 0 | AE29: =#REF! -> #REF! | AF29: =#REF! -> #REF! | AG29: =#REF! -> #REF! | AH29: =#REF! -> #REF! | AI29: =#REF! -> #REF! | AJ29: =#REF! -> #REF!
A30: ='Team Statistics'!A55 -> Candice | B30: ='Team Statistics'!B55 -> LaMeowlla | C30: ='Team Statistics'!C55 -> 3 | D30: ='Team Statistics'!D55 -> 1 | E30: ='Team Statistics'!E55 -> 99.3 | F30: ='Team Statistics'!F55 -> 0 | G30: ='Team Statistics'!G55 -> 369 | H30: ='Team Statistics'!H55 -> 32 | ... AD30: ='Team Statistics'!AD55 -> 0 | AE30: =#REF! -> #REF! | AF30: =#REF! -> #REF! | AG30: =#REF! -> #REF! | AH30: =#REF! -> #REF! | AI30: =#REF! -> #REF! | AJ30: =#REF! -> #REF!
A31: ='Team Statistics'!A60 -> Goose's Girls | B31: ='Team Statistics'!B60 -> Aspence501 | C31: ='Team Statistics'!C60 -> 4 | D31: ='Team Statistics'!D60 -> 2 | E31: ='Team Statistics'!E60 -> 76.25 | F31: ='Team Statistics'!F60 -> 0 | G31: ='Team Statistics'!G60 -> 313 | H31: ='Team Statistics'!H60 -> 18 | ... AD31: ='Team Statistics'!AD60 -> 0 | AE31: =#REF! -> #REF! | AF31: =#REF! -> #REF! | AG31: =#REF! -> #REF! | AH31: =#REF! -> #REF! | AI31: =#REF! -> #REF! | AJ31: =#REF! -> #REF!
A32: ='Team Statistics'!A45 -> EU Squad w/o EUs | B32: ='Team Statistics'!B45 -> KillerDj Demon | C32: ='Team Statistics'!C45 -> 2 | D32: ='Team Statistics'!D45 -> 0 | E32: ='Team Statistics'!E45 -> 36.5 | F32: ='Team Statistics'!F45 -> 0 | G32: ='Team Statistics'!G45 -> 151 | H32: ='Team Statistics'!H45 -> 12 | ... AD32: ='Team Statistics'!AD45 -> 0 | AE32: =#REF! -> #REF! | AF32: =#REF! -> #REF! | AG32: =#REF! -> #REF! | AH32: =#REF! -> #REF! | AI32: =#REF! -> #REF! | AJ32: =#REF! -> #REF!
A33: ='Team Statistics'!A56 -> Candice | B33: ='Team Statistics'!B56 -> Mr_Epic_Beast | C33: ='Team Statistics'!C56 -> 3 | D33: ='Team Statistics'!D56 -> 1 | E33: ='Team Statistics'!E56 -> 99.3 | F33: ='Team Statistics'!F56 -> 0 | G33: ='Team Statistics'!G56 -> 371 | H33: ='Team Statistics'!H56 -> 21 | ... AD33: ='Team Statistics'!AD56 -> 0 | AE33: =#REF! -> #REF! | AF33: =#REF! -> #REF! | AG33: =#REF! -> #REF! | AH33: =#REF! -> #REF! | AI33: =#REF! -> #REF! | AJ33: =#REF! -> #REF!
A34: ='Team Statistics'!A61 -> Goose's Girls | B34: ='Team Statistics'!B61 -> Its Low Mane | C34: ='Team Statistics'!C61 -> 4 | D34: ='Team Statistics'!D61 -> 2 | E34: ='Team Statistics'!E61 -> 76.416667 | F34: ='Team Statistics'!F61 -> 1 | G34: ='Team Statistics'!G61 -> 242 | H34: ='Team Statistics'!H61 -> 13 | ... AD34: ='Team Statistics'!AD61 -> 0 | AE34: =#REF! -> #REF! | AF34: =#REF! -> #REF! | AG34: =#REF! -> #REF! | AH34: =#REF! -> #REF! | AI34: =#REF! -> #REF! | AJ34: =#REF! -> #REF!
A35: ='Team Statistics'!A40 -> Like Clockwork | B35: ='Team Statistics'!B40 -> mstell96 | C35: ='Team Statistics'!C40 -> 2 | D35: ='Team Statistics'!D40 -> 0 | E35: ='Team Statistics'!E40 -> 39.4 | F35: ='Team Statistics'!F40 -> 1 | G35: ='Team Statistics'!G40 -> 131 | H35: ='Team Statistics'!H40 -> 16 | ... AD35: ='Team Statistics'!AD40 -> 0 | AE35: =#REF! -> #REF! | AF35: =#REF! -> #REF! | AG35: =#REF! -> #REF! | AH35: =#REF! -> #REF! | AI35: =#REF! -> #REF! | AJ35: =#REF! -> #REF!
A36: ='Team Statistics'!A46 -> EU Squad w/o EUs | B36: ='Team Statistics'!B46 -> Scullen75 | C36: ='Team Statistics'!C46 -> 2 | D36: ='Team Statistics'!D46 -> 0 | E36: ='Team Statistics'!E46 -> 36.5 | F36: ='Team Statistics'!F46 -> 1 | G36: ='Team Statistics'!G46 -> 109 | H36: ='Team Statistics'!H46 -> 4 | ... AD36: ='Team Statistics'!AD46 -> 0 | AE36: =#REF! -> #REF! | AF36: =#REF! -> #REF! | AG36: =#REF! -> #REF! | AH36: =#REF! -> #REF! | AI36: =#REF! -> #REF! | AJ36: =#REF! -> #REF!
A37: ='Team Statistics'!A36 -> Spam Folder | B37: ='Team Statistics'!B36 -> The Scet | C37: ='Team Statistics'!C36 -> 8 | D37: ='Team Statistics'!D36 -> 6 | E37: ='Team Statistics'!E36 -> 282 | F37: ='Team Statistics'!F36 -> 19 | G37: ='Team Statistics'!G36 -> 608 | H37: ='Team Statistics'!H36 -> 18 | ... AD37: ='Team Statistics'!AD36 -> 0 | AE37: =#REF! -> #REF! | AF37: =#REF! -> #REF! | AG37: =#REF! -> #REF! | AH37: =#REF! -> #REF! | AI37: =#REF! -> #REF! | AJ37: =#REF! -> #REF!
A38: ='Team Statistics'!A6 -> Noble Team | B38: ='Team Statistics'!B6 -> Ouglaf11 | C38: ='Team Statistics'!C6 -> 5 | D38: ='Team Statistics'!D6 -> 3 | E38: ='Team Statistics'!E6 -> 118.9 | F38: ='Team Statistics'!F6 -> 13 | G38: ='Team Statistics'!G6 -> 393 | H38: ='Team Statistics'!H6 -> 6 | ... AD38: ='Team Statistics'!AD6 -> 0 | AE38: =#REF! -> #REF! | AF38: =#REF! -> #REF! | AG38: =#REF! -> #REF! | AH38: =#REF! -> #REF! | AI38: =#REF! -> #REF! | AJ38: =#REF! -> #REF!
A39: ='Team Statistics'!A66 -> Originals | B39: ='Team Statistics'!B66 -> nukiey | C39: ='Team Statistics'!C66 -> 5 | D39: ='Team Statistics'!D66 -> 5 | E39: ='Team Statistics'!E66 -> 65 | F39: ='Team Statistics'!F66 -> 2 | G39: ='Team Statistics'!G66 -> 217 | H39: ='Team Statistics'!H66 -> 13 | ... AD39: ='Team Statistics'!AD66 -> 0 | AE39: =#REF! -> #REF! | AF39: =#REF! -> #REF! | AG39: =#REF! -> #REF! | AH39: =#REF! -> #REF! | AI39: =#REF! -> #REF! | AJ39: =#REF! -> #REF!
A40: ='Team Statistics'!A24 -> Minor Threat | B40: ='Team Statistics'!B24 -> cxrnchip | C40: ='Team Statistics'!C24 -> 2 | D40: ='Team Statistics'!D24 -> 0 | E40: ='Team Statistics'!E24 -> 86.166667 | F40: ='Team Statistics'!F24 -> 0 | G40: ='Team Statistics'!G24 -> 339 | H40: ='Team Statistics'!H24 -> 26 | ... AD40: ='Team Statistics'!AD24 -> 0 | AE40: =#REF! -> #REF! | AF40: =#REF! -> #REF! | AG40: =#REF! -> #REF! | AH40: =#REF! -> #REF! | AI40: =#REF! -> #REF! | AJ40: =#REF! -> #REF!
A41: ='Team Statistics'!A50 -> Fat Mav | B41: ='Team Statistics'!B50 -> RDG NHL | C41: ='Team Statistics'!C50 -> 3 | D41: ='Team Statistics'!D50 -> 1 | E41: ='Team Statistics'!E50 -> 52.4 | F41: ='Team Statistics'!F50 -> 2 | G41: ='Team Statistics'!G50 -> 201 | H41: ='Team Statistics'!H50 -> 9 | ... AD41: ='Team Statistics'!AD50 -> 0 | AE41: =#REF! -> #REF! | AF41: =#REF! -> #REF! | AG41: =#REF! -> #REF! | AH41: =#REF! -> #REF! | AI41: =#REF! -> #REF! | AJ41: =#REF! -> #REF!
A42: ='Team Statistics'!A11 -> Salvatores | B42: ='Team Statistics'!B11 -> Beam1N1 | C42: ='Team Statistics'!C11 -> 2 | D42: ='Team Statistics'!D11 -> 0 | E42: ='Team Statistics'!E11 -> 58.8 | F42: ='Team Statistics'!F11 -> 2 | G42: ='Team Statistics'!G11 -> 147 | H42: ='Team Statistics'!H11 -> 4 | ... AD42: ='Team Statistics'!AD11 -> 0 | AE42: =#REF! -> #REF! | AF42: =#REF! -> #REF! | AG42: =#REF! -> #REF! | AH42: =#REF! -> #REF! | AI42: =#REF! -> #REF! | AJ42: =#REF! -> #REF!
A43: ='Team Statistics'!A54 -> Candice | B43: ='Team Statistics'!B54 -> Godsnipezx | C43: ='Team Statistics'!C54 -> 3 | D43: ='Team Statistics'!D54 -> 1 | E43: ='Team Statistics'!E54 -> 99.3 | F43: ='Team Statistics'!F54 -> 5 | G43: ='Team Statistics'!G54 -> 384 | H43: ='Team Statistics'!H54 -> 30 | ... AD43: ='Team Statistics'!AD54 -> 0 | AE43: =#REF! -> #REF! | AF43: =#REF! -> #REF! | AG43: =#REF! -> #REF! | AH43: =#REF! -> #REF! | AI43: =#REF! -> #REF! | AJ43: =#REF! -> #REF!
A44: ='Team Statistics'!A10 -> Salvatores | B44: ='Team Statistics'!B10 -> Myst the Cold | C44: ='Team Statistics'!C10 -> 2 | D44: ='Team Statistics'!D10 -> 0 | E44: ='Team Statistics'!E10 -> 58.8 | F44: ='Team Statistics'!F10 -> 0 | G44: ='Team Statistics'!G10 -> 249 | H44: ='Team Statistics'!H10 -> 21 | ... AD44: ='Team Statistics'!AD10 -> 0 | AE44: =#REF! -> #REF! | AF44: =#REF! -> #REF! | AG44: =#REF! -> #REF! | AH44: =#REF! -> #REF! | AI44: =#REF! -> #REF! | AJ44: =#REF! -> #REF!
A45: ='Team Statistics'!A13 -> Goon Squad | B45: ='Team Statistics'!B13 -> MsWolv3rine | C45: ='Team Statistics'!C13 -> 2 | D45: ='Team Statistics'!D13 -> 0 | E45: ='Team Statistics'!E13 -> 53.2 | F45: ='Team Statistics'!F13 -> 1 | G45: ='Team Statistics'!G13 -> 185 | H45: ='Team Statistics'!H13 -> 12 | ... AD45: ='Team Statistics'!AD13 -> 0 | AE45: =#REF! -> #REF! | AF45: =#REF! -> #REF! | AG45: =#REF! -> #REF! | AH45: =#REF! -> #REF! | AI45: =#REF! -> #REF! | AJ45: =#REF! -> #REF!
A46: ='Team Statistics'!A18 -> BOGO Margs | B46: ='Team Statistics'!B18 -> TommyWstSide | C46: ='Team Statistics'!C18 -> 5 | D46: ='Team Statistics'!D18 -> 3 | E46: ='Team Statistics'!E18 -> 169.85 | F46: ='Team Statistics'!F18 -> 16 | G46: ='Team Statistics'!G18 -> 446 | H46: ='Team Statistics'!H18 -> 13 | ... AD46: ='Team Statistics'!AD18 -> 0 | AE46: =#REF! -> #REF! | AF46: =#REF! -> #REF! | AG46: =#REF! -> #REF! | AH46: =#REF! -> #REF! | AI46: =#REF! -> #REF! | AJ46: =#REF! -> #REF!
A47: ='Team Statistics'!A25 -> Minor Threat | B47: ='Team Statistics'!B25 -> Doerstopper | C47: ='Team Statistics'!C25 -> 2 | D47: ='Team Statistics'!D25 -> 0 | E47: ='Team Statistics'!E25 -> 85.4 | F47: ='Team Statistics'!F25 -> 3 | G47: ='Team Statistics'!G25 -> 197 | H47: ='Team Statistics'!H25 -> 11 | ... AD47: ='Team Statistics'!AD25 -> 0 | AE47: =#REF! -> #REF! | AF47: =#REF! -> #REF! | AG47: =#REF! -> #REF! | AH47: =#REF! -> #REF! | AI47: =#REF! -> #REF! | AJ47: =#REF! -> #REF!
A48: ='Team Statistics'!A15 -> Goon Squad | B48: ='Team Statistics'!B15 -> MysticalNovice | C48: ='Team Statistics'!C15 -> 2 | D48: ='Team Statistics'!D15 -> 0 | E48: ='Team Statistics'!E15 -> 53.2 | F48: ='Team Statistics'!F15 -> 0 | G48: ='Team Statistics'!G15 -> 204 | H48: ='Team Statistics'!H15 -> 18 | ... AD48: ='Team Statistics'!AD15 -> 0 | AE48: =#REF! -> #REF! | AF48: =#REF! -> #REF! | AG48: =#REF! -> #REF! | AH48: =#REF! -> #REF! | AI48: =#REF! -> #REF! | AJ48: =#REF! -> #REF!
A49: ='Team Statistics'!A49 -> Fat Mav | B49: ='Team Statistics'!B49 -> Vex Loxodrome | C49: ='Team Statistics'!C49 -> 3 | D49: ='Team Statistics'!D49 -> 1 | E49: ='Team Statistics'!E49 -> 52.4 | F49: ='Team Statistics'!F49 -> 0 | G49: ='Team Statistics'!G49 -> 150 | H49: ='Team Statistics'!H49 -> 15 | ... AD49: ='Team Statistics'!AD49 -> 0 | AE49: =#REF! -> #REF! | AF49: =#REF! -> #REF! | AG49: =#REF! -> #REF! | AH49: =#REF! -> #REF! | AI49: =#REF! -> #REF! | AJ49: =#REF! -> #REF!
A50: ='Team Statistics'!A16 -> Goon Squad | B50: ='Team Statistics'!B16 -> MuNgO PuNgO | C50: ='Team Statistics'!C16 -> 2 | D50: ='Team Statistics'!D16 -> 0 | E50: ='Team Statistics'!E16 -> 53.2 | F50: ='Team Statistics'!F16 -> 1 | G50: ='Team Statistics'!G16 -> 130 | H50: ='Team Statistics'!H16 -> 8 | ... AD50: ='Team Statistics'!AD16 -> 0 | AE50: =#REF! -> #REF! | AF50: =#REF! -> #REF! | AG50: =#REF! -> #REF! | AH50: =#REF! -> #REF! | AI50: =#REF! -> #REF! | AJ50: =#REF! -> #REF!
A51: ='Team Statistics'!A44 -> EU Squad w/o EUs | B51: ='Team Statistics'!B44 -> grimm szn | C51: ='Team Statistics'!C44 -> 2 | D51: ='Team Statistics'!D44 -> 0 | E51: ='Team Statistics'!E44 -> 36.5 | F51: ='Team Statistics'!F44 -> 3 | G51: ='Team Statistics'!G44 -> 138 | H51: ='Team Statistics'!H44 -> 4 | ... AD51: ='Team Statistics'!AD44 -> 0 | AE51: =#REF! -> #REF! | AF51: =#REF! -> #REF! | AG51: =#REF! -> #REF! | AH51: =#REF! -> #REF! | AI51: =#REF! -> #REF! | AJ51: =#REF! -> #REF!
A52: ='Team Statistics'!A41 -> Like Clockwork | B52: ='Team Statistics'!B41 -> eJolts | C52: ='Team Statistics'!C41 -> 2 | D52: ='Team Statistics'!D41 -> 0 | E52: ='Team Statistics'!E41 -> 39.4 | F52: ='Team Statistics'!F41 -> 0 | G52: ='Team Statistics'!G41 -> 121 | H52: ='Team Statistics'!H41 -> 15 | ... AD52: ='Team Statistics'!AD41 -> 0 | AE52: =#REF! -> #REF! | AF52: =#REF! -> #REF! | AG52: =#REF! -> #REF! | AH52: =#REF! -> #REF! | AI52: =#REF! -> #REF! | AJ52: =#REF! -> #REF!
A53: ='Team Statistics'!A59 -> Goose's Girls | B53: ='Team Statistics'!B59 -> Its bck | C53: ='Team Statistics'!C59 -> 4 | D53: ='Team Statistics'!D59 -> 2 | E53: ='Team Statistics'!E59 -> 80.55 | F53: ='Team Statistics'!F59 -> 6 | G53: ='Team Statistics'!G59 -> 136 | H53: ='Team Statistics'!H59 -> 8 | ... AD53: ='Team Statistics'!AD59 -> 0 | AE53: =#REF! -> #REF! | AF53: =#REF! -> #REF! | AG53: =#REF! -> #REF! | AH53: =#REF! -> #REF! | AI53: =#REF! -> #REF! | AJ53: =#REF! -> #REF!
A54: ='Team Statistics'!A51 -> Fat Mav | B54: ='Team Statistics'!B51 -> Maverick3192 | C54: ='Team Statistics'!C51 -> 3 | D54: ='Team Statistics'!D51 -> 1 | E54: ='Team Statistics'!E51 -> 52.4 | F54: ='Team Statistics'!F51 -> 6 | G54: ='Team Statistics'!G51 -> 134 | H54: ='Team Statistics'!H51 -> 7 | ... AD54: ='Team Statistics'!AD51 -> 0 | AE54: =#REF! -> #REF! | AF54: =#REF! -> #REF! | AG54: =#REF! -> #REF! | AH54: =#REF! -> #REF! | AI54: =#REF! -> #REF! | AJ54: =#REF! -> #REF!

Sheet Team Leaderboards
B1: Statistics for the Halo Reach Event of DJBluePDX's Grifball Summer Series presented by Dreamhack and powered by PlayGrifball.com
A2: Team | B2: Games | C2: Wins | D2: Minutes | E2: Score | F2: Kills | G2: Assists | H2: Deaths | I2: Spread | J2: K/D Ratio | K2: Average Life | L2: Medals | M2: Medals Recorded? | N2: Minutes | O2: Double Kill | P2: Triple Kill | Q2: Overkill | R2: Killtacular | S2: Killing Spree | T2: Killing Frenzy | U2: Sword Spree | V2: Extermination | W2: Running Riot | X2: Rampage | Y2: Killtrocity | Z2: Killmanjaro | AA2: Killpocalypse | AB2: Killtastrophe | AC2: Killionaire | AD2: Rampage | AE2: Killtrocity | AF2: Killmanjaro | AG2: Killpocalypse | AH2: Killtastrophe | AI2: Killionaire
A3: BOGO Margs | B3: ='Team Statistics'!C22 -> 5 | C3: ='Team Statistics'!D22 -> 3 | D3: ='Team Statistics'!E22 -> 169.85 | E3: ='Team Statistics'!F22 -> 22 | F3: ='Team Statistics'!G22 -> 2585 | G3: ='Team Statistics'!H22 -> 152 | H3: ='Team Statistics'!I22 -> 2355 | I3: ='Team Statistics'!J22 -> 230 | ... L3: ='Team Statistics'!M22 -> 4120 | M3: ='Team Statistics'!N22/4 -> 5 | N3: ='Team Statistics'!O22 -> 679.4 | O3: ='Team Statistics'!P22 -> 416 | P3: ='Team Statistics'!Q22 -> 97 | Q3: ='Team Statistics'!R22 -> 20 | R3: ='Team Statistics'!S22 -> 4 | S3: ='Team Statistics'!T22 -> 45 | T3: ='Team Statistics'!U22 -> 1 | U3: ='Team Statistics'!V22 -> 0 | ... AC3: ='Team Statistics'!AD22 -> 0 | AD3: =#REF! -> #REF! | AE3: =#REF! -> #REF! | AF3: =#REF! -> #REF! | AG3: =#REF! -> #REF! | AH3: =#REF! -> #REF! | AI3: =#REF! -> #REF!
A4: Originals | B4: ='Team Statistics'!C67 -> 5 | C4: ='Team Statistics'!D67 -> 5 | D4: ='Team Statistics'!E67 -> 65 | E4: ='Team Statistics'!F67 -> 25 | F4: ='Team Statistics'!G67 -> 1030 | G4: ='Team Statistics'!H67 -> 67 | H4: ='Team Statistics'!I67 -> 959 | I4: ='Team Statistics'!J67 -> 71 | ... L4: ='Team Statistics'!M67 -> 1711 | M4: ='Team Statistics'!N67/4 -> 5 | N4: ='Team Statistics'!O67 -> 260 | O4: ='Team Statistics'!P67 -> 179 | P4: ='Team Statistics'!Q67 -> 37 | Q4: ='Team Statistics'!R67 -> 10 | R4: ='Team Statistics'!S67 -> 4 | S4: ='Team Statistics'!T67 -> 16 | T4: ='Team Statistics'!U67 -> 1 | U4: ='Team Statistics'!V67 -> 0 | ... AC4: ='Team Statistics'!AD67 -> 0 | AD4: =#REF! -> #REF! | AE4: =#REF! -> #REF! | AF4: =#REF! -> #REF! | AG4: =#REF! -> #REF! | AH4: =#REF! -> #REF! | AI4: =#REF! -> #REF!
A5: Eurostars | B5: ='Team Statistics'!C32 -> 4 | C5: ='Team Statistics'!D32 -> 2 | D5: ='Team Statistics'!E32 -> 206.9 | E5: ='Team Statistics'!F32 -> 15 | F5: ='Team Statistics'!G32 -> 3074 | G5: ='Team Statistics'!H32 -> 175 | H5: ='Team Statistics'!I32 -> 3017 | I5: ='Team Statistics'!J32 -> 57 | ... L5: ='Team Statistics'!M32 -> 4610 | M5: ='Team Statistics'!N32/4 -> 4 | N5: ='Team Statistics'!O32 -> 827.6 | O5: ='Team Statistics'!P32 -> 400 | P5: ='Team Statistics'!Q32 -> 70 | Q5: ='Team Statistics'!R32 -> 14 | R5: ='Team Statistics'!S32 -> 3 | S5: ='Team Statistics'!T32 -> 38 | T5: ='Team Statistics'!U32 -> 0 | U5: ='Team Statistics'!V32 -> 1 | ... AC5: ='Team Statistics'!AD32 -> 0 | AD5: =#REF! -> #REF! | AE5: =#REF! -> #REF! | AF5: =#REF! -> #REF! | AG5: =#REF! -> #REF! | AH5: =#REF! -> #REF! | AI5: =#REF! -> #REF!
A6: Candice | B6: ='Team Statistics'!C57 -> 3 | C6: ='Team Statistics'!D57 -> 1 | D6: ='Team Statistics'!E57 -> 99.3 | E6: ='Team Statistics'!F57 -> 9 | F6: ='Team Statistics'!G57 -> 1640 | G6: ='Team Statistics'!H57 -> 103 | H6: ='Team Statistics'!I57 -> 1615 | I6: ='Team Statistics'!J57 -> 25 | ... L6: ='Team Statistics'!M57 -> 2607 | M6: ='Team Statistics'!N57/4 -> 2 | N6: ='Team Statistics'!O57 -> 257.2 | O6: ='Team Statistics'!P57 -> 136 | P6: ='Team Statistics'!Q57 -> 16 | Q6: ='Team Statistics'!R57 -> 5 | R6: ='Team Statistics'!S57 -> 2 | S6: ='Team Statistics'!T57 -> 13 | T6: ='Team Statistics'!U57 -> 3 | U6: ='Team Statistics'!V57 -> 0 | ... AC6: ='Team Statistics'!AD57 -> 0 | AD6: =#REF! -> #REF! | AE6: =#REF! -> #REF! | AF6: =#REF! -> #REF! | AG6: =#REF! -> #REF! | AH6: =#REF! -> #REF! | AI6: =#REF! -> #REF!
A7: Salvatores | B7: ='Team Statistics'!C12 -> 2 | C7: ='Team Statistics'!D12 -> 0 | D7: ='Team Statistics'!E12 -> 58.8 | E7: ='Team Statistics'!F12 -> 4 | F7: ='Team Statistics'!G12 -> 983 | G7: ='Team Statistics'!H12 -> 55 | H7: ='Team Statistics'!I12 -> 1005 | I7: ='Team Statistics'!J12 -> -22 | ... L7: ='Team Statistics'!M12 -> 1546 | M7: ='Team Statistics'!N12/4 -> 2 | N7: ='Team Statistics'!O12 -> 235.2 | O7: ='Team Statistics'!P12 -> 172 | P7: ='Team Statistics'!Q12 -> 26 | Q7: ='Team Statistics'!R12 -> 4 | R7: ='Team Statistics'!S12 -> 1 | S7: ='Team Statistics'!T12 -> 8 | T7: ='Team Statistics'!U12 -> 0 | U7: ='Team Statistics'!V12 -> 0 | ... AC7: ='Team Statistics'!AD12 -> 0 | AD7: =#REF! -> #REF! | AE7: =#REF! -> #REF! | AF7: =#REF! -> #REF! | AG7: =#REF! -> #REF! | AH7: =#REF! -> #REF! | AI7: =#REF! -> #REF!
A8: Noble Team | B8: ='Team Statistics'!C7 -> 5 | C8: ='Team Statistics'!D7 -> 3 | D8: ='Team Statistics'!E7 -> 118.9 | E8: ='Team Statistics'!F7 -> 17 | F8: ='Team Statistics'!G7 -> 1851 | G8: ='Team Statistics'!H7 -> 133 | H8: ='Team Statistics'!I7 -> 1909 | I8: ='Team Statistics'!J7 -> -58 | ... L8: ='Team Statistics'!M7 -> 3033 | M8: ='Team Statistics'!N7/4 -> 5 | N8: ='Team Statistics'!O7 -> 475.6 | O8: ='Team Statistics'!P7 -> 280 | P8: ='Team Statistics'!Q7 -> 51 | Q8: ='Team Statistics'!R7 -> 9 | R8: ='Team Statistics'!S7 -> 1 | S8: ='Team Statistics'!T7 -> 26 | T8: ='Team Statistics'!U7 -> 2 | U8: ='Team Statistics'!V7 -> 0 | ... AC8: ='Team Statistics'!AD7 -> 0 | AD8: =#REF! -> #REF! | AE8: =#REF! -> #REF! | AF8: =#REF! -> #REF! | AG8: =#REF! -> #REF! | AH8: =#REF! -> #REF! | AI8: =#REF! -> #REF!
A9: Spam Folder | B9: ='Team Statistics'!C37 -> 8 | C9: ='Team Statistics'!D37 -> 6 | D9: ='Team Statistics'!E37 -> 282 | E9: ='Team Statistics'!F37 -> 33 | F9: ='Team Statistics'!G37 -> 4059 | G9: ='Team Statistics'!H37 -> 243 | H9: ='Team Statistics'!I37 -> 4318 | I9: ='Team Statistics'!J37 -> -259 | ... L9: ='Team Statistics'!M37 -> 6428 | M9: ='Team Statistics'!N37/4 -> 8 | N9: ='Team Statistics'!O37 -> 1128 | O9: ='Team Statistics'!P37 -> 627 | P9: ='Team Statistics'!Q37 -> 124 | Q9: ='Team Statistics'!R37 -> 25 | R9: ='Team Statistics'!S37 -> 7 | S9: ='Team Statistics'!T37 -> 62 | T9: ='Team Statistics'!U37 -> 3 | U9: ='Team Statistics'!V37 -> 0 | ... AC9: ='Team Statistics'!AD37 -> 0 | AD9: =#REF! -> #REF! | AE9: =#REF! -> #REF! | AF9: =#REF! -> #REF! | AG9: =#REF! -> #REF! | AH9: =#REF! -> #REF! | AI9: =#REF! -> #REF!
A10: Goon Squad | B10: ='Team Statistics'!C17 -> 2 | C10: ='Team Statistics'!D17 -> 0 | D10: ='Team Statistics'!E17 -> 53.2 | E10: ='Team Statistics'!F17 -> 2 | F10: ='Team Statistics'!G17 -> 768 | G10: ='Team Statistics'!H17 -> 55 | H10: ='Team Statistics'!I17 -> 840 | I10: ='Team Statistics'!J17 -> -72 | ... L10: ='Team Statistics'!M17 -> 1199 | M10: ='Team Statistics'!N17/4 -> 2 | N10: ='Team Statistics'!O17 -> 212.8 | O10: ='Team Statistics'!P17 -> 110 | P10: ='Team Statistics'!Q17 -> 19 | Q10: ='Team Statistics'!R17 -> 3 | R10: ='Team Statistics'!S17 -> 0 | S10: ='Team Statistics'!T17 -> 9 | T10: ='Team Statistics'!U17 -> 0 | U10: ='Team Statistics'!V17 -> 0 | ... AC10: ='Team Statistics'!AD17 -> 0 | AD10: =#REF! -> #REF! | AE10: =#REF! -> #REF! | AF10: =#REF! -> #REF! | AG10: =#REF! -> #REF! | AH10: =#REF! -> #REF! | AI10: =#REF! -> #REF!
A11: Minor Threat | B11: ='Team Statistics'!C27 -> 2 | C11: ='Team Statistics'!D27 -> 0 | D11: ='Team Statistics'!E27 -> 84.429167 | E11: ='Team Statistics'!F27 -> 3 | F11: ='Team Statistics'!G27 -> 1277 | G11: ='Team Statistics'!H27 -> 90 | H11: ='Team Statistics'!I27 -> 1407 | I11: ='Team Statistics'!J27 -> -130 | ... L11: ='Team Statistics'!M27 -> 2026 | M11: ='Team Statistics'!N27/4 -> 2 | N11: ='Team Statistics'!O27 -> 337.71667 | O11: ='Team Statistics'!P27 -> 177 | P11: ='Team Statistics'!Q27 -> 37 | Q11: ='Team Statistics'!R27 -> 5 | R11: ='Team Statistics'!S27 -> 2 | S11: ='Team Statistics'!T27 -> 7 | T11: ='Team Statistics'!U27 -> 0 | U11: ='Team Statistics'!V27 -> 0 | ... AC11: ='Team Statistics'!AD27 -> 0 | AD11: =#REF! -> #REF! | AE11: =#REF! -> #REF! | AF11: =#REF! -> #REF! | AG11: =#REF! -> #REF! | AH11: =#REF! -> #REF! | AI11: =#REF! -> #REF!
A12: Fat Mav | B12: ='Team Statistics'!C52 -> 3 | C12: ='Team Statistics'!D52 -> 1 | D12: ='Team Statistics'!E52 -> 52.4 | E12: ='Team Statistics'!F52 -> 9 | F12: ='Team Statistics'!G52 -> 714 | G12: ='Team Statistics'!H52 -> 47 | H12: ='Team Statistics'!I52 -> 788 | I12: ='Team Statistics'!J52 -> -74 | ... L12: ='Team Statistics'!M52 -> 1115 | M12: ='Team Statistics'!N52/4 -> 3 | N12: ='Team Statistics'!O52 -> 209.6 | O12: ='Team Statistics'!P52 -> 103 | P12: ='Team Statistics'!Q52 -> 15 | Q12: ='Team Statistics'!R52 -> 2 | R12: ='Team Statistics'!S52 -> 0 | S12: ='Team Statistics'!T52 -> 8 | T12: ='Team Statistics'!U52 -> 0 | U12: ='Team Statistics'!V52 -> 0 | ... AC12: ='Team Statistics'!AD52 -> 0 | AD12: =#REF! -> #REF! | AE12: =#REF! -> #REF! | AF12: =#REF! -> #REF! | AG12: =#REF! -> #REF! | AH12: =#REF! -> #REF! | AI12: =#REF! -> #REF!
A13: Like Clockwork | B13: ='Team Statistics'!C42 -> 2 | C13: ='Team Statistics'!D42 -> 0 | D13: ='Team Statistics'!E42 -> 39.4 | E13: ='Team Statistics'!F42 -> 5 | F13: ='Team Statistics'!G42 -> 595 | G13: ='Team Statistics'!H42 -> 55 | H13: ='Team Statistics'!I42 -> 691 | I13: ='Team Statistics'!J42 -> -96 | ... L13: ='Team Statistics'!M42 -> 971 | M13: ='Team Statistics'!N42/4 -> 2 | N13: ='Team Statistics'!O42 -> 157.6 | O13: ='Team Statistics'!P42 -> 84 | P13: ='Team Statistics'!Q42 -> 12 | Q13: ='Team Statistics'!R42 -> 4 | R13: ='Team Statistics'!S42 -> 2 | S13: ='Team Statistics'!T42 -> 9 | T13: ='Team Statistics'!U42 -> 0 | U13: ='Team Statistics'!V42 -> 0 | ... AC13: ='Team Statistics'!AD42 -> 0 | AD13: =#REF! -> #REF! | AE13: =#REF! -> #REF! | AF13: =#REF! -> #REF! | AG13: =#REF! -> #REF! | AH13: =#REF! -> #REF! | AI13: =#REF! -> #REF!
A14: Goose's Girls | B14: ='Team Statistics'!C62 -> 4 | C14: ='Team Statistics'!D62 -> 2 | D14: ='Team Statistics'!E62 -> 77.908333 | E14: ='Team Statistics'!F62 -> 10 | F14: ='Team Statistics'!G62 -> 1115 | G14: ='Team Statistics'!H62 -> 56 | H14: ='Team Statistics'!I62 -> 1330 | I14: ='Team Statistics'!J62 -> -215 | ... L14: ='Team Statistics'!M62 -> 1708 | M14: ='Team Statistics'!N62/4 -> 2 | N14: ='Team Statistics'!O62 -> 171.63333 | O14: ='Team Statistics'!P62 -> 90 | P14: ='Team Statistics'!Q62 -> 16 | Q14: ='Team Statistics'!R62 -> 4 | R14: ='Team Statistics'!S62 -> 0 | S14: ='Team Statistics'!T62 -> 8 | T14: ='Team Statistics'!U62 -> 2 | U14: ='Team Statistics'!V62 -> 0 | ... AC14: ='Team Statistics'!AD62 -> 0 | AD14: =#REF! -> #REF! | AE14: =#REF! -> #REF! | AF14: =#REF! -> #REF! | AG14: =#REF! -> #REF! | AH14: =#REF! -> #REF! | AI14: =#REF! -> #REF!
A15: EU Squad w/o EUs | B15: ='Team Statistics'!C47 -> 2 | C15: ='Team Statistics'!D47 -> 0 | D15: ='Team Statistics'!E47 -> 36.5 | E15: ='Team Statistics'!F47 -> 4 | F15: ='Team Statistics'!G47 -> 562 | G15: ='Team Statistics'!H47 -> 23 | H15: ='Team Statistics'!I47 -> 723 | I15: ='Team Statistics'!J47 -> -161 | ... L15: ='Team Statistics'!M47 -> 859 | M15: ='Team Statistics'!N47/4 -> 2 | N15: ='Team Statistics'!O47 -> 146 | O15: ='Team Statistics'!P47 -> 81 | P15: ='Team Statistics'!Q47 -> 9 | Q15: ='Team Statistics'!R47 -> 4 | R15: ='Team Statistics'!S47 -> 1 | S15: ='Team Statistics'!T47 -> 2 | T15: ='Team Statistics'!U47 -> 0 | U15: ='Team Statistics'!V47 -> 0 | ... AC15: ='Team Statistics'!AD47 -> 0 | AD15: =#REF! -> #REF! | AE15: =#REF! -> #REF! | AF15: =#REF! -> #REF! | AG15: =#REF! -> #REF! | AH15: =#REF! -> #REF! | AI15: =#REF! -> #REF!

Sheet Game Results
A1: Spam Folder over BOGO Margs 5-4 - Nihilus NH
E2: Postgame Page 1 | K2: Postgame Page 3 | M2: Medal Pages | N2: Medal Pages
A3: Team | B3: Player | C3: Wins | D3: Minutes | E3: Goals | F3: Kills | G3: Assists | H3: Deaths | I3: Spread | J3: K/D Ratio | K3: Average Life | L3: Medals | M3: Medals Recorded? | N3: Minutes | O3: Double Kill | P3: Triple Kill | Q3: Overkill | R3: Killtacular | S3: Killing Spree | T3: Killing Frenzy | U3: Sword Spree | V3: Extermination | W3: Running Riot | X3: Rampage | Y3: Killtrocity | Z3: Killmanjaro | AA3: Killpocalypse | AB3: Killtastrophe | AC3: Killionaire
A4: Spam Folder | B4: ixjaga | C4: 1 | D4: 63 | E4: 0 | F4: 244 | G4: 14 | H4: 250 | I4: =F4-H4 -> -6 | J4: =F4/H4 -> 0.976 | K4: 12 | L4: 330 | M4: 1 | N4: =SUM(M4*D4) -> 63 | O4: 32 | P4: 3 | Q4: 0 | R4: 0 | S4: 0 | T4: 0 | U4: 0 | V4: 0 | W4: 0 | X4: 0 | Y4: 0 | Z4: 0 | AA4: 0 | AB4: 0 | AC4: 0
A5: Spam Folder | B5: Icey Tanker | C5: 1 | D5: 63 | E5: 5 | F5: 162 | G5: 4 | H5: 166 | I5: =F5-H5 -> -4 | J5: =F5/H5 -> 0.97590361 | K5: 19 | L5: 237 | M5: 1 | N5: =SUM(M5*D5) -> 63 | O5: 13 | P5: 2 | Q5: 0 | R5: 0 | S5: 1 | T5: 0 | U5: 0 | V5: 0 | W5: 0 | X5: 0 | Y5: 0 | Z5: 0 | AA5: 0 | AB5: 0 | AC5: 0
A6: Spam Folder | B6: Grunt Padre | C6: 1 | D6: 63 | E6: 0 | F6: 221 | G6: 8 | H6: 313 | I6: =F6-H6 -> -92 | J6: =F6/H6 -> 0.70607029 | K6: 9 | L6: 327 | M6: 1 | N6: =SUM(M6*D6) -> 63 | O6: 32 | P6: 7 | Q6: 0 | R6: 0 | S6: 3 | T6: 0 | U6: 0 | V6: 0 | W6: 0 | X6: 0 | Y6: 0 | Z6: 0 | AA6: 0 | AB6: 0 | AC6: 0
A7: Spam Folder | B7: The Scet | C7: 1 | D7: 63 | E7: 0 | F7: 216 | G7: 6 | H7: 296 | I7: =F7-H7 -> -80 | J7: =F7/H7 -> 0.72972973 | K7: 9 | L7: 301 | M7: 1 | N7: =SUM(M7*D7) -> 63 | O7: 20 | P7: 4 | Q7: 0 | R7: 0 | S7: 0 | T7: 0 | U7: 0 | V7: 0 | W7: 0 | X7: 0 | Y7: 0 | Z7: 0 | AA7: 0 | AB7: 0 | AC7: 0
C8: =SUM(C4:C7)/4 -> 1 | D8: =SUM(D4:D7)/4 -> 63 | E8: =SUM(E4:E7) -> 5 | F8: =SUM(F4:F7) -> 843 | G8: =SUM(G4:G7) -> 32 | H8: =SUM(H4:H7) -> 1025 | I8: =SUM(F8-H8) -> -182 | J8: =SUM(F8/H8) -> 0.82243902 | K8: =SUM(K4:K7)/4 -> 12.25 | L8: =SUM(L4:L7) -> 1195 | N8: =SUM(N4:N7)/4 -> 63 | O8: =SUM(O4:O7) -> 97 | P8: =SUM(P4:P7) -> 16 | Q8: =SUM(Q4:Q7) -> 0 | R8: =SUM(R4:R7) -> 0 | S8: =SUM(S4:S7) -> 4 | T8: =SUM(T4:T7) -> 0 | U8: =SUM(U4:U7) -> 0 | V8: =SUM(V4:V7) -> 0 | ... AC8: =SUM(AC4:AC7) -> 0
A9: BOGO Margs | B9: TommyWstSide | C9: 0 | D9: 63 | E9: 3 | F9: 166 | G9: 5 | H9: 140 | I9: =F9-H9 -> 26 | J9: =F9/H9 -> 1.1857143 | K9: 23 | L9: 249 | M9: 1 | N9: =SUM(M9*D9) -> 63 | O9: 6 | P9: 0 | Q9: 0 | R9: 0 | S9: 3 | T9: 1 | U9: 0 | V9: 0 | W9: 1 | X9: 0 | Y9: 0 | Z9: 0 | AA9: 0 | AB9: 0 | AC9: 0
A10: BOGO Margs | B10: Judasey | C10: 0 | D10: 63 | E10: 0 | F10: 320 | G10: 25 | H10: 240 | I10: =F10-H10 -> 80 | J10: =F10/H10 -> 1.3333333 | K10: 12 | L10: 538 | M10: 1 | N10: =SUM(M10*D10) -> 63 | O10: 70 | P10: 20 | Q10: 4 | R10: 1 | S10: 9 | T10: 0 | U10: 0 | V10: 0 | W10: 0 | X10: 0 | Y10: 0 | Z10: 0 | AA10: 0 | AB10: 0 | AC10: 0
A11: BOGO Margs | B11: ManCanonPls | C11: 0 | D11: 63 | E11: 0 | F11: 257 | G11: 12 | H11: 233 | I11: =F11-H11 -> 24 | J11: =F11/H11 -> 1.1030043 | K11: 13 | L11: 399 | M11: 1 | N11: =SUM(M11*D11) -> 63 | O11: 48 | P11: 7 | Q11: 0 | R11: 0 | S11: 2 | T11: 0 | U11: 0 | V11: 0 | W11: 0 | X11: 0 | Y11: 0 | Z11: 0 | AA11: 0 | AB11: 0 | AC11: 0
A12: BOGO Margs | B12: MoldyVolts | C12: 0 | D12: 63 | E12: 1 | F12: 259 | G12: 25 | H12: 235 | I12: =F12-H12 -> 24 | J12: =F12/H12 -> 1.1021277 | K12: 13 | L12: 430 | M12: 1 | N12: =SUM(M12*D12) -> 63 | O12: 46 | P12: 5 | Q12: 1 | R12: 0 | S12: 3 | T12: 0 | U12: 0 | V12: 0 | W12: 0 | X12: 0 | Y12: 0 | Z12: 0 | AA12: 0 | AB12: 0 | AC12: 0
A13: Totals: | C13: =SUM(C9:C12) -> 0 | D13: =SUM(D9:D12)/4 -> 63 | E13: =SUM(E9:E12)/4 -> 1 | F13: =SUM(F9:F12) -> 1002 | G13: =SUM(G9:G12) -> 67 | H13: =SUM(H9:H12) -> 848 | I13: =SUM(F13-H13) -> 154 | J13: =SUM(F13/H13) -> 1.1816038 | K13: =SUM(K9:K12)/4 -> 15.25 | L13: =SUM(L9:L12) -> 1616 | N13: =SUM(N9:N12)/4 -> 63 | O13: =SUM(O9:O12) -> 170 | P13: =SUM(P9:P12) -> 32 | Q13: =SUM(Q9:Q12) -> 5 | R13: =SUM(R9:R12) -> 1 | S13: =SUM(S9:S12) -> 17 | T13: =SUM(T9:T12) -> 1 | U13: =SUM(U9:U12) -> 0 | V13: =SUM(V9:V12) -> 0 | ... AC13: =SUM(AC9:AC12) -> 0
A14: Eurostars over Candice 5-0 - Rage More Nerd NH
E15: Postgame Page 1 | K15: Postgame Page 3 | M15: Medal Pages | N15: Medal Pages
A16: Team | B16: Player | C16: Wins | D16: Minutes | E16: Goals | F16: Kills | G16: Assists | H16: Deaths | I16: Spread | J16: K/D Ratio | K16: Average Life | L16: Medals | M16: Medals Recorded? | N16: Minutes | O16: Double Kill | P16: Triple Kill | Q16: Overkill | R16: Killtacular | S16: Killing Spree | T16: Killing Frenzy | U16: Sword Spree | V16: Extermination | W16: Running Riot | X16: Rampage | Y16: Killtrocity | Z16: Killmanjaro | AA16: Killpocalypse | AB16: Killtastrophe | AC16: Killionaire
A17: Eurostars | B17: CaptainSev004 | C17: 1 | D17: 32.5 | E17: 1 | F17: 123 | G17: 3 | H17: 133 | I17: =F17-H17 -> -10 | J17: =F17/H17 -> 0.92481203 | K17: 11 | L17: 167 | M17: 1 | N17: =SUM(M17*D17) -> 32.5 | O17: 18 | P17: 0 | Q17: 0 | R17: 0 | S17: 0 | T17: 0 | U17: 0 | V17: 0 | W17: 0 | X17: 0 | Y17: 0 | Z17: 0 | AA17: 0 | AB17: 0 | AC17: 0
A18: Eurostars | B18: oDhmon | C18: 1 | D18: 32.5 | E18: 2 | F18: 144 | G18: 4 | H18: 134 | I18: =F18-H18 -> 10 | J18: =F18/H18 -> 1.0746269 | K18: 11 | L18: 206 | M18: 1 | N18: =SUM(M18*D18) -> 32.5 | O18: 19 | P18: 1 | Q18: 0 | R18: 0 | S18: 1 | T18: 0 | U18: 0 | V18: 0 | W18: 0 | X18: 0 | Y18: 0 | Z18: 0 | AA18: 0 | AB18: 0 | AC18: 0
A19: Eurostars | B19: RDG NHL | C19: 1 | D19: 32.5 | E19: 0 | F19: 122 | G19: 10 | H19: 111 | I19: =F19-H19 -> 11 | J19: =F19/H19 -> 1.0990991 | K19: 14 | L19: 180 | M19: 1 | N19: =SUM(M19*D19) -> 32.5 | O19: 13 | P19: 3 | Q19: 0 | R19: 0 | S19: 3 | T19: 0 | U19: 0 | V19: 0 | W19: 0 | X19: 0 | Y19: 0 | Z19: 0 | AA19: 0 | AB19: 0 | AC19: 0
A20: Eurostars | B20: AwareMosquito | C20: 1 | D20: 32.5 | E20: 2 | F20: 100 | G20: 0 | H20: 100 | I20: =F20-H20 -> 0 | J20: =F20/H20 -> 1 | K20: 16 | L20: 130 | M20: 1 | N20: =SUM(M20*D20) -> 32.5 | O20: 5 | P20: 1 | Q20: 0 | R20: 0 | S20: 0 | T20: 0 | U20: 0 | V20: 0 | W20: 0 | X20: 0 | Y20: 0 | Z20: 0 | AA20: 0 | AB20: 0 | AC20: 0
C21: =SUM(C17:C20)/4 -> 1 | D21: =SUM(D17:D20)/4 -> 32.5 | E21: =SUM(E17:E20) -> 5 | F21: =SUM(F17:F20) -> 489 | G21: =SUM(G17:G20) -> 17 | H21: =SUM(H17:H20) -> 478 | I21: =SUM(F21-H21) -> 11 | J21: =SUM(F21/H21) -> 1.0230126 | K21: =SUM(K17:K20)/4 -> 13 | L21: =SUM(L17:L20) -> 683 | M21: =SUM(M17:M20)/4 -> 1 | N21: =SUM(N17:N20)/4 -> 32.5 | O21: =SUM(O17:O20) -> 55 | P21: =SUM(P17:P20) -> 5 | Q21: =SUM(Q17:Q20) -> 0 | R21: =SUM(R17:R20) -> 0 | S21: =SUM(S17:S20) -> 4 | T21: =SUM(T17:T20) -> 0 | U21: =SUM(U17:U20) -> 0 | V21: =SUM(V17:V20) -> 0 | ... AC21: =SUM(AC17:AC20) -> 0
A22: Candice | B22: ixGingy | C22: 0 | D22: 32.5 | E22: 0 | F22: 125 | G22: 8 | H22: 86 | I22: =F22-H22 -> 39 | J22: =F22/H22 -> 1.4534884 | K22: 19 | L22: 209 | M22: 1 | N22: =SUM(M22*D22) -> 32.5 | O22: 16 | P22: 1 | Q22: 1 | R22: 0 | S22: 4 | T22: 2 | U22: 0 | V22: 0 | W22: 0 | X22: 0 | Y22: 0 | Z22: 0 | AA22: 0 | AB22: 0 | AC22: 0
A23: Candice | B23: Godsnipezx | C23: 0 | D23: 32.5 | E23: 0 | F23: 131 | G23: 13 | H23: 128 | I23: =F23-H23 -> 3 | J23: =F23/H23 -> 1.0234375 | K23: 12 | L23: 215 | M23: 1 | N23: =SUM(M23*D23) -> 32.5 | O23: 15 | P23: 2 | Q23: 0 | R23: 0 | S23: 0 | T23: 0 | U23: 0 | V23: 0 | W23: 0 | X23: 0 | Y23: 0 | Z23: 0 | AA23: 0 | AB23: 0 | AC23: 0
A24: Candice | B24: LaMeowlla | C24: 0 | D24: 32.5 | E24: 0 | F24: 108 | G24: 9 | H24: 130 | I24: =F24-H24 -> -22 | J24: =F24/H24 -> 0.83076923 | K24: 11 | L24: 168 | M24: 1 | N24: =SUM(M24*D24) -> 32.5 | O24: 12 | P24: 2 | Q24: 0 | R24: 0 | S24: 0 | T24: 0 | U24: 0 | V24: 0 | W24: 0 | X24: 0 | Y24: 0 | Z24: 0 | AA24: 0 | AB24: 0 | AC24: 0
A25: Candice | B25: Mr_Epic_Beast | C25: 0 | D25: 32.5 | E25: 0 | F25: 107 | G25: 9 | H25: 163 | I25: =F25-H25 -> -56 | J25: =F25/H25 -> 0.65644172 | K25: 8 | L25: 169 | M25: 1 | N25: =SUM(M25*D25) -> 32.5 | O25: 14 | P25: 0 | Q25: 0 | R25: 0 | S25: 0 | T25: 0 | U25: 0 | V25: 0 | W25: 0 | X25: 0 | Y25: 0 | Z25: 0 | AA25: 0 | AB25: 0 | AC25: 0
A26: Totals: | C26: =SUM(C22:C25) -> 0 | D26: =SUM(D22:D25)/4 -> 32.5 | E26: =SUM(E22:E25)/4 -> 0 | F26: =SUM(F22:F25) -> 471 | G26: =SUM(G22:G25) -> 39 | H26: =SUM(H22:H25) -> 507 | I26: =SUM(F26-H26) -> -36 | J26: =SUM(F26/H26) -> 0.92899408 | K26: =SUM(K22:K25)/4 -> 12.5 | L26: =SUM(L22:L25) -> 761 | M26: =SUM(M22:M25)/4 -> 1 | N26: =SUM(N22:N25)/4 -> 32.5 | O26: =SUM(O22:O25) -> 57 | P26: =SUM(P22:P25) -> 5 | Q26: =SUM(Q22:Q25) -> 1 | R26: =SUM(R22:R25) -> 0 | S26: =SUM(S22:S25) -> 4 | T26: =SUM(T22:T25) -> 2 | U26: =SUM(U22:U25) -> 0 | V26: =SUM(V22:V25) -> 0 | ... AC26: =SUM(AC22:AC25) -> 0
A27: Originals over Salvatores 5-1 - Priest XYZ NH
E28: Postgame Page 1 | K28: Postgame Page 3 | M28: Medal Pages | N28: Medal Pages
A29: Team | B29: Player | C29: Wins | D29: Minutes | E29: Goals | F29: Kills | G29: Assists | H29: Deaths | I29: Spread | J29: K/D Ratio | K29: Average Life | L29: Medals | M29: Medals Recorded? | N29: Minutes | O29: Double Kill | P29: Triple Kill | Q29: Overkill | R29: Killtacular | S29: Killing Spree | T29: Killing Frenzy | U29: Sword Spree | V29: Extermination | W29: Running Riot | X29: Rampage | Y29: Killtrocity | Z29: Killmanjaro | AA29: Killpocalypse | AB29: Killtastrophe | AC29: Killionaire
A30: Originals | B30: Galvann | C30: 1 | D30: 27 | E30: 0 | F30: 128 | G30: 13 | H30: 100 | I30: =F30-H30 -> 28 | J30: =F30/H30 -> 1.28 | K30: 13 | L30: 215 | M30: 1 | N30: =SUM(M30*D30) -> 27 | O30: 26 | P30: 5 | Q30: 1 | R30: 0 | S30: 0 | T30: 0 | U30: 0 | V30: 0 | W30: 0 | X30: 0 | Y30: 0 | Z30: 0 | AA30: 0 | AB30: 0 | AC30: 0
A31: Originals | B31: Wrecking Nerds | C31: 1 | D31: 27 | E31: 5 | F31: 80 | G31: 6 | H31: 52 | I31: =F31-H31 -> 28 | J31: =F31/H31 -> 1.5384615 | K31: 27 | L31: 131 | M31: 1 | N31: =SUM(M31*D31) -> 27 | O31: 11 | P31: 3 | Q31: 1 | R31: 0 | S31: 4 | T31: 1 | U31: 0 | V31: 0 | W31: 0 | X31: 0 | Y31: 0 | Z31: 0 | AA31: 0 | AB31: 0 | AC31: 0
A32: Originals | B32: Diixvn | C32: 1 | D32: 27 | E32: 0 | F32: 98 | G32: 3 | H32: 120 | I32: =F32-H32 -> -22 | J32: =F32/H32 -> 0.81666667 | K32: 10 | L32: 148 | M32: 1 | N32: =SUM(M32*D32) -> 27 | O32: 17 | P32: 1 | Q32: 1 | R32: 1 | S32: 1 | T32: 0 | U32: 0 | V32: 0 | W32: 0 | X32: 0 | Y32: 0 | Z32: 0 | AA32: 0 | AB32: 0 | AC32: 0
A33: Originals | B33: nukiey | C33: 1 | D33: 27 | E33: 0 | F33: 84 | G33: 3 | H33: 118 | I33: =F33-H33 -> -34 | J33: =F33/H33 -> 0.71186441 | K33: 10 | L33: 128 | M33: 1 | N33: =SUM(M33*D33) -> 27 | O33: 10 | P33: 1 | Q33: 0 | R33: 0 | S33: 0 | T33: 0 | U33: 0 | V33: 0 | W33: 0 | X33: 0 | Y33: 0 | Z33: 0 | AA33: 0 | AB33: 0 | AC33: 0
C34: =SUM(C30:C33)/4 -> 1 | D34: =SUM(D30:D33)/4 -> 27 | E34: =SUM(E30:E33) -> 5 | F34: =SUM(F30:F33) -> 390 | G34: =SUM(G30:G33) -> 25 | H34: =SUM(H30:H33) -> 390 | I34: =SUM(F34-H34) -> 0 | J34: =SUM(F34/H34) -> 1 | K34: =SUM(K30:K33)/4 -> 15 | L34: =SUM(L30:L33) -> 622 | N34: =SUM(N30:N33)/4 -> 27 | O34: =SUM(O30:O33) -> 64 | P34: =SUM(P30:P33) -> 10 | Q34: =SUM(Q30:Q33) -> 3 | R34: =SUM(R30:R33) -> 1 | S34: =SUM(S30:S33) -> 5 | T34: =SUM(T30:T33) -> 1 | U34: =SUM(U30:U33) -> 0 | V34: =SUM(V30:V33) -> 0 | ... AC34: =SUM(AC30:AC33) -> 0
A35: Salvatores | B35: ADhillyy | C35: 0 | D35: 27 | E35: 0 | F35: 100 | G35: 7 | H35: 106 | I35: =F35-H35 -> -6 | J35: =F35/H35 -> 0.94339623 | K35: 12 | L35: 157 | M35: 1 | N35: =SUM(M35*D35) -> 27 | O35: 24 | P35: 3 | Q35: 1 | R35: 0 | S35: 1 | T35: 0 | U35: 0 | V35: 0 | W35: 0 | X35: 0 | Y35: 0 | Z35: 0 | AA35: 0 | AB35: 0 | AC35: 0
A36: Salvatores | B36: Yejis Aegyo | C36: 0 | D36: 27 | E36: 1 | F36: 130 | G36: 1 | H36: 119 | I36: =F36-H36 -> 11 | J36: =F36/H36 -> 1.092437 | K36: 10 | L36: 210 | M36: 1 | N36: =SUM(M36*D36) -> 27 | O36: 28 | P36: 4 | Q36: 0 | R36: 0 | S36: 0 | T36: 0 | U36: 0 | V36: 0 | W36: 0 | X36: 0 | Y36: 0 | Z36: 0 | AA36: 0 | AB36: 0 | AC36: 0
A37: Salvatores | B37: Myst the Cold | C37: 0 | D37: 27 | E37: 0 | F37: 98 | G37: 7 | H37: 110 | I37: =F37-H37 -> -12 | J37: =F37/H37 -> 0.89090909 | K37: 11 | L37: 149 | M37: 1 | N37: =SUM(M37*D37) -> 27 | O37: 15 | P37: 2 | Q37: 0 | R37: 0 | S37: 1 | T37: 0 | U37: 0 | V37: 0 | W37: 0 | X37: 0 | Y37: 0 | Z37: 0 | AA37: 0 | AB37: 0 | AC37: 0
A38: Salvatores | B38: Beam1N1 | C38: 0 | D38: 27 | E38: 0 | F38: 51 | G38: 2 | H38: 68 | I38: =F38-H38 -> -17 | J38: =F38/H38 -> 0.75 | K38: 20 | L38: 77 | M38: 1 | N38: =SUM(M38*D38) -> 27 | O38: 7 | P38: 2 | Q38: 0 | R38: 0 | S38: 0 | T38: 0 | U38: 0 | V38: 0 | W38: 0 | X38: 0 | Y38: 0 | Z38: 0 | AA38: 0 | AB38: 0 | AC38: 0
A39: Totals: | C39: =SUM(C35:C38) -> 0 | D39: =SUM(D35:D38)/4 -> 27 | E39: =SUM(E35:E38)/4 -> 0.25 | F39: =SUM(F35:F38) -> 379 | G39: =SUM(G35:G38) -> 17 | H39: =SUM(H35:H38) -> 403 | I39: =SUM(F39-H39) -> -24 | J39: =SUM(F39/H39) -> 0.94044665 | K39: =SUM(K35:K38)/4 -> 13.25 | L39: =SUM(L35:L38) -> 593 | N39: =SUM(N35:N38)/4 -> 27 | O39: =SUM(O35:O38) -> 74 | P39: =SUM(P35:P38) -> 11 | Q39: =SUM(Q35:Q38) -> 1 | R39: =SUM(R35:R38) -> 0 | S39: =SUM(S35:S38) -> 2 | T39: =SUM(T35:T38) -> 0 | U39: =SUM(U35:U38) -> 0 | V39: =SUM(V35:V38) -> 0 | ... AC39: =SUM(AC35:AC38) -> 0
A40: Goose's Girls over Minor Threat 5-1
E41: Postgame Page 1 | K41: Postgame Page 3 | M41: Medal Pages | N41: Medal Pages
A42: Team | B42: Player | C42: Wins | D42: Minutes | E42: Goals | F42: Kills | G42: Assists | H42: Deaths | I42: Spread | J42: K/D Ratio | K42: Average Life | L42: Medals | M42: Medals Recorded? | N42: Minutes | O42: Double Kill | P42: Triple Kill | Q42: Overkill | R42: Killtacular | S42: Killing Spree | T42: Killing Frenzy | U42: Sword Spree | V42: Extermination | W42: Running Riot | X42: Rampage | Y42: Killtrocity | Z42: Killmanjaro | AA42: Killpocalypse | AB42: Killtastrophe | AC42: Killionaire
A43: Goose's Girls | B43: DlGITAL PAIN | C43: 1 | D43: =SUM((K43*H43)/60) -> 18.666667 | E43: 2 | F43: 131 | G43: 2 | H43: 80 | I43: =F43-H43 -> 51 | J43: =F43/H43 -> 1.6375 | K43: 14 | L43: 224 | M43: 1 | N43: =SUM(M43*D43) -> 18.666667 | O43: 30 | P43: 7 | Q43: 1 | R43: 0 | S43: 5 | T43: 2 | U43: 0 | V43: 0 | W43: 0 | X43: 0 | Y43: 0 | Z43: 0 | AA43: 0 | AB43: 0 | AC43: 0
A44: Goose's Girls | B44: Its bck | C44: 1 | D44: =SUM((K44*H44)/60) -> 20.8 | E44: 3 | F44: 36 | G44: 1 | H44: 39 | I44: =F44-H44 -> -3 | J44: =F44/H44 -> 0.92307692 | K44: 32 | L44: 54 | M44: 1 | N44: =SUM(M44*D44) -> 20.8 | O44: 4 | P44: 0 | Q44: 0 | R44: 0 | S44: 0 | T44: 0 | U44: 0 | V44: 0 | W44: 0 | X44: 0 | Y44: 0 | Z44: 0 | AA44: 0 | AB44: 0 | AC44: 0
A45: Goose's Girls | B45: Aspence501 | C45: 1 | D45: =SUM((K45*H45)/60) -> 16.5 | E45: 0 | F45: 91 | G45: 6 | H45: 110 | I45: =F45-H45 -> -19 | J45: =F45/H45 -> 0.82727273 | K45: 9 | L45: 148 | M45: 1 | N45: =SUM(M45*D45) -> 16.5 | O45: 14 | P45: 4 | Q45: 1 | R45: 0 | S45: 0 | T45: 0 | U45: 0 | V45: 0 | W45: 0 | X45: 0 | Y45: 0 | Z45: 0 | AA45: 0 | AB45: 0 | AC45: 0
A46: Goose's Girls | B46: Its Low Mane | C46: 1 | D46: =SUM((K46*H46)/60) -> 16.666667 | E46: 0 | F46: 73 | G46: 4 | H46: 100 | I46: =F46-H46 -> -27 | J46: =F46/H46 -> 0.73 | K46: 10 | L46: 102 | M46: 1 | N46: =SUM(M46*D46) -> 16.666667 | O46: 8 | P46: 2 | Q46: 1 | R46: 0 | S46: 0 | T46: 0 | U46: 0 | V46: 0 | W46: 0 | X46: 0 | Y46: 0 | Z46: 0 | AA46: 0 | AB46: 0 | AC46: 0
C47: =SUM(C43:C46)/4 -> 1 | D47: =SUM(D43:D46)/4 -> 18.158333 | E47: =SUM(E43:E46) -> 5 | F47: =SUM(F43:F46) -> 331 | G47: =SUM(G43:G46) -> 13 | H47: =SUM(H43:H46) -> 329 | I47: =SUM(F47-H47) -> 2 | J47: =SUM(F47/H47) -> 1.006079 | K47: =SUM(K43:K46)/4 -> 16.25 | L47: =SUM(L43:L46) -> 528 | N47: =SUM(N43:N46)/4 -> 18.158333 | O47: =SUM(O43:O46) -> 56 | P47: =SUM(P43:P46) -> 13 | Q47: =SUM(Q43:Q46) -> 3 | R47: =SUM(R43:R46) -> 0 | S47: =SUM(S43:S46) -> 5 | T47: =SUM(T43:T46) -> 2 | U47: =SUM(U43:U46) -> 0 | V47: =SUM(V43:V46) -> 0 | ... AC47: =SUM(AC43:AC46) -> 0
A48: Minor Threat | B48: Dat Twinkie | C48: 0 | D48: =SUM((K48*H48)/60) -> 16.2 | E48: 0 | F48: 99 | G48: 4 | H48: 108 | I48: =F48-H48 -> -9 | J48: =F48/H48 -> 0.91666667 | K48: 9 | L48: 145 | M48: 1 | N48: =SUM(M48*D48) -> 16.2 | O48: 11 | P48: 3 | Q48: 1 | R48: 0 | S48: 0 | T48: 0 | U48: 0 | V48: 0 | W48: 0 | X48: 0 | Y48: 0 | Z48: 0 | AA48: 0 | AB48: 0 | AC48: 0
A49: Minor Threat | B49: cxrnchip | C49: 0 | D49: =SUM((K49*H49)/60) -> 19.666667 | E49: 0 | F49: 78 | G49: 3 | H49: 59 | I49: =F49-H49 -> 19 | J49: =F49/H49 -> 1.3220339 | K49: 20 | L49: 121 | M49: 1 | N49: =SUM(M49*D49) -> 19.666667 | O49: 10 | P49: 2 | Q49: 0 | R49: 0 | S49: 0 | T49: 0 | U49: 0 | V49: 0 | W49: 0 | X49: 0 | Y49: 0 | Z49: 0 | AA49: 0 | AB49: 0 | AC49: 0
A50: Minor Threat | B50: Doerstopper | C50: 0 | D50: =SUM((K50*H50)/60) -> 18.9 | E50: 1 | F50: 37 | G50: 1 | H50: 63 | I50: =F50-H50 -> -26 | J50: =F50/H50 -> 0.58730159 | K50: 18 | L50: 59 | M50: 1 | N50: =SUM(M50*D50) -> 18.9 | O50: 3 | P50: 0 | Q50: 0 | R50: 0 | S50: 0 | T50: 0 | U50: 0 | V50: 0 | W50: 0 | X50: 0 | Y50: 0 | Z50: 0 | AA50: 0 | AB50: 0 | AC50: 0
A51: Minor Threat | B51: You heard of us | C51: 0 | D51: =SUM((K51*H51)/60) -> 16.95 | E51: 0 | F51: 102 | G51: 8 | H51: 113 | I51: =F51-H51 -> -11 | J51: =F51/H51 -> 0.90265487 | K51: 9 | L51: 160 | M51: 1 | N51: =SUM(M51*D51) -> 16.95 | O51: 15 | P51: 4 | Q51: 1 | R51: 0 | S51: 1 | T51: 0 | U51: 0 | V51: 0 | W51: 0 | X51: 0 | Y51: 0 | Z51: 0 | AA51: 0 | AB51: 0 | AC51: 0
A52: Totals: | C52: =SUM(C48:C51) -> 0 | D52: =SUM(D48:D51)/4 -> 17.929167 | E52: =SUM(E48:E51)/4 -> 0.25 | F52: =SUM(F48:F51) -> 316 | G52: =SUM(G48:G51) -> 16 | H52: =SUM(H48:H51) -> 343 | I52: =SUM(F52-H52) -> -27 | J52: =SUM(F52/H52) -> 0.9212828 | K52: =SUM(K48:K51)/4 -> 14 | L52: =SUM(L48:L51) -> 485 | N52: =SUM(N48:N51)/4 -> 17.929167 | O52: =SUM(O48:O51) -> 39 | P52: =SUM(P48:P51) -> 9 | Q52: =SUM(Q48:Q51) -> 2 | R52: =SUM(R48:R51) -> 0 | S52: =SUM(S48:S51) -> 1 | T52: =SUM(T48:T51) -> 0 | U52: =SUM(U48:U51) -> 0 | V52: =SUM(V48:V51) -> 0 | ... AC52: =SUM(AC48:AC51) -> 0
A53: Noble Team over Like Clockwork 5-4 - DJBlue PDX NH
E54: Postgame Page 1 | K54: Postgame Page 3 | M54: Medal Pages | N54: Medal Pages
A55: Team | B55: Player | C55: Wins | D55: Minutes | E55: Goals | F55: Kills | G55: Assists | H55: Deaths | I55: Spread | J55: K/D Ratio | K55: Average Life | L55: Medals | M55: Medals Recorded? | N55: Minutes | O55: Double Kill | P55: Triple Kill | Q55: Overkill | R55: Killtacular | S55: Killing Spree | T55: Killing Frenzy | U55: Sword Spree | V55: Extermination | W55: Running Riot | X55: Rampage | Y55: Killtrocity | Z55: Killmanjaro | AA55: Killpocalypse | AB55: Killtastrophe | AC55: Killionaire
A56: Noble Team | B56: Noble | C56: 1 | D56: 27.4 | E56: 0 | F56: 106 | G56: 7 | H56: 120 | I56: =F56-H56 -> -14 | J56: =F56/H56 -> 0.88333333 | K56: 10 | L56: 152 | M56: 1 | N56: =SUM(M56*D56) -> 27.4 | O56: 15 | P56: 2 | Q56: 1 | R56: 0 | S56: 0 | T56: 0 | U56: 0 | V56: 0 | W56: 0 | X56: 0 | Y56: 0 | Z56: 0 | AA56: 0 | AB56: 0 | AC56: 0
A57: Noble Team | B57: Ace B S1lentND1 | C57: 1 | D57: 27.4 | E57: 0 | F57: 106 | G57: 13 | H57: 105 | I57: =F57-H57 -> 1 | J57: =F57/H57 -> 1.0095238 | K57: 12 | L57: 188 | M57: 1 | N57: =SUM(M57*D57) -> 27.4 | O57: 18 | P57: 6 | Q57: 0 | R57: 0 | S57: 3 | T57: 0 | U57: 0 | V57: 0 | W57: 0 | X57: 0 | Y57: 0 | Z57: 0 | AA57: 0 | AB57: 0 | AC57: 0
A58: Noble Team | B58: DCleak | C58: 1 | D58: 27.4 | E58: 0 | F58: 115 | G58: 10 | H58: 125 | I58: =F58-H58 -> -10 | J58: =F58/H58 -> 0.92 | K58: 10 | L58: 176 | M58: 1 | N58: =SUM(M58*D58) -> 27.4 | O58: 14 | P58: 4 | Q58: 0 | R58: 0 | S58: 0 | T58: 0 | U58: 0 | V58: 0 | W58: 0 | X58: 0 | Y58: 0 | Z58: 0 | AA58: 0 | AB58: 0 | AC58: 0
A59: Noble Team | B59: Ouglaf11 | C59: 1 | D59: 27.4 | E59: 5 | F59: 86 | G59: 1 | H59: 65 | I59: =F59-H59 -> 21 | J59: =F59/H59 -> 1.3230769 | K59: 22 | L59: 147 | M59: 1 | N59: =SUM(M59*D59) -> 27.4 | O59: 6 | P59: 2 | Q59: 0 | R59: 0 | S59: 3 | T59: 1 | U59: 0 | V59: 0 | W59: 1 | X59: 0 | Y59: 0 | Z59: 0 | AA59: 0 | AB59: 0 | AC59: 0
C60: =SUM(C56:C59)/4 -> 1 | D60: =SUM(D56:D59)/4 -> 27.4 | E60: =SUM(E56:E59) -> 5 | F60: =SUM(F56:F59) -> 413 | G60: =SUM(G56:G59) -> 31 | H60: =SUM(H56:H59) -> 415 | I60: =SUM(F60-H60) -> -2 | J60: =SUM(F60/H60) -> 0.99518072 | K60: =SUM(K56:K59)/4 -> 13.5 | L60: =SUM(L56:L59) -> 663 | N60: =SUM(N56:N59)/4 -> 27.4 | O60: =SUM(O56:O59) -> 53 | P60: =SUM(P56:P59) -> 14 | Q60: =SUM(Q56:Q59) -> 1 | R60: =SUM(R56:R59) -> 0 | S60: =SUM(S56:S59) -> 6 | T60: =SUM(T56:T59) -> 1 | U60: =SUM(U56:U59) -> 0 | V60: =SUM(V56:V59) -> 0 | ... AC60: =SUM(AC56:AC59) -> 0
A61: Like Clockwork | B61: yLuxe | C61: 0 | D61: 27.4 | E61: 3 | F61: 97 | G61: 4 | H61: 97 | I61: =F61-H61 -> 0 | J61: =F61/H61 -> 1 | K61: 13 | L61: 165 | M61: 1 | N61: =SUM(M61*D61) -> 27.4 | O61: 19 | P61: 2 | Q61: 0 | R61: 0 | S61: 2 | T61: 0 | U61: 0 | V61: 0 | W61: 0 | X61: 0 | Y61: 0 | Z61: 0 | AA61: 0 | AB61: 0 | AC61: 0
A62: Like Clockwork | B62: Fanciest Pants | C62: 0 | D62: 27.4 | E62: 0 | F62: 121 | G62: 12 | H62: 107 | I62: =F62-H62 -> 14 | J62: =F62/H62 -> 1.1308411 | K62: 12 | L62: 204 | M62: 1 | N62: =SUM(M62*D62) -> 27.4 | O62: 22 | P62: 3 | Q62: 1 | R62: 0 | S62: 3 | T62: 0 | U62: 0 | V62: 0 | W62: 0 | X62: 0 | Y62: 0 | Z62: 0 | AA62: 0 | AB62: 0 | AC62: 0
A63: Like Clockwork | B63: mstell96 | C63: 0 | D63: 27.4 | E63: 1 | F63: 85 | G63: 9 | H63: 102 | I63: =F63-H63 -> -17 | J63: =F63/H63 -> 0.83333333 | K63: 13 | L63: 128 | M63: 1 | N63: =SUM(M63*D63) -> 27.4 | O63: 8 | P63: 1 | Q63: 1 | R63: 0 | S63: 1 | T63: 0 | U63: 0 | V63: 0 | W63: 0 | X63: 0 | Y63: 0 | Z63: 0 | AA63: 0 | AB63: 0 | AC63: 0
A64: Like Clockwork | B64: eJolts | C64: 0 | D64: 27.4 | E64: 0 | F64: 90 | G64: 9 | H64: 120 | I64: =F64-H64 -> -30 | J64: =F64/H64 -> 0.75 | K64: 10 | L64: 135 | M64: 1 | N64: =SUM(M64*D64) -> 27.4 | O64: 9 | P64: 1 | Q64: 0 | R64: 0 | S64: 0 | T64: 0 | U64: 0 | V64: 0 | W64: 0 | X64: 0 | Y64: 0 | Z64: 0 | AA64: 0 | AB64: 0 | AC64: 0
A65: Totals: | C65: =SUM(C61:C64) -> 0 | D65: =SUM(D61:D64)/4 -> 27.4 | E65: =SUM(E61:E64)/4 -> 1 | F65: =SUM(F61:F64) -> 393 | G65: =SUM(G61:G64) -> 34 | H65: =SUM(H61:H64) -> 426 | I65: =SUM(F65-H65) -> -33 | J65: =SUM(F65/H65) -> 0.92253521 | K65: =SUM(K61:K64)/4 -> 12 | L65: =SUM(L61:L64) -> 632 | N65: =SUM(N61:N64)/4 -> 27.4 | O65: =SUM(O61:O64) -> 58 | P65: =SUM(P61:P64) -> 7 | Q65: =SUM(Q61:Q64) -> 2 | R65: =SUM(R61:R64) -> 0 | S65: =SUM(S61:S64) -> 6 | T65: =SUM(T61:T64) -> 0 | U65: =SUM(U61:U64) -> 0 | V65: =SUM(V61:V64) -> 0 | ... AC65: =SUM(AC61:AC64) -> 0
A66: Candice over Salvatores 5-3 - Doerstopper NH
E67: Postgame Page 1 | K67: Postgame Page 3 | M67: Medal Pages | N67: Medal Pages
A68: Team | B68: Player | C68: Wins | D68: Minutes | E68: Goals | F68: Kills | G68: Assists | H68: Deaths | I68: Spread | J68: K/D Ratio | K68: Average Life | L68: Medals | M68: Medals Recorded? | N68: Minutes | O68: Double Kill | P68: Triple Kill | Q68: Overkill | R68: Killtacular | S68: Killing Spree | T68: Killing Frenzy | U68: Sword Spree | V68: Extermination | W68: Running Riot | X68: Rampage | Y68: Killtrocity | Z68: Killmanjaro | AA68: Killpocalypse | AB68: Killtastrophe | AC68: Killionaire
A69: Candice | B69: ixGingy | C69: 1 | D69: 31.8 | E69: 3 | F69: 215 | G69: 5 | H69: 158 | I69: =F69-H69 -> 57 | J69: =F69/H69 -> 1.3607595 | K69: 12 | L69: 340 | M69: 1 | N69: =SUM(M69*D69) -> 31.8 | O69: 33 | P69: 6 | Q69: 2 | R69: 1 | S69: 5 | T69: 1 | U69: 0 | V69: 0 | W69: 1 | X69: 0 | Y69: 0 | Z69: 0 | AA69: 0 | AB69: 0 | AC69: 0
A70: Candice | B70: Godsnipezx | C70: 1 | D70: 31.8 | E70: 2 | F70: 116 | G70: 10 | H70: 119 | I70: =F70-H70 -> -3 | J70: =F70/H70 -> 0.97478992 | K70: 17 | L70: 181 | M70: 1 | N70: =SUM(M70*D70) -> 31.8 | O70: 13 | P70: 1 | Q70: 0 | R70: 0 | S70: 3 | T70: 0 | U70: 0 | V70: 0 | W70: 0 | X70: 0 | Y70: 0 | Z70: 0 | AA70: 0 | AB70: 0 | AC70: 0
A71: Candice | B71: LaMeowlla | C71: 1 | D71: 31.8 | E71: 0 | F71: 135 | G71: 10 | H71: 173 | I71: =F71-H71 -> -38 | J71: =F71/H71 -> 0.78034682 | K71: 11 | L71: 200 | M71: 1 | N71: =SUM(M71*D71) -> 31.8 | O71: 14 | P71: 2 | Q71: 1 | R71: 0 | S71: 0 | T71: 0 | U71: 0 | V71: 0 | W71: 0 | X71: 0 | Y71: 0 | Z71: 0 | AA71: 0 | AB71: 0 | AC71: 0
A72: Candice | B72: Mr_Epic_Beast | C72: 1 | D72: 31.8 | E72: 0 | F72: 122 | G72: 7 | H72: 182 | I72: =F72-H72 -> -60 | J72: =F72/H72 -> 0.67032967 | K72: 10 | L72: 191 | M72: 1 | N72: =SUM(M72*D72) -> 31.8 | O72: 19 | P72: 2 | Q72: 1 | R72: 1 | S72: 1 | T72: 0 | U72: 0 | V72: 0 | W72: 0 | X72: 0 | Y72: 1 | Z72: 0 | AA72: 0 | AB72: 0 | AC72: 0
C73: =SUM(C69:C72)/4 -> 1 | D73: =SUM(D69:D72)/4 -> 31.8 | E73: =SUM(E69:E72) -> 5 | F73: =SUM(F69:F72) -> 588 | G73: =SUM(G69:G72) -> 32 | H73: =SUM(H69:H72) -> 632 | I73: =SUM(F73-H73) -> -44 | J73: =SUM(F73/H73) -> 0.93037975 | K73: =SUM(K69:K72)/4 -> 12.5 | L73: =SUM(L69:L72) -> 912 | N73: =SUM(N69:N72)/4 -> 31.8 | O73: =SUM(O69:O72) -> 79 | P73: =SUM(P69:P72) -> 11 | Q73: =SUM(Q69:Q72) -> 4 | R73: =SUM(R69:R72) -> 2 | S73: =SUM(S69:S72) -> 9 | T73: =SUM(T69:T72) -> 1 | U73: =SUM(U69:U72) -> 0 | V73: =SUM(V69:V72) -> 0 | ... AC73: =SUM(AC69:AC72) -> 0
A74: Salvatores | B74: ADhillyy | C74: 0 | D74: 31.8 | E74: 0 | F74: 161 | G74: 9 | H74: 164 | I74: =F74-H74 -> -3 | J74: =F74/H74 -> 0.98170732 | K74: 11 | L74: 246 | M74: 1 | N74: =SUM(M74*D74) -> 31.8 | O74: 25 | P74: 4 | Q74: 2 | R74: 1 | S74: 3 | T74: 0 | U74: 0 | V74: 0 | W74: 0 | X74: 0 | Y74: 0 | Z74: 0 | AA74: 0 | AB74: 0 | AC74: 0
A75: Salvatores | B75: Yejis Aegyo | C75: 0 | D75: 31.8 | E75: 1 | F75: 196 | G75: 13 | H75: 161 | I75: =F75-H75 -> 35 | J75: =F75/H75 -> 1.2173913 | K75: 12 | L75: 310 | M75: 1 | N75: =SUM(M75*D75) -> 31.8 | O75: 34 | P75: 7 | Q75: 1 | R75: 0 | S75: 2 | T75: 0 | U75: 0 | V75: 0 | W75: 0 | X75: 0 | Y75: 0 | Z75: 0 | AA75: 0 | AB75: 0 | AC75: 0
A76: Salvatores | B76: Myst the Cold | C76: 0 | D76: 31.8 | E76: 0 | F76: 151 | G76: 14 | H76: 170 | I76: =F76-H76 -> -19 | J76: =F76/H76 -> 0.88823529 | K76: 11 | L76: 249 | M76: 1 | N76: =SUM(M76*D76) -> 31.8 | O76: 28 | P76: 1 | Q76: 0 | R76: 0 | S76: 0 | T76: 0 | U76: 0 | V76: 0 | W76: 0 | X76: 0 | Y76: 0 | Z76: 0 | AA76: 0 | AB76: 0 | AC76: 0
A77: Salvatores | B77: Beam1N1 | C77: 0 | D77: 31.8 | E77: 2 | F77: 96 | G77: 2 | H77: 107 | I77: =F77-H77 -> -11 | J77: =F77/H77 -> 0.89719626 | K77: 19 | L77: 148 | M77: 1 | N77: =SUM(M77*D77) -> 31.8 | O77: 11 | P77: 3 | Q77: 0 | R77: 0 | S77: 1 | T77: 0 | U77: 0 | V77: 0 | W77: 0 | X77: 0 | Y77: 0 | Z77: 0 | AA77: 0 | AB77: 0 | AC77: 0
A78: Totals: | C78: =SUM(C74:C77) -> 0 | D78: =SUM(D74:D77)/4 -> 31.8 | E78: =SUM(E74:E77)/4 -> 0.75 | F78: =SUM(F74:F77) -> 604 | G78: =SUM(G74:G77) -> 38 | H78: =SUM(H74:H77) -> 602 | I78: =SUM(F78-H78) -> 2 | J78: =SUM(F78/H78) -> 1.0033223 | K78: =SUM(K74:K77)/4 -> 13.25 | L78: =SUM(L74:L77) -> 953 | N78: =SUM(N74:N77)/4 -> 31.8 | O78: =SUM(O74:O77) -> 98 | P78: =SUM(P74:P77) -> 15 | Q78: =SUM(Q74:Q77) -> 3 | R78: =SUM(R74:R77) -> 1 | S78: =SUM(S74:S77) -> 6 | T78: =SUM(T74:T77) -> 0 | U78: =SUM(U74:U77) -> 0 | V78: =SUM(V74:V77) -> 0 | ... AC78: =SUM(AC74:AC77) -> 0
A79: Fat Mav over Spam Folder 5-1 - Priest XYZ NH
E80: Postgame Page 1 | K80: Postgame Page 3 | M80: Medal Pages | N80: Medal Pages
A81: Team | B81: Player | C81: Wins | D81: Minutes | E81: Goals | F81: Kills | G81: Assists | H81: Deaths | I81: Spread | J81: K/D Ratio | K81: Average Life | L81: Medals | M81: Medals Recorded? | N81: Minutes | O81: Double Kill | P81: Triple Kill | Q81: Overkill | R81: Killtacular | S81: Killing Spree | T81: Killing Frenzy | U81: Sword Spree | V81: Extermination | W81: Running Riot | X81: Rampage | Y81: Killtrocity | Z81: Killmanjaro | AA81: Killpocalypse | AB81: Killtastrophe | AC81: Killionaire
A82: Fat Mav | B82: Regresser | C82: 1 | D82: 23.3 | E82: 0 | F82: 116 | G82: 7 | H82: 96 | I82: =F82-H82 -> 20 | J82: =F82/H82 -> 1.2083333 | K82: 11 | L82: 199 | M82: 1 | N82: =SUM(M82*D82) -> 23.3 | O82: 25 | P82: 4 | Q82: 1 | R82: 0 | S82: 4 | T82: 0 | U82: 0 | V82: 0 | W82: 0 | X82: 0 | Y82: 0 | Z82: 0 | AA82: 0 | AB82: 0 | AC82: 0
A83: Fat Mav | B83: Vex Loxodrome | C83: 1 | D83: 23.3 | E83: 0 | F83: 75 | G83: 6 | H83: 63 | I83: =F83-H83 -> 12 | J83: =F83/H83 -> 1.1904762 | K83: 19 | L83: 114 | M83: 1 | N83: =SUM(M83*D83) -> 23.3 | O83: 12 | P83: 1 | Q83: 0 | R83: 0 | S83: 1 | T83: 0 | U83: 0 | V83: 0 | W83: 0 | X83: 0 | Y83: 0 | Z83: 0 | AA83: 0 | AB83: 0 | AC83: 0
A84: Fat Mav | B84: RDG NHL | C84: 1 | D84: 23.3 | E84: 0 | F84: 100 | G84: 5 | H84: 87 | I84: =F84-H84 -> 13 | J84: =F84/H84 -> 1.1494253 | K84: 13 | L84: 152 | M84: 1 | N84: =SUM(M84*D84) -> 23.3 | O84: 17 | P84: 4 | Q84: 0 | R84: 0 | S84: 1 | T84: 0 | U84: 0 | V84: 0 | W84: 0 | X84: 0 | Y84: 0 | Z84: 0 | AA84: 0 | AB84: 0 | AC84: 0
A85: Fat Mav | B85: Maverick3192 | C85: 1 | D85: 23.3 | E85: 5 | F85: 55 | G85: 4 | H85: 70 | I85: =F85-H85 -> -15 | J85: =F85/H85 -> 0.78571429 | K85: 16 | L85: 92 | M85: 1 | N85: =SUM(M85*D85) -> 23.3 | O85: 7 | P85: 0 | Q85: 0 | R85: 0 | S85: 0 | T85: 0 | U85: 0 | V85: 0 | W85: 0 | X85: 0 | Y85: 0 | Z85: 0 | AA85: 0 | AB85: 0 | AC85: 0
C86: =SUM(C82:C85)/4 -> 1 | D86: =SUM(D82:D85)/4 -> 23.3 | E86: =SUM(E82:E85) -> 5 | F86: =SUM(F82:F85) -> 346 | G86: =SUM(G82:G85) -> 22 | H86: =SUM(H82:H85) -> 316 | I86: =SUM(F86-H86) -> 30 | J86: =SUM(F86/H86) -> 1.0949367 | K86: =SUM(K82:K85)/4 -> 14.75 | L86: =SUM(L82:L85) -> 557 | N86: =SUM(N82:N85)/4 -> 23.3 | O86: =SUM(O82:O85) -> 61 | P86: =SUM(P82:P85) -> 9 | Q86: =SUM(Q82:Q85) -> 1 | R86: =SUM(R82:R85) -> 0 | S86: =SUM(S82:S85) -> 6 | T86: =SUM(T82:T85) -> 0 | U86: =SUM(U82:U85) -> 0 | V86: =SUM(V82:V85) -> 0 | ... AC86: =SUM(AC82:AC85) -> 0
A87: Spam Folder | B87: ixjaga | C87: 0 | D87: 23.3 | E87: 0 | F87: 68 | G87: 4 | H87: 67 | I87: =F87-H87 -> 1 | J87: =F87/H87 -> 1.0149254 | K87: 17 | L87: 103 | M87: 1 | N87: =SUM(M87*D87) -> 23.3 | O87: 7 | P87: 1 | Q87: 0 | R87: 0 | S87: 3 | T87: 1 | U87: 0 | V87: 0 | W87: 0 | X87: 0 | Y87: 0 | Z87: 0 | AA87: 0 | AB87: 0 | AC87: 0
A88: Spam Folder | B88: Icey Tanker | C88: 0 | D88: 23.3 | E88: 1 | F88: 90 | G88: 4 | H88: 69 | I88: =F88-H88 -> 21 | J88: =F88/H88 -> 1.3043478 | K88: 17 | L88: 144 | M88: 1 | N88: =SUM(M88*D88) -> 23.3 | O88: 17 | P88: 2 | Q88: 0 | R88: 0 | S88: 2 | T88: 1 | U88: 0 | V88: 0 | W88: 0 | X88: 0 | Y88: 0 | Z88: 0 | AA88: 0 | AB88: 0 | AC88: 0
A89: Spam Folder | B89: Grunt Padre | C89: 0 | D89: 23.3 | E89: 0 | F89: 83 | G89: 10 | H89: 118 | I89: =F89-H89 -> -35 | J89: =F89/H89 -> 0.70338983 | K89: 8 | L89: 130 | M89: 1 | N89: =SUM(M89*D89) -> 23.3 | O89: 14 | P89: 1 | Q89: 0 | R89: 0 | S89: 0 | T89: 0 | U89: 0 | V89: 0 | W89: 0 | X89: 0 | Y89: 0 | Z89: 0 | AA89: 0 | AB89: 0 | AC89: 0
A90: Spam Folder | B90: The Scet | C90: 0 | D90: 23.3 | E90: 0 | F90: 67 | G90: 2 | H90: 105 | I90: =F90-H90 -> -38 | J90: =F90/H90 -> 0.63809524 | K90: 10 | L90: 92 | M90: 1 | N90: =SUM(M90*D90) -> 23.3 | O90: 8 | P90: 1 | Q90: 0 | R90: 0 | S90: 0 | T90: 0 | U90: 0 | V90: 0 | W90: 0 | X90: 0 | Y90: 0 | Z90: 0 | AA90: 0 | AB90: 0 | AC90: 0
A91: Totals: | C91: =SUM(C87:C90) -> 0 | D91: =SUM(D87:D90)/4 -> 23.3 | E91: =SUM(E87:E90)/4 -> 0.25 | F91: =SUM(F87:F90) -> 308 | G91: =SUM(G87:G90) -> 20 | H91: =SUM(H87:H90) -> 359 | I91: =SUM(F91-H91) -> -51 | J91: =SUM(F91/H91) -> 0.85793872 | K91: =SUM(K87:K90)/4 -> 13 | L91: =SUM(L87:L90) -> 469 | N91: =SUM(N87:N90)/4 -> 23.3 | O91: =SUM(O87:O90) -> 46 | P91: =SUM(P87:P90) -> 5 | Q91: =SUM(Q87:Q90) -> 0 | R91: =SUM(R87:R90) -> 0 | S91: =SUM(S87:S90) -> 5 | T91: =SUM(T87:T90) -> 2 | U91: =SUM(U87:U90) -> 0 | V91: =SUM(V87:V90) -> 0 | ... AC91: =SUM(AC87:AC90) -> 0
A92: Originals over Eurostars 5-1 - Rage More Nerd NH
E93: Postgame Page 1 | K93: Postgame Page 3 | M93: Medal Pages | N93: Medal Pages
A94: Team | B94: Player | C94: Wins | D94: Minutes | E94: Goals | F94: Kills | G94: Assists | H94: Deaths | I94: Spread | J94: K/D Ratio | K94: Average Life | L94: Medals | M94: Medals Recorded? | N94: Minutes | O94: Double Kill | P94: Triple Kill | Q94: Overkill | R94: Killtacular | S94: Killing Spree | T94: Killing Frenzy | U94: Sword Spree | V94: Extermination | W94: Running Riot | X94: Rampage | Y94: Killtrocity | Z94: Killmanjaro | AA94: Killpocalypse | AB94: Killtastrophe | AC94: Killionaire
A95: Originals | B95: Galvann | C95: 1 | D95: 18.5 | E95: 0 | F95: 102 | G95: 8 | H95: 71 | I95: =F95-H95 -> 31 | J95: =F95/H95 -> 1.4366197 | K95: 12 | L95: 180 | M95: 1 | N95: =SUM(M95*D95) -> 18.5 | O95: 19 | P95: 7 | Q95: 1 | R95: 0 | S95: 2 | T95: 0 | U95: 0 | V95: 0 | W95: 0 | X95: 0 | Y95: 0 | Z95: 0 | AA95: 0 | AB95: 0 | AC95: 0
A96: Originals | B96: Wrecking Nerds | C96: 1 | D96: 18.5 | E96: 4 | F96: 43 | G96: 3 | H96: 45 | I96: =F96-H96 -> -2 | J96: =F96/H96 -> 0.95555556 | K96: 21 | L96: 76 | M96: 1 | N96: =SUM(M96*D96) -> 18.5 | O96: 5 | P96: 2 | Q96: 0 | R96: 0 | S96: 0 | T96: 0 | U96: 0 | V96: 0 | W96: 0 | X96: 0 | Y96: 0 | Z96: 0 | AA96: 0 | AB96: 0 | AC96: 0
A97: Originals | B97: Diixvn | C97: 1 | D97: 18.5 | E97: 1 | F97: 73 | G97: 5 | H97: 79 | I97: =F97-H97 -> -6 | J97: =F97/H97 -> 0.92405063 | K97: 11 | L97: 115 | M97: 1 | N97: =SUM(M97*D97) -> 18.5 | O97: 11 | P97: 1 | Q97: 0 | R97: 0 | S97: 0 | T97: 0 | U97: 0 | V97: 0 | W97: 0 | X97: 0 | Y97: 0 | Z97: 0 | AA97: 0 | AB97: 0 | AC97: 0
A98: Originals | B98: nukiey | C98: 1 | D98: 18.5 | E98: 0 | F98: 52 | G98: 4 | H98: 73 | I98: =F98-H98 -> -21 | J98: =F98/H98 -> 0.71232877 | K98: 12 | L98: 95 | M98: 1 | N98: =SUM(M98*D98) -> 18.5 | O98: 7 | P98: 2 | Q98: 0 | R98: 0 | S98: 0 | T98: 0 | U98: 0 | V98: 0 | W98: 0 | X98: 0 | Y98: 0 | Z98: 0 | AA98: 0 | AB98: 0 | AC98: 0
C99: =SUM(C95:C98)/4 -> 1 | D99: =SUM(D95:D98)/4 -> 18.5 | E99: =SUM(E95:E98) -> 5 | F99: =SUM(F95:F98) -> 270 | G99: =SUM(G95:G98) -> 20 | H99: =SUM(H95:H98) -> 268 | I99: =SUM(F99-H99) -> 2 | J99: =SUM(F99/H99) -> 1.0074627 | K99: =SUM(K95:K98)/4 -> 14 | L99: =SUM(L95:L98) -> 466 | N99: =SUM(N95:N98)/4 -> 18.5 | O99: =SUM(O95:O98) -> 42 | P99: =SUM(P95:P98) -> 12 | Q99: =SUM(Q95:Q98) -> 1 | R99: =SUM(R95:R98) -> 0 | S99: =SUM(S95:S98) -> 2 | T99: =SUM(T95:T98) -> 0 | U99: =SUM(U95:U98) -> 0 | V99: =SUM(V95:V98) -> 0 | ... AC99: =SUM(AC95:AC98) -> 0
A100: Eurostars | B100: CaptainSev004 | C100: 0 | D100: 18.5 | E100: 0 | F100: 76 | G100: 0 | H100: 83 | I100: =F100-H100 -> -7 | J100: =F100/H100 -> 0.91566265 | K100: 10 | L100: 100 | M100: 1 | N100: =SUM(M100*D100) -> 18.5 | O100: 7 | P100: 1 | Q100: 0 | R100: 0 | S100: 1 | T100: 0 | U100: 0 | V100: 0 | W100: 0 | X100: 0 | Y100: 0 | Z100: 0 | AA100: 0 | AB100: 0 | AC100: 0
...
