Workbook
Name LL_S7: LL_Data_Aggregate!$A$1:$S$79
Name LL_S6: LL_Data_Aggregate!$A$81:$S$139
Name Grade_Num: 'Player Comparison'!$U$17:$V$23
Name Signed: Signed!$A$1:$C$44

Sheet HistoryHalo4
B1: DJ Tourny 12/04 | C1: DJ Tourny 11/13 | D1: DJ Tourny 10/23 | E1: DJ Tourny 12/04 | F1: DJ Tourny 11/13 | G1: DJ Tourny 10/23 | H1: DJ Tourny 12/04 | I1: DJ Tourny 11/13 | J1: DJ Tourny 10/23 | K1: DJ Tourny 12/04 | L1: DJ Tourny 11/13 | M1: DJ Tourny 10/23 | N1: DJ Tourny 12/04 | O1: DJ Tourny 11/13 | P1: DJ Tourny 10/23 | Q1: LL Season 7 | R1: LL Season 6 | S1: LL Season 7 | T1: LL Season 6 | U1: AGLA Ammy Trio Season | V1: AGLA Ammy Trio Season | W1: AGLA Pro Trio Season | X1: AGLA Pro Trio Season | Y1: AGLA Combined Season | Z1: AGLA Combined Season | AA1: Averaged Rank
A2: Player | B2: Player Efficiency (All vs Top Player) | C2: Player Efficiency (All vs Top Player) | D2: Player Efficiency (All vs Top Player) | E2: Player Efficiency (All vs God Player) | F2: Player Efficiency (All vs God Player) | G2: Player Efficiency (All vs God Player) | H2: Hexas | I2: Hexas | J2: Hexas | K2: Player Grade | L2: Player Grade | M2: Player Grade | N2: Player Grade Math | O2: Player Grade Math | P2: Player Grade Math | Q2: Player Grade | R2: Player Grade | S2: Player Grade Math | T2: Player Grade Math | U2: Player Grade | V2: Player Grade Math | W2: Player Grade | X2: Player Grade Math | Y2: Player Grade | Z2: Player Grade Math
A3: ACE B S1lentND1 | B3: 0.8481 | C3: 0.8769 | D3: 0.98 | F3: 0.7613 | G3: 0.7994 | H3: 2.079 | I3: 4.371 | J3: 2.6854212 | K3: B | L3: A | M3: A | N3: 18.9 | O3: 23.4 | P3: 22.3 | Q3: A | R3: S | S3: 22.8 | T3: 15.5 | AA3: A-S
A4: ActiveHate
A5: ADhillyy
A6: AdminSharky | D6: 0.4931 | G6: 0.5757 | J6: 1.1204894 | M6: D | P6: 11.1 | AA6: D
A7: AJ DaJuiceMayne | D7: 0.3221 | G7: 0.6985 | J7: 0.17946162 | M7: E | P7: 7.9 | Q7: D | R7: A | S7: 11.2 | T7: 13.2 | W7: D | X7: 7.9 | Y7: D | Z7: 7.1 | AA7: D
A8: AKAShadowFax
A9: Almighty Tycoon | B9: 0.5178 | C9: 0.603 | F9: 0.6625 | H9: 0.432 | I9: 0.983 | K9: C | L9: C | N9: 16.1 | O9: 16.3 | Q9: B | S9: 17.1 | AA9: C
A10: Amnatu
A11: Armanama | B11: 0.5603 | K11: E | N11: 9
A12: ASpence501 | B12: 0.7497 | D12: 0.6831 | G12: 0.6338 | H12: 3.179 | J12: 4.0043159 | K12: B | M12: B | N12: 18.5 | P12: 20.1 | Q12: A | R12: B | S12: 23 | T12: 10.5 | U12: A | V12: 15.7 | Y12: A | Z12: 14.2 | AA12: B-A
A13: AtoneMilitant | C13: 0.6926 | D13: 0.4196 | F13: 0.6948 | G13: 0.6089 | I13: 1.16 | J13: 1.2942192 | L13: C | M13: C | O13: 15.7 | P13: 16.2 | Q13: D | R13: B | S13: 11.8 | T13: 11.6 | U13: B | V13: 13.1 | Y13: B | Z13: 12.6 | AA13: C
A14: AwareMosquito | B14: 0.8458 | C14: 0.6527 | F14: 0.6805 | H14: 1.019 | I14: 0.244 | K14: C | L14: D | N14: 16.6 | O14: 9.8 | Q14: B | R14: D | S14: 18.6 | T14: 6.8 | U14: D | V14: 7.2 | Y14: E | Z14: 5.7 | AA14: C-B
A15: BeaM1n1 | C15: 0.7577 | D15: 0.5285 | F15: 0.7183 | G15: 0.6459 | I15: 0.156 | J15: 1.1178622 | L15: E | M15: C | O15: 9 | P15: 15.5 | Q15: D | S15: 10.7 | U15: B | V15: 11.9 | Y15: B | Z15: 11.5 | AA15: C
A16: Bear is Clutch | B16: 0.4363 | H16: -0.214 | K16: E | N16: 6.6
A17: BLOODEN NICK | B17: 0.707 | C17: 0.418 | D17: 0.5559 | F17: 0.5958 | G17: 0.6552 | H17: 1.312 | I17: 0.897 | J17: 0.7057377 | K17: A | L17: B | M17: C | N17: 20.9 | O17: 18 | P17: 14.4 | Q17: C | R17: D | S17: 13.3 | T17: 6.7 | AA17: C
A18: BowerPowerHour
A19: CaptainSev004 | B19: 0.6349 | C19: 0.6035 | D19: 0.4856 | F19: 0.6627 | G19: 0.6313 | H19: 1.558 | I19: 0.449 | J19: 0.54496605 | K19: C | L19: C | M19: B | N19: 16.5 | O19: 15 | P19: 19.1 | Q19: C | R19: D | S19: 15.7 | T19: 7.4 | U19: B | V19: 12.2 | Y19: C | Z19: 9.6 | AA19: C
A20: Conra4859 | Q20: C | R20: E | S20: 16.1 | T20: 5.1 | U20: E | V20: 4.4 | Y20: E | Z20: 4 | AA20: D
A21: cxrnchip | B21: 0.6568 | C21: 0.5858 | D21: 0.6968 | F21: 0.6563 | G21: 0.7031 | H21: 1.417 | I21: 1.915 | J21: 1.8104672 | K21: B | L21: B | M21: A | N21: 17.6 | O21: 17.9 | P21: 22.4 | Q21: B | R21: D | S21: 17.4 | T21: 7.1 | U21: A | V21: 14.7 | W21: E | X21: 4.8 | Y21: B | Z21: 12 | AA21: B
A22: Dabb | B22: 0.7755 | C22: 0.7803 | F22: 0.7265 | H22: 2.604 | I22: 2.684 | K22: A | L22: A | N22: 22 | O22: 23.3 | Q22: B | R22: A | S22: 18.6 | T22: 13.7 | U22: A | V22: 15.7 | Y22: A | Z22: 14.9 | AA22: A
A23: Dat Twinkie | Q23: E | R23: D | S23: 7.7 | T23: 6.3 | U23: E | V23: 5.3 | Y23: E | Z23: 4.1 | AA23: E
A24: DCleak | C24: 0.6806 | D24: 0.4989 | F24: 0.6905 | G24: 0.6358 | I24: 1.062 | J24: 0.68137366 | L24: B | M24: C | O24: 19.1 | P24: 16.2 | Q24: C | R24: C | S24: 16.6 | T24: 8.2 | W24: A | X24: 15.3 | Y24: A | Z24: 13.9 | AA24: B
A25: DlGITAL PAIN | Q25: A | R25: B | S25: 20.7 | T25: 12 | W25: A | X25: 14.8 | Y25: A | Z25: 14.4 | AA25: A
A26: Doerstopper | C26: 0.4542 | D26: 0.3493 | F26: 0.6089 | G26: 0.5849 | I26: -0.28 | J26: 0.11964108 | L26: D | M26: C | O26: 12.2 | P26: 15.8 | Q26: D | R26: D | S26: 10 | T26: 5.9 | U26: D | V26: 7.7 | W26: E | X26: 5.3 | Y26: E | Z26: 5.8 | AA26: D
A27: drez
A28: Eastbrookk | Q28: D | S28: 10.2 | AA28: D
A29: Edle 6
A30: elementary
A31: EllisGotMyPills | R31: A | T31: 12.8 | U31: D | V31: 6.5 | Y31: E | Z31: 5.1 | AA31: D
A32: eTazedd | C32: 0.6137 | F32: 0.6664 | I32: 2.102 | L32: B | O32: 17.3 | Q32: D | R32: A | S32: 12.1 | T32: 13 | W32: B | X32: 11.7 | Y32: B | Z32: 11.4 | AA32: B
A33: F-Ed Boy
A34: Fanciest Pants | B34: 0.6137 | C34: 0.642 | F34: 0.6766 | H34: 1.365 | I34: 0.726 | K34: B | L34: C | N34: 16.7 | O34: 15 | Q34: D | R34: B | S34: 12.6 | T34: 10.5 | W34: C | X34: 11.2 | Y34: C | Z34: 10.1 | AA34: C-B
A35: Frnzh | B35: 0.6888 | C35: 0.7455 | D35: 0.4334 | F35: 0.7139 | G35: 0.6135 | H35: 1.173 | I35: 0.89 | J35: 0.56074783 | K35: B | L35: B | M35: C | N35: 18.7 | O35: 20 | P35: 15.3 | Q35: C | R35: C | S35: 13.7 | T35: 9.9 | U35: D | V35: 7.8 | W35: A | X35: 14.5 | Y35: D | Z35: 8.3 | AA35: C-B
A36: G3Ohh | B36: 66.21.% | H36: 0.39 | K36: B | N36: 17.2
A37: gaebpls | B37: 0.4415 | H37: -1.393 | K37: E | N37: 6.1
A38: Galvann | D38: 0.8447 | G38: 0.7534 | J38: 3.5997992 | M38: A | P38: 23.6 | Q38: S | R38: S | S38: 24.4 | T38: 15.7 | W38: C | X38: 10.1 | Y38: C | Z38: 9.3 | AA38: A-S
A39: GodSnipezX | B39: 0.98 | C39: 0.6383 | D39: 0.7236 | F39: 0.6753 | G39: 0.7122 | H39: 3.384 | I39: 1.722 | J39: 1.9975339 | K39: A | L39: B | M39: B | N39: 23.3 | O39: 17.4 | P39: 18.3 | Q39: A | R39: A | S39: 21.8 | T39: 14.1 | W39: A | X39: 15.6 | Y39: A | Z39: 15 | AA39: B-A
A40: Goldenstunfisk | B40: 0.4507 | H40: -2 | K40: E | N40: 6.9
A41: Grimm SZN
A42: Grunt Padre
A43: Haha Real Funny | Q43: F | S43: 5 | AA43: F
A44: Halfbreed | W44: D | X44: 6.3 | Y44: D | Z44: 6.3 | AA44: C-B
A45: Halo3Dragon5
A46: Havoc Puppies | B46: 0.7468 | C46: 0.7601 | D46: 0.551 | F46: 0.7192 | G46: 0.6535 | H46: 1.904 | I46: 1.246 | J46: 0.7891492 | K46: B | L46: B | M46: C | N46: 18.7 | O46: 17 | P46: 13.1 | Q46: C | S46: 14.4 | U46: B | V46: 12.9 | Y46: B | Z46: 11.5 | AA46: C
A47: HumanKite187
A48: HyunA x
A49: I robot9000 | R49: E | T49: 3.8 | AA49: D
A50: Icey Tanker | B50: 0.9661 | C50: 0.98 | D50: 0.6828 | F50: 0.7984 | G50: 0.6984 | H50: 3.24 | I50: 3.742 | J50: 4.658376 | K50: A | L50: A | M50: A | N50: 23.3 | O50: 23.6 | P50: 21.3 | Q50: A | R50: B | S50: 22.1 | T50: 11.9 | W50: A | X50: 15.1 | Y50: A | Z50: 15.4 | AA50: A
A51: Imperator Romeo | B51: 0.5813 | C51: 0.3901 | F51: 0.5858 | H51: -1.276 | I51: -1.39 | K51: E | L51: E | N51: 6.4 | O51: 6.4 | AA51: E
A52: imShad | R52: B | T52: 10.7 | AA52: C
A53: iNF3ktioN | C53: 0.5043 | F53: 0.627 | I53: 0.884 | L53: D | O53: 12.1 | AA53: D-C
A54: InfiniteRainge | Q54: D | S54: 11.9 | AA54: D
A55: Into Sublime | B55: 0.5828 | C55: 0.8046 | D55: 0.4989 | F55: 0.7352 | G55: 0.6358 | H55: 2.586 | I55: 1.114 | J55: 0.22260992 | K55: B | L55: B | M55: C | N55: 18.5 | O55: 18.1 | P55: 14.6 | Q55: D | R55: C | S55: 8.95 | T55: 10.3 | U55: B | V55: 11.5 | Y55: C | Z55: 9.9 | AA55: C
A56: Invayda Zim | Q56: A | R56: C | S56: 22.9 | T56: 8.8 | W56: C | X56: 10.4 | Y56: D | Z56: 8.4 | AA56: B
A57: IronboundMoon
A58: Its bck
A59: Its Low Mane | B59: 0.488 | H59: -0.225 | K59: E | N59: 8.4 | Q59: E | S59: 8.5 | AA59: E
A60: ixGingy | B60: 0.7414 | H60: 2.54 | K60: A | N60: 22.1 | Q60: S | R60: A | S60: 24.3 | T60: 14.6 | W60: B | X60: 13.2 | Y60: B | Z60: 11.5 | AA60: A
A61: ixjaga | D61: 0.4299 | G61: 0.6123 | J61: -0.079885057 | M61: D | P61: 10.1 | Q61: D | R61: E | S61: 9.4 | T61: 4.3 | U61: D | V61: 8.2 | Y61: D | Z61: 7.3 | AA61: D
A62: ixLiono
A63: ixSnarf
A64: ixSqueeps | Q64: C | R64: D | S64: 15.6 | T64: 7.3 | U64: B | V64: 13.1 | Y64: B | Z64: 11.3 | AA64: C
A65: JelloWitch
A66: JLen Glass
A67: JollyJhadIst
A68: juc
A69: Judasey | R69: B | T69: 11.1 | AA69: D-C
A70: Kapier9392 | R70: E | T70: 5.1 | AA70: E
A71: KDSkill | B71: 0.5963 | H71: -0.328 | K71: C | N71: 15.4 | R71: B | T71: 12.4 | AA71: D-C
A72: kev1897
A73: KillerDj Demon
A74: Killerz Legit | Q74: C | S74: 14 | W74: B | X74: 12 | Y74: C | Z74: 10.5 | AA74: C
A75: LaMeowlla | B75: 0.4597 | H75: 0.086 | K75: E | N75: 9.2 | Q75: D | R75: C | S75: 12.6 | T75: 8.1 | U75: C | V75: 9.4 | Y75: D | Z75: 7.6 | AA75: D-C
A76: LilSkelR1926 | B76: 0.5662 | C76: 0.5581 | D76: 0.3961 | F76: 0.6464 | G76: 0.6009 | H76: 0.049 | I76: 0.379 | J76: -0.22601626 | K76: D | L76: C | M76: D | N76: 9.7 | O76: 15.7 | P76: 10.9 | U76: C | V76: 10.5 | Y76: C | Z76: 9.7 | AA76: D-C
A77: Lmao Ninj0 | U77: E | V77: 5.1 | Y77: E | Z77: 4.8 | AA77: E
A78: ManCanonPls | B78: 0.5501 | C78: 0.459 | D78: 0.5096 | F78: 0.6106 | G78: 0.6394 | H78: 0.8 | I78: 0.228 | J78: 1.1809646 | K78: D | L78: D | M78: C | N78: 11.5 | O78: 11.3 | P78: 15.7 | W78: E | X78: 4.5 | Y78: F | Z78: 3.7 | AA78: C
A79: Martialelder
A80: Mavbrid | B80: 0.7168 | C80: 0.5735 | D80: 0.5143 | F80: 0.6519 | G80: 0.6411 | H80: 0.387 | I80: 0.222 | J80: -0.40558767 | K80: C | L80: D | M80: D | N80: 15.3 | O80: 10.9 | P80: 10.1 | Q80: D | R80: D | S80: 12.3 | T80: 6.5 | U80: D | V80: 8.1 | W80: D | X80: 7.2 | Y80: D | Z80: 7.9 | AA80: D
A81: MenZ
A82: MF JOE187 | B82: 0.5401 | C82: 0.4792 | D82: 0.4183 | F82: 0.6179 | G82: 0.6084 | I82: 0.282 | J82: -0.2466427 | K82: C | L82: D | M82: E | N82: 13.3 | O82: 12.6 | P82: 9.2 | AA82: E
A83: Ming Crusader | Q83: B | S83: 18.6 | W83: C | X83: 9.6 | Y83: D | Z83: 8 | AA83: C-B
A84: MoldyVolts | B84: 0.5615 | C84: 0.498 | F84: 0.6247 | H84: -0.261 | I84: -0.19 | K84: D | L84: D | N84: 10.7 | O84: 9.7 | Q84: B | S84: 18.5 | U84: E | V84: 6 | Y84: E | Z84: 4.5 | AA84: D
A85: Mr Epic Beast | B85: 0.6315 | C85: 0.4763 | D85: 0.4837 | F85: 0.6169 | G85: 0.6306 | H85: 1.003 | I85: 0.411 | J85: 0 | K85: C | L85: C | M85: D | N85: 14.5 | O85: 14.6 | P85: 9.3 | Q85: D | S85: 10.4 | U85: D | V85: 8.3 | Y85: D | Z85: 6.6 | AA85: D-C
A86: MSSR MaRtin
A87: mstell96 | B87: 0.5996 | D87: 0.3933 | G87: 0.5999 | H87: 0.795 | J87: -0.37856431 | K87: C | M87: C | N87: 14.9 | P87: 14.7 | R87: F | T87: 3.3 | U87: D | V87: 6.7 | Y87: E | Z87: 5.6 | AA87: D-C
A88: MsWolv3rine | B88: 0.4695 | H88: -0.428 | K88: E | N88: 7.6
A89: MuNgO PuNgO | B89: 0.409 | C89: 0.7214 | D89: 0.4564 | F89: 0.7052 | G89: 0.6214 | H89: -0.814 | I89: 0.137 | J89: -0.24927405 | K89: E | L89: D | M89: D | N89: 6.7 | O89: 11.3 | P89: 12.1 | Q89: F | R89: D | S89: 4.1 | T89: 6 | U89: D | V89: 6.4 | Y89: E | Z89: 5.3 | AA89: D
A90: Myst the Cold | B90: 0.8109 | C90: 0.4853 | D90: 0.4564 | F90: 0.6201 | G90: 0.6703 | H90: 1.473 | I90: 0.516 | J90: 0.98306778 | K90: C | L90: D | M90: C | N90: 16.3 | O90: 9.8 | P90: 13.6 | Q90: D | R90: C | S90: 11.2 | T90: 8.3 | U90: B | V90: 13.6 | Y90: B | Z90: 11.9 | AA90: C
A91: MysticalNovice | B91: 0.6554 | C91: 0.6619 | D91: 0.6153 | F91: 0.6838 | G91: 0.6754 | H91: 2.74 | I91: 1.317 | J91: 1.6503025 | K91: B | L91: B | M91: A | N91: 17.6 | O91: 19.1 | P91: 21 | Q91: B | R91: A | S91: 19.9 | T91: 12.9 | U91: B | V91: 12.7 | W91: E | X91: 5.9 | Y91: C | Z91: 9 | AA91: B-A
A92: NetsPride15 | W92: D | X92: 7.3 | Y92: D | Z92: 6.3 | AA92: D
A93: Nihilus | R93: C | T93: 8.8 | U93: C | V93: 10.3 | Y93: C | Z93: 9.2 | AA93: C
A94: NKOTB4evah | Q94: F | S94: 5.5 | U94: C | V94: 9.6 | Y94: C | Z94: 8.8 | AA94: D
A95: nukiey
A96: o Veli oo | Q96: D | S96: 10 | AA96: D
A97: oDhmon | D97: 0.432 | G97: 0.613 | J97: 1.5012942 | M97: B | P97: 18.9 | Q97: C | R97: B | S97: 16.1 | T97: 12.6 | W97: D | X97: 6.9 | Y97: D | Z97: 6.4 | AA97: C-B
A98: Óðinn Æsir
A99: Ouglaf
A100: OVERweightGOAT | W100: F | X100: 3.7 | Y100: F | Z100: 3.7 | AA100: D-C
...

Sheet Player Comparison
C1: DJ Tourny 12/04 | D1: DJ Tourny 11/13 | E1: DJ Tourny 10/23 | F1: DJ Tourny 12/04 | G1: DJ Tourny 11/13 | H1: DJ Tourny 10/23 | I1: DJ Tourny 12/04 | J1: DJ Tourny 11/13 | K1: DJ Tourny 10/23 | L1: DJ Tourny 12/04 | M1: DJ Tourny 11/13 | N1: DJ Tourny 10/23 | O1: DJ Tourny 12/04 | P1: DJ Tourny 11/13 | Q1: DJ Tourny 10/23 | R1: LL Season 7 | S1: LL Season 6 | T1: LL Season 7 | U1: LL Season 6 | V1: AGLA Ammy Trio Season | W1: AGLA Ammy Trio Season | X1: AGLA Pro Trio Season | Y1: AGLA Pro Trio Season | Z1: AGLA Combined Season | AA1: AGLA Combined Season | AB1: Averaged Rank
C2: Player Efficiency (All vs Top Player) | D2: Player Efficiency (All vs Top Player) | E2: Player Efficiency (All vs Top Player) | F2: Player Efficiency (All vs God Player) | G2: Player Efficiency (All vs God Player) | H2: Player Efficiency (All vs God Player) | I2: Hexas | J2: Hexas | K2: Hexas | L2: Player Grade | M2: Player Grade | N2: Player Grade | O2: Player Grade Math | P2: Player Grade Math | Q2: Player Grade Math | R2: Player Grade | S2: Player Grade | T2: Player Grade Math | U2: Player Grade Math | V2: Player Grade | W2: Player Grade Math | X2: Player Grade | Y2: Player Grade Math | Z2: Player Grade | AA2: Player Grade Math
A3: Player 1
A4: JollyJhadIst | B4: {=INDEX(HistoryHalo4!$A$1:$AA$148,Match(A4,HistoryHalo4!A:A,0),0)} -> JollyJhadIst
A5: Against-Player 2 | C5: =IFERROR(IfS(AND(C4<0,C6<0),UMINUS((C4-C6)/C6),C6<0,UMINUS((C4-C6)/C6),C4<0,UMINUS((C4-C6)/C6),AND(C4>0,C6>0),(C4-C6)/C6),) | D5: =IFERROR(IfS(AND(D4<0,D6<0),UMINUS((D4-D6)/D6),D6<0,UMINUS((D4-D6)/D6),D4<0,UMINUS((D4-D6)/D6),AND(D4>0,D6>0),(D4-D6)/D6),) | E5: =IFERROR(IfS(AND(E4<0,E6<0),UMINUS((E4-E6)/E6),E6<0,UMINUS((E4-E6)/E6),E4<0,UMINUS((E4-E6)/E6),AND(E4>0,E6>0),(E4-E6)/E6),) | F5: =IFERROR(IfS(AND(F4<0,F6<0),UMINUS((F4-F6)/F6),F6<0,UMINUS((F4-F6)/F6),F4<0,UMINUS((F4-F6)/F6),AND(F4>0,F6>0),(F4-F6)/F6),) | G5: =IFERROR(IfS(AND(G4<0,G6<0),UMINUS((G4-G6)/G6),G6<0,UMINUS((G4-G6)/G6),G4<0,UMINUS((G4-G6)/G6),AND(G4>0,G6>0),(G4-G6)/G6),) | H5: =IFERROR(IfS(AND(H4<0,H6<0),UMINUS((H4-H6)/H6),H6<0,UMINUS((H4-H6)/H6),H4<0,UMINUS((H4-H6)/H6),AND(H4>0,H6>0),(H4-H6)/H6),) | I5: =IFERROR(IfS(AND(I4<0,I6<0),UMINUS((I4-I6)/I6),I6<0,UMINUS((I4-I6)/I6),I4<0,UMINUS((I4-I6)/I6),AND(I4>0,I6>0),(I4-I6)/I6),) | J5: =IFERROR(IfS(AND(J4<0,J6<0),UMINUS((J4-J6)/J6),J6<0,UMINUS((J4-J6)/J6),J4<0,UMINUS((J4-J6)/J6),AND(J4>0,J6>0),(J4-J6)/J6),) | K5: =IFERROR(IfS(AND(K4<0,K6<0),UMINUS((K4-K6)/K6),K6<0,UMINUS((K4-K6)/K6),K4<0,UMINUS((K4-K6)/K6),AND(K4>0,K6>0),(K4-K6)/K6),) | L5: {=IFERROR(Ifs(INDEX(Grade_Num,Match(L4,$U$17:$U$23,1),2)>INDEX(Grade_Num,Match(L6,$U$17:$U$23,1),2),"+",INDEX(Grade_Num,Match(L4,$U17:$U23,1),2)<INDEX(Grade_Num,Match(L6,$U$17:$U$23,1),2),"-",INDEX(Grade_Num,Match(L4,$U$17:$U$23,1),2)=INDEX(Grade_Num,Match(L6,$U$17:$U$23,1),2),"="),)} | M5: {=IFERROR(Ifs(INDEX(Grade_Num,Match(M4,$U$17:$U$23,1),2)>INDEX(Grade_Num,Match(M6,$U$17:$U$23,1),2),"+",INDEX(Grade_Num,Match(M4,$U17:$U23,1),2)<INDEX(Grade_Num,Match(M6,$U$17:$U$23,1),2),"-",INDEX(Grade_Num,Match(M4,$U$17:$U$23,1),2)=INDEX(Grade_Num,Match(M6,$U$17:$U$23,1),2),"="),)} | N5: {=IFERROR(Ifs(INDEX(Grade_Num,Match(N4,$U$17:$U$23,1),2)>INDEX(Grade_Num,Match(N6,$U$17:$U$23,1),2),"+",INDEX(Grade_Num,Match(N4,$U17:$U23,1),2)<INDEX(Grade_Num,Match(N6,$U$17:$U$23,1),2),"-",INDEX(Grade_Num,Match(N4,$U$17:$U$23,1),2)=INDEX(Grade_Num,Match(N6,$U$17:$U$23,1),2),"="),)} | O5: =IFERROR(IfS(AND(O4<0,O6<0),UMINUS((O4-O6)/O6),O6<0,UMINUS((O4-O6)/O6),O4<0,UMINUS((O4-O6)/O6),AND(O4>0,O6>0),(O4-O6)/O6),) | P5: =IFERROR(IfS(AND(P4<0,P6<0),UMINUS((P4-P6)/P6),P6<0,UMINUS((P4-P6)/P6),P4<0,UMINUS((P4-P6)/P6),AND(P4>0,P6>0),(P4-P6)/P6),) | Q5: =IFERROR(IfS(AND(Q4<0,Q6<0),UMINUS((Q4-Q6)/Q6),Q6<0,UMINUS((Q4-Q6)/Q6),Q4<0,UMINUS((Q4-Q6)/Q6),AND(Q4>0,Q6>0),(Q4-Q6)/Q6),) | R5: {=IFERROR(Ifs(INDEX(Grade_Num,Match(R4,$U$17:$U$23,1),2)>INDEX(Grade_Num,Match(R6,$U$17:$U$23,1),2),"+",INDEX(Grade_Num,Match(R4,$U17:$U23,1),2)<INDEX(Grade_Num,Match(R6,$U$17:$U$23,1),2),"-",INDEX(Grade_Num,Match(R4,$U$17:$U$23,1),2)=INDEX(Grade_Num,Match(R6,$U$17:$U$23,1),2),"="),)} | S5: {=IFERROR(Ifs(INDEX(Grade_Num,Match(S4,$U$17:$U$23,1),2)>INDEX(Grade_Num,Match(S6,$U$17:$U$23,1),2),"+",INDEX(Grade_Num,Match(S4,$U17:$U23,1),2)<INDEX(Grade_Num,Match(S6,$U$17:$U$23,1),2),"-",INDEX(Grade_Num,Match(S4,$U$17:$U$23,1),2)=INDEX(Grade_Num,Match(S6,$U$17:$U$23,1),2),"="),)} | T5: =IFERROR(IfS(AND(T4<0,T6<0),UMINUS((T4-T6)/T6),T6<0,UMINUS((T4-T6)/T6),T4<0,UMINUS((T4-T6)/T6),AND(T4>0,T6>0),(T4-T6)/T6),) | U5: =IFERROR(IfS(AND(U4<0,U6<0),UMINUS((U4-U6)/U6),U6<0,UMINUS((U4-U6)/U6),U4<0,UMINUS((U4-U6)/U6),AND(U4>0,U6>0),(U4-U6)/U6),) | V5: {=IFERROR(Ifs(INDEX(Grade_Num,Match(V4,$U$17:$U$23,1),2)>INDEX(Grade_Num,Match(V6,$U$17:$U$23,1),2),"+",INDEX(Grade_Num,Match(V4,$U17:$U23,1),2)<INDEX(Grade_Num,Match(V6,$U$17:$U$23,1),2),"-",INDEX(Grade_Num,Match(V4,$U$17:$U$23,1),2)=INDEX(Grade_Num,Match(V6,$U$17:$U$23,1),2),"="),)} | W5: =IFERROR(IfS(AND(W4<0,W6<0),UMINUS((W4-W6)/W6),W6<0,UMINUS((W4-W6)/W6),W4<0,UMINUS((W4-W6)/W6),AND(W4>0,W6>0),(W4-W6)/W6),) | X5: {=IFERROR(Ifs(INDEX(Grade_Num,Match(X4,$U$17:$U$23,1),2)>INDEX(Grade_Num,Match(X6,$U$17:$U$23,1),2),"+",INDEX(Grade_Num,Match(X4,$U17:$U23,1),2)<INDEX(Grade_Num,Match(X6,$U$17:$U$23,1),2),"-",INDEX(Grade_Num,Match(X4,$U$17:$U$23,1),2)=INDEX(Grade_Num,Match(X6,$U$17:$U$23,1),2),"="),)} | Y5: =IFERROR(IfS(AND(Y4<0,Y6<0),UMINUS((Y4-Y6)/Y6),Y6<0,UMINUS((Y4-Y6)/Y6),Y4<0,UMINUS((Y4-Y6)/Y6),AND(Y4>0,Y6>0),(Y4-Y6)/Y6),) | Z5: {=IFERROR(Ifs(INDEX(Grade_Num,Match(Z4,$U$17:$U$23,1),2)>INDEX(Grade_Num,Match(Z6,$U$17:$U$23,1),2),"+",INDEX(Grade_Num,Match(Z4,$U17:$U23,1),2)<INDEX(Grade_Num,Match(Z6,$U$17:$U$23,1),2),"-",INDEX(Grade_Num,Match(Z4,$U$17:$U$23,1),2)=INDEX(Grade_Num,Match(Z6,$U$17:$U$23,1),2),"="),)} | AA5: =IFERROR(IfS(AND(AA4<0,AA6<0),UMINUS((AA4-AA6)/AA6),AA6<0,UMINUS((AA4-AA6)/AA6),AA4<0,UMINUS((AA4-AA6)/AA6),AND(AA4>0,AA6>0),(AA4-AA6)/AA6),)
A6: Amnatu | B6: {=INDEX(HistoryHalo4!$A$1:$AA$148,Match(A6,HistoryHalo4!A:A,0),0)} -> Amnatu
A11: Late League
A12: Player 1
A13: gaebpls | C13: Goals PM | D13: KD PM | E13: Stops PM | F13: Sprees PM | G13: Doubles PM | H13: Triples PM | I13: Defense | J13: PlayMaking | K13: Goals PM | L13: KD PM | M13: Stops PM | N13: Sprees PM | O13: Doubles PM | P13: Triples PM | Q13: Defense | R13: PlayMaking | S13: Grade AVG | T13: gAVGmath
A14: Season 8 | B14: =INDEX(LL_S8,Match(A13,LL_Data_Aggregate!,0)) -> #ERROR!
A15: Change | C15: =IFERROR(IfS(AND(C14<0,C16<0),UMINUS((C14-C16)/C16),C16<0,UMINUS((C14-C16)/C16),C14<0,UMINUS((C14-C16)/C16),AND(C14>0,C16>0),(C14-C16)/C16),) | D15: =IFERROR(IfS(AND(D14<0,D16<0),UMINUS((D14-D16)/D16),D16<0,UMINUS((D14-D16)/D16),D14<0,UMINUS((D14-D16)/D16),AND(D14>0,D16>0),(D14-D16)/D16),) | E15: =IFERROR(IfS(AND(E14<0,E16<0),UMINUS((E14-E16)/E16),E16<0,UMINUS((E14-E16)/E16),E14<0,UMINUS((E14-E16)/E16),AND(E14>0,E16>0),(E14-E16)/E16),) | F15: =IFERROR(IfS(AND(F14<0,F16<0),UMINUS((F14-F16)/F16),F16<0,UMINUS((F14-F16)/F16),F14<0,UMINUS((F14-F16)/F16),AND(F14>0,F16>0),(F14-F16)/F16),) | G15: =IFERROR(IfS(AND(G14<0,G16<0),UMINUS((G14-G16)/G16),G16<0,UMINUS((G14-G16)/G16),G14<0,UMINUS((G14-G16)/G16),AND(G14>0,G16>0),(G14-G16)/G16),) | H15: =IFERROR(IfS(AND(H14<0,H16<0),UMINUS((H14-H16)/H16),H16<0,UMINUS((H14-H16)/H16),H14<0,UMINUS((H14-H16)/H16),AND(H14>0,H16>0),(H14-H16)/H16),) | I15: =IFERROR(IfS(AND(I14<0,I16<0),UMINUS((I14-I16)/I16),I16<0,UMINUS((I14-I16)/I16),I14<0,UMINUS((I14-I16)/I16),AND(I14>0,I16>0),(I14-I16)/I16),) | J15: =IFERROR(IfS(AND(J14<0,J16<0),UMINUS((J14-J16)/J16),J16<0,UMINUS((J14-J16)/J16),J14<0,UMINUS((J14-J16)/J16),AND(J14>0,J16>0),(J14-J16)/J16),)
A16: Season 7 | B16: {=INDEX(LL_S7,Match(A13,LL_Data_Aggregate!A1:A79,0))} -> #N/A
A17: Change | C17: =IFERROR(IfS(AND(C16<0,C18<0),UMINUS((C16-C18)/C18),C18<0,UMINUS((C16-C18)/C18),C16<0,UMINUS((C16-C18)/C18),AND(C16>0,C18>0),(C16-C18)/C18),) | D17: =IFERROR(IfS(AND(D16<0,D18<0),UMINUS((D16-D18)/D18),D18<0,UMINUS((D16-D18)/D18),D16<0,UMINUS((D16-D18)/D18),AND(D16>0,D18>0),(D16-D18)/D18),) | E17: =IFERROR(IfS(AND(E16<0,E18<0),UMINUS((E16-E18)/E18),E18<0,UMINUS((E16-E18)/E18),E16<0,UMINUS((E16-E18)/E18),AND(E16>0,E18>0),(E16-E18)/E18),) | F17: =IFERROR(IfS(AND(F16<0,F18<0),UMINUS((F16-F18)/F18),F18<0,UMINUS((F16-F18)/F18),F16<0,UMINUS((F16-F18)/F18),AND(F16>0,F18>0),(F16-F18)/F18),) | G17: =IFERROR(IfS(AND(G16<0,G18<0),UMINUS((G16-G18)/G18),G18<0,UMINUS((G16-G18)/G18),G16<0,UMINUS((G16-G18)/G18),AND(G16>0,G18>0),(G16-G18)/G18),) | H17: =IFERROR(IfS(AND(H16<0,H18<0),UMINUS((H16-H18)/H18),H18<0,UMINUS((H16-H18)/H18),H16<0,UMINUS((H16-H18)/H18),AND(H16>0,H18>0),(H16-H18)/H18),) | I17: =IFERROR(IfS(AND(I16<0,I18<0),UMINUS((I16-I18)/I18),I18<0,UMINUS((I16-I18)/I18),I16<0,UMINUS((I16-I18)/I18),AND(I16>0,I18>0),(I16-I18)/I18),) | J17: =IFERROR(IfS(AND(J16<0,J18<0),UMINUS((J16-J18)/J18),J18<0,UMINUS((J16-J18)/J18),J16<0,UMINUS((J16-J18)/J18),AND(J16>0,J18>0),(J16-J18)/J18),) | K17: {=IFERROR(Ifs(INDEX(Grade_Num,Match(K16,$U$17:$U$23,0),2)>INDEX(Grade_Num,Match(K18,$U$17:$U$23,0),2),"+",INDEX(Grade_Num,Match(K16,$U17:$U23,0),2)<INDEX(Grade_Num,Match(K18,$U$17:$U$23,0),2),"-",INDEX(Grade_Num,Match(K16,$U$17:$U$23,0),2)=INDEX(Grade_Num,Match(K18,$U$17:$U$23,0),2),"="),)} | L17: {=IFERROR(Ifs(INDEX(Grade_Num,Match(L16,$U$17:$U$23,0),2)>INDEX(Grade_Num,Match(L18,$U$17:$U$23,0),2),"+",INDEX(Grade_Num,Match(L16,$U17:$U23,0),2)<INDEX(Grade_Num,Match(L18,$U$17:$U$23,0),2),"-",INDEX(Grade_Num,Match(L16,$U$17:$U$23,0),2)=INDEX(Grade_Num,Match(L18,$U$17:$U$23,0),2),"="),)} | M17: {=IFERROR(Ifs(INDEX(Grade_Num,Match(M16,$U$17:$U$23,0),2)>INDEX(Grade_Num,Match(M18,$U$17:$U$23,0),2),"+",INDEX(Grade_Num,Match(M16,$U17:$U23,0),2)<INDEX(Grade_Num,Match(M18,$U$17:$U$23,0),2),"-",INDEX(Grade_Num,Match(M16,$U$17:$U$23,0),2)=INDEX(Grade_Num,Match(M18,$U$17:$U$23,0),2),"="),)} | N17: {=IFERROR(Ifs(INDEX(Grade_Num,Match(N16,$U$17:$U$23,0),2)>INDEX(Grade_Num,Match(N18,$U$17:$U$23,0),2),"+",INDEX(Grade_Num,Match(N16,$U17:$U23,0),2)<INDEX(Grade_Num,Match(N18,$U$17:$U$23,0),2),"-",INDEX(Grade_Num,Match(N16,$U$17:$U$23,0),2)=INDEX(Grade_Num,Match(N18,$U$17:$U$23,0),2),"="),)} | O17: {=IFERROR(Ifs(INDEX(Grade_Num,Match(O16,$U$17:$U$23,0),2)>INDEX(Grade_Num,Match(O18,$U$17:$U$23,0),2),"+",INDEX(Grade_Num,Match(O16,$U17:$U23,0),2)<INDEX(Grade_Num,Match(O18,$U$17:$U$23,0),2),"-",INDEX(Grade_Num,Match(O16,$U$17:$U$23,0),2)=INDEX(Grade_Num,Match(O18,$U$17:$U$23,0),2),"="),)} | P17: {=IFERROR(Ifs(INDEX(Grade_Num,Match(P16,$U$17:$U$23,0),2)>INDEX(Grade_Num,Match(P18,$U$17:$U$23,0),2),"+",INDEX(Grade_Num,Match(P16,$U17:$U23,0),2)<INDEX(Grade_Num,Match(P18,$U$17:$U$23,0),2),"-",INDEX(Grade_Num,Match(P16,$U$17:$U$23,0),2)=INDEX(Grade_Num,Match(P18,$U$17:$U$23,0),2),"="),)} | Q17: {=IFERROR(Ifs(INDEX(Grade_Num,Match(Q16,$U$17:$U$23,0),2)>INDEX(Grade_Num,Match(Q18,$U$17:$U$23,0),2),"+",INDEX(Grade_Num,Match(Q16,$U17:$U23,0),2)<INDEX(Grade_Num,Match(Q18,$U$17:$U$23,0),2),"-",INDEX(Grade_Num,Match(Q16,$U$17:$U$23,0),2)=INDEX(Grade_Num,Match(Q18,$U$17:$U$23,0),2),"="),)} | R17: {=IFERROR(Ifs(INDEX(Grade_Num,Match(R16,$U$17:$U$23,0),2)>INDEX(Grade_Num,Match(R18,$U$17:$U$23,0),2),"+",INDEX(Grade_Num,Match(R16,$U17:$U23,0),2)<INDEX(Grade_Num,Match(R18,$U$17:$U$23,0),2),"-",INDEX(Grade_Num,Match(R16,$U$17:$U$23,0),2)=INDEX(Grade_Num,Match(R18,$U$17:$U$23,0),2),"="),)} | S17: {=IFERROR(Ifs(INDEX(Grade_Num,Match(S16,$U$17:$U$23,0),2)>INDEX(Grade_Num,Match(S18,$U$17:$U$23,0),2),"+",INDEX(Grade_Num,Match(S16,$U17:$U23,0),2)<INDEX(Grade_Num,Match(S18,$U$17:$U$23,0),2),"-",INDEX(Grade_Num,Match(S16,$U$17:$U$23,0),2)=INDEX(Grade_Num,Match(S18,$U$17:$U$23,0),2),"="),)} | T17: =IfS(AND(T16<0,T18<0),UMINUS((T16-T18)/T18),T18<0,UMINUS((T16-T18)/T18),T16<0,UMINUS((T16-T18)/T18),AND(T16>0,T18>0),(T16-T18)/T18) -> #N/A | U17: S | V17: 7
A18: Season 6 | B18: {=INDEX(LL_S6,Match(A13,LL_Data_Aggregate!A81:A138,0))} -> #N/A | U18: A | V18: 6
K19: {=INDEX(Grade_Num,Match(A16,U17:U23,1),2)} -> 1 | U19: B | V19: 5
A20: Player 2 | U20: C | V20: 4
A21: JollyJhadIst | U21: D | V21: 3
A22: Season 8 | B22: =INDEX(LL_S8,Match(A21,LL_Data_Aggregate!,0)) -> #ERROR! | U22: E | V22: 2
A23: Change | C23: =IFERROR(IfS(AND(C22<0,C24<0),UMINUS((C22-C24)/C24),C24<0,UMINUS((C22-C24)/C24),C22<0,UMINUS((C22-C24)/C24),AND(C22>0,C24>0),(C22-C24)/C24),) | D23: =IFERROR(IfS(AND(D22<0,D24<0),UMINUS((D22-D24)/D24),D24<0,UMINUS((D22-D24)/D24),D22<0,UMINUS((D22-D24)/D24),AND(D22>0,D24>0),(D22-D24)/D24),) | E23: =IFERROR(IfS(AND(E22<0,E24<0),UMINUS((E22-E24)/E24),E24<0,UMINUS((E22-E24)/E24),E22<0,UMINUS((E22-E24)/E24),AND(E22>0,E24>0),(E22-E24)/E24),) | F23: =IFERROR(IfS(AND(F22<0,F24<0),UMINUS((F22-F24)/F24),F24<0,UMINUS((F22-F24)/F24),F22<0,UMINUS((F22-F24)/F24),AND(F22>0,F24>0),(F22-F24)/F24),) | G23: =IFERROR(IfS(AND(G22<0,G24<0),UMINUS((G22-G24)/G24),G24<0,UMINUS((G22-G24)/G24),G22<0,UMINUS((G22-G24)/G24),AND(G22>0,G24>0),(G22-G24)/G24),) | H23: =IFERROR(IfS(AND(H22<0,H24<0),UMINUS((H22-H24)/H24),H24<0,UMINUS((H22-H24)/H24),H22<0,UMINUS((H22-H24)/H24),AND(H22>0,H24>0),(H22-H24)/H24),) | I23: =IFERROR(IfS(AND(I22<0,I24<0),UMINUS((I22-I24)/I24),I24<0,UMINUS((I22-I24)/I24),I22<0,UMINUS((I22-I24)/I24),AND(I22>0,I24>0),(I22-I24)/I24),) | J23: =IFERROR(IfS(AND(J22<0,J24<0),UMINUS((J22-J24)/J24),J24<0,UMINUS((J22-J24)/J24),J22<0,UMINUS((J22-J24)/J24),AND(J22>0,J24>0),(J22-J24)/J24),) | U23: F | V23: 1
A24: Season 7 | B24: {=INDEX(LL_S7,Match(A21,LL_Data_Aggregate!A1:A79,0))} -> #N/A
A25: Change | C25: =IFERROR(IfS(AND(C24<0,C26<0),UMINUS((C24-C26)/C26),C26<0,UMINUS((C24-C26)/C26),C24<0,UMINUS((C24-C26)/C26),AND(C24>0,C26>0),(C24-C26)/C26),) | D25: =IFERROR(IfS(AND(D24<0,D26<0),UMINUS((D24-D26)/D26),D26<0,UMINUS((D24-D26)/D26),D24<0,UMINUS((D24-D26)/D26),AND(D24>0,D26>0),(D24-D26)/D26),) | E25: =IFERROR(IfS(AND(E24<0,E26<0),UMINUS((E24-E26)/E26),E26<0,UMINUS((E24-E26)/E26),E24<0,UMINUS((E24-E26)/E26),AND(E24>0,E26>0),(E24-E26)/E26),) | F25: =IFERROR(IfS(AND(F24<0,F26<0),UMINUS((F24-F26)/F26),F26<0,UMINUS((F24-F26)/F26),F24<0,UMINUS((F24-F26)/F26),AND(F24>0,F26>0),(F24-F26)/F26),) | G25: =IFERROR(IfS(AND(G24<0,G26<0),UMINUS((G24-G26)/G26),G26<0,UMINUS((G24-G26)/G26),G24<0,UMINUS((G24-G26)/G26),AND(G24>0,G26>0),(G24-G26)/G26),) | H25: =IFERROR(IfS(AND(H24<0,H26<0),UMINUS((H24-H26)/H26),H26<0,UMINUS((H24-H26)/H26),H24<0,UMINUS((H24-H26)/H26),AND(H24>0,H26>0),(H24-H26)/H26),) | I25: =IFERROR(IfS(AND(I24<0,I26<0),UMINUS((I24-I26)/I26),I26<0,UMINUS((I24-I26)/I26),I24<0,UMINUS((I24-I26)/I26),AND(I24>0,I26>0),(I24-I26)/I26),) | J25: =IFERROR(IfS(AND(J24<0,J26<0),UMINUS((J24-J26)/J26),J26<0,UMINUS((J24-J26)/J26),J24<0,UMINUS((J24-J26)/J26),AND(J24>0,J26>0),(J24-J26)/J26),) | K25: {=IFERROR(Ifs(INDEX(Grade_Num,Match(K24,$U$17:$U$23,0),2)>INDEX(Grade_Num,Match(K26,$U$17:$U$23,0),2),"+",INDEX(Grade_Num,Match(K24,$U17:$U23,0),2)<INDEX(Grade_Num,Match(K26,$U$17:$U$23,0),2),"-",INDEX(Grade_Num,Match(K24,$U$17:$U$23,0),2)=INDEX(Grade_Num,Match(K26,$U$17:$U$23,0),2),"="),)} | L25: {=IFERROR(Ifs(INDEX(Grade_Num,Match(L24,$U$17:$U$23,0),2)>INDEX(Grade_Num,Match(L26,$U$17:$U$23,0),2),"+",INDEX(Grade_Num,Match(L24,$U17:$U23,0),2)<INDEX(Grade_Num,Match(L26,$U$17:$U$23,0),2),"-",INDEX(Grade_Num,Match(L24,$U$17:$U$23,0),2)=INDEX(Grade_Num,Match(L26,$U$17:$U$23,0),2),"="),)} | M25: {=IFERROR(Ifs(INDEX(Grade_Num,Match(M24,$U$17:$U$23,0),2)>INDEX(Grade_Num,Match(M26,$U$17:$U$23,0),2),"+",INDEX(Grade_Num,Match(M24,$U17:$U23,0),2)<INDEX(Grade_Num,Match(M26,$U$17:$U$23,0),2),"-",INDEX(Grade_Num,Match(M24,$U$17:$U$23,0),2)=INDEX(Grade_Num,Match(M26,$U$17:$U$23,0),2),"="),)} | N25: {=IFERROR(Ifs(INDEX(Grade_Num,Match(N24,$U$17:$U$23,0),2)>INDEX(Grade_Num,Match(N26,$U$17:$U$23,0),2),"+",INDEX(Grade_Num,Match(N24,$U17:$U23,0),2)<INDEX(Grade_Num,Match(N26,$U$17:$U$23,0),2),"-",INDEX(Grade_Num,Match(N24,$U$17:$U$23,0),2)=INDEX(Grade_Num,Match(N26,$U$17:$U$23,0),2),"="),)} | O25: {=IFERROR(Ifs(INDEX(Grade_Num,Match(O24,$U$17:$U$23,0),2)>INDEX(Grade_Num,Match(O26,$U$17:$U$23,0),2),"+",INDEX(Grade_Num,Match(O24,$U17:$U23,0),2)<INDEX(Grade_Num,Match(O26,$U$17:$U$23,0),2),"-",INDEX(Grade_Num,Match(O24,$U$17:$U$23,0),2)=INDEX(Grade_Num,Match(O26,$U$17:$U$23,0),2),"="),)} | P25: {=IFERROR(Ifs(INDEX(Grade_Num,Match(P24,$U$17:$U$23,0),2)>INDEX(Grade_Num,Match(P26,$U$17:$U$23,0),2),"+",INDEX(Grade_Num,Match(P24,$U17:$U23,0),2)<INDEX(Grade_Num,Match(P26,$U$17:$U$23,0),2),"-",INDEX(Grade_Num,Match(P24,$U$17:$U$23,0),2)=INDEX(Grade_Num,Match(P26,$U$17:$U$23,0),2),"="),)} | Q25: {=IFERROR(Ifs(INDEX(Grade_Num,Match(Q24,$U$17:$U$23,0),2)>INDEX(Grade_Num,Match(Q26,$U$17:$U$23,0),2),"+",INDEX(Grade_Num,Match(Q24,$U17:$U23,0),2)<INDEX(Grade_Num,Match(Q26,$U$17:$U$23,0),2),"-",INDEX(Grade_Num,Match(Q24,$U$17:$U$23,0),2)=INDEX(Grade_Num,Match(Q26,$U$17:$U$23,0),2),"="),)} | R25: {=IFERROR(Ifs(INDEX(Grade_Num,Match(R24,$U$17:$U$23,0),2)>INDEX(Grade_Num,Match(R26,$U$17:$U$23,0),2),"+",INDEX(Grade_Num,Match(R24,$U17:$U23,0),2)<INDEX(Grade_Num,Match(R26,$U$17:$U$23,0),2),"-",INDEX(Grade_Num,Match(R24,$U$17:$U$23,0),2)=INDEX(Grade_Num,Match(R26,$U$17:$U$23,0),2),"="),)} | S25: {=IFERROR(Ifs(INDEX(Grade_Num,Match(S24,$U$17:$U$23,0),2)>INDEX(Grade_Num,Match(S26,$U$17:$U$23,0),2),"+",INDEX(Grade_Num,Match(S24,$U17:$U23,0),2)<INDEX(Grade_Num,Match(S26,$U$17:$U$23,0),2),"-",INDEX(Grade_Num,Match(S24,$U$17:$U$23,0),2)=INDEX(Grade_Num,Match(S26,$U$17:$U$23,0),2),"="),)} | T25: =IfS(AND(T24<0,T26<0),UMINUS((T24-T26)/T26),T26<0,UMINUS((T24-T26)/T26),T24<0,UMINUS((T24-T26)/T26),AND(T24>0,T26>0),(T24-T26)/T26) -> #N/A
A26: Season 6 | B26: {=INDEX(LL_S6,Match(A21,LL_Data_Aggregate!A81:A138,0))} -> #N/A

Sheet LL_Data_Aggregate
A1: Players | B1: Goals PM | C1: KD PM | D1: Stops PM | E1: Sprees PM | F1: Doubles PM | G1: Triples PM | H1: Defense | I1: PlayMaking | J1: Goals PM | K1: KD PM | L1: Stops PM | M1: Sprees PM | N1: Doubles PM | O1: Triples PM | P1: Defense | Q1: PlayMaking | R1: Grade AVG | S1: gAVGmath
A2: ACE B S1lentND1 | B2: 0.09 | C2: 0.698 | D2: 0.224 | E2: 0.09 | F2: 0.767 | G2: 0.175 | H2: 0.375 | I2: 0.037 | J2: S | K2: S | L2: S | M2: S | N2: S | O2: S | P2: S | Q2: B | R2: S | S2: 24.7
A3: AJ DaJuiceMayne | B3: 0 | C3: -0.182 | D3: 0.084 | E3: 0.028 | F3: 0.505 | G3: 0.098 | H3: 0.126 | I3: 0.042 | J3: F | K3: C | L3: F | M3: D | N3: C | O3: C | P3: F | Q3: A | R3: D | S3: 12.2
A4: Almighty Tycoon | B4: 0.054 | C4: -0.387 | D4: 0.142 | E4: 0.042 | F4: 0.486 | G4: 0.123 | H4: 0.276 | I4: 0.05 | J4: B | K4: D | L4: C | M4: C | N4: C | O4: B | P4: B | Q4: S | R4: B | S4: 17.6
A5: ArmanMaNarma | B5: 0.067 | C5: -1.646 | D5: 0.117 | E5: 0.003 | F5: 0.28 | G5: 0.027 | H5: 0.213 | I5: 0.027 | J5: B | K5: F | L5: D | M5: F | N5: E | O5: F | P5: D | Q5: D | R5: E | S5: 8.1
A6: ASpence501 | B6: 0.038 | C6: 0.635 | D6: 0.197 | E6: 0.096 | F6: 0.918 | G6: 0.26 | H6: 0.318 | I6: 0.034 | J6: C | K6: S | L6: A | M6: S | N6: S | O6: S | P6: A | Q6: B | R6: A | S6: 23
A7: AtoneMilitant | B7: 0.03 | C7: -0.746 | D7: 0.15 | E7: 0.032 | F7: 0.428 | G7: 0.091 | H7: 0.258 | I7: 0.028 | J7: D | K7: E | L7: B | M7: D | N7: E | O7: D | P7: B | Q7: D | R7: D | S7: 11.8
A8: AwareMosquito | B8: 0.036 | C8: 0.071 | D8: 0.284 | E8: 0.071 | F8: 0.639 | G8: 0.071 | H8: 0.426 | I8: 0.036 | J8: D | K8: S | L8: S | M8: S | N8: A | O8: E | P8: S | Q8: B | R8: B | S8: 20.1
A9: BeaM1n1 | B9: 0.03 | C9: -0.585 | D9: 0.09 | E9: 0.015 | F9: 0.555 | G9: 0.09 | H9: 0.225 | I9: 0.015 | J9: D | K9: D | L9: F | M9: E | N9: B | O9: D | P9: D | Q9: E | R9: D | S9: 10.4
A10: Bear is Clutch | B10: 0 | C10: -0.519 | D10: 0.065 | E10: 0.029 | F10: 0.466 | G10: 0.106 | H10: 0.115 | I10: 0 | J10: F | K10: D | L10: F | M10: D | N10: D | O10: C | P10: F | Q10: F | R10: E | S10: 8.3
A11: BLOODEN NICK | B11: 0.006 | C11: -1.057 | D11: 0.206 | E11: 0.013 | F11: 0.601 | G11: 0.131 | H11: 0.325 | I11: 0.013 | J11: F | K11: E | L11: S | M11: E | N11: A | O11: B | P11: A | Q11: F | R11: C | S11: 13.3
A12: CaptainSev004 | B12: 0.055 | C12: -0.244 | D12: 0.206 | E12: 0.032 | F12: 0.447 | G12: 0.072 | H12: 0.371 | I12: 0.032 | J12: B | K12: C | L12: A | M12: D | N12: D | O12: E | P12: S | Q12: C | R12: C | S12: 15.2
A13: Conra4859 | B13: 0.038 | C13: -1.99 | D13: 0.188 | E13: 0 | F13: 0.526 | G13: 0.188 | H13: 0.375 | I13: 0.038 | J13: C | K13: F | L13: A | M13: F | N13: C | O13: S | P13: S | Q13: B | R13: C | S13: 16.4
... A79: yLuxe | B79: 0.104 | C79: -0.05 | D79: 0.241 | E79: 0.068 | F79: 0.578 | G79: 0.159 | H79: 0.414 | I79: 0.061 | J79: S | K79: B | L79: S | M79: A | N79: A | O79: A | P79: S | Q79: S | R79: A | S79: 23.4
A81: Players | B81: Goals PM | C81: KD PM | D81: Stops PM | E81: Sprees PM | F81: Doubles PM | G81: Triples PM | H81: Defense | I81: PlayMaking | J81: Goals PM | K81: KD PM | L81: Stops PM | M81: Sprees PM | N81: Doubles PM | O81: Triples PM | P81: Defense | Q81: PlayMaking | R81: Grade AVG | S81: gAVGmath
A82: ACE B S1lentND1 | B82: 0.113 | C82: 0.872 | D82: 0.048 | E82: 0.084 | F82: 0.836 | G82: 0.191 | H82: 0.084 | I82: 0.018 | J82: S | K82: S | L82: A | M82: S | N82: S | O82: A | P82: A | Q82: S | R82: S | S82: 15.5
A83: AJ DaJuiceMayne | B83: 0.049 | C83: 0.114 | D83: 0 | E83: 0.131 | F83: 0.784 | G83: 0.294 | H83: 0 | I83: 0 | J83: C | K83: B | L83: F | M83: S | N83: A | O83: S | P83: F | Q83: F | R83: A | S83: 13.2
A84: ASpence501 | B84: 0.014 | C84: -0.201 | D84: 0.023 | E84: 0.056 | F84: 0.708 | G84: 0.19 | H84: 0.044 | I84: 0.009 | J84: F | K84: B | L84: C | M84: B | N84: A | O84: A | P84: C | Q84: B | R84: B | S84: 10.5
A85: AtoneMilitant | B85: 0.044 | C85: 0.166 | D85: 0.14 | E85: 0.044 | F85: 0.665 | G85: 0.123 | H85: 0.21 | I85: 0.026 | J85: C | K85: A | L85: S | M85: C | N85: A | O85: B | P85: S | Q85: S | R85: B | S85: 11.6
A86: AwareMosquito | B86: 0.028 | C86: -0.289 | D86: 0.048 | E86: 0.034 | F86: 0.529 | G86: 0.091 | H86: 0.085 | I86: 0.002 | J86: E | K86: D | L86: A | M86: D | N86: C | O86: D | P86: A | Q86: D | R86: D | S86: 6.8
A87: BLOODEN NICK | B87: 0.048 | C87: -1.116 | D87: 0 | E87: 0.038 | F87: 0.505 | G87: 0.067 | H87: 0 | I87: 0 | J87: C | K87: E | L87: F | M87: D | N87: C | O87: E | P87: F | Q87: F | R87: D | S87: 6.7
A88: CaptainSev004 | B88: 0.071 | C88: -0.509 | D88: 0 | E88: 0.021 | F88: 0.36 | G88: 0.064 | H88: 0 | I88: 0 | J88: A | K88: D | L88: F | M88: D | N88: E | O88: E | P88: F | Q88: F | R88: D | S88: 7.4
A89: Conra4859 | B89: 0.032 | C89: -1.409 | D89: 0.007 | E89: 0.013 | F89: 0.374 | G89: 0.046 | H89: 0.011 | I89: 0.001 | J89: D | K89: E | L89: D | M89: E | N89: E | O89: E | P89: D | Q89: D | R89: E | S89: 5.1
A90: cxrnchip | B90: 0.076 | C90: -0.436 | D90: 0.083 | E90: 0.016 | F90: 0.446 | G90: 0.057 | H90: 0.143 | I90: 0.025 | J90: A | K90: D | L90: S | M90: E | N90: E | O90: E | P90: S | Q90: S | R90: D | S90: 7.1
A91: Dabb | B91: 0.127 | C91: 0.818 | D91: 0 | E91: 0.105 | F91: 0.594 | G91: 0.119 | H91: 0 | I91: 0 | J91: S | K91: S | L91: F | M91: S | N91: C | O91: B | P91: F | Q91: F | R91: A | S91: 13.7
A92: Dat Twinkie | B92: 0.055 | C92: -0.766 | D92: 0.164 | E92: 0 | F92: 0.328 | G92: 0.055 | H92: 0.219 | I92: 0 | J92: B | K92: D | L92: S | M92: F | N92: E | O92: E | P92: S | Q92: F | R92: D | S92: 6.3
A93: DCleak | B93: 0.081 | C93: -0.666 | D93: 0.026 | E93: 0.01 | F93: 0.501 | G93: 0.103 | H93: 0.055 | I93: 0.013 | J93: A | K93: D | L93: B | M93: F | N93: C | O93: D | P93: B | Q93: B | R93: C | S93: 8.2
... A138: You heard of us | B138: 0.027 | C138: -1.609 | D138: 0 | E138: 0.013 | F138: 0.362 | G138: 0.04 | H138: 0 | I138: 0 | J138: E | K138: F | L138: F | M138: E | N138: E | O138: E | P138: F | Q138: F | R138: E | S138: 4.1

Sheet Signed
A1: GamerTag | B1: Grade | C1: Bid Value | D1: Captain Pool | F1: Location | H1: Sun | I1: Mon | J1: Tue | K1: Wed | L1: Thu | M1: Fri | N1: Sat
A2: ASpence501 | B2: =IFERROR(VLOOKUP(A2,'Bid Values'!A:F,2,0),) -> A | C2: =IFERROR(VLOOKUP(A2,'Bid Values'!A:F,3,0),) -> 198 | D2: =600-C2 -> 402 | F2: East | H2: 44750 | I2: 44750 | J2: 44750 | K2: 44750 | L2: 44750 | M2: 7-9:30 | N2: 7-9:30 | Q2: # | R2: per round
A3: Dabb | B3: =IFERROR(VLOOKUP(A3,'Bid Values'!A:F,2,0),) -> A | C3: =IFERROR(VLOOKUP(A3,'Bid Values'!A:F,3,0),) -> 198 | D3: =600-C3 -> 402 | F3: North Central | H3: 44750 | I3: 44750 | J3: 44750 | K3: 44750 | L3: 44750 | M3: 44750 | N3: 44750 | P3: A | Q3: 4 | R3: 1
A4: Godsnipezx | B4: =IFERROR(VLOOKUP(A4,'Bid Values'!A:F,2,0),) -> A | C4: =IFERROR(VLOOKUP(A4,'Bid Values'!A:F,3,0),) -> 198 | D4: =600-C4 -> 402 | F4: South Central | H4: 8 | I4: 8 | J4: 8 | K4: 8 | L4: 8 | M4: 8 | N4: 8 | P4: B | Q4: 2 | R4: 1
A5: MysticalNovice | B5: =IFERROR(VLOOKUP(A5,'Bid Values'!A:F,2,0),) -> A | C5: =IFERROR(VLOOKUP(A5,'Bid Values'!A:F,3,0),) -> 198 | D5: =600-C5 -> 402 | F5: West | H5: 8:30-11 | I5: 8:30-11 | J5: 8:30-11 | K5: 8:30-11 | L5: 8:30-11 | M5: 8:30-11 | N5: 8:30-11 | P5: C | Q5: 9 | R5: 2
A6: Solace VIII | B6: =IFERROR(VLOOKUP(A6,'Bid Values'!A:F,2,0),) -> A | C6: =IFERROR(VLOOKUP(A6,'Bid Values'!A:F,3,0),) -> 198 | D6: =600-C6 -> 402 | F6: North Central | H6: 7-10:30 | I6: 7-10:30 | J6: NA | K6: NA | L6: NA | M6: NA | N6: 7-10:30 | P6: D | Q6: 11 | R6: 3
A7: yLuxe | B7: =IFERROR(VLOOKUP(A7,'Bid Values'!A:F,2,0),) -> A | C7: =IFERROR(VLOOKUP(A7,'Bid Values'!A:F,3,0),) -> 198 | D7: =600-C7 -> 402 | F7: East | H7: 7:30-11 | I7: 7:30-11 | J7: 7:30-11 | K7: 7:30-11 | L7: 7:30-11 | M7: 7:30-11 | N7: 7:30-11 | P7: E | Q7: 7 | R7: 2
A8: BLOODEN NICK | B8: B | C8: 150 | D8: =600-C8 -> 450 | F8: North Central | H8: 44753 | I8: 44815 | J8: 44815 | K8: 44815 | L8: 911 | M8: 44815 | N8: 44815
A9: cxrnchip | B9: =IFERROR(VLOOKUP(A9,'Bid Values'!A:F,2,0),) -> B | C9: =IFERROR(VLOOKUP(A9,'Bid Values'!A:F,3,0),) -> 150 | D9: =600-C9 -> 450 | F9: West | H9: 44753 | I9: 44753 | J9: 44753 | K9: 44753 | L9: 44753 | M9: 44753 | N9: 44753
A10: oDhmon | B10: B | C10: 150 | D10: =600-C10 -> 450 | F10: East | H10: 44784 | I10: 44784 | J10: 44750 | K10: 44750 | L10: 44750 | M10: 44750 | N10: 44751
A11: Rage More Nerd | B11: =IFERROR(VLOOKUP(A11,'Bid Values'!A:F,2,0),) -> B | C11: =IFERROR(VLOOKUP(A11,'Bid Values'!A:F,3,0),) -> 150 | D11: =600-C11 -> 450 | F11: West | H11: NA | I11: NA | J11: NA | K11: 9 | L11: 9 | M11: 9 | N11: 7
A12: Scomancer | B12: =IFERROR(VLOOKUP(A12,'Bid Values'!A:F,2,0),) -> B | C12: =IFERROR(VLOOKUP(A12,'Bid Values'!A:F,3,0),) -> 150 | D12: =600-C12 -> 450 | F12: East | H12: 44753 | I12: 44753 | J12: 10:30-11 | K12: 44753 | L12: 44753 | M12: 44753 | N12: 10:30-11
A13: Almighty Tycoon | B13: =IFERROR(VLOOKUP(A13,'Bid Values'!A:F,2,0),) -> C | C13: =IFERROR(VLOOKUP(A13,'Bid Values'!A:F,3,0),) -> 60 | D13: =600-C13 -> 540 | F13: West | H13: 44750 | I13: 7 | J13: 44750 | K13: 7 | L13: 44750 | M13: 7 | N13: 44750
A14: AwareMosquito | B14: =IFERROR(VLOOKUP(A14,'Bid Values'!A:F,2,0),) -> C | C14: =IFERROR(VLOOKUP(A14,'Bid Values'!A:F,3,0),) -> 60 | D14: =600-C14 -> 540 | F14: EU | H14: 44750 | I14: 44750 | J14: 44750 | K14: 44750 | L14: 44750 | M14: 44752 | N14: 44752
A15: Beam1n1 | B15: =IFERROR(VLOOKUP(A15,'Bid Values'!A:F,2,0),) -> C | C15: =IFERROR(VLOOKUP(A15,'Bid Values'!A:F,3,0),) -> 60 | D15: =600-C15 -> 540 | F15: East | H15: 7-8:30 | I15: 7-8:30 | J15: 7-8:30 | K15: 7-8:30 | L15: 7-8:30 | M15: 7-8:30 | N15: 7-8:30
A16: CaptainSev004 | B16: =IFERROR(VLOOKUP(A16,'Bid Values'!A:F,2,0),) -> C | C16: =IFERROR(VLOOKUP(A16,'Bid Values'!A:F,3,0),) -> 60 | D16: =600-C16 -> 540 | F16: EU | H16: 7-9:30 | I16: 7-9:30 | J16: 7-9:30 | K16: 7-9:30 | L16: 7-9:30 | M16: NA | N16: NA
A17: Eternlx | B17: =IFERROR(VLOOKUP(A17,'Bid Values'!A:F,2,0),) -> C | C17: =IFERROR(VLOOKUP(A17,'Bid Values'!A:F,3,0),) -> 60 | D17: =600-C17 -> 540 | F17: EU | H17: 7 | I17: 7 | J17: 7 | K17: 44750 | L17: 7 | M17: 44750 | N17: 7
A18: G3Ohh | B18: =IFERROR(VLOOKUP(A18,'Bid Values'!A:F,2,0),) -> C | C18: =IFERROR(VLOOKUP(A18,'Bid Values'!A:F,3,0),) -> 60 | D18: =600-C18 -> 540 | F18: West | H18: 44753 | I18: 44753 | J18: 44753 | K18: 44753 | L18: 44753 | M18: 44753 | N18: 44753
A19: Havoc Puppies | B19: =IFERROR(VLOOKUP(A19,'Bid Values'!A:F,2,0),) -> C | C19: =IFERROR(VLOOKUP(A19,'Bid Values'!A:F,3,0),) -> 60 | D19: =600-C19 -> 540 | F19: West | H19: NA | I19: 44753 | J19: 44753 | K19: 44753 | L19: 44753 | M19: 44753 | N19: 44753
A20: Into Sublime | B20: =IFERROR(VLOOKUP(A20,'Bid Values'!A:F,2,0),) -> C | C20: =IFERROR(VLOOKUP(A20,'Bid Values'!A:F,3,0),) -> 60 | D20: =600-C20 -> 540 | F20: East | H20: 8:30-10:30 | I20: 8:30-10:30 | J20: 8:30-10:30 | K20: 8:30-10:30 | L20: 8:30-10:30 | M20: 8:30-10:30 | N20: 8:30-10:30
A21: Myst the Cold | B21: =IFERROR(VLOOKUP(A21,'Bid Values'!A:F,2,0),) -> C | C21: =IFERROR(VLOOKUP(A21,'Bid Values'!A:F,3,0),) -> 60 | D21: =600-C21 -> 540 | F21: South Central | H21: 8 | I21: 8 | J21: 8 | K21: 8 | L21: 8 | M21: 8 | N21: 8
A22: Reyas | B22: =IFERROR(VLOOKUP(A22,'Bid Values'!A:F,2,0),) -> C | C22: =IFERROR(VLOOKUP(A22,'Bid Values'!A:F,3,0),) -> 60 | D22: =600-C22 -> 540 | F22: EU | H22: 44753 | I22: 44753 | J22: 44750 | K22: 44750 | L22: 44750 | M22: 44750 | N22: 44751
A23: slayers0n | B23: =IFERROR(VLOOKUP(A23,'Bid Values'!A:F,2,0),) -> C | C23: =IFERROR(VLOOKUP(A23,'Bid Values'!A:F,3,0),) -> 60 | D23: =600-C23 -> 540 | F23: South Central | H23: 44753 | I23: NA | J23: 44815 | K23: NA | L23: 44815 | M23: NA | N23: 44753
A24: TheAlphaTurtle | B24: =IFERROR(VLOOKUP(A24,'Bid Values'!A:F,2,0),) -> C | C24: =IFERROR(VLOOKUP(A24,'Bid Values'!A:F,3,0),) -> 60 | D24: =600-C24 -> 540 | F24: East | H24: 7-10:30 | I24: 10-10:30 | J24: 7-10:30 | K24: 8:30-10:30 | L24: 7-10:30 | M24: 44751 | N24: 7-10:30
A25: TommyWstSide | B25: =IFERROR(VLOOKUP(A25,'Bid Values'!A:F,2,0),) -> C | C25: =IFERROR(VLOOKUP(A25,'Bid Values'!A:F,3,0),) -> 60 | D25: =600-C25 -> 540 | F25: North Central | H25: 44751 | I25: 44751 | J25: 44751 | K25: 44751 | L25: 44751 | M25: 44751 | N25: 44751
A26: Doerstopper | B26: =IFERROR(VLOOKUP(A26,'Bid Values'!A:F,2,0),) -> D | C26: =IFERROR(VLOOKUP(A26,'Bid Values'!A:F,3,0),) -> 60 | D26: =600-C26 -> 540 | F26: North Central | H26: 9:30-11 | I26: 9:30-11 | J26: 9:30-11 | K26: 9:30-11 | L26: 9:30-11 | M26: 9:30-11 | N26: 9:30-11
A27: LilSkelR1926 | B27: =IFERROR(VLOOKUP(A27,'Bid Values'!A:F,2,0),) -> D | C27: =IFERROR(VLOOKUP(A27,'Bid Values'!A:F,3,0),) -> 60 | D27: =600-C27 -> 540 | F27: East | H27: 11 | I27: 7 | J27: 7 | K27: 11 | L27: 11 | M27: 11 | N27: 44753
A28: Mavbrid | B28: =IFERROR(VLOOKUP(A28,'Bid Values'!A:F,2,0),) -> D | C28: =IFERROR(VLOOKUP(A28,'Bid Values'!A:F,3,0),) -> 60 | D28: =600-C28 -> 540 | F28: East | H28: 44753 | I28: 44753 | J28: 44753 | K28: 44753 | L28: 44753 | M28: 44753 | N28: 44753
A29: MoldyVolts | B29: =IFERROR(VLOOKUP(A29,'Bid Values'!A:F,2,0),) -> D | C29: =IFERROR(VLOOKUP(A29,'Bid Values'!A:F,3,0),) -> 60 | D29: =600-C29 -> 540 | F29: North Central | H29: 44751 | I29: 44751 | J29: 44751 | K29: 44751 | L29: 44751 | M29: 44751 | N29: 44753
A30: Mr Epic Beast | B30: =IFERROR(VLOOKUP(A30,'Bid Values'!A:F,2,0),) -> D | C30: =IFERROR(VLOOKUP(A30,'Bid Values'!A:F,3,0),) -> 60 | D30: =600-C30 -> 540 | F30: West | H30: 44753 | I30: 8:30-11 | J30: 8:30-11 | K30: 8:30-11 | L30: 8:30-11 | M30: 8:30-11 | N30: 44753
A31: mstell96 | B31: =IFERROR(VLOOKUP(A31,'Bid Values'!A:F,2,0),) -> D | C31: =IFERROR(VLOOKUP(A31,'Bid Values'!A:F,3,0),) -> 60 | D31: =600-C31 -> 540 | F31: North Central | H31: 44753 | I31: 44815 | J31: 44815 | K31: 44815 | L31: 44815 | M31: 44815 | N31: 44753
A32: MuNgO PuNgO | B32: =IFERROR(VLOOKUP(A32,'Bid Values'!A:F,2,0),) -> D | C32: =IFERROR(VLOOKUP(A32,'Bid Values'!A:F,3,0),) -> 60 | D32: =600-C32 -> 540 | F32: East | H32: 44753 | I32: NA | J32: NA | K32: NA | L32: NA | M32: 44753 | N32: 44753
A33: Priest XYZ | B33: =IFERROR(VLOOKUP(A33,'Bid Values'!A:F,2,0),) -> D | C33: =IFERROR(VLOOKUP(A33,'Bid Values'!A:F,3,0),) -> 60 | D33: =600-C33 -> 540 | F33: Central | H33: 7-10:30 | I33: 44814 | J33: NA | K33: NA | L33: NA | M33: NA | N33: 7-10:30
A34: Valatino | B34: D | C34: 60 | D34: =600-C34 -> 540 | F34: South Central | H34: 9 | I34: 8-8:30 | J34: 8-8:30 | K34: 8-8:30 | L34: 8-8:30 | M34: 8-8:30 | N34: 8:30-9
A35: x Greenthumb | B35: D | C35: 60 | D35: =600-C35 -> 540 | F35: East | H35: 9:30-11 | I35: 9:30-11 | J35: 9:30-11 | K35: 9:30-11 | L35: 9:30-11 | M35: 9:30-11 | N35: 9:30-11
A36: Zavi | B36: D | C36: 60 | D36: =600-C36 -> 540 | F36: EU | H36: 44753 | I36: NA | J36: NA | K36: NA | L36: NA | M36: 7-10:30 | N36: 44751
A37: Amnatu | B37: =IFERROR(VLOOKUP(A37,'Bid Values'!A:F,2,0),) -> E | C37: =IFERROR(VLOOKUP(A37,'Bid Values'!A:F,3,0),) -> 30 | D37: =600-C37 -> 570 | F37: West | H37: 44750 | I37: 44750 | J37: NA | K37: NA | L37: NA | M37: NA | N37: NA
A38: Bear is Clutch | B38: =IFERROR(VLOOKUP(A38,'Bid Values'!A:F,2,0),) -> E | C38: =IFERROR(VLOOKUP(A38,'Bid Values'!A:F,3,0),) -> 30 | D38: =600-C38 -> 570 | F38: West | H38: 44845 | I38: 44845 | J38: 44845 | K38: 44845 | L38: 44845 | M38: 44845 | N38: 44845
A39: gaebpls | B39: =IFERROR(VLOOKUP(A39,'Bid Values'!A:F,2,0),) -> E | C39: =IFERROR(VLOOKUP(A39,'Bid Values'!A:F,3,0),) -> 30 | D39: =600-C39 -> 570 | F39: EU | H39: 7-9:30 | I39: 7-9:30 | J39: 7-9:30 | K39: 7-9:30 | L39: 7-9:30 | M39: 44753 | N39: 44753
A40: JollyJhadIst | B40: =IFERROR(VLOOKUP(A40,'Bid Values'!A:F,2,0),) -> E | C40: =IFERROR(VLOOKUP(A40,'Bid Values'!A:F,3,0),) -> 30 | D40: =600-C40 -> 570 | F40: West | H40: 0.3125 | I40: 0.3125 | J40: 0.3125 | K40: 0.3125 | L40: 0.3125 | M40: 0.3125 | N40: 0.3125
A41: kev1897 | B41: =IFERROR(VLOOKUP(A41,'Bid Values'!A:F,2,0),) -> E | C41: =IFERROR(VLOOKUP(A41,'Bid Values'!A:F,3,0),) -> 30 | D41: =600-C41 -> 570 | F41: East | H41: 44784 | I41: 44784 | J41: 44784 | K41: 44784 | L41: 44784 | M41: 44784 | N41: 8-10:30
A42: Óðinn Æsir | B42: =IFERROR(VLOOKUP(A42,'Bid Values'!A:F,2,0),) -> E | C42: =IFERROR(VLOOKUP(A42,'Bid Values'!A:F,3,0),) -> 30 | D42: =600-C42 -> 570 | F42: West | H42: 44750 | I42: 44750 | J42: 44750 | K42: 44750 | L42: 44750 | M42: 44750 | N42: 44750
A43: PoisonxPoptart | B43: =IFERROR(VLOOKUP(A43,'Bid Values'!A:F,2,0),) -> E | C43: =IFERROR(VLOOKUP(A43,'Bid Values'!A:F,3,0),) -> 30 | D43: =600-C43 -> 570 | F43: East | H43: NA | I43: 8-9:30 | J43: 8-9:30 | K43: 8-9:30 | L43: 8-9:30 | M43: 8-9:30 | N43: NA
A44: Sherbski | B44: =IFERROR(VLOOKUP(A44,'Bid Values'!A:F,2,0),) -> E | C44: =IFERROR(VLOOKUP(A44,'Bid Values'!A:F,3,0),) -> 30 | D44: =600-C44 -> 570 | F44: West | H44: 44753 | I44: 44784 | J44: 44815 | K44: 44784 | L44: 44815 | M44: 44753 | N44: 44753

Sheet Bid Values
A1: Player Names | B1: Perceived Grade | C1: Bid Value | D1: Console/XBOX | E1: Captain Starting Pool | F1: Stage | G1: Mixed Stage | M1: Percentage of base credits | N1: Base Credits
A2: Dabb | B2: A | C2: =$L$3 -> 198 | E2: =$N$2-C2 -> 402 | F2: Stage 1 | G2: Stage 1 | H2: Stage | I2: Time | J2: Estimated Base Credit Value | K2: S | L2: =$N$2*M2 -> 198 | M2: 0.33 | N2: 600
A3: DlGITAL PAIN | B3: A | C3: =$L$3 -> 198 | E3: =$N$2-C3 -> 402 | F3: Stage 1 | G3: Stage 1 | H3: 1 | I3: 1 day | K3: A | L3: =$N$2*M3 -> 198 | M3: 0.33
A4: Icey Tanker | B4: A | C4: =$L$3 -> 198 | E4: =$N$2-C4 -> 402 | F4: Stage 1 | G4: Stage 1 | H4: 2 | I4: 1 day | K4: B | L4: =$N$2*M4 -> 150 | M4: 0.25
A5: ixGingy | B5: A | C5: =$L$3 -> 198 | E5: =$N$2-C5 -> 402 | F5: Stage 1 | G5: Stage 2 | H5: 3 | I5: 1 day | K5: C | L5: =$N$2*M5 -> 60 | M5: 0.1
A6: Solace VIII | B6: A | C6: =$L$3 -> 198 | E6: =$N$2-C6 -> 402 | F6: Stage 1 | G6: Stage 2 | H6: 4 | I6: 1 day | K6: D | L6: =$N$2*M6 -> 60 | M6: 0.1
A7: yLuxe | B7: A | C7: =$L$3 -> 198 | E7: =$N$2-C7 -> 402 | F7: Stage 1 | G7: Stage 2 | K7: E | L7: =$N$2*M7 -> 30 | M7: 0.05
A8: ASpence501 | B8: A | C8: =$L$3 -> 198 | E8: =$N$2-C8 -> 402 | F8: Stage 1 | G8: Stage 1 | K8: F | L8: =$N$2*M8 -> 30 | M8: 0.05
A9: GodSnipezX | B9: A | C9: =$L$3 -> 198 | E9: =$N$2-C9 -> 402 | F9: Stage 1 | G9: Stage 3
A10: MysticalNovice | B10: A | C10: =$L$3 -> 198 | E10: =$N$2-C10 -> 402 | F10: Stage 1 | G10: Stage 3
A11: Sabasauros rex | B11: A | C11: =$L$3 -> 198 | E11: =$N$2-C11 -> 402 | F11: Stage 1 | G11: Stage 2
A12: Yejis Aegyo | B12: A | C12: =$L$3 -> 198 | E12: =$N$2-C12 -> 402 | F12: Stage 1 | G12: Stage 3 | J12: 6+5+4+3
A13: ACE B S1lentND1 | B13: S | C13: =$L$2 -> 198 | E13: =$N$2-C13 -> 402 | F13: Stage 1 | G13: Stage 4
A14: Galvann | B14: S | C14: =$L$2 -> 198 | E14: =$N$2-C14 -> 402 | F14: Stage 1 | G14: Stage 4
A15: Wrecking Nerds | B15: B | C15: =$L$4 -> 150 | E15: =$N$2-C15 -> 450 | F15: Stage 2 | G15: Stage 1
A16: cxrnchip | B16: B | C16: =$L$4 -> 150 | E16: =$N$2-C16 -> 450 | F16: Stage 2 | G16: Stage 2
A17: DCleak | B17: B | C17: =$L$4 -> 150 | E17: =$N$2-C17 -> 450 | F17: Stage 2 | G17: Stage 3
A18: eTazedd | B18: B | C18: =$L$4 -> 150 | E18: =$N$2-C18 -> 450 | F18: Stage 2 | G18: Stage 4
A19: Invayda Zim | B19: B | C19: =$L$4 -> 150 | E19: =$N$2-C19 -> 450 | F19: Stage 2 | G19: Stage 1
A20: Regresser | B20: B | C20: =$L$4 -> 150 | E20: =$N$2-C20 -> 450 | F20: Stage 2 | G20: Stage 2
A21: Ming Crusader | B21: B | C21: =$L$4 -> 150 | E21: =$N$2-C21 -> 450 | F21: Stage 2 | G21: Stage 3
A22: QueOtaSaintz | B22: B | C22: =$L$4 -> 150 | E22: =$N$2-C22 -> 450 | F22: Stage 2 | G22: Stage 4
A23: Rage More Nerd | B23: B | C23: =$L$4 -> 150 | E23: =$N$2-C23 -> 450 | F23: Stage 2 | G23: Stage 1
A24: Scomancer | B24: B | C24: =$L$4 -> 150 | E24: =$N$2-C24 -> 450 | F24: Stage 2 | G24: Stage 2
A25: Silva | B25: B | C25: =$L$4 -> 150 | E25: =$N$2-C25 -> 450 | F25: Stage 2 | G25: Stage 3
A26: The Piggies | B26: C | C26: =$L$5 -> 60 | E26: =$N$2-C26 -> 540 | F26: Stage 3 | G26: Stage 1
A27: AwareMosquito | B27: C | C27: =$L$5 -> 60 | E27: =$N$2-C27 -> 540 | F27: Stage 3 | G27: Stage 2
A28: Fanciest Pants | B28: C | C28: =$L$5 -> 60 | E28: =$N$2-C28 -> 540 | F28: Stage 3 | G28: Stage 3
A29: Eternlx | B29: C | C29: =$L$5 -> 60 | E29: =$N$2-C29 -> 540 | F29: Stage 3 | G29: Stage 4
A30: Halfbreed | B30: C | C30: =$L$5 -> 60 | E30: =$N$2-C30 -> 540 | F30: Stage 3
A31: oDhmon | B31: C | C31: =$L$5 -> 60 | E31: =$N$2-C31 -> 540 | F31: Stage 3
A32: Almighty Tycoon | B32: C | C32: =$L$5 -> 60 | E32: =$N$2-C32 -> 540 | F32: Stage 3
A33: AtoneMilitant | B33: C | C33: =$L$5 -> 60 | E33: =$N$2-C33 -> 540 | F33: Stage 3
A34: BeaM1n1 | B34: C | C34: =$L$5 -> 60 | E34: =$N$2-C34 -> 540 | F34: Stage 3
A35: BLOODEN NICK | B35: C | C35: =$L$5 -> 60 | E35: =$N$2-C35 -> 540 | F35: Stage 3
A36: CaptainSev004 | B36: C | C36: =$L$5 -> 60 | E36: =$N$2-C36 -> 540 | F36: Stage 3
A37: Havoc Puppies | B37: C | C37: =$L$5 -> 60 | E37: =$N$2-C37 -> 540 | F37: Stage 3
A38: imShad | B38: C | C38: =$L$5 -> 60 | E38: =$N$2-C38 -> 540 | F38: Stage 3
A39: Into Sublime | B39: C | C39: =$L$5 -> 60 | E39: =$N$2-C39 -> 540 | F39: Stage 3
A40: ixSqueeps | B40: C | C40: =$L$5 -> 60 | E40: =$N$2-C40 -> 540 | F40: Stage 3
A41: Killerz Legit | B41: C | C41: =$L$5 -> 60 | E41: =$N$2-C41 -> 540 | F41: Stage 3
... A51: OVERweightGOAT | B51: C | C51: =$L$5 -> 60 | E51: =$N$2-C51 -> 540 | F51: Stage 3
A52: G3Ohh | B52: C | C52: 60 | E52: =$N$2-C52 -> 540 | F52: Stage 3
A53: slayers0n | B53: C | C53: 60 | E53: =$N$2-C53 -> 540 | F53: Stage 3
A54: iNF3ktioN | B54: D | C54: =$L$6 -> 60 | E54: =$N$2-C54 -> 540 | F54: Stage 4
A55: LaMeowlla | B55: D | C55: =$L$6 -> 60 | E55: =$N$2-C55 -> 540 | F55: Stage 4
A56: mstell96 | B56: D | C56: =$L$6 -> 60 | E56: =$N$2-C56 -> 540 | F56: Stage 4
A57: Judasey | B57: D | C57: =$L$6 -> 60 | E57: =$N$2-C57 -> 540 | F57: Stage 4
A58: KDSkill | B58: D | C58: =$L$6 -> 60 | E58: =$N$2-C58 -> 540 | F58: Stage 4
A59: LilSkelR1926 | B59: D | C59: =$L$6 -> 60 | E59: =$N$2-C59 -> 540 | F59: Stage 4
A60: Mr Epic Beast | B60: D | C60: =$L$6 -> 60 | E60: =$N$2-C60 -> 540 | F60: Stage 4
A61: AdminSharky | B61: D | C61: =$L$6 -> 60 | E61: =$N$2-C61 -> 540 | F61: Stage 4
A62: AJ DaJuiceMayne | B62: D | C62: =$L$6 -> 60 | E62: =$N$2-C62 -> 540 | F62: Stage 4
A63: Conra4859 | B63: D | C63: =$L$6 -> 60 | E63: =$N$2-C63 -> 540 | F63: Stage 4
A64: Doerstopper | B64: D | C64: =$L$6 -> 60 | E64: =$N$2-C64 -> 540 | F64: Stage 4
A65: Eastbrookk | B65: D | C65: =$L$6 -> 60 | E65: =$N$2-C65 -> 540 | F65: Stage 4
... A82: x Zeg x | B82: D | C82: =$L$6 -> 60 | E82: =$N$2-C82 -> 540 | F82: Stage 4
A83: Dat Twinkie | B83: E | C83: =$L$7 -> 30 | E83: =$N$2-C83 -> 570 | F83: Stage 4
A84: Imperator Romeo | B84: E | C84: =$L$7 -> 30 | E84: =$N$2-C84 -> 570 | F84: Stage 4
A85: Its Low Mane | B85: E | C85: =$L$7 -> 30 | E85: =$N$2-C85 -> 570 | F85: Stage 4
A86: Kapier9392 | B86: E | C86: =$L$7 -> 30 | E86: =$N$2-C86 -> 570 | F86: Stage 4
A87: Lmao Ninj0 | B87: E | C87: =$L$7 -> 30 | E87: =$N$2-C87 -> 570 | F87: Stage 4
A88: MF JOE187 | B88: E | C88: =$L$7 -> 30 | E88: =$N$2-C88 -> 570 | F88: Stage 4
A89: PoisonxPoptart | B89: E | C89: =$L$7 -> 30 | E89: =$N$2-C89 -> 570 | F89: Stage 4
A90: Tad Neptune | B90: E | C90: =$L$7 -> 30 | E90: =$N$2-C90 -> 570 | F90: Stage 4
A91: TcT AVENGER | B91: E | C91: =$L$7 -> 30 | E91: =$N$2-C91 -> 570 | F91: Stage 4
A92: TcT J Bomb | B92: E | C92: =$L$7 -> 30 | E92: =$N$2-C92 -> 570 | F92: Stage 4
A93: TheNobleTV | B93: E | C93: =$L$7 -> 30 | E93: =$N$2-C93 -> 570 | F93: Stage 4
A94: You heard of us | B94: E | C94: =$L$7 -> 30 | E94: =$N$2-C94 -> 570 | F94: Stage 4
A95: Bear is Clutch | B95: E | C95: 30 | D95: xbox | E95: =$N$2-C95 -> 570 | F95: Stage 4
A96: gaebpls | B96: E | C96: 30 | E96: =$N$2-C96 -> 570 | F96: Stage 4
A97: Haha Real Funny | B97: F | C97: =$L$8 -> 30 | E97: =$N$2-C97 -> 570 | F97: Stage 4
A98: Rudly | B98: F | C98: =$L$8 -> 30 | E98: =$N$2-C98 -> 570 | F98: Stage 4
A99: ScarHead1995 | B99: F | C99: =$L$8 -> 30 | E99: =$N$2-C99 -> 570 | F99: Stage 4
A100: Zavi | B100: E | C100: =$L$7 -> 30 | E100: =$N$2-C100 -> 570 | F100: Stage 4
A101: JelloWitch | B101: E | C101: =$L$7 -> 30 | E101: =$N$2-C101 -> 570 | F101: Stage 4
A102: Amnatu | B102: E | C102: =$L$7 -> 30 | E102: =$N$2-C102 -> 570 | F102: Stage 4
A103: JollyJhadIst | B103: E | C103: =$L$7 -> 30 | E103: =$N$2-C103 -> 570 | F103: Stage 4
A104: kev1897 | B104: E | C104: =$L$7 -> 30 | E104: =$N$2-C104 -> 570 | F104: Stage 4
A105: Óðinn Æsir | B105: E | C105: =$L$7 -> 30 | E105: =$N$2-C105 -> 570 | F105: Stage 4
A106: Valatino | B106: E | C106: =$L$7 -> 30 | E106: =$N$2-C106 -> 570 | F106: Stage 4
A107: Sherbski | B107: E | C107: =$L$7 -> 30 | E107: =$N$2-C107 -> 570 | F107: Stage 4
A108: ActiveHate | E108: =$N$2-C108 -> 600
A109: ADhillyy | E109: =$N$2-C109 -> 600
A110: AKAShadowFax | E110: =$N$2-C110 -> 600
A111: Armanama | E111: =$N$2-C111 -> 600
A112: BowerPowerHour | E112: =$N$2-C112 -> 600
A113: drez | E113: =$N$2-C113 -> 600
A114: Edle 6 | E114: =$N$2-C114 -> 600
A115: elementary | E115: =$N$2-C115 -> 600
A116: F-Ed Boy | E116: =$N$2-C116 -> 600
A117: Grimm SZN | E117: =$N$2-C117 -> 600
A118: Grunt Padre | E118: =$N$2-C118 -> 600
A119: Halo3Dragon5 | E119: =$N$2-C119 -> 600
... A145: You Are A Plant | E145: =$N$2-C145 -> 600
A146: x Greenthumb

Sheet Potential Scheduling
A1: Sun | B1: Mon | C1: Tue | D1: Wed | E1: Thu | F1: Fri | G1: Sat | J1: Sun | K1: Mon | L1: Tue | M1: Wed | N1: Thu | O1: Fri | P1: Sat | T1: Sun | U1: Mon | V1: Tue | W1: Wed | X1: Thu | Y1: Fri | Z1: Sat
A2: 0.3125 | B2: 0.3125 | C2: 0.3125 | D2: 0.3125 | E2: 0.3125 | F2: 0.3125 | G2: 0.3125 | I2: Mavbrid | J2: 44753 | K2: 44753 | L2: 44753 | M2: 44753 | N2: 44753 | O2: 44753 | P2: 44753 | S2: CaptainSev004 | T2: 7-10:30 | U2: 44752 | V2: 44752 | W2: 44752 | X2: 7-9:30 | Y2: NA | Z2: NA
A3: 7 | B3: 7 | C3: 7 | D3: 7 | E3: 7 | F3: 7 | G3: 7 | I3: TommyWstSide | J3: 44752 | K3: 44752 | L3: 44752 | M3: 44752 | N3: 44752 | O3: 44752 | P3: 44752 | S3: Reyas | T3: 44753 | U3: 44753 | V3: 44751 | W3: 44751 | X3: 44751 | Y3: 7-8:30 | Z3: 44751
A4: 8 | B4: 7 | C4: 7 | D4: 8 | E4: 8 | F4: 8 | G4: 7 | I4: Havoc Puppies | J4: NA | K4: 44753 | L4: 44753 | M4: 44753 | N4: 44753 | O4: 44753 | P4: 44753 | S4: Godsnipezx | T4: 8 | U4: 8 | V4: 8 | W4: 8 | X4: 8 | Y4: 8 | Z4: 8
A5: 8 | B5: 7 | C5: 8 | D5: 8 | E5: 8 | F5: 8 | G5: 8 | I5: MoldyVolts | J5: 8-11 (7-9) | K5: 8-11 (7-9) | L5: 8-11 (7-9) | M5: 8-11 (7-9) | N5: 8-11 (7-9) | O5: 8-11 (7-9) | P5: 8-11 (7-11) | S5: Sherbski | T5: 44753 | U5: 44784 | V5: 44815 | W5: 44784 | X5: 44815 | Y5: 44753 | Z5: 44753
A6: 9 | B6: 8 | C6: 8 | D6: 9 | E6: 9 | F6: 9 | G6: 8 | J6: no | K6: 44783 | L6: 44783 | M6: 44783 | N6: 44783 | O6: 44783 | P6: 44783 | T6: 8-10:30 | U6: 44783 | V6: 44782 | W6: 44782 | X6: 44782 | Y6: 8-8:30 | Z6: 44783
A7: 11 | B7: 8 | C7: 44750 | D7: 11 | E7: 11 | F7: 11 | G7: 44750 | I7: TheAlphaTurtle | J7: 7-10:30 | K7: NA | L7: 7-10:30 | M7: 8:30-10:30 | N7: 7-10:30 | O7: 44751 | P7: 44753 | S7: G3Ohh | T7: 44753 | U7: 44753 | V7: 44753 | W7: 44753 | X7: 44753 | Y7: 44753 | Z7: 44753
A8: 44750 | B8: 44750 | C8: 44750 | D8: 44750 | E8: 911 | F8: 44750 | G8: 44750 | I8: Beam1n1 | J8: 44753 | K8: NA | L8: 44753 | M8: 44753 | N8: 44753 | O8: 44753 | P8: 44753 | S8: MuNgO PuNgO | T8: 44753 | U8: NA | V8: NA | W8: NA | X8: NA | Y8: 44753 | Z8: 44753
A9: 44750 | B9: 44750 | C9: 44750 | D9: 44750 | E9: 44750 | F9: 44750 | G9: 44750 | I9: Almighty Tycoon | J9: 44750 | K9: 7 | L9: 44750 | M9: 7 | N9: 44750 | O9: 7 | P9: 44750 | S9: Into Sublime | T9: 8:30-10:30 | U9: 8:30-10:30 | V9: 8:30-10:30 | W9: 8:30-10:30 | X9: 8:30-10:30 | Y9: 8:30-10:30 | Z9: 8:30-10:30
A10: 44750 | B10: 44750 | C10: 44750 | D10: 44750 | E10: 44750 | F10: 44750 | G10: 44751 | I10: Scomancer | J10: 44753 | K10: 44753 | L10: 44845 | M10: 44753 | N10: 44753 | O10: 44753 | P10: 44845 | S10: Zavi | T10: 44753 | U10: NA | V10: NA | W10: NA | X10: NA | Y10: 7-10:30 | Z10: 44751
A11: 44750 | B11: 44750 | C11: 44750 | D11: 44750 | E11: 44750 | F11: 44750 | G11: 44751 | J11: 44750 | K11: No | L11: 44845 | M11: 8:30-10:30 | N11: 7-10:30 | O11: 44751 | P11: 44845 | T11: 8:30-10:30 | U11: no | V11: no | W11: no | X11: no | Y11: 8:30-10:30 | Z11: 8:30-9
A12: 44750 | B12: 44750 | C12: 44750 | D12: 44750 | E12: 44750 | F12: 44750 | G12: 44751 | I12: cxrnchip | J12: 44753 | K12: 44753 | L12: 44753 | M12: 44753 | N12: 44753 | O12: 44753 | P12: 44753 | S12: Eternlx | T12: 7 | U12: 7 | V12: 7 | W12: 44750 | X12: 7 | Y12: 44750 | Z12: 7
A13: 44750 | B13: 44751 | C13: 44750 | D13: 44750 | E13: 44750 | F13: 44751 | G13: 44751 | I13: MysticalNovice | J13: 8:30-11 | K13: 8:30-11 | L13: 8:30-11 | M13: 8:30-11 | N13: 8:30-11 | O13: 8:30-11 | P13: 8:30-11 | S13: Doerstopper | T13: 44815 | U13: 44815 | V13: 44815 | W13: 44815 | X13: 44815 | Y13: 44815 | Z13: 44815
A14: 44751 | B14: 44751 | C14: 44751 | D14: 44750 | E14: 44750 | F14: 44751 | G14: 44752 | I14: PoisonxPoptart | J14: NA | K14: 8-9:30 | L14: 8-9:30 | M14: 8-9:30 | N14: 8-9:30 | O14: 8-9:30 | P14: NA | S14: Priest XYZ | T14: 7-10:30 | U14: 44814 | V14: NA | W14: NA | X14: NA | Y14: NA | Z14: 7-10:30
A15: 44751 | B15: 44753 | C15: 44751 | D15: 44751 | E15: 44750 | F15: 44751 | G15: 44753 | I15: x Greenthumb | J15: 9:30-11 | K15: 9:30-11 | L15: 9:30-11 | M15: 9:30-11 | N15: 9:30-11 | O15: 9:30-11 | P15: 9:30-11 | S15: JollyJhadIst | T15: 0.3125 | U15: 0.3125 | V15: 0.3125 | W15: 0.3125 | X15: 0.3125 | Y15: 0.3125 | Z15: 0.3125
A16: 44753 | B16: 44753 | C16: 44753 | D16: 44751 | E16: 44751 | F16: 44752 | G16: 44753 | J16: 9:30-11 | K16: 8:30-9:30 | L16: 8:30-9:30 | M16: 8:30-9:30 | N16: 8:30-9:30 | O16: 8:30-9:30 | P16: 9:30-11 | T16: 9-10:30 | U16: 44814 | V16: no | W16: no | X16: no | Y16: no | Z16: 9-10:30
A17: 44753 | B17: 44753 | C17: 44753 | D17: 44753 | E17: 44751 | F17: 44753 | G17: 44753 | I17: Bear is Clutch | J17: 44845 | K17: 44845 | L17: 44845 | M17: 44845 | N17: 44845 | O17: 44845 | P17: 44845 | S17: Solace | T17: 7-10:30 | U17: 7-10:30 | V17: NA | W17: NA | X17: NA | Y17: NA | Z17: 7-10:30
A18: 44753 | B18: 44753 | C18: 44753 | D18: 44753 | E18: 44753 | F18: 44753 | G18: 44753 | I18: ASpence501 | J18: 44753 | K18: 44753 | L18: 44753 | M18: 44753 | N18: 44753 | O18: 44753 | P18: 44753 | S18: Myst the Cold | T18: 8 | U18: 8 | V18: 8 | W18: 8 | X18: 8 | Y18: 8 | Z18: 8
A19: 44753 | B19: 44753 | C19: 44753 | D19: 44753 | E19: 44753 | F19: 44753 | G19: 44753 | I19: Mr Epic Beast | J19: 44753 | K19: 8:30-11 | L19: 8:30-11 | M19: 8:30-11 | N19: 8:30-11 | O19: 8:30-11 | P19: 44753 | S19: BLOODEN NICK | T19: 44753 | U19: 44815 | V19: 44815 | W19: 44815 | X19: 911 | Y19: 44815 | Z19: 44815
A20: 44753 | B20: 44753 | C20: 44784 | D20: 44753 | E20: 44753 | F20: 44753 | G20: 44753 | I20: Óðinn Æsir | J20: 7 | K20: 7 | L20: 7 | M20: 7 | N20: 7 | O20: 7 | P20: 7 | S20: kev1897 | T20: 44784 | U20: 44784 | V20: 44784 | W20: 44784 | X20: 44784 | Y20: 44784 | Z20: 8-10:30
A21: 44753 | B21: 44784 | C21: 44815 | D21: 44753 | E21: 44753 | F21: 44753 | G21: 44753 | J21: 44845 | K21: 44845 | L21: 44845 | M21: 8:30-11 | N21: 8:30-11 | O21: 44845 | P21: 44845 | T21: 8-10:30 | U21: 8-10:30 | V21: no | W21: no | X21: no | Y21: no | Z21: 8-10:30
A22: 44753 | B22: 44784 | C22: 44815 | D22: 44784 | E22: 44753 | F22: 44753 | G22: 44753 | M22: 7 (2nd) | N22: 7 (3rd) | S22: yLuxe | T22: 7:30-11 | U22: 7:30-11 | V22: 7:30-11 | W22: 7:30-11 | X22: 7:30-11 | Y22: 7:30-11 | Z22: 7:30-11
A23: 44753 | B23: 44784 | C23: 44815 | D23: 44784 | E23: 44784 | F23: 44753 | G23: 44753 | M23: 7 (9th) | N23: 7 (10th) | S23: LilSkelR1926 | T23: 11 | U23: 7 | V23: 7 | W23: 11 | X23: 11 | Y23: 11 | Z23: 44753
A24: 44753 | B24: 44815 | C24: 44815 | D24: 44815 | E24: 44815 | F24: 44753 | G24: 44753 | S24: oDhmon | T24: 44753 | U24: 44753 | V24: 44753 | W24: 44753 | X24: 44753 | Y24: 44753 | Z24: 44753
A25: 44753 | B25: 44815 | C25: 44845 | D25: 44815 | E25: 44815 | F25: 44784 | G25: 44753 | L25: mon/tue/fri/sat | S25: AwareMosquito | T25: 7-8:30 | U25: 7-8:30 | V25: 7-8:30 | W25: 7-8:30 | X25: 7-8:30 | Y25: 44752 | Z25: 44752
A26: 44753 | B26: 44845 | C26: 10:30-11 | D26: 44845 | E26: 44815 | F26: 44815 | G26: 44753 | K26: Check | L26: Changed | T26: 7-8:30 | U26: 7:30-11 | V26: 7:30-11 | W26: 7:30-8:30 | X26: 7:30-8:30 | Y26: 7:30-10 | Z26: 7:30-10
A27: 44753 | B27: 10-10:30 | C27: 7-10:30 | D27: 7-8:30 | E27: 44845 | F27: 44815 | G27: 44815 | S27: Rage More Nerd | T27: 44753 | U27: NA | V27: NA | W27: 9 | X27: 9 | Y27: 9 | Z27: 7
A28: 44784 | B28: 7-10:30 | C28: 7-8:30 | D28: 7-9:30 | E28: 7-10:30 | F28: 44845 | G28: 44845 | S28: Dabb | T28: 44753 | U28: 44750 | V28: 44750 | W28: 44750 | X28: 44784 | Y28: 44784 | Z28: 44784
A29: 44784 | B29: 7-8:30 | C29: 7-9:30 | D29: 7-9:30 | E29: 7-8:30 | F29: 7-10:30 | G29: 10:30-11 | S29: slayers0n | T29: 44753 | U29: NA | V29: 44815 | W29: NA | X29: 44815 | Y29: NA | Z29: 44753
A30: 44845 | B30: 7-9:30 | C30: 7-9:30 | D30: 7:30-11 | E30: 7-9:30 | F30: 7-8:30 | G30: 7-10:30 | S30: mstell96 | T30: 44753 | U30: 44815 | V30: 44815 | W30: 44815 | X30: 44815 | Y30: 44815 | Z30: 44753
A31: 7-10:30 | B31: 7-9:30 | C31: 7:30-11 | D31: 8-8:30 | E31: 7-9:30 | F31: 7-9:30 | G31: 7-10:30 | T31: 44753 | U31: no | V31: no | W31: no | X31: 44815 | Y31: no | Z31: 44784
A32: 7-10:30 | B32: 7:30-11 | C32: 8-8:30 | D32: 8-9:30 | E32: 7:30-11 | F32: 7:30-11 | G32: 7-8:30
A33: 7-8:30 | B33: 8-8:30 | C33: 8-9:30 | D33: 8:30-10:30 | E33: 8-8:30 | F33: 8-8:30 | G33: 7-9:30
A34: 7-9:30 | B34: 8-9:30 | C34: 8:30-10:30 | D34: 8:30-10:30 | E34: 8-9:30 | F34: 8-9:30 | G34: 7:30-11
A35: 7-9:30 | B35: 8:30-10:30 | C35: 8:30-11 | D35: 8:30-11 | E35: 8:30-10:30 | F35: 8:30-10:30 | G35: 8-10:30
A36: 7:30-11 | B36: 8:30-11 | C36: 8:30-11 | D36: 8:30-11 | E36: 8:30-11 | F36: 8:30-11 | G36: 8:30-10:30
A37: 8:30-10:30 | B37: 8:30-11 | C37: 9:30-11 | D37: 9:30-11 | E37: 8:30-11 | F37: 8:30-11 | G37: 8:30-11
A38: 8:30-11 | B38: 9:30-11 | C38: 9:30-11 | D38: 9:30-11 | E38: 9:30-11 | F38: 9:30-11 | G38: 8:30-9
A39: 9:30-11 | B39: 9:30-11 | C39: NA | D39: NA | E39: 9:30-11 | F39: 9:30-11 | G39: 9:30-11
A40: 9:30-11 | B40: NA | C40: NA | D40: NA | E40: NA | F40: NA | G40: 9:30-11
A41: NA | B41: NA | C41: NA | D41: NA | E41: NA | F41: NA | G41: NA
A42: NA | B42: NA | C42: NA | D42: NA | E42: NA | F42: NA | G42: NA
A43: NA | B43: NA | C43: NA | D43: NA | E43: NA | F43: NA | G43: NA

Sheet Mock2 Page
G1: Round 1
A4: Captain | B4: Pool Total | C4: Round Credit Ended | D4: You need this left | E4: Base Value | G4: Player Name | H4: ASpence501 | J4: Amnatu | L4: AwareMosquito | N4: Dabb | P4: Almighty Tycoon | R4: Doerstopper | T4: cxrnchip | V4: gaebpls | X4: mstell96 | Z4: MuNgO PuNgO | AD4: Captain | AE4: Player 1 | AF4: Player 2 | AG4: Player 3
A5: Bear is Clutch | B5: =(600-E5)-IFERROR(VLOOKUP(A5,H$11:I$21,2,False),"")-IFERROR(VLOOKUP(A5,J$11:K$21,2,False),"")-IFERROR(VLOOKUP(A5,L$11:M$21,2,False),"")-IFERROR(VLOOKUP(A5,N$11:O$21,2,False),"")-IFERROR(VLOOKUP(A5,P$11:Q$21,2,False),"")-IFERROR(VLOOKUP(A5,R$11:S$21,2,False),"")-IFERROR(VLOOKUP(A5,T$11:U$21,2,False),"")-IFERROR(VLOOKUP(A5,V$11:W$21,2,False),"")-IFERROR(VLOOKUP(A5,X$11:Y$21,2,False),"")-IFERROR(VLOOKUP(A5,Z$11:AA$21,2,False),"") -> 570 | C5: 570 | D5: 60 | E5: =IFERROR(VLOOKUP(A5,'Bid Values'!A:F,3,0),) -> 30 | G5: Base Value | H5: {=INDEX(Signed,Match(H4,Signed!$A$1:$A$43,0),3)} -> 198 | J5: {=INDEX(Signed,Match(J4,Signed!$A$1:$A$43,0),3)} -> 30 | L5: {=INDEX(Signed,Match(L4,Signed!$A$1:$A$43,0),3)} -> 60 | N5: {=INDEX(Signed,Match(N4,Signed!$A$1:$A$43,0),3)} -> 198 | P5: {=INDEX(Signed,Match(P4,Signed!$A$1:$A$43,0),3)} -> 60 | R5: {=INDEX(Signed,Match(R4,Signed!$A$1:$A$43,0),3)} -> 60 | T5: {=INDEX(Signed,Match(T4,Signed!$A$1:$A$43,0),3)} -> 150 | V5: {=INDEX(Signed,Match(V4,Signed!$A$1:$A$43,0),3)} -> 30 | X5: {=INDEX(Signed,Match(X4,Signed!$A$1:$A$43,0),3)} -> 60 | Z5: {=INDEX(Signed,Match(Z4,Signed!$A$1:$A$43,0),3)} -> 60 | AD5: Bear is Clutch | AE5: Beam1n1 | AF5: Doerstopper | AG5: MuNgO PuNgO
A6: CaptainSev004 | B6: =(600-E6)-IFERROR(VLOOKUP(A6,H$11:I$21,2,False),"")-IFERROR(VLOOKUP(A6,J$11:K$21,2,False),"")-IFERROR(VLOOKUP(A6,L$11:M$21,2,False),"")-IFERROR(VLOOKUP(A6,N$11:O$21,2,False),"")-IFERROR(VLOOKUP(A6,P$11:Q$21,2,False),"")-IFERROR(VLOOKUP(A6,R$11:S$21,2,False),"")-IFERROR(VLOOKUP(A6,T$11:U$21,2,False),"")-IFERROR(VLOOKUP(A6,V$11:W$21,2,False),"")-IFERROR(VLOOKUP(A6,X$11:Y$21,2,False),"")-IFERROR(VLOOKUP(A6,Z$11:AA$21,2,False),"") -> 540 | C6: 279 | D6: 60 | E6: =IFERROR(VLOOKUP(A6,'Bid Values'!A:F,3,0),) -> 60 | G6: Grade | H6: {=INDEX(Signed,Match(H4,Signed!$A$1:$A$43,0),2)} -> A | J6: {=INDEX(Signed,Match(J4,Signed!$A$1:$A$43,0),2)} -> E | L6: {=INDEX(Signed,Match(L4,Signed!$A$1:$A$43,0),2)} -> C | N6: {=INDEX(Signed,Match(N4,Signed!$A$1:$A$43,0),2)} -> A | P6: {=INDEX(Signed,Match(P4,Signed!$A$1:$A$43,0),2)} -> C | R6: {=INDEX(Signed,Match(R4,Signed!$A$1:$A$43,0),2)} -> D | T6: {=INDEX(Signed,Match(T4,Signed!$A$1:$A$43,0),2)} -> B | V6: {=INDEX(Signed,Match(V4,Signed!$A$1:$A$43,0),2)} -> E | X6: {=INDEX(Signed,Match(X4,Signed!$A$1:$A$43,0),2)} -> D | Z6: {=INDEX(Signed,Match(Z4,Signed!$A$1:$A$43,0),2)} -> D | AD6: CaptainSev004 | AE6: ASpence501 | AF6: oDhmon | AG6: gaebpls
A7: G3Ohh | B7: =(600-E7)-IFERROR(VLOOKUP(A7,H$11:I$21,2,False),"")-IFERROR(VLOOKUP(A7,J$11:K$21,2,False),"")-IFERROR(VLOOKUP(A7,L$11:M$21,2,False),"")-IFERROR(VLOOKUP(A7,N$11:O$21,2,False),"")-IFERROR(VLOOKUP(A7,P$11:Q$21,2,False),"")-IFERROR(VLOOKUP(A7,R$11:S$21,2,False),"")-IFERROR(VLOOKUP(A7,T$11:U$21,2,False),"")-IFERROR(VLOOKUP(A7,V$11:W$21,2,False),"")-IFERROR(VLOOKUP(A7,X$11:Y$21,2,False),"")-IFERROR(VLOOKUP(A7,Z$11:AA$21,2,False),"") -> 540 | C7: 540 | D7: 60 | E7: =IFERROR(VLOOKUP(A7,'Bid Values'!A:F,3,0),) -> 60 | G7: Highest Bid | H7: =If(MAX('Round 11'!$C:$C)>=H5,MAX('Round 11'!$C:$C),0) -> #REF! | J7: =If(MAX('Round 11'!$D:$D)>=J5,MAX('Round 11'!$D:$D),0) -> #REF! | L7: =If(MAX('Round 11'!$E:$E)>=L5,MAX('Round 11'!$E:$E),0) -> #REF! | N7: =If(MAX('Round 11'!$F:$F)>=N5,MAX('Round 11'!$F:$F),0) -> #REF! | P7: =If(MAX('Round 11'!$G:$G)>=P5,MAX('Round 11'!$G:$G),0) -> #REF! | R7: =If(MAX('Round 11'!$H:$H)>=R5,MAX('Round 11'!$H:$H),0) -> #REF! | T7: =If(MAX('Round 11'!$I:$I)>=T5,MAX('Round 11'!$I:$I),0) -> #REF! | V7: =If(MAX('Round 11'!$J:$J)>=V5,MAX('Round 11'!$J:$J),0) -> #REF! | X7: =If(MAX('Round 11'!$K:$K)>=X5,MAX('Round 11'!$K:$K),0) -> #REF! | Z7: =If(MAX('Round 11'!$L:$L)>=Z5,MAX('Round 11'!$L:$L),0) -> #REF! | AD7: G3Ohh | AE7: Mavbrid | AF7: Reyas | AG7: Mr Epic Beast
A8: Eternlx | B8: =(600-E8)-IFERROR(VLOOKUP(A8,H$11:I$21,2,False),"")-IFERROR(VLOOKUP(A8,J$11:K$21,2,False),"")-IFERROR(VLOOKUP(A8,L$11:M$21,2,False),"")-IFERROR(VLOOKUP(A8,N$11:O$21,2,False),"")-IFERROR(VLOOKUP(A8,P$11:Q$21,2,False),"")-IFERROR(VLOOKUP(A8,R$11:S$21,2,False),"")-IFERROR(VLOOKUP(A8,T$11:U$21,2,False),"")-IFERROR(VLOOKUP(A8,V$11:W$21,2,False),"")-IFERROR(VLOOKUP(A8,X$11:Y$21,2,False),"")-IFERROR(VLOOKUP(A8,Z$11:AA$21,2,False),"") -> 540 | C8: 540 | D8: 60 | E8: =IFERROR(VLOOKUP(A8,'Bid Values'!A:F,3,0),) -> 60 | G8: Highest Bidder | H8: =H11 | I8: =I11 | J8: =J11 | K8: =K11 | L8: =L11 | M8: =M11 | N8: =N11 | O8: =O11 | ... V8: =V11 | X8: =X11 | Z8: =Z11 | AD8: Eternlx | AE8: TommyWstSide | AF8: Into Sublime | AG8: LilSkelR1926
A9: Solace | B9: =(600-E9)-IFERROR(VLOOKUP(A9,H$11:I$21,2,False),"")-IFERROR(VLOOKUP(A9,J$11:K$21,2,False),"")-IFERROR(VLOOKUP(A9,L$11:M$21,2,False),"")-IFERROR(VLOOKUP(A9,N$11:O$21,2,False),"")-IFERROR(VLOOKUP(A9,P$11:Q$21,2,False),"")-IFERROR(VLOOKUP(A9,R$11:S$21,2,False),"")-IFERROR(VLOOKUP(A9,T$11:U$21,2,False),"")-IFERROR(VLOOKUP(A9,V$11:W$21,2,False),"")-IFERROR(VLOOKUP(A9,X$11:Y$21,2,False),"")-IFERROR(VLOOKUP(A9,Z$11:AA$21,2,False),"") -> 402 | C9: 102 | D9: 60 | E9: 198 | G9: Captain Bid List | AD9: Solace | AE9: Dabb | AF9: Myst the Cold | AG9: JollyJhadIst
A10: yLuxe | B10: =(600-E10)-IFERROR(VLOOKUP(A10,H$11:I$21,2,False),"")-IFERROR(VLOOKUP(A10,J$11:K$21,2,False),"")-IFERROR(VLOOKUP(A10,L$11:M$21,2,False),"")-IFERROR(VLOOKUP(A10,N$11:O$21,2,False),"")-IFERROR(VLOOKUP(A10,P$11:Q$21,2,False),"")-IFERROR(VLOOKUP(A10,R$11:S$21,2,False),"")-IFERROR(VLOOKUP(A10,T$11:U$21,2,False),"")-IFERROR(VLOOKUP(A10,V$11:W$21,2,False),"")-IFERROR(VLOOKUP(A10,X$11:Y$21,2,False),"")-IFERROR(VLOOKUP(A10,Z$11:AA$21,2,False),"") -> 402 | C10: 402 | D10: 60 | E10: =IFERROR(VLOOKUP(A10,'Bid Values'!A:F,3,0),) -> 198 | G10: Captains who bid | H10: =IFERROR(__xludf.DUMMYFUNCTION("Query('Round 11'!$A:$L,""Select B, MAX(C) WHERE C>=198 group by B order by max(C) desc"")"),"#REF!") -> #REF! | J10: =IFERROR(__xludf.DUMMYFUNCTION("Query('Round 11'!$A:$L,""Select B, MAX(D) WHERE D>=30 group by B order by max(D) desc"")"),"#REF!") -> #REF! | L10: =IFERROR(__xludf.DUMMYFUNCTION("Query('Round 11'!$A:$L,""Select B, MAX(E) WHERE E>=60 group by B order by max(E) desc"")"),"#REF!") -> #REF! | N10: =IFERROR(__xludf.DUMMYFUNCTION("Query('Round 11'!$A:$L,""Select B, MAX(F) WHERE F>=198 group by B order by max(F) desc"")"),"#REF!") -> #REF! | P10: =IFERROR(__xludf.DUMMYFUNCTION("Query('Round 11'!$A:$L,""Select B, MAX(G) WHERE G>=60 group by B order by max(G) desc"")"),"#REF!") -> #REF! | R10: =IFERROR(__xludf.DUMMYFUNCTION("Query('Round 11'!$A:$L,""Select B, MAX(H) WHERE H>=60 group by B order by max(H) desc"")"),"#REF!") -> #REF! | T10: =IFERROR(__xludf.DUMMYFUNCTION("Query('Round 11'!$A:$L,""Select B, MAX(I) WHERE I>=150 group by B order by max(I) desc"")"),"#REF!") -> #REF! | V10: =IFERROR(__xludf.DUMMYFUNCTION("Query('Round 11'!$A:$L,""Select B, MAX(J) WHERE J>=30 group by B order by max(J) desc"")"),"#REF!") -> #REF! | X10: =IFERROR(__xludf.DUMMYFUNCTION("Query('Round 11'!$A:$L,""Select B, MAX(K) WHERE K>=60 group by B order by max(K) desc"")"),"#REF!") -> #REF! | Z10: =IFERROR(__xludf.DUMMYFUNCTION("Query('Round 11'!$A:$L,""Select B, MAX(L) WHERE L>=60 group by B order by max(L) desc"")"),"#REF!") -> #REF! | AD10: yLuxe | AE10: MysticalNovice | AF10: mstell96 | AG10: kev1897
A11: Rage More Nerd | B11: =(600-E11)-IFERROR(VLOOKUP(A11,H$11:I$21,2,False),"")-IFERROR(VLOOKUP(A11,J$11:K$21,2,False),"")-IFERROR(VLOOKUP(A11,L$11:M$21,2,False),"")-IFERROR(VLOOKUP(A11,N$11:O$21,2,False),"")-IFERROR(VLOOKUP(A11,P$11:Q$21,2,False),"")-IFERROR(VLOOKUP(A11,R$11:S$21,2,False),"")-IFERROR(VLOOKUP(A11,T$11:U$21,2,False),"")-IFERROR(VLOOKUP(A11,V$11:W$21,2,False),"")-IFERROR(VLOOKUP(A11,X$11:Y$21,2,False),"")-IFERROR(VLOOKUP(A11,Z$11:AA$21,2,False),"") -> 450 | C11: 300 | D11: 60 | E11: =IFERROR(VLOOKUP(A11,'Bid Values'!A:F,3,0),) -> 150 | AD11: Rage More Nerd | AE11: Almighty Tycoon | AF11: PoisonxPoptart | AG11: MoldyVolts
A12: Scomancer | B12: =(600-E12)-IFERROR(VLOOKUP(A12,H$11:I$21,2,False),"")-IFERROR(VLOOKUP(A12,J$11:K$21,2,False),"")-IFERROR(VLOOKUP(A12,L$11:M$21,2,False),"")-IFERROR(VLOOKUP(A12,N$11:O$21,2,False),"")-IFERROR(VLOOKUP(A12,P$11:Q$21,2,False),"")-IFERROR(VLOOKUP(A12,R$11:S$21,2,False),"")-IFERROR(VLOOKUP(A12,T$11:U$21,2,False),"")-IFERROR(VLOOKUP(A12,V$11:W$21,2,False),"")-IFERROR(VLOOKUP(A12,X$11:Y$21,2,False),"")-IFERROR(VLOOKUP(A12,Z$11:AA$21,2,False),"") -> 450 | C12: 450 | D12: 60 | E12: =IFERROR(VLOOKUP(A12,'Bid Values'!A:F,3,0),) -> 150 | AD12: Scomancer | AE12: Godsnipezx | AF12: Amnatu | AG12: Valatino
A13: TheAlphaTurtle | B13: =(600-E13)-IFERROR(VLOOKUP(A13,H$11:I$21,2,False),"")-IFERROR(VLOOKUP(A13,J$11:K$21,2,False),"")-IFERROR(VLOOKUP(A13,L$11:M$21,2,False),"")-IFERROR(VLOOKUP(A13,N$11:O$21,2,False),"")-IFERROR(VLOOKUP(A13,P$11:Q$21,2,False),"")-IFERROR(VLOOKUP(A13,R$11:S$21,2,False),"")-IFERROR(VLOOKUP(A13,T$11:U$21,2,False),"")-IFERROR(VLOOKUP(A13,V$11:W$21,2,False),"")-IFERROR(VLOOKUP(A13,X$11:Y$21,2,False),"")-IFERROR(VLOOKUP(A13,Z$11:AA$21,2,False),"") -> 540 | C13: 540 | D13: 60 | E13: =IFERROR(VLOOKUP(A13,'Bid Values'!A:F,3,0),) -> 60 | AD13: TheAlphaTurtle | AE13: BLOODEN NICK | AF13: slayers0n | AG13: x Greenthumb
A14: Priest XYZ | B14: =(600-E14)-IFERROR(VLOOKUP(A14,H$11:I$21,2,False),"")-IFERROR(VLOOKUP(A14,J$11:K$21,2,False),"")-IFERROR(VLOOKUP(A14,L$11:M$21,2,False),"")-IFERROR(VLOOKUP(A14,N$11:O$21,2,False),"")-IFERROR(VLOOKUP(A14,P$11:Q$21,2,False),"")-IFERROR(VLOOKUP(A14,R$11:S$21,2,False),"")-IFERROR(VLOOKUP(A14,T$11:U$21,2,False),"")-IFERROR(VLOOKUP(A14,V$11:W$21,2,False),"")-IFERROR(VLOOKUP(A14,X$11:Y$21,2,False),"")-IFERROR(VLOOKUP(A14,Z$11:AA$21,2,False),"") -> 540 | C14: 480 | D14: 60 | E14: =IFERROR(VLOOKUP(A14,'Bid Values'!A:F,3,0),) -> 60 | AD14: Priest XYZ | AE14: AwareMosquito | AF14: Havoc Puppies | AG14: cxrnchip
D15: 60 | E15: =IFERROR(VLOOKUP(A15,'Bid Values'!A:F,3,0),)
D16: Max Spend Guide
D17: Amount needed to safely get a B & C/D player for 3rd & 4th
A20: Round 1 | D20: =(600-E5)-((150+60)+(150*0.2)+(60*0.2)) -> 318
D21: Amount needed to safely get three E/F players
A22: All names must match above | H22: Monitor your Pool Total. If you go into the red, all your bids for the round will be invalidated. Make sure you have enough credits for each round. | AE22: Player | AF22: Grade | AG22: Captain Draft Order
AG23: Rage More Nerd
AE24: Óðinn Æsir | AF24: E | AG24: Scomancer
H25: All bids are unique. Only bids equal to OR above the base value of a player will count and show up above. | AE25: Sherbski | AF25: E | AG25: yLuxe
H26: Round 2 | AG26: Solace
AG27: CaptainSev004
A29: Captain | B29: Pool Total | C29: Round Credit Ended | E29: Prev Rnd | G29: Player Name | H29: BLOODEN NICK | J29: Beam1n1 | L29: Godsnipezx | N29: Mavbrid | P29: Myst the Cold | R29: Havoc Puppies | T29: Valatino | V29: Zavi | X29: Reyas | Z29: PoisonxPoptart
A30: Bear is Clutch | B30: =(C5)-IFERROR(VLOOKUP(A30,H$36:I$47,2,False),"")-IFERROR(VLOOKUP(A30,J$36:K$47,2,False),"")-IFERROR(VLOOKUP(A30,L$36:M$47,2,False),"")-IFERROR(VLOOKUP(A30,N$36:O$47,2,False),"")-IFERROR(VLOOKUP(A30,P$36:Q$47,2,False),"")-IFERROR(VLOOKUP(A30,R$36:S$47,2,False),"")-IFERROR(VLOOKUP(A30,T$36:U$47,2,False),"")-IFERROR(VLOOKUP(A30,V$36:W$47,2,False),"")-IFERROR(VLOOKUP(A30,X$36:Y$47,2,False),"")-IFERROR(VLOOKUP(A30,Z$36:AA$47,2,False),"") -> 570 | C30: 510 | E30: =C5 -> 570 | G30: Base Value | H30: {=INDEX(Signed,Match(H29,Signed!$A$1:$A$43,0),3)} -> 150 | J30: {=INDEX(Signed,Match(J29,Signed!$A$1:$A$43,0),3)} -> 60 | L30: {=INDEX(Signed,Match(L29,Signed!$A$1:$A$43,0),3)} -> 198 | N30: {=INDEX(Signed,Match(N29,Signed!$A$1:$A$43,0),3)} -> 60 | P30: {=INDEX(Signed,Match(P29,Signed!$A$1:$A$43,0),3)} -> 60 | R30: {=INDEX(Signed,Match(R29,Signed!$A$1:$A$43,0),3)} -> 60 | T30: {=INDEX(Signed,Match(T29,Signed!$A$1:$A$43,0),3)} -> 60 | V30: {=INDEX(Signed,Match(V29,Signed!$A$1:$A$43,0),3)} -> 60 | X30: {=INDEX(Signed,Match(X29,Signed!$A$1:$A$43,0),3)} -> 60 | Z30: {=INDEX(Signed,Match(Z29,Signed!$A$1:$A$43,0),3)} -> 30
A31: CaptainSev004 | B31: =(C6)-IFERROR(VLOOKUP(A31,H$36:I$47,2,False),"")-IFERROR(VLOOKUP(A31,J$36:K$47,2,False),"")-IFERROR(VLOOKUP(A31,L$36:M$47,2,False),"")-IFERROR(VLOOKUP(A31,N$36:O$47,2,False),"")-IFERROR(VLOOKUP(A31,P$36:Q$47,2,False),"")-IFERROR(VLOOKUP(A31,R$36:S$47,2,False),"")-IFERROR(VLOOKUP(A31,T$36:U$47,2,False),"")-IFERROR(VLOOKUP(A31,V$36:W$47,2,False),"")-IFERROR(VLOOKUP(A31,X$36:Y$47,2,False),"")-IFERROR(VLOOKUP(A31,Z$36:AA$47,2,False),"") -> 279 | C31: 279 | E31: =C6 -> 279 | G31: Grade | H31: {=INDEX(Signed,Match(H29,Signed!$A$1:$A$43,0),2)} -> B | J31: {=INDEX(Signed,Match(J29,Signed!$A$1:$A$43,0),2)} -> C | L31: {=INDEX(Signed,Match(L29,Signed!$A$1:$A$43,0),2)} -> A | N31: {=INDEX(Signed,Match(N29,Signed!$A$1:$A$43,0),2)} -> D | P31: {=INDEX(Signed,Match(P29,Signed!$A$1:$A$43,0),2)} -> C | R31: {=INDEX(Signed,Match(R29,Signed!$A$1:$A$43,0),2)} -> C | T31: {=INDEX(Signed,Match(T29,Signed!$A$1:$A$43,0),2)} -> D | V31: {=INDEX(Signed,Match(V29,Signed!$A$1:$A$43,0),2)} -> D | X31: {=INDEX(Signed,Match(X29,Signed!$A$1:$A$43,0),2)} -> C | Z31: {=INDEX(Signed,Match(Z29,Signed!$A$1:$A$43,0),2)} -> E
A32: G3Ohh | B32: =(C7)-IFERROR(VLOOKUP(A32,H$36:I$47,2,False),"")-IFERROR(VLOOKUP(A32,J$36:K$47,2,False),"")-IFERROR(VLOOKUP(A32,L$36:M$47,2,False),"")-IFERROR(VLOOKUP(A32,N$36:O$47,2,False),"")-IFERROR(VLOOKUP(A32,P$36:Q$47,2,False),"")-IFERROR(VLOOKUP(A32,R$36:S$47,2,False),"")-IFERROR(VLOOKUP(A32,T$36:U$47,2,False),"")-IFERROR(VLOOKUP(A32,V$36:W$47,2,False),"")-IFERROR(VLOOKUP(A32,X$36:Y$47,2,False),"")-IFERROR(VLOOKUP(A32,Z$36:AA$47,2,False),"") -> 540 | C32: 420 | E32: =C7 -> 540 | G32: Highest Bid | H32: =If(MAX('Round 22'!$C:$C)>=H30,MAX('Round 22'!$C:$C),0) -> #REF! | J32: =If(MAX('Round 22'!$D:$D)>=J30,MAX('Round 22'!$D:$D),0) -> #REF! | L32: =If(MAX('Round 22'!$E:$E)>=L30,MAX('Round 22'!$E:$E),0) -> #REF! | N32: =If(MAX('Round 22'!$F:$F)>=N30,MAX('Round 22'!$F:$F),0) -> #REF! | P32: =If(MAX('Round 22'!$G:$G)>=P30,MAX('Round 22'!$G:$G),0) -> #REF! | R32: =If(MAX('Round 22'!$H:$H)>=R30,MAX('Round 22'!$H:$H),0) -> #REF! | T32: =If(MAX('Round 22'!$I:$I)>=T30,MAX('Round 22'!$I:$I),0) -> #REF! | V32: =If(MAX('Round 22'!$J:$J)>=V30,MAX('Round 22'!$J:$J),0) -> #REF! | X32: =If(MAX('Round 22'!$K:$K)>=X30,MAX('Round 22'!$K:$K),0) -> #REF! | Z32: =If(MAX('Round 22'!$L:$L)>=Z30,MAX('Round 22'!$L:$L),0) -> #REF!
A33: Eternlx | B33: =(C8)-IFERROR(VLOOKUP(A33,H$36:I$47,2,False),"")-IFERROR(VLOOKUP(A33,J$36:K$47,2,False),"")-IFERROR(VLOOKUP(A33,L$36:M$47,2,False),"")-IFERROR(VLOOKUP(A33,N$36:O$47,2,False),"")-IFERROR(VLOOKUP(A33,P$36:Q$47,2,False),"")-IFERROR(VLOOKUP(A33,R$36:S$47,2,False),"")-IFERROR(VLOOKUP(A33,T$36:U$47,2,False),"")-IFERROR(VLOOKUP(A33,V$36:W$47,2,False),"")-IFERROR(VLOOKUP(A33,X$36:Y$47,2,False),"")-IFERROR(VLOOKUP(A33,Z$36:AA$47,2,False),"") -> 540 | C33: 540 | E33: =C8 -> 540 | G33: Highest Bidder | H33: =H36 | I33: =I36 | J33: =J36 | K33: =K36 | L33: =L36 | M33: =M36 | N33: =N36 | O33: =O36 | ... V33: =V36 | X33: =X36 | Z33: =Z36
A34: Solace | B34: =(C9)-IFERROR(VLOOKUP(A34,H$36:I$47,2,False),"")-IFERROR(VLOOKUP(A34,J$36:K$47,2,False),"")-IFERROR(VLOOKUP(A34,L$36:M$47,2,False),"")-IFERROR(VLOOKUP(A34,N$36:O$47,2,False),"")-IFERROR(VLOOKUP(A34,P$36:Q$47,2,False),"")-IFERROR(VLOOKUP(A34,R$36:S$47,2,False),"")-IFERROR(VLOOKUP(A34,T$36:U$47,2,False),"")-IFERROR(VLOOKUP(A34,V$36:W$47,2,False),"")-IFERROR(VLOOKUP(A34,X$36:Y$47,2,False),"")-IFERROR(VLOOKUP(A34,Z$36:AA$47,2,False),"") -> 102 | C34: 41 | E34: =C9 -> 102 | G34: Captain Bid List
A35: yLuxe | B35: =(C10)-IFERROR(VLOOKUP(A35,H$36:I$47,2,False),"")-IFERROR(VLOOKUP(A35,J$36:K$47,2,False),"")-IFERROR(VLOOKUP(A35,L$36:M$47,2,False),"")-IFERROR(VLOOKUP(A35,N$36:O$47,2,False),"")-IFERROR(VLOOKUP(A35,P$36:Q$47,2,False),"")-IFERROR(VLOOKUP(A35,R$36:S$47,2,False),"")-IFERROR(VLOOKUP(A35,T$36:U$47,2,False),"")-IFERROR(VLOOKUP(A35,V$36:W$47,2,False),"")-IFERROR(VLOOKUP(A35,X$36:Y$47,2,False),"")-IFERROR(VLOOKUP(A35,Z$36:AA$47,2,False),"") -> 402 | C35: 402 | E35: =C10 -> 402 | G35: Captains who bid | H35: =IFERROR(__xludf.DUMMYFUNCTION("Query('Round 22'!$A:$L,""Select B, MAX(C) WHERE C>=60 group by B order by max(C) desc"")"),"#REF!") -> #REF! | J35: =IFERROR(__xludf.DUMMYFUNCTION("Query('Round 22'!$A:$L,""Select B, MAX(D) WHERE D>=60 group by B order by max(D) desc"")"),"#REF!") -> #REF! | L35: =IFERROR(__xludf.DUMMYFUNCTION("Query('Round 22'!$A:$L,""Select B, MAX(E) WHERE E>=198 group by B order by max(E) desc"")"),"#REF!") -> #REF! | N35: =IFERROR(__xludf.DUMMYFUNCTION("Query('Round 22'!$A:$L,""Select B, MAX(F) WHERE F>=60 group by B order by max(F) desc"")"),"#REF!") -> #REF! | P35: =IFERROR(__xludf.DUMMYFUNCTION("Query('Round 22'!$A:$L,""Select B, MAX(G) WHERE G>=60 group by B order by max(G) desc"")"),"#REF!") -> #REF! | R35: =IFERROR(__xludf.DUMMYFUNCTION("Query('Round 22'!$A:$L,""Select B, MAX(H) WHERE H>=60 group by B order by max(H) desc"")"),"#REF!") -> #REF! | T35: =IFERROR(__xludf.DUMMYFUNCTION("Query('Round 22'!$A:$L,""Select B, MAX(I) WHERE I>=30 group by B order by max(I) desc"")"),"#REF!") -> #REF! | V35: =IFERROR(__xludf.DUMMYFUNCTION("Query('Round 22'!$A:$L,""Select B, MAX(J) WHERE J>=30 group by B order by max(J) desc"")"),"#REF!") -> #REF! | X35: =IFERROR(__xludf.DUMMYFUNCTION("Query('Round 22'!$A:$L,""Select B, MAX(K) WHERE K>=60 group by B order by max(K) desc"")"),"#REF!") -> #REF! | Z35: =IFERROR(__xludf.DUMMYFUNCTION("Query('Round 22'!$A:$L,""Select B, MAX(L) WHERE L>=30 group by B order by max(L) desc"")"),"#REF!") -> #REF!
A36: Rage More Nerd | B36: =(C11)-IFERROR(VLOOKUP(A36,H$36:I$47,2,False),"")-IFERROR(VLOOKUP(A36,J$36:K$47,2,False),"")-IFERROR(VLOOKUP(A36,L$36:M$47,2,False),"")-IFERROR(VLOOKUP(A36,N$36:O$47,2,False),"")-IFERROR(VLOOKUP(A36,P$36:Q$47,2,False),"")-IFERROR(VLOOKUP(A36,R$36:S$47,2,False),"")-IFERROR(VLOOKUP(A36,T$36:U$47,2,False),"")-IFERROR(VLOOKUP(A36,V$36:W$47,2,False),"")-IFERROR(VLOOKUP(A36,X$36:Y$47,2,False),"")-IFERROR(VLOOKUP(A36,Z$36:AA$47,2,False),"") -> 300 | C36: 244 | E36: =C11 -> 300
A37: Scomancer | B37: =(C12)-IFERROR(VLOOKUP(A37,H$36:I$47,2,False),"")-IFERROR(VLOOKUP(A37,J$36:K$47,2,False),"")-IFERROR(VLOOKUP(A37,L$36:M$47,2,False),"")-IFERROR(VLOOKUP(A37,N$36:O$47,2,False),"")-IFERROR(VLOOKUP(A37,P$36:Q$47,2,False),"")-IFERROR(VLOOKUP(A37,R$36:S$47,2,False),"")-IFERROR(VLOOKUP(A37,T$36:U$47,2,False),"")-IFERROR(VLOOKUP(A37,V$36:W$47,2,False),"")-IFERROR(VLOOKUP(A37,X$36:Y$47,2,False),"")-IFERROR(VLOOKUP(A37,Z$36:AA$47,2,False),"") -> 450 | C37: 150 | E37: =C12 -> 450
A38: TheAlphaTurtle | B38: =(C13)-IFERROR(VLOOKUP(A38,H$36:I$47,2,False),"")-IFERROR(VLOOKUP(A38,J$36:K$47,2,False),"")-IFERROR(VLOOKUP(A38,L$36:M$47,2,False),"")-IFERROR(VLOOKUP(A38,N$36:O$47,2,False),"")-IFERROR(VLOOKUP(A38,P$36:Q$47,2,False),"")-IFERROR(VLOOKUP(A38,R$36:S$47,2,False),"")-IFERROR(VLOOKUP(A38,T$36:U$47,2,False),"")-IFERROR(VLOOKUP(A38,V$36:W$47,2,False),"")-IFERROR(VLOOKUP(A38,X$36:Y$47,2,False),"")-IFERROR(VLOOKUP(A38,Z$36:AA$47,2,False),"") -> 540 | C38: 440 | E38: =C13 -> 540
A39: Priest XYZ | B39: =(C14)-IFERROR(VLOOKUP(A39,H$36:I$47,2,False),"")-IFERROR(VLOOKUP(A39,J$36:K$47,2,False),"")-IFERROR(VLOOKUP(A39,L$36:M$47,2,False),"")-IFERROR(VLOOKUP(A39,N$36:O$47,2,False),"")-IFERROR(VLOOKUP(A39,P$36:Q$47,2,False),"")-IFERROR(VLOOKUP(A39,R$36:S$47,2,False),"")-IFERROR(VLOOKUP(A39,T$36:U$47,2,False),"")-IFERROR(VLOOKUP(A39,V$36:W$47,2,False),"")-IFERROR(VLOOKUP(A39,X$36:Y$47,2,False),"")-IFERROR(VLOOKUP(A39,Z$36:AA$47,2,False),"") -> 480 | C39: 420 | E39: =C14 -> 480
G48: Round 3
A51: Captain | B51: Pool Total | C51: Round Credit Ended | E51: Prev Rnd | G51: Player Name | H51: MysticalNovice | J51: oDhmon | L51: slayers0n | N51: TommyWstSide | P51: Sherbski | R51: x Greenthumb | T51: mstell96 | V51: Mr Epic Beast | X51: Óðinn Æsir | Z51: MoldyVolts
A52: Bear is Clutch | B52: =(C30)-IFERROR(VLOOKUP(A52,H$58:I$68,2,False),"")-IFERROR(VLOOKUP(A52,J$58:K$68,2,False),"")-IFERROR(VLOOKUP(A52,L$58:M$68,2,False),"")-IFERROR(VLOOKUP(A52,N$58:O$68,2,False),"")-IFERROR(VLOOKUP(A52,P$58:Q$68,2,False),"")-IFERROR(VLOOKUP(A52,R$58:S$68,2,False),"")-IFERROR(VLOOKUP(A52,T$58:U$68,2,False),"")-IFERROR(VLOOKUP(A52,V$58:W$68,2,False),"")-IFERROR(VLOOKUP(A52,X$58:Y$68,2,False),"")-IFERROR(VLOOKUP(A52,Z$58:AA$68,2,False),"") -> 510 | C52: 510 | E52: =C30 -> 510 | G52: Base Value | H52: {=INDEX(Signed,Match(H51,Signed!$A$1:$A$43,0),3)} -> 198 | J52: {=INDEX(Signed,Match(J51,Signed!$A$1:$A$43,0),3)} -> 150 | L52: {=INDEX(Signed,Match(L51,Signed!$A$1:$A$43,0),3)} -> 60 | N52: {=INDEX(Signed,Match(N51,Signed!$A$1:$A$43,0),3)} -> 60 | P52: {=INDEX(Signed,Match(P51,Signed!$A$1:$A$43,0),3)} -> #N/A | R52: {=INDEX(Signed,Match(R51,Signed!$A$1:$A$43,0),3)} -> 60 | T52: {=INDEX(Signed,Match(T51,Signed!$A$1:$A$43,0),3)} -> 60 | V52: {=INDEX(Signed,Match(V51,Signed!$A$1:$A$43,0),3)} -> 60 | X52: {=INDEX(Signed,Match(X51,Signed!$A$1:$A$43,0),3)} -> 30 | Z52: {=INDEX(Signed,Match(Z51,Signed!$A$1:$A$43,0),3)} -> 60
A53: CaptainSev004 | B53: =(C31)-IFERROR(VLOOKUP(A53,H$58:I$68,2,False),"")-IFERROR(VLOOKUP(A53,J$58:K$68,2,False),"")-IFERROR(VLOOKUP(A53,L$58:M$68,2,False),"")-IFERROR(VLOOKUP(A53,N$58:O$68,2,False),"")-IFERROR(VLOOKUP(A53,P$58:Q$68,2,False),"")-IFERROR(VLOOKUP(A53,R$58:S$68,2,False),"")-IFERROR(VLOOKUP(A53,T$58:U$68,2,False),"")-IFERROR(VLOOKUP(A53,V$58:W$68,2,False),"")-IFERROR(VLOOKUP(A53,X$58:Y$68,2,False),"")-IFERROR(VLOOKUP(A53,Z$58:AA$68,2,False),"") -> 279 | C53: 34 | E53: =C31 -> 279 | G53: Grade | H53: {=INDEX(Signed,Match(H51,Signed!$A$1:$A$43,0),2)} -> A | J53: {=INDEX(Signed,Match(J51,Signed!$A$1:$A$43,0),2)} -> B | L53: {=INDEX(Signed,Match(L51,Signed!$A$1:$A$43,0),2)} -> C | N53: {=INDEX(Signed,Match(N51,Signed!$A$1:$A$43,0),2)} -> C | P53: {=INDEX(Signed,Match(P51,Signed!$A$1:$A$43,0),2)} -> #N/A | R53: {=INDEX(Signed,Match(R51,Signed!$A$1:$A$43,0),2)} -> D | T53: {=INDEX(Signed,Match(T51,Signed!$A$1:$A$43,0),2)} -> D | V53: {=INDEX(Signed,Match(V51,Signed!$A$1:$A$43,0),2)} -> D | X53: {=INDEX(Signed,Match(X51,Signed!$A$1:$A$43,0),2)} -> E | Z53: {=INDEX(Signed,Match(Z51,Signed!$A$1:$A$43,0),2)} -> D
A54: G3Ohh | B54: =(C32)-IFERROR(VLOOKUP(A54,H$58:I$68,2,False),"")-IFERROR(VLOOKUP(A54,J$58:K$68,2,False),"")-IFERROR(VLOOKUP(A54,L$58:M$68,2,False),"")-IFERROR(VLOOKUP(A54,N$58:O$68,2,False),"")-IFERROR(VLOOKUP(A54,P$58:Q$68,2,False),"")-IFERROR(VLOOKUP(A54,R$58:S$68,2,False),"")-IFERROR(VLOOKUP(A54,T$58:U$68,2,False),"")-IFERROR(VLOOKUP(A54,V$58:W$68,2,False),"")-IFERROR(VLOOKUP(A54,X$58:Y$68,2,False),"")-IFERROR(VLOOKUP(A54,Z$58:AA$68,2,False),"") -> 420 | C54: 0 | E54: =C32 -> 420 | G54: Highest Bid | H54: =If(MAX('Round 33'!$C:$C)>=H52,MAX('Round 33'!$C:$C),0) -> #REF! | J54: =If(MAX('Round 33'!$D:$D)>=J52,MAX('Round 33'!$D:$D),0) -> #REF! | L54: =If(MAX('Round 33'!$E:$E)>=L52,MAX('Round 33'!$E:$E),0) -> #REF! | N54: =If(MAX('Round 33'!$F:$F)>=N52,MAX('Round 33'!$F:$F),0) -> #REF! | P54: =If(MAX('Round 33'!$G:$G)>=P52,MAX('Round 33'!$G:$G),0) -> #REF! | R54: =If(MAX('Round 33'!$H:$H)>=R52,MAX('Round 33'!$H:$H),0) -> #REF! | T54: =If(MAX('Round 33'!$I:$I)>=T52,MAX('Round 33'!$I:$I),0) -> #REF! | V54: =If(MAX('Round 33'!$J:$J)>=V52,MAX('Round 33'!$J:$J),0) -> #REF! | X54: =If(MAX('Round 33'!K:K)>=X52,MAX('Round 33'!$K:$K),0) -> #REF! | Z54: =If(MAX('Round 33'!$L:$L)>=Z52,MAX('Round 33'!$L:$L),0) -> #REF!
A55: Eternlx | B55: =(C33)-IFERROR(VLOOKUP(A55,H$58:I$68,2,False),"")-IFERROR(VLOOKUP(A55,J$58:K$68,2,False),"")-IFERROR(VLOOKUP(A55,L$58:M$68,2,False),"")-IFERROR(VLOOKUP(A55,N$58:O$68,2,False),"")-IFERROR(VLOOKUP(A55,P$58:Q$68,2,False),"")-IFERROR(VLOOKUP(A55,R$58:S$68,2,False),"")-IFERROR(VLOOKUP(A55,T$58:U$68,2,False),"")-IFERROR(VLOOKUP(A55,V$58:W$68,2,False),"")-IFERROR(VLOOKUP(A55,X$58:Y$68,2,False),"")-IFERROR(VLOOKUP(A55,Z$58:AA$68,2,False),"") -> 540 | C55: 480 | E55: =C33 -> 540 | G55: Highest Bidder | H55: =H58 | I55: =I58 | J55: =J58 | K55: =K58 | L55: =L58 | M55: =M58 | N55: =N58 | O55: =O58 | ... V55: =V58
A56: Solace | B56: =(C34)-IFERROR(VLOOKUP(A56,H$58:I$68,2,False),"")-IFERROR(VLOOKUP(A56,J$58:K$68,2,False),"")-IFERROR(VLOOKUP(A56,L$58:M$68,2,False),"")-IFERROR(VLOOKUP(A56,N$58:O$68,2,False),"")-IFERROR(VLOOKUP(A56,P$58:Q$68,2,False),"")-IFERROR(VLOOKUP(A56,R$58:S$68,2,False),"")-IFERROR(VLOOKUP(A56,T$58:U$68,2,False),"")-IFERROR(VLOOKUP(A56,V$58:W$68,2,False),"")-IFERROR(VLOOKUP(A56,X$58:Y$68,2,False),"")-IFERROR(VLOOKUP(A56,Z$58:AA$68,2,False),"") -> 41 | C56: 41 | E56: =C34 -> 41 | G56: Captain Bid List
A57: yLuxe | B57: =(C35)-IFERROR(VLOOKUP(A57,H$58:I$68,2,False),"")-IFERROR(VLOOKUP(A57,J$58:K$68,2,False),"")-IFERROR(VLOOKUP(A57,L$58:M$68,2,False),"")-IFERROR(VLOOKUP(A57,N$58:O$68,2,False),"")-IFERROR(VLOOKUP(A57,P$58:Q$68,2,False),"")-IFERROR(VLOOKUP(A57,R$58:S$68,2,False),"")-IFERROR(VLOOKUP(A57,T$58:U$68,2,False),"")-IFERROR(VLOOKUP(A57,V$58:W$68,2,False),"")-IFERROR(VLOOKUP(A57,X$58:Y$68,2,False),"")-IFERROR(VLOOKUP(A57,Z$58:AA$68,2,False),"") -> 402 | C57: 177 | E57: =C35 -> 402 | G57: Captains who bid | H57: =IFERROR(__xludf.DUMMYFUNCTION("Query('Round 33'!$A:$L,""Select B, MAX(C) WHERE C>=198 group by B order by max(C) desc"")"),"#REF!") -> #REF! | J57: =IFERROR(__xludf.DUMMYFUNCTION("Query('Round 33'!$A:$L,""Select B, MAX(D) WHERE D>=60 group by B order by max(D) desc"")"),"#REF!") -> #REF! | L57: =IFERROR(__xludf.DUMMYFUNCTION("Query('Round 33'!$A:$L,""Select B, MAX(E) WHERE E>=60 group by B order by max(E) desc"")"),"#REF!") -> #REF! | N57: =IFERROR(__xludf.DUMMYFUNCTION("Query('Round 33'!$A:$L,""Select B, MAX(F) WHERE F>=60 group by B order by max(F) desc"")"),"#REF!") -> #REF! | P57: =IFERROR(__xludf.DUMMYFUNCTION("Query('Round 33'!$A:$L,""Select B, MAX(G) WHERE G>=30 group by B order by max(G) desc"")"),"#REF!") -> #REF! | R57: =IFERROR(__xludf.DUMMYFUNCTION("Query('Round 33'!$A:$L,""Select B, MAX(H) WHERE H>=60 group by B order by max(H) desc"")"),"#REF!") -> #REF! | T57: =IFERROR(__xludf.DUMMYFUNCTION("Query('Round 33'!$A:$L,""Select B, MAX(I) WHERE I>=60 group by B order by max(I) desc"")"),"#REF!") -> #REF! | V57: =IFERROR(__xludf.DUMMYFUNCTION("Query('Round 33'!$A:$L,""Select B, MAX(J) WHERE J>=60 group by B order by max(J) desc"")"),"#REF!") -> #REF! | X57: =IFERROR(__xludf.DUMMYFUNCTION("Query('Round 33'!$A:$L,""Select B, MAX(K) WHERE K>=30 group by B order by max(K) desc"")"),"#REF!") -> #REF! | Z57: =IFERROR(__xludf.DUMMYFUNCTION("Query('Round 33'!$A:$L,""Select B, MAX(L) WHERE L>=60 group by B order by max(L) desc"")"),"#REF!") -> #REF!
A58: Rage More Nerd | B58: =(C36)-IFERROR(VLOOKUP(A58,H$58:I$68,2,False),"")-IFERROR(VLOOKUP(A58,J$58:K$68,2,False),"")-IFERROR(VLOOKUP(A58,L$58:M$68,2,False),"")-IFERROR(VLOOKUP(A58,N$58:O$68,2,False),"")-IFERROR(VLOOKUP(A58,P$58:Q$68,2,False),"")-IFERROR(VLOOKUP(A58,R$58:S$68,2,False),"")-IFERROR(VLOOKUP(A58,T$58:U$68,2,False),"")-IFERROR(VLOOKUP(A58,V$58:W$68,2,False),"")-IFERROR(VLOOKUP(A58,X$58:Y$68,2,False),"")-IFERROR(VLOOKUP(A58,Z$58:AA$68,2,False),"") -> 244 | C58: 244 | E58: =C36 -> 244
A59: Scomancer | B59: =(C37)-IFERROR(VLOOKUP(A59,H$58:I$68,2,False),"")-IFERROR(VLOOKUP(A59,J$58:K$68,2,False),"")-IFERROR(VLOOKUP(A59,L$58:M$68,2,False),"")-IFERROR(VLOOKUP(A59,N$58:O$68,2,False),"")-IFERROR(VLOOKUP(A59,P$58:Q$68,2,False),"")-IFERROR(VLOOKUP(A59,R$58:S$68,2,False),"")-IFERROR(VLOOKUP(A59,T$58:U$68,2,False),"")-IFERROR(VLOOKUP(A59,V$58:W$68,2,False),"")-IFERROR(VLOOKUP(A59,X$58:Y$68,2,False),"")-IFERROR(VLOOKUP(A59,Z$58:AA$68,2,False),"") -> 150 | C59: 150 | E59: =C37 -> 150
A60: TheAlphaTurtle | B60: =(C38)-IFERROR(VLOOKUP(A60,H$58:I$68,2,False),"")-IFERROR(VLOOKUP(A60,J$58:K$68,2,False),"")-IFERROR(VLOOKUP(A60,L$58:M$68,2,False),"")-IFERROR(VLOOKUP(A60,N$58:O$68,2,False),"")-IFERROR(VLOOKUP(A60,P$58:Q$68,2,False),"")-IFERROR(VLOOKUP(A60,R$58:S$68,2,False),"")-IFERROR(VLOOKUP(A60,T$58:U$68,2,False),"")-IFERROR(VLOOKUP(A60,V$58:W$68,2,False),"")-IFERROR(VLOOKUP(A60,X$58:Y$68,2,False),"")-IFERROR(VLOOKUP(A60,Z$58:AA$68,2,False),"") -> 440 | C60: 0 | E60: =C38 -> 440
A61: Priest XYZ | B61: =(C39)-IFERROR(VLOOKUP(A61,H$58:I$68,2,False),"")-IFERROR(VLOOKUP(A61,J$58:K$68,2,False),"")-IFERROR(VLOOKUP(A61,L$58:M$68,2,False),"")-IFERROR(VLOOKUP(A61,N$58:O$68,2,False),"")-IFERROR(VLOOKUP(A61,P$58:Q$68,2,False),"")-IFERROR(VLOOKUP(A61,R$58:S$68,2,False),"")-IFERROR(VLOOKUP(A61,T$58:U$68,2,False),"")-IFERROR(VLOOKUP(A61,V$58:W$68,2,False),"")-IFERROR(VLOOKUP(A61,X$58:Y$68,2,False),"")-IFERROR(VLOOKUP(A61,Z$58:AA$68,2,False),"") -> 420 | C61: 420 | E61: =C39 -> 420
G69: Round 4
A72: Captain | B72: Pool Total | C72: Round Credit Ended | E72: Prev Rnd | G72: Player Name | H72: Into Sublime | J72: JollyJhadIst | L72: kev1897 | N72: LilSkelR1926 | P72: Doerstopper | R72: cxrnchip | T72: gaebpls | V72: mstell96 | X72: MuNgO PuNgO | Z72: Valatino
A73: Bear is Clutch | B73: =(C52)-IFERROR(VLOOKUP(A73,H$79:I$91,2,False),"")-IFERROR(VLOOKUP(A73,J$79:K$91,2,False),"")-IFERROR(VLOOKUP(A73,L$79:M$91,2,False),"")-IFERROR(VLOOKUP(A73,N$79:O$91,2,False),"")-IFERROR(VLOOKUP(A73,P$79:Q$91,2,False),"")-IFERROR(VLOOKUP(A73,R$79:S$91,2,False),"")-IFERROR(VLOOKUP(A73,T$79:U$91,2,False),"")-IFERROR(VLOOKUP(A73,V$79:W$91,2,False),"")-IFERROR(VLOOKUP(A73,X$79:Y$91,2,False),"")-IFERROR(VLOOKUP(A73,Z$79:AA$91,2,False),"") -> 510 | C73: 0 | E73: =C52 -> 510 | G73: Base Value | H73: {=INDEX(Signed,Match(H72,Signed!$A$1:$A$43,0),3)} -> 60 | J73: {=INDEX(Signed,Match(J72,Signed!$A$1:$A$43,0),3)} -> 30 | L73: {=INDEX(Signed,Match(L72,Signed!$A$1:$A$43,0),3)} -> 30 | N73: {=INDEX(Signed,Match(N72,Signed!$A$1:$A$43,0),3)} -> 60 | P73: {=INDEX(Signed,Match(P72,Signed!$A$1:$A$43,0),3)} -> 60 | R73: {=INDEX(Signed,Match(R72,Signed!$A$1:$A$43,0),3)} -> 150 | T73: {=INDEX(Signed,Match(T72,Signed!$A$1:$A$43,0),3)} -> 30 | V73: {=INDEX(Signed,Match(V72,Signed!$A$1:$A$43,0),3)} -> 60 | X73: {=INDEX(Signed,Match(X72,Signed!$A$1:$A$43,0),3)} -> 60 | Z73: {=INDEX(Signed,Match(Z72,Signed!$A$1:$A$43,0),3)} -> 60
A74: CaptainSev004 | B74: =(C53)-IFERROR(VLOOKUP(A74,H$79:I$91,2,False),"")-IFERROR(VLOOKUP(A74,J$79:K$91,2,False),"")-IFERROR(VLOOKUP(A74,L$79:M$91,2,False),"")-IFERROR(VLOOKUP(A74,N$79:O$91,2,False),"")-IFERROR(VLOOKUP(A74,P$79:Q$91,2,False),"")-IFERROR(VLOOKUP(A74,R$79:S$91,2,False),"")-IFERROR(VLOOKUP(A74,T$79:U$91,2,False),"")-IFERROR(VLOOKUP(A74,V$79:W$91,2,False),"")-IFERROR(VLOOKUP(A74,X$79:Y$91,2,False),"")-IFERROR(VLOOKUP(A74,Z$79:AA$91,2,False),"") -> 34 | C74: 34 | E74: =C53 -> 34 | G74: Grade | H74: {=INDEX(Signed,Match(H72,Signed!$A$1:$A$43,0),2)} -> C | J74: {=INDEX(Signed,Match(J72,Signed!$A$1:$A$43,0),2)} -> E | L74: {=INDEX(Signed,Match(L72,Signed!$A$1:$A$43,0),2)} -> E | N74: {=INDEX(Signed,Match(N72,Signed!$A$1:$A$43,0),2)} -> D | P74: {=INDEX(Signed,Match(P72,Signed!$A$1:$A$43,0),2)} -> D | R74: {=INDEX(Signed,Match(R72,Signed!$A$1:$A$43,0),2)} -> B | T74: {=INDEX(Signed,Match(T72,Signed!$A$1:$A$43,0),2)} -> E | V74: {=INDEX(Signed,Match(V72,Signed!$A$1:$A$43,0),2)} -> D | X74: {=INDEX(Signed,Match(X72,Signed!$A$1:$A$43,0),2)} -> D | Z74: {=INDEX(Signed,Match(Z72,Signed!$A$1:$A$43,0),2)} -> D
A75: G3Ohh | B75: =(C54)-IFERROR(VLOOKUP(A75,H$79:I$91,2,False),"")-IFERROR(VLOOKUP(A75,J$79:K$91,2,False),"")-IFERROR(VLOOKUP(A75,L$79:M$91,2,False),"")-IFERROR(VLOOKUP(A75,N$79:O$91,2,False),"")-IFERROR(VLOOKUP(A75,P$79:Q$91,2,False),"")-IFERROR(VLOOKUP(A75,R$79:S$91,2,False),"")-IFERROR(VLOOKUP(A75,T$79:U$91,2,False),"")-IFERROR(VLOOKUP(A75,V$79:W$91,2,False),"")-IFERROR(VLOOKUP(A75,X$79:Y$91,2,False),"")-IFERROR(VLOOKUP(A75,Z$79:AA$91,2,False),"") -> 0 | C75: 0 | E75: =C54 -> 0 | G75: Highest Bid | H75: =If(MAX('Round 44'!$C:$C)>=H73,MAX('Round 44'!$C:$C),0) -> #REF! | J75: =If(MAX('Round 44'!$D:$D)>=J73,MAX('Round 44'!$D:$D),0) -> #REF! | L75: =If(MAX('Round 44'!$E:$E)>=L73,MAX('Round 44'!$E:$E),0) -> #REF! | N75: =If(MAX('Round 44'!$F:$F)>=N73,MAX('Round 44'!$F:$F),0) -> #REF! | P75: =If(MAX('Round 44'!$G:$G)>=P73,MAX('Round 44'!$G:$G),0) -> #REF! | R75: =If(MAX('Round 44'!$H:$H)>=R73,MAX('Round 44'!$H:$H),0) -> #REF! | T75: =If(MAX('Round 44'!$I:$I)>=T73,MAX('Round 44'!$I:$I),0) -> #REF! | V75: =If(MAX('Round 44'!$J:$J)>=V73,MAX('Round 44'!$J:$J),0) -> #REF! | X75: =If(MAX('Round 44'!K:K)>=X73,MAX('Round 44'!$K:$K),0) -> #REF! | Z75: =If(MAX('Round 44'!$L:$L)>=Z73,MAX('Round 44'!$L:$L),0) -> #REF!
A76: Eternlx | B76: =(C55)-IFERROR(VLOOKUP(A76,H$79:I$91,2,False),"")-IFERROR(VLOOKUP(A76,J$79:K$91,2,False),"")-IFERROR(VLOOKUP(A76,L$79:M$91,2,False),"")-IFERROR(VLOOKUP(A76,N$79:O$91,2,False),"")-IFERROR(VLOOKUP(A76,P$79:Q$91,2,False),"")-IFERROR(VLOOKUP(A76,R$79:S$91,2,False),"")-IFERROR(VLOOKUP(A76,T$79:U$91,2,False),"")-IFERROR(VLOOKUP(A76,V$79:W$91,2,False),"")-IFERROR(VLOOKUP(A76,X$79:Y$91,2,False),"")-IFERROR(VLOOKUP(A76,Z$79:AA$91,2,False),"") -> 480 | C76: 0 | E76: =C55 -> 480 | G76: Highest Bidder | H76: =H79 | I76: =I79 | J76: =J79 | K76: =K79 | L76: =L79 | M76: =M79 | N76: =N79 | O76: =O79 | ... U76: =U79
A77: Solace | B77: =(C56)-IFERROR(VLOOKUP(A77,H$79:I$91,2,False),"")-IFERROR(VLOOKUP(A77,J$79:K$91,2,False),"")-IFERROR(VLOOKUP(A77,L$79:M$91,2,False),"")-IFERROR(VLOOKUP(A77,N$79:O$91,2,False),"")-IFERROR(VLOOKUP(A77,P$79:Q$91,2,False),"")-IFERROR(VLOOKUP(A77,R$79:S$91,2,False),"")-IFERROR(VLOOKUP(A77,T$79:U$91,2,False),"")-IFERROR(VLOOKUP(A77,V$79:W$91,2,False),"")-IFERROR(VLOOKUP(A77,X$79:Y$91,2,False),"")-IFERROR(VLOOKUP(A77,Z$79:AA$91,2,False),"") -> 41 | C77: 41 | E77: =C56 -> 41 | G77: Captain Bid List
A78: yLuxe | B78: =(C57)-IFERROR(VLOOKUP(A78,H$79:I$91,2,False),"")-IFERROR(VLOOKUP(A78,J$79:K$91,2,False),"")-IFERROR(VLOOKUP(A78,L$79:M$91,2,False),"")-IFERROR(VLOOKUP(A78,N$79:O$91,2,False),"")-IFERROR(VLOOKUP(A78,P$79:Q$91,2,False),"")-IFERROR(VLOOKUP(A78,R$79:S$91,2,False),"")-IFERROR(VLOOKUP(A78,T$79:U$91,2,False),"")-IFERROR(VLOOKUP(A78,V$79:W$91,2,False),"")-IFERROR(VLOOKUP(A78,X$79:Y$91,2,False),"")-IFERROR(VLOOKUP(A78,Z$79:AA$91,2,False),"") -> 177 | C78: 117 | E78: =C57 -> 177 | G78: Captains who bid | H78: =IFERROR(__xludf.DUMMYFUNCTION("Query('Round 44'!$A:$L,""Select B, MAX(C) WHERE C>=60 group by B order by max(C) desc"")"),"#REF!") -> #REF! | J78: =IFERROR(__xludf.DUMMYFUNCTION("Query('Round 44'!$A:$L,""Select B, MAX(D) WHERE D>=30 group by B order by max(D) desc"")"),"#REF!") -> #REF! | L78: =IFERROR(__xludf.DUMMYFUNCTION("Query('Round 44'!$A:$L,""Select B, MAX(E) WHERE E>=30 group by B order by max(E) desc"")"),"#REF!") -> #REF! | N78: =IFERROR(__xludf.DUMMYFUNCTION("Query('Round 44'!$A:$L,""Select B, MAX(F) WHERE F>=60 group by B order by max(F) desc"")"),"#REF!") -> #REF! | P78: =IFERROR(__xludf.DUMMYFUNCTION("Query('Round 44'!$A:$L,""Select B, MAX(G) WHERE G>=60 group by B order by max(G) desc"")"),"#REF!") -> #REF! | R78: =IFERROR(__xludf.DUMMYFUNCTION("Query('Round 44'!$A:$L,""Select B, MAX(H) WHERE H>=60 group by B order by max(H) desc"")"),"#REF!") -> #REF! | T78: =IFERROR(__xludf.DUMMYFUNCTION("Query('Round 44'!$A:$L,""Select B, MAX(I) WHERE I>=30 group by B order by max(I) desc"")"),"#REF!") -> #REF! | V78: =IFERROR(__xludf.DUMMYFUNCTION("Query('Round 44'!$A:$L,""Select B, MAX(J) WHERE J>=60 group by B order by max(J) desc"")"),"#REF!") -> #REF! | X78: =IFERROR(__xludf.DUMMYFUNCTION("Query('Round 44'!$A:$L,""Select B, MAX(K) WHERE K>=60 group by B order by max(K) desc"")"),"#REF!") -> #REF! | Z78: =IFERROR(__xludf.DUMMYFUNCTION("Query('Round 44'!$A:$L,""Select B, MAX(L) WHERE L>=30 group by B order by max(L) desc"")"),"#REF!") -> #REF!
A79: Rage More Nerd | B79: =(C58)-IFERROR(VLOOKUP(A79,H$79:I$91,2,False),"")-IFERROR(VLOOKUP(A79,J$79:K$91,2,False),"")-IFERROR(VLOOKUP(A79,L$79:M$91,2,False),"")-IFERROR(VLOOKUP(A79,N$79:O$91,2,False),"")-IFERROR(VLOOKUP(A79,P$79:Q$91,2,False),"")-IFERROR(VLOOKUP(A79,R$79:S$91,2,False),"")-IFERROR(VLOOKUP(A79,T$79:U$91,2,False),"")-IFERROR(VLOOKUP(A79,V$79:W$91,2,False),"")-IFERROR(VLOOKUP(A79,X$79:Y$91,2,False),"")-IFERROR(VLOOKUP(A79,Z$79:AA$91,2,False),"") -> 244 | C79: 244 | E79: =C58 -> 244
A80: Scomancer | B80: =(C59)-IFERROR(VLOOKUP(A80,H$79:I$91,2,False),"")-IFERROR(VLOOKUP(A80,J$79:K$91,2,False),"")-IFERROR(VLOOKUP(A80,L$79:M$91,2,False),"")-IFERROR(VLOOKUP(A80,N$79:O$91,2,False),"")-IFERROR(VLOOKUP(A80,P$79:Q$91,2,False),"")-IFERROR(VLOOKUP(A80,R$79:S$91,2,False),"")-IFERROR(VLOOKUP(A80,T$79:U$91,2,False),"")-IFERROR(VLOOKUP(A80,V$79:W$91,2,False),"")-IFERROR(VLOOKUP(A80,X$79:Y$91,2,False),"")-IFERROR(VLOOKUP(A80,Z$79:AA$91,2,False),"") -> 150 | C80: 150 | E80: =C59 -> 150
A81: TheAlphaTurtle | B81: =(C60)-IFERROR(VLOOKUP(A81,H$79:I$91,2,False),"")-IFERROR(VLOOKUP(A81,J$79:K$91,2,False),"")-IFERROR(VLOOKUP(A81,L$79:M$91,2,False),"")-IFERROR(VLOOKUP(A81,N$79:O$91,2,False),"")-IFERROR(VLOOKUP(A81,P$79:Q$91,2,False),"")-IFERROR(VLOOKUP(A81,R$79:S$91,2,False),"")-IFERROR(VLOOKUP(A81,T$79:U$91,2,False),"")-IFERROR(VLOOKUP(A81,V$79:W$91,2,False),"")-IFERROR(VLOOKUP(A81,X$79:Y$91,2,False),"")-IFERROR(VLOOKUP(A81,Z$79:AA$91,2,False),"") -> 0 | C81: 0 | E81: =C60 -> 0
A82: Priest XYZ | B82: =(C61)-IFERROR(VLOOKUP(A82,H$79:I$91,2,False),"")-IFERROR(VLOOKUP(A82,J$79:K$91,2,False),"")-IFERROR(VLOOKUP(A82,L$79:M$91,2,False),"")-IFERROR(VLOOKUP(A82,N$79:O$91,2,False),"")-IFERROR(VLOOKUP(A82,P$79:Q$91,2,False),"")-IFERROR(VLOOKUP(A82,R$79:S$91,2,False),"")-IFERROR(VLOOKUP(A82,T$79:U$91,2,False),"")-IFERROR(VLOOKUP(A82,V$79:W$91,2,False),"")-IFERROR(VLOOKUP(A82,X$79:Y$91,2,False),"")-IFERROR(VLOOKUP(A82,Z$79:AA$91,2,False),"") -> 420 | C82: 0 | E82: =C61 -> 420
G92: Round 5
A95: Captain | B95: Pool Total | C95: Round Credit Ended | E95: Prev Rnd | G95: Player Name
A96: Bear is Clutch | G96: Base Value | H96: 60 | J96: 60 | L96: 60 | N96: 60 | P96: 30 | R96: 60 | T96: 60 | V96: 60
A97: CaptainSev004 | G97: Grade | H97: D | J97: D | L97: D | N97: D | P97: E | R97: D | T97: D | V97: D
A98: G3Ohh | G98: Highest Bid | H98: =If(MAX('Round 55'!C:C)>=H96,MAX('Round 55'!C:C),0) -> #REF! | J98: =If(MAX('Round 55'!D:D)>=J96,MAX('Round 55'!D:D),0) -> #REF! | L98: =If(MAX('Round 55'!E:E)>=L96,MAX('Round 55'!E:E),0) -> #REF! | N98: =If(MAX('Round 55'!F:F)>=N96,MAX('Round 55'!F:F),0) -> #REF! | P98: =If(MAX('Round 55'!G:G)>=P96,MAX('Round 55'!G:G),0) -> #REF! | R98: =If(MAX('Round 55'!H:H)>=R96,MAX('Round 55'!H:H),0) -> #REF! | T98: =If(MAX('Round 55'!I:I)>=R96,MAX('Round 55'!I:I),0) -> #REF!
A99: Eternlx | G99: Highest Bidder | H99: =H102 | I99: =I102 | J99: =J102 | K99: =K102 | L99: =L102 | M99: =M102 | N99: =N102 | O99: =O102 | ... U99: =U102
A100: Solace | G100: Captain Bid List
A101: yLuxe | G101: Captains who bid | H101: =IFERROR(__xludf.DUMMYFUNCTION("Query('Round 55'!$B:$J,""Select B, MAX(C) WHERE C>=198 group by B order by max(C) desc"")"),"#REF!") -> #REF! | J101: =IFERROR(__xludf.DUMMYFUNCTION("Query('Round 55'!$B:$J,""Select B, MAX(D) WHERE D>=150 group by B order by max(D) desc"")"),"#REF!") -> #REF! | L101: =IFERROR(__xludf.DUMMYFUNCTION("Query('Round 55'!$B:$J,""Select B, MAX(E) WHERE E>=60 group by B order by max(E) desc"")"),"#REF!") -> #REF! | N101: =IFERROR(__xludf.DUMMYFUNCTION("Query('Round 55'!$B:$J,""Select B, MAX(F) WHERE F>=150 group by B order by max(F) desc"")"),"#REF!") -> #REF! | P101: =IFERROR(__xludf.DUMMYFUNCTION("Query('Round 55'!$B:$J,""Select B, MAX(G) WHERE G>=30 group by B order by max(G) desc"")"),"#REF!") -> #REF! | R101: =IFERROR(__xludf.DUMMYFUNCTION("Query('Round 55'!$B:$J,""Select B, MAX(H) WHERE H>=60 group by B order by max(H) desc"")"),"#REF!") -> #REF! | T101: =IFERROR(__xludf.DUMMYFUNCTION("Query('Round 55'!$B:$J,""Select B, MAX(I) WHERE I>=30 group by B order by max(I) desc"")"),"#REF!") -> #REF! | V101: =IFERROR(__xludf.DUMMYFUNCTION("Query('Round 55'!$B:$I,""Select B, MAX(J) WHERE J>=198 group by B order by max(J) desc"")"),"#REF!") -> #REF!
A102: Rage More Nerd
A103: Scomancer
A104: TheAlphaTurtle
A105: Priest XYZ

Sheet Mock3 Page
H1: Round 1
A4: Captain | B4: Spend Watcher | C4: Pool Total | D4: Round Credit Ended | E4: You need this left | F4: Base Value | H4: Player Name | I4: ASpence501 | K4: BLOODEN NICK | M4: Beam1n1 | O4: Into Sublime | Q4: Doerstopper | S4: MoldyVolts | U4: x Greenthumb | W4: kev1897 | Y4: gaebpls | AD4: Captain | AE4: Player 1 | AF4: Player 2 | AG4: Player 3
A5: Bear is Clutch | B5: =(600-F5)-IFERROR(VLOOKUP(A5,I$11:J$21,2,False),"")-IFERROR(VLOOKUP(A5,K$11:L$21,2,False),"")-IFERROR(VLOOKUP(A5,M$11:N$21,2,False),"")-IFERROR(VLOOKUP(A5,O$11:P$21,2,False),"")-IFERROR(VLOOKUP(A5,Q$11:R$21,2,False),"")-IFERROR(VLOOKUP(A5,S$11:T$21,2,False),"")-IFERROR(VLOOKUP(A5,U$11:V$21,2,False),"")-IFERROR(VLOOKUP(A5,W$11:X$21,2,False),"")-IFERROR(VLOOKUP(A5,Y$11:Z$21,2,False),"")-IFERROR(VLOOKUP(A5,AA$11:AB$21,2,False),"") -> 570 | C5: =(600-F5) -> 570 | D5: 570 | E5: 30 | F5: =IFERROR(VLOOKUP(A5,'Bid Values'!A:F,3,0),) -> 30 | H5: Base Value | I5: {=INDEX(Signed,Match(I4,Signed!$A$1:$A$43,0),3)} -> 198 | K5: {=INDEX(Signed,Match(K4,Signed!$A$1:$A$43,0),3)} -> 150 | M5: {=INDEX(Signed,Match(M4,Signed!$A$1:$A$43,0),3)} -> 60 | O5: {=INDEX(Signed,Match(O4,Signed!$A$1:$A$43,0),3)} -> 60 | Q5: {=INDEX(Signed,Match(Q4,Signed!$A$1:$A$43,0),3)} -> 60 | S5: {=INDEX(Signed,Match(S4,Signed!$A$1:$A$43,0),3)} -> 60 | U5: {=INDEX(Signed,Match(U4,Signed!$A$1:$A$43,0),3)} -> 60 | W5: {=INDEX(Signed,Match(W4,Signed!$A$1:$A$43,0),3)} -> 30 | Y5: {=INDEX(Signed,Match(Y4,Signed!$A$1:$A$43,0),3)} -> 30 | AA5: {=INDEX(Signed,Match(AA4,Signed!$A$1:$A$43,0),3)} -> #N/A | AD5: Bear is Clutch | AE5: Havoc Puppies | AF5: Reyas | AG5: kev1897
A6: CaptainSev004 | B6: =(600-F6)-IFERROR(VLOOKUP(A6,I$11:J$21,2,False),"")-IFERROR(VLOOKUP(A6,K$11:L$21,2,False),"")-IFERROR(VLOOKUP(A6,M$11:N$21,2,False),"")-IFERROR(VLOOKUP(A6,O$11:P$21,2,False),"")-IFERROR(VLOOKUP(A6,Q$11:R$21,2,False),"")-IFERROR(VLOOKUP(A6,S$11:T$21,2,False),"")-IFERROR(VLOOKUP(A6,U$11:V$21,2,False),"")-IFERROR(VLOOKUP(A6,W$11:X$21,2,False),"")-IFERROR(VLOOKUP(A6,Y$11:Z$21,2,False),"")-IFERROR(VLOOKUP(A6,AA$11:AB$21,2,False),"") -> 540 | C6: =(600-F6) -> 540 | D6: 540 | E6: 30 | F6: =IFERROR(VLOOKUP(A6,'Bid Values'!A:F,3,0),) -> 60 | H6: Grade | I6: {=INDEX(Signed,Match(I4,Signed!$A$1:$A$43,0),2)} -> A | K6: {=INDEX(Signed,Match(K4,Signed!$A$1:$A$43,0),2)} -> B | M6: {=INDEX(Signed,Match(M4,Signed!$A$1:$A$43,0),2)} -> C | O6: {=INDEX(Signed,Match(O4,Signed!$A$1:$A$43,0),2)} -> C | Q6: {=INDEX(Signed,Match(Q4,Signed!$A$1:$A$43,0),2)} -> D | S6: {=INDEX(Signed,Match(S4,Signed!$A$1:$A$43,0),2)} -> D | U6: {=INDEX(Signed,Match(U4,Signed!$A$1:$A$43,0),2)} -> D | W6: {=INDEX(Signed,Match(W4,Signed!$A$1:$A$43,0),2)} -> E | Y6: {=INDEX(Signed,Match(Y4,Signed!$A$1:$A$43,0),2)} -> E | AA6: {=INDEX(Signed,Match(AA4,Signed!$A$1:$A$43,0),2)} -> #N/A | AD6: CaptainSev004 | AE6: Dabb | AF6: MysticalNovice | AG6: Zavi
A7: G3Ohh | B7: =(600-F7)-IFERROR(VLOOKUP(A7,I$11:J$21,2,False),"")-IFERROR(VLOOKUP(A7,K$11:L$21,2,False),"")-IFERROR(VLOOKUP(A7,M$11:N$21,2,False),"")-IFERROR(VLOOKUP(A7,O$11:P$21,2,False),"")-IFERROR(VLOOKUP(A7,Q$11:R$21,2,False),"")-IFERROR(VLOOKUP(A7,S$11:T$21,2,False),"")-IFERROR(VLOOKUP(A7,U$11:V$21,2,False),"")-IFERROR(VLOOKUP(A7,W$11:X$21,2,False),"")-IFERROR(VLOOKUP(A7,Y$11:Z$21,2,False),"")-IFERROR(VLOOKUP(A7,AA$11:AB$21,2,False),"") -> 540 | C7: =(600-F7) -> 540 | D7: 480 | E7: 30 | F7: =IFERROR(VLOOKUP(A7,'Bid Values'!A:F,3,0),) -> 60 | H7: Highest Bid | I7: =If(MAX(Round1!$C:$C)>=I5,MAX(Round1!$C:$C),0) -> #REF! | K7: =If(MAX(Round1!$D:$D)>=K5,MAX(Round1!$D:$D),0) -> #REF! | M7: =If(MAX(Round1!$E:$E)>=M5,MAX(Round1!$E:$E),0) -> #REF! | O7: =If(MAX(Round1!$F:$F)>=O5,MAX(Round1!$F:$F),0) -> #REF! | Q7: =If(MAX(Round1!$G:$G)>=Q5,MAX(Round1!$G:$G),0) -> #REF! | S7: =If(MAX(Round1!$H:$H)>=S5,MAX(Round1!$H:$H),0) -> #REF! | U7: =If(MAX(Round1!$I:$I)>=U5,MAX(Round1!$I:$I),0) -> #REF! | W7: =If(MAX(Round1!$J:$J)>=W5,MAX(Round1!$J:$J),0) -> #REF! | Y7: =If(MAX(Round1!$K:$K)>=Y5,MAX(Round1!$K:$K),0) -> #REF! | AA7: =If(MAX(Round1!$L:$L)>=AA5,MAX(Round1!$L:$L),0) -> #REF! | AD7: G3Ohh | AE7: Beam1n1 | AF7: MoldyVolts | AG7: Amnatu
A8: Eternlx | B8: =(600-F8)-IFERROR(VLOOKUP(A8,I$11:J$21,2,False),"")-IFERROR(VLOOKUP(A8,K$11:L$21,2,False),"")-IFERROR(VLOOKUP(A8,M$11:N$21,2,False),"")-IFERROR(VLOOKUP(A8,O$11:P$21,2,False),"")-IFERROR(VLOOKUP(A8,Q$11:R$21,2,False),"")-IFERROR(VLOOKUP(A8,S$11:T$21,2,False),"")-IFERROR(VLOOKUP(A8,U$11:V$21,2,False),"")-IFERROR(VLOOKUP(A8,W$11:X$21,2,False),"")-IFERROR(VLOOKUP(A8,Y$11:Z$21,2,False),"")-IFERROR(VLOOKUP(A8,AA$11:AB$21,2,False),"") -> 540 | C8: =(600-F8) -> 540 | D8: 540 | E8: 30 | F8: =IFERROR(VLOOKUP(A8,'Bid Values'!A:F,3,0),) -> 60 | H8: Highest Bidder | I8: =I11 | J8: =J11 | K8: =K11 | L8: =L11 | M8: =M11 | N8: =N11 | O8: =O11 | P8: =P11 | ... W8: =W11 | Y8: =Y11 | AA8: =AA11 | AD8: Eternlx | AE8: Godsnipezx | AF8: Mr Epic Beast | AG8: mstell96
A9: Solace | B9: =(600-F9)-IFERROR(VLOOKUP(A9,I$11:J$21,2,False),"")-IFERROR(VLOOKUP(A9,K$11:L$21,2,False),"")-IFERROR(VLOOKUP(A9,M$11:N$21,2,False),"")-IFERROR(VLOOKUP(A9,O$11:P$21,2,False),"")-IFERROR(VLOOKUP(A9,Q$11:R$21,2,False),"")-IFERROR(VLOOKUP(A9,S$11:T$21,2,False),"")-IFERROR(VLOOKUP(A9,U$11:V$21,2,False),"")-IFERROR(VLOOKUP(A9,W$11:X$21,2,False),"")-IFERROR(VLOOKUP(A9,Y$11:Z$21,2,False),"")-IFERROR(VLOOKUP(A9,AA$11:AB$21,2,False),"") -> 402 | C9: =(600-F9) -> 402 | D9: 402 | E9: 30 | F9: 198 | H9: Captain Bid List | AD9: Solace | AE9: MuNgO PuNgO | AF9: Valatino | AG9: gaebpls
A10: yLuxe | B10: =(600-F10)-IFERROR(VLOOKUP(A10,I$11:J$21,2,False),"")-IFERROR(VLOOKUP(A10,K$11:L$21,2,False),"")-IFERROR(VLOOKUP(A10,M$11:N$21,2,False),"")-IFERROR(VLOOKUP(A10,O$11:P$21,2,False),"")-IFERROR(VLOOKUP(A10,Q$11:R$21,2,False),"")-IFERROR(VLOOKUP(A10,S$11:T$21,2,False),"")-IFERROR(VLOOKUP(A10,U$11:V$21,2,False),"")-IFERROR(VLOOKUP(A10,W$11:X$21,2,False),"")-IFERROR(VLOOKUP(A10,Y$11:Z$21,2,False),"")-IFERROR(VLOOKUP(A10,AA$11:AB$21,2,False),"") -> 402 | C10: =(600-F10) -> 402 | D10: 112 | E10: 30 | F10: =IFERROR(VLOOKUP(A10,'Bid Values'!A:F,3,0),) -> 198 | H10: Captains who bid | I10: =IFERROR(__xludf.DUMMYFUNCTION("Query(Round1!$A:$L,""Select B, MAX(C) WHERE C>=198 group by B order by max(C) desc"")"),"#REF!") -> #REF! | K10: =IFERROR(__xludf.DUMMYFUNCTION("Query(Round1!$A:$L,""Select B, MAX(D) WHERE D>=150 group by B order by max(D) desc"")"),"#REF!") -> #REF! | M10: =IFERROR(__xludf.DUMMYFUNCTION("Query(Round1!$A:$L,""Select B, MAX(E) WHERE E>=60 group by B order by max(E) desc"")"),"#REF!") -> #REF! | O10: =IFERROR(__xludf.DUMMYFUNCTION("Query(Round1!$A:$L,""Select B, MAX(F) WHERE F>=60 group by B order by max(F) desc"")"),"#REF!") -> #REF! | Q10: =IFERROR(__xludf.DUMMYFUNCTION("Query(Round1!$A:$L,""Select B, MAX(G) WHERE G>=60 group by B order by max(G) desc"")"),"#REF!") -> #REF! | S10: =IFERROR(__xludf.DUMMYFUNCTION("Query(Round1!$A:$L,""Select B, MAX(H) WHERE H>=60 group by B order by max(H) desc"")"),"#REF!") -> #REF! | U10: =IFERROR(__xludf.DUMMYFUNCTION("Query(Round1!$A:$L,""Select B, MAX(I) WHERE I>=60 group by B order by max(I) desc"")"),"#REF!") -> #REF! | W10: =IFERROR(__xludf.DUMMYFUNCTION("Query(Round1!$A:$L,""Select B, MAX(J) WHERE J>=30 group by B order by max(J) desc"")"),"#REF!") -> #REF! | Y10: =IFERROR(__xludf.DUMMYFUNCTION("Query(Round1!$A:$L,""Select B, MAX(K) WHERE K>=30 group by B order by max(K) desc"")"),"#REF!") -> #REF! | AA10: =IFERROR(__xludf.DUMMYFUNCTION("Query(Round1!$A:$L,""Select B, MAX(L) WHERE L>=60 group by B order by max(L) desc"")"),"#REF!") -> #REF! | AD10: yLuxe | AE10: ASpence501 | AF10: Into Sublime | AG10: PoisonxPoptart
A11: Rage More Nerd | B11: =(600-F11)-IFERROR(VLOOKUP(A11,I$11:J$21,2,False),"")-IFERROR(VLOOKUP(A11,K$11:L$21,2,False),"")-IFERROR(VLOOKUP(A11,M$11:N$21,2,False),"")-IFERROR(VLOOKUP(A11,O$11:P$21,2,False),"")-IFERROR(VLOOKUP(A11,Q$11:R$21,2,False),"")-IFERROR(VLOOKUP(A11,S$11:T$21,2,False),"")-IFERROR(VLOOKUP(A11,U$11:V$21,2,False),"")-IFERROR(VLOOKUP(A11,W$11:X$21,2,False),"")-IFERROR(VLOOKUP(A11,Y$11:Z$21,2,False),"")-IFERROR(VLOOKUP(A11,AA$11:AB$21,2,False),"") -> 450 | C11: =(600-F11) -> 450 | D11: 390 | E11: 30 | F11: =IFERROR(VLOOKUP(A11,'Bid Values'!A:F,3,0),) -> 150 | AD11: Rage More Nerd | AE11: Doerstopper | AF11: cxrnchip | AG11: oDhmon
A12: Scomancer | B12: =(600-F12)-IFERROR(VLOOKUP(A12,I$11:J$21,2,False),"")-IFERROR(VLOOKUP(A12,K$11:L$21,2,False),"")-IFERROR(VLOOKUP(A12,M$11:N$21,2,False),"")-IFERROR(VLOOKUP(A12,O$11:P$21,2,False),"")-IFERROR(VLOOKUP(A12,Q$11:R$21,2,False),"")-IFERROR(VLOOKUP(A12,S$11:T$21,2,False),"")-IFERROR(VLOOKUP(A12,U$11:V$21,2,False),"")-IFERROR(VLOOKUP(A12,W$11:X$21,2,False),"")-IFERROR(VLOOKUP(A12,Y$11:Z$21,2,False),"")-IFERROR(VLOOKUP(A12,AA$11:AB$21,2,False),"") -> 450 | C12: =(600-F12) -> 450 | D12: 450 | E12: 30 | F12: =IFERROR(VLOOKUP(A12,'Bid Values'!A:F,3,0),) -> 150 | AD12: Scomancer | AE12: Almighty Tycoon | AF12: LilSkelR1926 | AG12: Sherbski
A13: TheAlphaTurtle | B13: =(600-F13)-IFERROR(VLOOKUP(A13,I$11:J$21,2,False),"")-IFERROR(VLOOKUP(A13,K$11:L$21,2,False),"")-IFERROR(VLOOKUP(A13,M$11:N$21,2,False),"")-IFERROR(VLOOKUP(A13,O$11:P$21,2,False),"")-IFERROR(VLOOKUP(A13,Q$11:R$21,2,False),"")-IFERROR(VLOOKUP(A13,S$11:T$21,2,False),"")-IFERROR(VLOOKUP(A13,U$11:V$21,2,False),"")-IFERROR(VLOOKUP(A13,W$11:X$21,2,False),"")-IFERROR(VLOOKUP(A13,Y$11:Z$21,2,False),"")-IFERROR(VLOOKUP(A13,AA$11:AB$21,2,False),"") -> 540 | C13: =(600-F13) -> 540 | D13: 540 | E13: 30 | F13: =IFERROR(VLOOKUP(A13,'Bid Values'!A:F,3,0),) -> 60 | AD13: TheAlphaTurtle | AE13: AwareMosquito | AF13: Myst the Cold | AG13: slayers0n
A14: cxrnchip | B14: =(600-F14)-IFERROR(VLOOKUP(A14,I$11:J$21,2,False),"")-IFERROR(VLOOKUP(A14,K$11:L$21,2,False),"")-IFERROR(VLOOKUP(A14,M$11:N$21,2,False),"")-IFERROR(VLOOKUP(A14,O$11:P$21,2,False),"")-IFERROR(VLOOKUP(A14,Q$11:R$21,2,False),"")-IFERROR(VLOOKUP(A14,S$11:T$21,2,False),"")-IFERROR(VLOOKUP(A14,U$11:V$21,2,False),"")-IFERROR(VLOOKUP(A14,W$11:X$21,2,False),"")-IFERROR(VLOOKUP(A14,Y$11:Z$21,2,False),"")-IFERROR(VLOOKUP(A14,AA$11:AB$21,2,False),"") -> 450 | C14: =(600-F14) -> 450 | D14: 420 | E14: 30 | F14: =IFERROR(VLOOKUP(A14,'Bid Values'!A:F,3,0),) -> 150 | AD14: JollyJhadIst | AE14: BLOODEN NICK | AF14: TommyWstSide | AG14: Mavbrid
E15: 30 | F15: =IFERROR(VLOOKUP(A15,'Bid Values'!A:F,3,0),)
E16: Max Spend Guide
E17: Amount needed to safely get a B & C/D player for 3rd & 4th
A20: Round 1 | E20: =(600-F5)-((150+60)+(150*0.2)+(60*0.2)) -> 318 | AE20: Spillover Draft
E21: Amount needed to safely get three E/F players
A22: All names must match above | I22: Monitor your Pool Total. If you go into the red, all your bids for the round will be invalidated. Make sure you have enough credits for each round. | AE22: Player | AF22: Grade | AG22: Captain Draft Order
AE24: x Greenthumb | AF24: D | AG24: Solace
I25: All bids are unique. Only bids equal to OR above the base value of a player will count and show up above. | AG25: Scomancer
I26: Round 2 | AE26: Óðinn Æsir | AF26: E
A29: Captain | B29: Spend Watcher | C29: Pool Total | D29: Round Credit Ended | F29: Prev Rnd | H29: Player Name | I29: Dabb | K29: cxrnchip | M29: Almighty Tycoon | O29: AwareMosquito | Q29: LilSkelR1926 | S29: mstell96 | U29: Zavi | W29: Óðinn Æsir | Y29: PoisonxPoptart
A30: Bear is Clutch | B30: =(D5)-IFERROR(VLOOKUP(A30,I$36:J$47,2,False),"")-IFERROR(VLOOKUP(A30,K$36:L$47,2,False),"")-IFERROR(VLOOKUP(A30,M$36:N$47,2,False),"")-IFERROR(VLOOKUP(A30,O$36:P$47,2,False),"")-IFERROR(VLOOKUP(A30,Q$36:R$47,2,False),"")-IFERROR(VLOOKUP(A30,S$36:T$47,2,False),"")-IFERROR(VLOOKUP(A30,U$36:V$47,2,False),"")-IFERROR(VLOOKUP(A30,W$36:X$47,2,False),"")-IFERROR(VLOOKUP(A30,Y$36:Z$47,2,False),"")-IFERROR(VLOOKUP(A30,AA$36:AB$47,2,False),"") -> 570 | C30: =D5 -> 570 | D30: 570 | F30: =D5 -> 570 | H30: Base Value | I30: {=INDEX(Signed,Match(I29,Signed!$A$1:$A$43,0),3)} -> 198 | K30: {=INDEX(Signed,Match(K29,Signed!$A$1:$A$43,0),3)} -> 150 | M30: {=INDEX(Signed,Match(M29,Signed!$A$1:$A$43,0),3)} -> 60 | O30: {=INDEX(Signed,Match(O29,Signed!$A$1:$A$43,0),3)} -> 60 | Q30: {=INDEX(Signed,Match(Q29,Signed!$A$1:$A$43,0),3)} -> 60 | S30: {=INDEX(Signed,Match(S29,Signed!$A$1:$A$43,0),3)} -> 60 | U30: {=INDEX(Signed,Match(U29,Signed!$A$1:$A$43,0),3)} -> 60 | W30: {=INDEX(Signed,Match(W29,Signed!$A$1:$A$43,0),3)} -> 30 | Y30: {=INDEX(Signed,Match(Y29,Signed!$A$1:$A$43,0),3)} -> 30 | AA30: {=INDEX(Signed,Match(AA29,Signed!$A$1:$A$43,0),3)} -> #N/A
A31: CaptainSev004 | B31: =(D6)-IFERROR(VLOOKUP(A31,I$36:J$47,2,False),"")-IFERROR(VLOOKUP(A31,K$36:L$47,2,False),"")-IFERROR(VLOOKUP(A31,M$36:N$47,2,False),"")-IFERROR(VLOOKUP(A31,O$36:P$47,2,False),"")-IFERROR(VLOOKUP(A31,Q$36:R$47,2,False),"")-IFERROR(VLOOKUP(A31,S$36:T$47,2,False),"")-IFERROR(VLOOKUP(A31,U$36:V$47,2,False),"")-IFERROR(VLOOKUP(A31,W$36:X$47,2,False),"")-IFERROR(VLOOKUP(A31,Y$36:Z$47,2,False),"")-IFERROR(VLOOKUP(A31,AA$36:AB$47,2,False),"") -> 540 | C31: =D6 -> 540 | D31: 320 | F31: =D6 -> 540 | H31: Grade | I31: {=INDEX(Signed,Match(I29,Signed!$A$1:$A$43,0),2)} -> A | K31: {=INDEX(Signed,Match(K29,Signed!$A$1:$A$43,0),2)} -> B | M31: {=INDEX(Signed,Match(M29,Signed!$A$1:$A$43,0),2)} -> C | O31: {=INDEX(Signed,Match(O29,Signed!$A$1:$A$43,0),2)} -> C | Q31: {=INDEX(Signed,Match(Q29,Signed!$A$1:$A$43,0),2)} -> D | S31: {=INDEX(Signed,Match(S29,Signed!$A$1:$A$43,0),2)} -> D | U31: {=INDEX(Signed,Match(U29,Signed!$A$1:$A$43,0),2)} -> D | W31: {=INDEX(Signed,Match(W29,Signed!$A$1:$A$43,0),2)} -> E | Y31: {=INDEX(Signed,Match(Y29,Signed!$A$1:$A$43,0),2)} -> E | AA31: {=INDEX(Signed,Match(AA29,Signed!$A$1:$A$43,0),2)} -> #N/A
A32: G3Ohh | B32: =(D7)-IFERROR(VLOOKUP(A32,I$36:J$47,2,False),"")-IFERROR(VLOOKUP(A32,K$36:L$47,2,False),"")-IFERROR(VLOOKUP(A32,M$36:N$47,2,False),"")-IFERROR(VLOOKUP(A32,O$36:P$47,2,False),"")-IFERROR(VLOOKUP(A32,Q$36:R$47,2,False),"")-IFERROR(VLOOKUP(A32,S$36:T$47,2,False),"")-IFERROR(VLOOKUP(A32,U$36:V$47,2,False),"")-IFERROR(VLOOKUP(A32,W$36:X$47,2,False),"")-IFERROR(VLOOKUP(A32,Y$36:Z$47,2,False),"")-IFERROR(VLOOKUP(A32,AA$36:AB$47,2,False),"") -> 480 | C32: =D7 -> 480 | D32: 480 | F32: =D7 -> 480 | H32: Highest Bid | I32: =If(MAX(Round2!$C:$C)>=I30,MAX(Round2!$C:$C),0) -> #REF! | K32: =If(MAX(Round2!$D:$D)>=K30,MAX(Round2!$D:$D),0) -> #REF! | M32: =If(MAX(Round2!$E:$E)>=M30,MAX(Round2!$E:$E),0) -> #REF! | O32: =If(MAX(Round2!$F:$F)>=O30,MAX(Round2!$F:$F),0) -> #REF! | Q32: =If(MAX(Round2!$G:$G)>=Q30,MAX(Round2!$G:$G),0) -> #REF! | S32: =If(MAX(Round2!$H:$H)>=S30,MAX(Round2!$H:$H),0) -> #REF! | U32: =If(MAX(Round2!$I:$I)>=U30,MAX(Round2!$I:$I),0) -> #REF! | W32: =If(MAX(Round2!$J:$J)>=W30,MAX(Round2!$J:$J),0) -> #REF! | Y32: =If(MAX(Round2!$K:$K)>=Y30,MAX(Round2!$K:$K),0) -> #REF! | AA32: =If(MAX(Round2!$L:$L)>=AA30,MAX(Round2!$L:$L),0) -> #REF!
A33: Eternlx | B33: =(D8)-IFERROR(VLOOKUP(A33,I$36:J$47,2,False),"")-IFERROR(VLOOKUP(A33,K$36:L$47,2,False),"")-IFERROR(VLOOKUP(A33,M$36:N$47,2,False),"")-IFERROR(VLOOKUP(A33,O$36:P$47,2,False),"")-IFERROR(VLOOKUP(A33,Q$36:R$47,2,False),"")-IFERROR(VLOOKUP(A33,S$36:T$47,2,False),"")-IFERROR(VLOOKUP(A33,U$36:V$47,2,False),"")-IFERROR(VLOOKUP(A33,W$36:X$47,2,False),"")-IFERROR(VLOOKUP(A33,Y$36:Z$47,2,False),"")-IFERROR(VLOOKUP(A33,AA$36:AB$47,2,False),"") -> 540 | C33: =D8 -> 540 | D33: 540 | F33: =D8 -> 540 | H33: Highest Bidder | I33: =I36 | J33: =J36 | K33: =K36 | L33: =L36 | M33: =M36 | N33: =N36 | O33: =O36 | P33: =P36 | ... W33: =W36 | Y33: =Y36 | AA33: =AA36
A34: Solace | B34: =(D9)-IFERROR(VLOOKUP(A34,I$36:J$47,2,False),"")-IFERROR(VLOOKUP(A34,K$36:L$47,2,False),"")-IFERROR(VLOOKUP(A34,M$36:N$47,2,False),"")-IFERROR(VLOOKUP(A34,O$36:P$47,2,False),"")-IFERROR(VLOOKUP(A34,Q$36:R$47,2,False),"")-IFERROR(VLOOKUP(A34,S$36:T$47,2,False),"")-IFERROR(VLOOKUP(A34,U$36:V$47,2,False),"")-IFERROR(VLOOKUP(A34,W$36:X$47,2,False),"")-IFERROR(VLOOKUP(A34,Y$36:Z$47,2,False),"")-IFERROR(VLOOKUP(A34,AA$36:AB$47,2,False),"") -> 402 | C34: =D9 -> 402 | D34: 402 | F34: =D9 -> 402 | H34: Captain Bid List
A35: yLuxe | B35: =(D10)-IFERROR(VLOOKUP(A35,I$36:J$47,2,False),"")-IFERROR(VLOOKUP(A35,K$36:L$47,2,False),"")-IFERROR(VLOOKUP(A35,M$36:N$47,2,False),"")-IFERROR(VLOOKUP(A35,O$36:P$47,2,False),"")-IFERROR(VLOOKUP(A35,Q$36:R$47,2,False),"")-IFERROR(VLOOKUP(A35,S$36:T$47,2,False),"")-IFERROR(VLOOKUP(A35,U$36:V$47,2,False),"")-IFERROR(VLOOKUP(A35,W$36:X$47,2,False),"")-IFERROR(VLOOKUP(A35,Y$36:Z$47,2,False),"")-IFERROR(VLOOKUP(A35,AA$36:AB$47,2,False),"") -> 112 | C35: =D10 -> 112 | D35: 0 | F35: =D10 -> 112 | H35: Captains who bid | I35: =IFERROR(__xludf.DUMMYFUNCTION("Query(Round2!$A:$L,""Select B, MAX(C) WHERE C>=198 group by B order by max(C) desc"")"),"#REF!") -> #REF! | K35: =IFERROR(__xludf.DUMMYFUNCTION("Query(Round2!$A:$L,""Select B, MAX(D) WHERE D>=150 group by B order by max(D) desc"")"),"#REF!") -> #REF! | M35: =IFERROR(__xludf.DUMMYFUNCTION("Query(Round2!$A:$L,""Select B, MAX(E) WHERE E>=60 group by B order by max(E) desc"")"),"#REF!") -> #REF! | O35: =IFERROR(__xludf.DUMMYFUNCTION("Query(Round2!$A:$L,""Select B, MAX(F) WHERE F>=60 group by B order by max(F) desc"")"),"#REF!") -> #REF! | Q35: =IFERROR(__xludf.DUMMYFUNCTION("Query(Round2!$A:$L,""Select B, MAX(G) WHERE G>=60 group by B order by max(G) desc"")"),"#REF!") -> #REF! | S35: =IFERROR(__xludf.DUMMYFUNCTION("Query(Round2!$A:$L,""Select B, MAX(H) WHERE H>=60 group by B order by max(H) desc"")"),"#REF!") -> #REF! | U35: =IFERROR(__xludf.DUMMYFUNCTION("Query(Round2!$A:$L,""Select B, MAX(I) WHERE I>=60 group by B order by max(I) desc"")"),"#REF!") -> #REF! | W35: =IFERROR(__xludf.DUMMYFUNCTION("Query(Round2!$A:$L,""Select B, MAX(J) WHERE J>=30 group by B order by max(J) desc"")"),"#REF!") -> #REF! | Y35: =IFERROR(__xludf.DUMMYFUNCTION("Query(Round2!$A:$L,""Select B, MAX(K) WHERE K>=30 group by B order by max(K) desc"")"),"#REF!") -> #REF! | AA35: =IFERROR(__xludf.DUMMYFUNCTION("Query(Round2!$A:$L,""Select B, MAX(L) WHERE L>=30 group by B order by max(L) desc"")"),"#REF!") -> #REF!
A36: Rage More Nerd | B36: =(D11)-IFERROR(VLOOKUP(A36,I$36:J$47,2,False),"")-IFERROR(VLOOKUP(A36,K$36:L$47,2,False),"")-IFERROR(VLOOKUP(A36,M$36:N$47,2,False),"")-IFERROR(VLOOKUP(A36,O$36:P$47,2,False),"")-IFERROR(VLOOKUP(A36,Q$36:R$47,2,False),"")-IFERROR(VLOOKUP(A36,S$36:T$47,2,False),"")-IFERROR(VLOOKUP(A36,U$36:V$47,2,False),"")-IFERROR(VLOOKUP(A36,W$36:X$47,2,False),"")-IFERROR(VLOOKUP(A36,Y$36:Z$47,2,False),"")-IFERROR(VLOOKUP(A36,AA$36:AB$47,2,False),"") -> 390 | C36: =D11 -> 390 | D36: 220 | F36: =D11 -> 390
A37: Scomancer | B37: =(D12)-IFERROR(VLOOKUP(A37,I$36:J$47,2,False),"")-IFERROR(VLOOKUP(A37,K$36:L$47,2,False),"")-IFERROR(VLOOKUP(A37,M$36:N$47,2,False),"")-IFERROR(VLOOKUP(A37,O$36:P$47,2,False),"")-IFERROR(VLOOKUP(A37,Q$36:R$47,2,False),"")-IFERROR(VLOOKUP(A37,S$36:T$47,2,False),"")-IFERROR(VLOOKUP(A37,U$36:V$47,2,False),"")-IFERROR(VLOOKUP(A37,W$36:X$47,2,False),"")-IFERROR(VLOOKUP(A37,Y$36:Z$47,2,False),"")-IFERROR(VLOOKUP(A37,AA$36:AB$47,2,False),"") -> 450 | C37: =D12 -> 450 | D37: 390 | F37: =D12 -> 450
A38: TheAlphaTurtle | B38: =(D13)-IFERROR(VLOOKUP(A38,I$36:J$47,2,False),"")-IFERROR(VLOOKUP(A38,K$36:L$47,2,False),"")-IFERROR(VLOOKUP(A38,M$36:N$47,2,False),"")-IFERROR(VLOOKUP(A38,O$36:P$47,2,False),"")-IFERROR(VLOOKUP(A38,Q$36:R$47,2,False),"")-IFERROR(VLOOKUP(A38,S$36:T$47,2,False),"")-IFERROR(VLOOKUP(A38,U$36:V$47,2,False),"")-IFERROR(VLOOKUP(A38,W$36:X$47,2,False),"")-IFERROR(VLOOKUP(A38,Y$36:Z$47,2,False),"")-IFERROR(VLOOKUP(A38,AA$36:AB$47,2,False),"") -> 540 | C38: =D13 -> 540 | D38: 480 | F38: =D13 -> 540
A39: JollyJhadIst | B39: =(D14)-IFERROR(VLOOKUP(A39,I$36:J$47,2,False),"")-IFERROR(VLOOKUP(A39,K$36:L$47,2,False),"")-IFERROR(VLOOKUP(A39,M$36:N$47,2,False),"")-IFERROR(VLOOKUP(A39,O$36:P$47,2,False),"")-IFERROR(VLOOKUP(A39,Q$36:R$47,2,False),"")-IFERROR(VLOOKUP(A39,S$36:T$47,2,False),"")-IFERROR(VLOOKUP(A39,U$36:V$47,2,False),"")-IFERROR(VLOOKUP(A39,W$36:X$47,2,False),"")-IFERROR(VLOOKUP(A39,Y$36:Z$47,2,False),"")-IFERROR(VLOOKUP(A39,AA$36:AB$47,2,False),"") -> 420 | C39: =D14 -> 420 | D39: 420 | F39: =D14 -> 420
H48: Round 3
A51: Captain | B51: Spend Watcher | C51: Pool Total | D51: Round Credit Ended | F51: Prev Rnd | H51: Player Name | I51: Godsnipezx | K51: oDhmon | M51: Myst the Cold | O51: slayers0n | Q51: Mavbrid | S51: Valatino | U51: Amnatu | W51: Sherbski
A52: Bear is Clutch | B52: =(D30)-IFERROR(VLOOKUP(A52,I$58:J$68,2,False),"")-IFERROR(VLOOKUP(A52,K$58:L$68,2,False),"")-IFERROR(VLOOKUP(A52,M$58:N$68,2,False),"")-IFERROR(VLOOKUP(A52,O$58:P$68,2,False),"")-IFERROR(VLOOKUP(A52,Q$58:R$68,2,False),"")-IFERROR(VLOOKUP(A52,S$58:T$68,2,False),"")-IFERROR(VLOOKUP(A52,U$58:V$68,2,False),"")-IFERROR(VLOOKUP(A52,W$58:X$68,2,False),"")-IFERROR(VLOOKUP(A52,Y$58:Z$68,2,False),"")-IFERROR(VLOOKUP(A52,AA$58:AB$68,2,False),"") -> 570 | C52: =D30 -> 570 | D52: 570 | F52: =D30 -> 570 | H52: Base Value | I52: {=INDEX(Signed,Match(I51,Signed!$A$1:$A$43,0),3)} -> 198 | K52: {=INDEX(Signed,Match(K51,Signed!$A$1:$A$43,0),3)} -> 150 | M52: {=INDEX(Signed,Match(M51,Signed!$A$1:$A$43,0),3)} -> 60 | O52: {=INDEX(Signed,Match(O51,Signed!$A$1:$A$43,0),3)} -> 60 | Q52: {=INDEX(Signed,Match(Q51,Signed!$A$1:$A$43,0),3)} -> 60 | S52: {=INDEX(Signed,Match(S51,Signed!$A$1:$A$43,0),3)} -> 60 | U52: {=INDEX(Signed,Match(U51,Signed!$A$1:$A$43,0),3)} -> 30 | W52: {=INDEX(Signed,Match(W51,Signed!$A$1:$A$43,0),3)} -> #N/A | Y52: {=INDEX(Signed,Match(Y51,Signed!$A$1:$A$43,0),3)} -> #N/A | AA52: {=INDEX(Signed,Match(AA51,Signed!$A$1:$A$43,0),3)} -> #N/A
A53: CaptainSev004 | B53: =(D31)-IFERROR(VLOOKUP(A53,I$58:J$68,2,False),"")-IFERROR(VLOOKUP(A53,K$58:L$68,2,False),"")-IFERROR(VLOOKUP(A53,M$58:N$68,2,False),"")-IFERROR(VLOOKUP(A53,O$58:P$68,2,False),"")-IFERROR(VLOOKUP(A53,Q$58:R$68,2,False),"")-IFERROR(VLOOKUP(A53,S$58:T$68,2,False),"")-IFERROR(VLOOKUP(A53,U$58:V$68,2,False),"")-IFERROR(VLOOKUP(A53,W$58:X$68,2,False),"")-IFERROR(VLOOKUP(A53,Y$58:Z$68,2,False),"")-IFERROR(VLOOKUP(A53,AA$58:AB$68,2,False),"") -> 320 | C53: =D31 -> 320 | D53: 320 | F53: =D31 -> 320 | H53: Grade | I53: {=INDEX(Signed,Match(I51,Signed!$A$1:$A$43,0),2)} -> A | K53: {=INDEX(Signed,Match(K51,Signed!$A$1:$A$43,0),2)} -> B | M53: {=INDEX(Signed,Match(M51,Signed!$A$1:$A$43,0),2)} -> C | O53: {=INDEX(Signed,Match(O51,Signed!$A$1:$A$43,0),2)} -> C | Q53: {=INDEX(Signed,Match(Q51,Signed!$A$1:$A$43,0),2)} -> D | S53: {=INDEX(Signed,Match(S51,Signed!$A$1:$A$43,0),2)} -> D | U53: {=INDEX(Signed,Match(U51,Signed!$A$1:$A$43,0),2)} -> E | W53: {=INDEX(Signed,Match(W51,Signed!$A$1:$A$43,0),2)} -> #N/A | Y53: {=INDEX(Signed,Match(Y51,Signed!$A$1:$A$43,0),2)} -> #N/A | AA53: {=INDEX(Signed,Match(AA51,Signed!$A$1:$A$43,0),2)} -> #N/A
A54: G3Ohh | B54: =(D32)-IFERROR(VLOOKUP(A54,I$58:J$68,2,False),"")-IFERROR(VLOOKUP(A54,K$58:L$68,2,False),"")-IFERROR(VLOOKUP(A54,M$58:N$68,2,False),"")-IFERROR(VLOOKUP(A54,O$58:P$68,2,False),"")-IFERROR(VLOOKUP(A54,Q$58:R$68,2,False),"")-IFERROR(VLOOKUP(A54,S$58:T$68,2,False),"")-IFERROR(VLOOKUP(A54,U$58:V$68,2,False),"")-IFERROR(VLOOKUP(A54,W$58:X$68,2,False),"")-IFERROR(VLOOKUP(A54,Y$58:Z$68,2,False),"")-IFERROR(VLOOKUP(A54,AA$58:AB$68,2,False),"") -> 480 | C54: =D32 -> 480 | D54: 480 | F54: =D32 -> 480 | H54: Highest Bid | I54: =If(MAX(Round3!$C:$C)>=I52,MAX(Round3!$C:$C),0) -> #REF! | K54: =If(MAX(Round3!$D:$D)>=K52,MAX(Round3!$D:$D),0) -> #REF! | M54: =If(MAX(Round3!$E:$E)>=M52,MAX(Round3!$E:$E),0) -> #REF! | O54: =If(MAX(Round3!$F:$F)>=O52,MAX(Round3!$F:$F),0) -> #REF! | Q54: =If(MAX(Round3!$G:$G)>=Q52,MAX(Round3!$G:$G),0) -> #REF! | S54: =If(MAX(Round3!$H:$H)>=S52,MAX(Round3!$H:$H),0) -> #REF! | U54: =If(MAX(Round3!$I:$I)>=U52,MAX(Round3!$I:$I),0) -> #REF! | W54: =If(MAX(Round3!$J:$J)>=W52,MAX(Round3!$J:$J),0) -> #REF! | Y54: =If(MAX(Round3!K:K)>=Y52,MAX(Round3!$K:$K),0) -> #REF! | AA54: =If(MAX(Round3!$L:$L)>=AA52,MAX(Round3!$L:$L),0) -> #REF!
A55: Eternlx | B55: =(D33)-IFERROR(VLOOKUP(A55,I$58:J$68,2,False),"")-IFERROR(VLOOKUP(A55,K$58:L$68,2,False),"")-IFERROR(VLOOKUP(A55,M$58:N$68,2,False),"")-IFERROR(VLOOKUP(A55,O$58:P$68,2,False),"")-IFERROR(VLOOKUP(A55,Q$58:R$68,2,False),"")-IFERROR(VLOOKUP(A55,S$58:T$68,2,False),"")-IFERROR(VLOOKUP(A55,U$58:V$68,2,False),"")-IFERROR(VLOOKUP(A55,W$58:X$68,2,False),"")-IFERROR(VLOOKUP(A55,Y$58:Z$68,2,False),"")-IFERROR(VLOOKUP(A55,AA$58:AB$68,2,False),"") -> 540 | C55: =D33 -> 540 | D55: 240 | F55: =D33 -> 540 | H55: Highest Bidder | I55: =I58 | J55: =J58 | K55: =K58 | L55: =L58 | M55: =M58 | N55: =N58 | O55: =O58 | P55: =P58 | ... W55: =W58
A56: Solace | B56: =(D34)-IFERROR(VLOOKUP(A56,I$58:J$68,2,False),"")-IFERROR(VLOOKUP(A56,K$58:L$68,2,False),"")-IFERROR(VLOOKUP(A56,M$58:N$68,2,False),"")-IFERROR(VLOOKUP(A56,O$58:P$68,2,False),"")-IFERROR(VLOOKUP(A56,Q$58:R$68,2,False),"")-IFERROR(VLOOKUP(A56,S$58:T$68,2,False),"")-IFERROR(VLOOKUP(A56,U$58:V$68,2,False),"")-IFERROR(VLOOKUP(A56,W$58:X$68,2,False),"")-IFERROR(VLOOKUP(A56,Y$58:Z$68,2,False),"")-IFERROR(VLOOKUP(A56,AA$58:AB$68,2,False),"") -> 402 | C56: =D34 -> 402 | D56: 402 | F56: =D34 -> 402 | H56: Captain Bid List
A57: yLuxe | B57: =(D35)-IFERROR(VLOOKUP(A57,I$58:J$68,2,False),"")-IFERROR(VLOOKUP(A57,K$58:L$68,2,False),"")-IFERROR(VLOOKUP(A57,M$58:N$68,2,False),"")-IFERROR(VLOOKUP(A57,O$58:P$68,2,False),"")-IFERROR(VLOOKUP(A57,Q$58:R$68,2,False),"")-IFERROR(VLOOKUP(A57,S$58:T$68,2,False),"")-IFERROR(VLOOKUP(A57,U$58:V$68,2,False),"")-IFERROR(VLOOKUP(A57,W$58:X$68,2,False),"")-IFERROR(VLOOKUP(A57,Y$58:Z$68,2,False),"")-IFERROR(VLOOKUP(A57,AA$58:AB$68,2,False),"") -> 0 | C57: =D35 -> 0 | D57: 0 | F57: =D35 -> 0 | H57: Captains who bid | I57: =IFERROR(__xludf.DUMMYFUNCTION("Query(Round3!$A:$L,""Select B, MAX(C) WHERE C>=198 group by B order by max(C) desc"")"),"#REF!") -> #REF! | K57: =IFERROR(__xludf.DUMMYFUNCTION("Query(Round3!$A:$L,""Select B, MAX(D) WHERE D>=158 group by B order by max(D) desc"")"),"#REF!") -> #REF! | M57: =IFERROR(__xludf.DUMMYFUNCTION("Query(Round3!$A:$L,""Select B, MAX(E) WHERE E>=60 group by B order by max(E) desc"")"),"#REF!") -> #REF! | O57: =IFERROR(__xludf.DUMMYFUNCTION("Query(Round3!$A:$L,""Select B, MAX(F) WHERE F>=60 group by B order by max(F) desc"")"),"#REF!") -> #REF! | Q57: =IFERROR(__xludf.DUMMYFUNCTION("Query(Round3!$A:$L,""Select B, MAX(G) WHERE G>=60 group by B order by max(G) desc"")"),"#REF!") -> #REF! | S57: =IFERROR(__xludf.DUMMYFUNCTION("Query(Round3!$A:$L,""Select B, MAX(H) WHERE H>=60 group by B order by max(H) desc"")"),"#REF!") -> #REF! | U57: =IFERROR(__xludf.DUMMYFUNCTION("Query(Round3!$A:$L,""Select B, MAX(I) WHERE I>=30 group by B order by max(I) desc"")"),"#REF!") -> #REF! | W57: =IFERROR(__xludf.DUMMYFUNCTION("Query(Round3!$A:$L,""Select B, MAX(J) WHERE J>=30 group by B order by max(J) desc"")"),"#REF!") -> #REF! | Y57: =IFERROR(__xludf.DUMMYFUNCTION("Query(Round3!$A:$L,""Select B, MAX(K) WHERE K>=30 group by B order by max(K) desc"")"),"#REF!") -> #REF! | AA57: =IFERROR(__xludf.DUMMYFUNCTION("Query(Round3!$A:$L,""Select B, MAX(L) WHERE L>=60 group by B order by max(L) desc"")"),"#REF!") -> #REF!
A58: Rage More Nerd | B58: =(D36)-IFERROR(VLOOKUP(A58,I$58:J$68,2,False),"")-IFERROR(VLOOKUP(A58,K$58:L$68,2,False),"")-IFERROR(VLOOKUP(A58,M$58:N$68,2,False),"")-IFERROR(VLOOKUP(A58,O$58:P$68,2,False),"")-IFERROR(VLOOKUP(A58,Q$58:R$68,2,False),"")-IFERROR(VLOOKUP(A58,S$58:T$68,2,False),"")-IFERROR(VLOOKUP(A58,U$58:V$68,2,False),"")-IFERROR(VLOOKUP(A58,W$58:X$68,2,False),"")-IFERROR(VLOOKUP(A58,Y$58:Z$68,2,False),"")-IFERROR(VLOOKUP(A58,AA$58:AB$68,2,False),"") -> 220 | C58: =D36 -> 220 | D58: 0 | F58: =D36 -> 220
A59: Scomancer | B59: =(D37)-IFERROR(VLOOKUP(A59,I$58:J$68,2,False),"")-IFERROR(VLOOKUP(A59,K$58:L$68,2,False),"")-IFERROR(VLOOKUP(A59,M$58:N$68,2,False),"")-IFERROR(VLOOKUP(A59,O$58:P$68,2,False),"")-IFERROR(VLOOKUP(A59,Q$58:R$68,2,False),"")-IFERROR(VLOOKUP(A59,S$58:T$68,2,False),"")-IFERROR(VLOOKUP(A59,U$58:V$68,2,False),"")-IFERROR(VLOOKUP(A59,W$58:X$68,2,False),"")-IFERROR(VLOOKUP(A59,Y$58:Z$68,2,False),"")-IFERROR(VLOOKUP(A59,AA$58:AB$68,2,False),"") -> 390 | C59: =D37 -> 390 | D59: 390 | F59: =D37 -> 390
A60: TheAlphaTurtle | B60: =(D38)-IFERROR(VLOOKUP(A60,I$58:J$68,2,False),"")-IFERROR(VLOOKUP(A60,K$58:L$68,2,False),"")-IFERROR(VLOOKUP(A60,M$58:N$68,2,False),"")-IFERROR(VLOOKUP(A60,O$58:P$68,2,False),"")-IFERROR(VLOOKUP(A60,Q$58:R$68,2,False),"")-IFERROR(VLOOKUP(A60,S$58:T$68,2,False),"")-IFERROR(VLOOKUP(A60,U$58:V$68,2,False),"")-IFERROR(VLOOKUP(A60,W$58:X$68,2,False),"")-IFERROR(VLOOKUP(A60,Y$58:Z$68,2,False),"")-IFERROR(VLOOKUP(A60,AA$58:AB$68,2,False),"") -> 480 | C60: =D38 -> 480 | D60: 400 | F60: =D38 -> 480
A61: JollyJhadIst | B61: =(D39)-IFERROR(VLOOKUP(A61,I$58:J$68,2,False),"")-IFERROR(VLOOKUP(A61,K$58:L$68,2,False),"")-IFERROR(VLOOKUP(A61,M$58:N$68,2,False),"")-IFERROR(VLOOKUP(A61,O$58:P$68,2,False),"")-IFERROR(VLOOKUP(A61,Q$58:R$68,2,False),"")-IFERROR(VLOOKUP(A61,S$58:T$68,2,False),"")-IFERROR(VLOOKUP(A61,U$58:V$68,2,False),"")-IFERROR(VLOOKUP(A61,W$58:X$68,2,False),"")-IFERROR(VLOOKUP(A61,Y$58:Z$68,2,False),"")-IFERROR(VLOOKUP(A61,AA$58:AB$68,2,False),"") -> 420 | C61: =D39 -> 420 | D61: 420 | F61: =D39 -> 420
H69: Round 4
A72: Captain | B72: Spend Watcher | C72: Pool Total | D72: Round Credit Ended | F72: Prev Rnd | H72: Player Name | I72: MysticalNovice | K72: Havoc Puppies | M72: Reyas | O72: TommyWstSide | Q72: Mr Epic Beast | S72: MuNgO PuNgO
A73: Bear is Clutch | B73: =(D52)-IFERROR(VLOOKUP(A73,I$79:J$91,2,False),"")-IFERROR(VLOOKUP(A73,K$79:L$91,2,False),"")-IFERROR(VLOOKUP(A73,M$79:N$91,2,False),"")-IFERROR(VLOOKUP(A73,O$79:P$91,2,False),"")-IFERROR(VLOOKUP(A73,Q$79:R$91,2,False),"")-IFERROR(VLOOKUP(A73,S$79:T$91,2,False),"")-IFERROR(VLOOKUP(A73,U$79:V$91,2,False),"")-IFERROR(VLOOKUP(A73,W$79:X$91,2,False),"")-IFERROR(VLOOKUP(A73,Y$79:Z$91,2,False),"")-IFERROR(VLOOKUP(A73,AA$79:AB$91,2,False),"") -> 570 | C73: =D52 -> 570 | D73: 261 | F73: =D52 -> 570 | H73: Base Value | I73: {=INDEX(Signed,Match(I72,Signed!$A$1:$A$43,0),3)} -> 198 | K73: {=INDEX(Signed,Match(K72,Signed!$A$1:$A$43,0),3)} -> 60 | M73: {=INDEX(Signed,Match(M72,Signed!$A$1:$A$43,0),3)} -> 60 | O73: {=INDEX(Signed,Match(O72,Signed!$A$1:$A$43,0),3)} -> 60 | Q73: {=INDEX(Signed,Match(Q72,Signed!$A$1:$A$43,0),3)} -> 60 | S73: {=INDEX(Signed,Match(S72,Signed!$A$1:$A$43,0),3)} -> 60 | U73: {=INDEX(Signed,Match(U72,Signed!$A$1:$A$43,0),3)} -> #N/A | W73: {=INDEX(Signed,Match(W72,Signed!$A$1:$A$43,0),3)} -> #N/A | Y73: {=INDEX(Signed,Match(Y72,Signed!$A$1:$A$43,0),3)} -> #N/A | AA73: {=INDEX(Signed,Match(AA72,Signed!$A$1:$A$43,0),3)} -> #N/A
A74: CaptainSev004 | B74: =(D53)-IFERROR(VLOOKUP(A74,I$79:J$91,2,False),"")-IFERROR(VLOOKUP(A74,K$79:L$91,2,False),"")-IFERROR(VLOOKUP(A74,M$79:N$91,2,False),"")-IFERROR(VLOOKUP(A74,O$79:P$91,2,False),"")-IFERROR(VLOOKUP(A74,Q$79:R$91,2,False),"")-IFERROR(VLOOKUP(A74,S$79:T$91,2,False),"")-IFERROR(VLOOKUP(A74,U$79:V$91,2,False),"")-IFERROR(VLOOKUP(A74,W$79:X$91,2,False),"")-IFERROR(VLOOKUP(A74,Y$79:Z$91,2,False),"")-IFERROR(VLOOKUP(A74,AA$79:AB$91,2,False),"") -> 320 | C74: =D53 -> 320 | D74: 58 | F74: =D53 -> 320 | H74: Grade | I74: {=INDEX(Signed,Match(I72,Signed!$A$1:$A$43,0),2)} -> A | K74: {=INDEX(Signed,Match(K72,Signed!$A$1:$A$43,0),2)} -> C | M74: {=INDEX(Signed,Match(M72,Signed!$A$1:$A$43,0),2)} -> C | O74: {=INDEX(Signed,Match(O72,Signed!$A$1:$A$43,0),2)} -> C | Q74: {=INDEX(Signed,Match(Q72,Signed!$A$1:$A$43,0),2)} -> D | S74: {=INDEX(Signed,Match(S72,Signed!$A$1:$A$43,0),2)} -> D | U74: {=INDEX(Signed,Match(U72,Signed!$A$1:$A$43,0),2)} -> #N/A | W74: {=INDEX(Signed,Match(W72,Signed!$A$1:$A$43,0),2)} -> #N/A | Y74: {=INDEX(Signed,Match(Y72,Signed!$A$1:$A$43,0),2)} -> #N/A | AA74: {=INDEX(Signed,Match(AA72,Signed!$A$1:$A$43,0),2)} -> #N/A
A75: G3Ohh | B75: =(D54)-IFERROR(VLOOKUP(A75,I$79:J$91,2,False),"")-IFERROR(VLOOKUP(A75,K$79:L$91,2,False),"")-IFERROR(VLOOKUP(A75,M$79:N$91,2,False),"")-IFERROR(VLOOKUP(A75,O$79:P$91,2,False),"")-IFERROR(VLOOKUP(A75,Q$79:R$91,2,False),"")-IFERROR(VLOOKUP(A75,S$79:T$91,2,False),"")-IFERROR(VLOOKUP(A75,U$79:V$91,2,False),"")-IFERROR(VLOOKUP(A75,W$79:X$91,2,False),"")-IFERROR(VLOOKUP(A75,Y$79:Z$91,2,False),"")-IFERROR(VLOOKUP(A75,AA$79:AB$91,2,False),"") -> 480 | C75: =D54 -> 480 | D75: 480 | F75: =D54 -> 480 | H75: Highest Bid | I75: =If(MAX(Round4!$C:$C)>=I73,MAX(Round4!$C:$C),0) -> #REF! | K75: =If(MAX(Round4!$D:$D)>=K73,MAX(Round4!$D:$D),0) -> #REF! | M75: =If(MAX(Round4!$E:$E)>=M73,MAX(Round4!$E:$E),0) -> #REF! | O75: =If(MAX(Round4!$F:$F)>=O73,MAX(Round4!$F:$F),0) -> #REF! | Q75: =If(MAX(Round4!$G:$G)>=Q73,MAX(Round4!$G:$G),0) -> #REF! | S75: =If(MAX(Round4!$H:$H)>=S73,MAX(Round4!$H:$H),0) -> #REF! | U75: =If(MAX(Round4!$I:$I)>=U73,MAX(Round4!$I:$I),0) -> #REF! | W75: =If(MAX(Round4!$J:$J)>=W73,MAX(Round4!$J:$J),0) -> #REF! | Y75: =If(MAX(Round4!K:K)>=Y73,MAX(Round4!$K:$K),0) -> #REF! | AA75: =If(MAX(Round4!$L:$L)>=AA73,MAX(Round4!$L:$L),0) -> #REF!
A76: Eternlx | B76: =(D55)-IFERROR(VLOOKUP(A76,I$79:J$91,2,False),"")-IFERROR(VLOOKUP(A76,K$79:L$91,2,False),"")-IFERROR(VLOOKUP(A76,M$79:N$91,2,False),"")-IFERROR(VLOOKUP(A76,O$79:P$91,2,False),"")-IFERROR(VLOOKUP(A76,Q$79:R$91,2,False),"")-IFERROR(VLOOKUP(A76,S$79:T$91,2,False),"")-IFERROR(VLOOKUP(A76,U$79:V$91,2,False),"")-IFERROR(VLOOKUP(A76,W$79:X$91,2,False),"")-IFERROR(VLOOKUP(A76,Y$79:Z$91,2,False),"")-IFERROR(VLOOKUP(A76,AA$79:AB$91,2,False),"") -> 240 | C76: =D55 -> 240 | D76: 180 | F76: =D55 -> 240 | H76: Highest Bidder | I76: =I79 | J76: =J79 | K76: =K79 | L76: =L79 | M76: =M79 | N76: =N79 | O76: =O79 | P76: =P79 | ... V76: =V79
A77: Solace | B77: =(D56)-IFERROR(VLOOKUP(A77,I$79:J$91,2,False),"")-IFERROR(VLOOKUP(A77,K$79:L$91,2,False),"")-IFERROR(VLOOKUP(A77,M$79:N$91,2,False),"")-IFERROR(VLOOKUP(A77,O$79:P$91,2,False),"")-IFERROR(VLOOKUP(A77,Q$79:R$91,2,False),"")-IFERROR(VLOOKUP(A77,S$79:T$91,2,False),"")-IFERROR(VLOOKUP(A77,U$79:V$91,2,False),"")-IFERROR(VLOOKUP(A77,W$79:X$91,2,False),"")-IFERROR(VLOOKUP(A77,Y$79:Z$91,2,False),"")-IFERROR(VLOOKUP(A77,AA$79:AB$91,2,False),"") -> 402 | C77: =D56 -> 402 | D77: 402 | F77: =D56 -> 402 | H77: Captain Bid List
A78: yLuxe | B78: =(D57)-IFERROR(VLOOKUP(A78,I$79:J$91,2,False),"")-IFERROR(VLOOKUP(A78,K$79:L$91,2,False),"")-IFERROR(VLOOKUP(A78,M$79:N$91,2,False),"")-IFERROR(VLOOKUP(A78,O$79:P$91,2,False),"")-IFERROR(VLOOKUP(A78,Q$79:R$91,2,False),"")-IFERROR(VLOOKUP(A78,S$79:T$91,2,False),"")-IFERROR(VLOOKUP(A78,U$79:V$91,2,False),"")-IFERROR(VLOOKUP(A78,W$79:X$91,2,False),"")-IFERROR(VLOOKUP(A78,Y$79:Z$91,2,False),"")-IFERROR(VLOOKUP(A78,AA$79:AB$91,2,False),"") -> 0 | C78: =D57 -> 0 | D78: 0 | F78: =D57 -> 0 | H78: Captains who bid | I78: =IFERROR(__xludf.DUMMYFUNCTION("Query(Round4!$A:$L,""Select B, MAX(C) WHERE C>=198 group by B order by max(C) desc"")"),"#REF!") -> #REF! | K78: =IFERROR(__xludf.DUMMYFUNCTION("Query(Round4!$A:$L,""Select B, MAX(D) WHERE D>=60 group by B order by max(D) desc"")"),"#REF!") -> #REF! | M78: =IFERROR(__xludf.DUMMYFUNCTION("Query(Round4!$A:$L,""Select B, MAX(E) WHERE E>=60 group by B order by max(E) desc"")"),"#REF!") -> #REF! | O78: =IFERROR(__xludf.DUMMYFUNCTION("Query(Round4!$A:$L,""Select B, MAX(F) WHERE F>=60 group by B order by max(F) desc"")"),"#REF!") -> #REF! | Q78: =IFERROR(__xludf.DUMMYFUNCTION("Query(Round4!$A:$L,""Select B, MAX(G) WHERE G>=60 group by B order by max(G) desc"")"),"#REF!") -> #REF! | S78: =IFERROR(__xludf.DUMMYFUNCTION("Query(Round4!$A:$L,""Select B, MAX(H) WHERE H>=60 group by B order by max(H) desc"")"),"#REF!") -> #REF! | U78: =IFERROR(__xludf.DUMMYFUNCTION("Query(Round4!$A:$L,""Select B, MAX(I) WHERE I>=30 group by B order by max(I) desc"")"),"#REF!") -> #REF! | W78: =IFERROR(__xludf.DUMMYFUNCTION("Query(Round4!$A:$L,""Select B, MAX(J) WHERE J>=60 group by B order by max(J) desc"")"),"#REF!") -> #REF! | Y78: =IFERROR(__xludf.DUMMYFUNCTION("Query(Round4!$A:$L,""Select B, MAX(K) WHERE K>=60 group by B order by max(K) desc"")"),"#REF!") -> #REF! | AA78: =IFERROR(__xludf.DUMMYFUNCTION("Query(Round4!$A:$L,""Select B, MAX(L) WHERE L>=30 group by B order by max(L) desc"")"),"#REF!") -> #REF!
A79: Rage More Nerd | B79: =(D58)-IFERROR(VLOOKUP(A79,I$79:J$91,2,False),"")-IFERROR(VLOOKUP(A79,K$79:L$91,2,False),"")-IFERROR(VLOOKUP(A79,M$79:N$91,2,False),"")-IFERROR(VLOOKUP(A79,O$79:P$91,2,False),"")-IFERROR(VLOOKUP(A79,Q$79:R$91,2,False),"")-IFERROR(VLOOKUP(A79,S$79:T$91,2,False),"")-IFERROR(VLOOKUP(A79,U$79:V$91,2,False),"")-IFERROR(VLOOKUP(A79,W$79:X$91,2,False),"")-IFERROR(VLOOKUP(A79,Y$79:Z$91,2,False),"")-IFERROR(VLOOKUP(A79,AA$79:AB$91,2,False),"") -> 0 | C79: =D58 -> 0 | D79: 0 | F79: =D58 -> 0
A80: Scomancer | B80: =(D59)-IFERROR(VLOOKUP(A80,I$79:J$91,2,False),"")-IFERROR(VLOOKUP(A80,K$79:L$91,2,False),"")-IFERROR(VLOOKUP(A80,M$79:N$91,2,False),"")-IFERROR(VLOOKUP(A80,O$79:P$91,2,False),"")-IFERROR(VLOOKUP(A80,Q$79:R$91,2,False),"")-IFERROR(VLOOKUP(A80,S$79:T$91,2,False),"")-IFERROR(VLOOKUP(A80,U$79:V$91,2,False),"")-IFERROR(VLOOKUP(A80,W$79:X$91,2,False),"")-IFERROR(VLOOKUP(A80,Y$79:Z$91,2,False),"")-IFERROR(VLOOKUP(A80,AA$79:AB$91,2,False),"") -> 390 | C80: =D59 -> 390 | D80: 390 | F80: =D59 -> 390
A81: TheAlphaTurtle | B81: =(D60)-IFERROR(VLOOKUP(A81,I$79:J$91,2,False),"")-IFERROR(VLOOKUP(A81,K$79:L$91,2,False),"")-IFERROR(VLOOKUP(A81,M$79:N$91,2,False),"")-IFERROR(VLOOKUP(A81,O$79:P$91,2,False),"")-IFERROR(VLOOKUP(A81,Q$79:R$91,2,False),"")-IFERROR(VLOOKUP(A81,S$79:T$91,2,False),"")-IFERROR(VLOOKUP(A81,U$79:V$91,2,False),"")-IFERROR(VLOOKUP(A81,W$79:X$91,2,False),"")-IFERROR(VLOOKUP(A81,Y$79:Z$91,2,False),"")-IFERROR(VLOOKUP(A81,AA$79:AB$91,2,False),"") -> 400 | C81: =D60 -> 400 | D81: 400 | F81: =D60 -> 400
A82: JollyJhadIst | B82: =(D61)-IFERROR(VLOOKUP(A82,I$79:J$91,2,False),"")-IFERROR(VLOOKUP(A82,K$79:L$91,2,False),"")-IFERROR(VLOOKUP(A82,M$79:N$91,2,False),"")-IFERROR(VLOOKUP(A82,O$79:P$91,2,False),"")-IFERROR(VLOOKUP(A82,Q$79:R$91,2,False),"")-IFERROR(VLOOKUP(A82,S$79:T$91,2,False),"")-IFERROR(VLOOKUP(A82,U$79:V$91,2,False),"")-IFERROR(VLOOKUP(A82,W$79:X$91,2,False),"")-IFERROR(VLOOKUP(A82,Y$79:Z$91,2,False),"")-IFERROR(VLOOKUP(A82,AA$79:AB$91,2,False),"") -> 420 | C82: =D61 -> 420 | D82: 320 | F82: =D61 -> 420
H92: Round 5
A95: Captain | B95: Pool Total | D95: Round Credit Ended | F95: Prev Rnd | H95: Player Name
A96: Bear is Clutch | H96: Base Value | I96: 60 | K96: 60 | M96: 60 | O96: 60 | Q96: 30 | S96: 60 | U96: 60 | W96: 60
A97: CaptainSev004 | H97: Grade | I97: D | K97: D | M97: D | O97: D | Q97: E | S97: D | U97: D | W97: D
A98: G3Ohh | H98: Highest Bid | I98: =If(MAX('Round 55'!D:D)>=I96,MAX('Round 55'!D:D),0) -> #REF! | K98: =If(MAX('Round 55'!E:E)>=K96,MAX('Round 55'!E:E),0) -> #REF! | M98: =If(MAX('Round 55'!F:F)>=M96,MAX('Round 55'!F:F),0) -> #REF! | O98: =If(MAX('Round 55'!G:G)>=O96,MAX('Round 55'!G:G),0) -> #REF! | Q98: =If(MAX('Round 55'!H:H)>=Q96,MAX('Round 55'!H:H),0) -> #REF! | S98: =If(MAX('Round 55'!I:I)>=S96,MAX('Round 55'!I:I),0) -> #REF! | U98: =If(MAX('Round 55'!J:J)>=S96,MAX('Round 55'!J:J),0) -> #REF!
A99: Eternlx | H99: Highest Bidder | I99: =I102 | J99: =J102 | K99: =K102 | L99: =L102 | M99: =M102 | N99: =N102 | O99: =O102 | P99: =P102 | ... V99: =V102
A100: Solace | H100: Captain Bid List
A101: yLuxe | H101: Captains who bid | I101: =IFERROR(__xludf.DUMMYFUNCTION("Query('Round 55'!$B:$J,""Select B, MAX(C) WHERE C>=198 group by B order by max(C) desc"")"),"#REF!") -> #REF! | K101: =IFERROR(__xludf.DUMMYFUNCTION("Query('Round 55'!$B:$J,""Select B, MAX(D) WHERE D>=150 group by B order by max(D) desc"")"),"#REF!") -> #REF! | M101: =IFERROR(__xludf.DUMMYFUNCTION("Query('Round 55'!$B:$J,""Select B, MAX(E) WHERE E>=60 group by B order by max(E) desc"")"),"#REF!") -> #REF! | O101: =IFERROR(__xludf.DUMMYFUNCTION("Query('Round 55'!$B:$J,""Select B, MAX(F) WHERE F>=150 group by B order by max(F) desc"")"),"#REF!") -> #REF! | Q101: =IFERROR(__xludf.DUMMYFUNCTION("Query('Round 55'!$B:$J,""Select B, MAX(G) WHERE G>=30 group by B order by max(G) desc"")"),"#REF!") -> #REF! | S101: =IFERROR(__xludf.DUMMYFUNCTION("Query('Round 55'!$B:$J,""Select B, MAX(H) WHERE H>=60 group by B order by max(H) desc"")"),"#REF!") -> #REF! | U101: =IFERROR(__xludf.DUMMYFUNCTION("Query('Round 55'!$B:$J,""Select B, MAX(I) WHERE I>=30 group by B order by max(I) desc"")"),"#REF!") -> #REF! | W101: =IFERROR(__xludf.DUMMYFUNCTION("Query('Round 55'!$B:$I,""Select B, MAX(J) WHERE J>=198 group by B order by max(J) desc"")"),"#REF!") -> #REF!
A102: Rage More Nerd
A103: Scomancer
A104: TheAlphaTurtle
A105: Priest XYZ

Sheet H4 Bidding Page
H1: Round 1
A4: Captain | B4: Spend Watcher | C4: Pool Total | D4: Round Credit Ended | E4: You need this left | F4: Base Value | H4: Player Name | I4: Dabb | K4: oDhmon | M4: Beam1n1 | O4: TommyWstSide | Q4: MuNgO PuNgO | S4: LilSkelR1926 | U4: gaebpls | W4: Sherbski | AD4: Captain | AE4: Grade AVG | AF4: Player 1 | AG4: Player 2 | AH4: Player 3
A5: Bear is Clutch | B5: =(600-F5)-IFERROR(VLOOKUP(A5,I$11:J$21,2,False),"")-IFERROR(VLOOKUP(A5,K$11:L$21,2,False),"")-IFERROR(VLOOKUP(A5,M$11:N$21,2,False),"")-IFERROR(VLOOKUP(A5,O$11:P$21,2,False),"")-IFERROR(VLOOKUP(A5,Q$11:R$21,2,False),"")-IFERROR(VLOOKUP(A5,S$11:T$21,2,False),"")-IFERROR(VLOOKUP(A5,U$11:V$21,2,False),"")-IFERROR(VLOOKUP(A5,W$11:X$21,2,False),"")-IFERROR(VLOOKUP(A5,Y$11:Z$21,2,False),"")-IFERROR(VLOOKUP(A5,AA$11:AB$21,2,False),"") -> 66 | C5: =(600-F5) -> 570 | D5: 570 | E5: 30 | F5: =IFERROR(VLOOKUP(A5,'Bid Values'!A:F,3,0),) -> 30 | H5: Base Value | I5: {=INDEX(Signed,Match(I4,Signed!$A$1:$A$43,0),3)} -> 198 | K5: {=INDEX(Signed,Match(K4,Signed!$A$1:$A$43,0),3)} -> 150 | M5: {=INDEX(Signed,Match(M4,Signed!$A$1:$A$43,0),3)} -> 60 | O5: {=INDEX(Signed,Match(O4,Signed!$A$1:$A$43,0),3)} -> 60 | Q5: {=INDEX(Signed,Match(Q4,Signed!$A$1:$A$43,0),3)} -> 60 | S5: {=INDEX(Signed,Match(S4,Signed!$A$1:$A$43,0),3)} -> 60 | U5: {=INDEX(Signed,Match(U4,Signed!$A$1:$A$43,0),3)} -> 30 | W5: {=INDEX(Signed,Match(W4,Signed!$A$1:$A$44,0),3)} -> 30 | AD5: Bear is Clutch | AE5: D | AF5: ASpence501 | AG5: Mr Epic Beast | AH5: Óðinn Æsir
A6: CaptainSev004 | B6: =(600-F6)-IFERROR(VLOOKUP(A6,I$11:J$21,2,False),"")-IFERROR(VLOOKUP(A6,K$11:L$21,2,False),"")-IFERROR(VLOOKUP(A6,M$11:N$21,2,False),"")-IFERROR(VLOOKUP(A6,O$11:P$21,2,False),"")-IFERROR(VLOOKUP(A6,Q$11:R$21,2,False),"")-IFERROR(VLOOKUP(A6,S$11:T$21,2,False),"")-IFERROR(VLOOKUP(A6,U$11:V$21,2,False),"")-IFERROR(VLOOKUP(A6,W$11:X$21,2,False),"")-IFERROR(VLOOKUP(A6,Y$11:Z$21,2,False),"")-IFERROR(VLOOKUP(A6,AA$11:AB$21,2,False),"") -> 375 | C6: =(600-F6) -> 540 | D6: 540 | E6: 30 | F6: =IFERROR(VLOOKUP(A6,'Bid Values'!A:F,3,0),) -> 60 | H6: Grade | I6: {=INDEX(Signed,Match(I4,Signed!$A$1:$A$43,0),2)} -> A | K6: {=INDEX(Signed,Match(K4,Signed!$A$1:$A$43,0),2)} -> B | M6: {=INDEX(Signed,Match(M4,Signed!$A$1:$A$43,0),2)} -> C | O6: {=INDEX(Signed,Match(O4,Signed!$A$1:$A$43,0),2)} -> C | Q6: {=INDEX(Signed,Match(Q4,Signed!$A$1:$A$43,0),2)} -> D | S6: {=INDEX(Signed,Match(S4,Signed!$A$1:$A$43,0),2)} -> D | U6: {=INDEX(Signed,Match(U4,Signed!$A$1:$A$43,0),2)} -> E | W6: {=INDEX(Signed,Match(W4,Signed!$A$1:$A$45,0),2)} -> E | AD6: CaptainSev004 | AE6: C | AF6: Reyas | AG6: Godsnipezx | AH6: Sherbski
A7: G3Ohh | B7: =(600-F7)-IFERROR(VLOOKUP(A7,I$11:J$21,2,False),"")-IFERROR(VLOOKUP(A7,K$11:L$21,2,False),"")-IFERROR(VLOOKUP(A7,M$11:N$21,2,False),"")-IFERROR(VLOOKUP(A7,O$11:P$21,2,False),"")-IFERROR(VLOOKUP(A7,Q$11:R$21,2,False),"")-IFERROR(VLOOKUP(A7,S$11:T$21,2,False),"")-IFERROR(VLOOKUP(A7,U$11:V$21,2,False),"")-IFERROR(VLOOKUP(A7,W$11:X$21,2,False),"")-IFERROR(VLOOKUP(A7,Y$11:Z$21,2,False),"")-IFERROR(VLOOKUP(A7,AA$11:AB$21,2,False),"") -> 460 | C7: =(600-F7) -> 540 | D7: 460 | E7: 30 | F7: =IFERROR(VLOOKUP(A7,'Bid Values'!A:F,3,0),) -> 60 | H7: Highest Bid | I7: =If(MAX('Round 1'!$C:$C)>=I5,MAX('Round 1'!$C:$C),0) -> 350 | K7: =If(MAX('Round 1'!$D:$D)>=K5,MAX('Round 1'!$D:$D),0) -> 213 | M7: =If(MAX('Round 1'!$E:$E)>=M5,MAX('Round 1'!$E:$E),0) -> 61 | O7: =If(MAX('Round 1'!$F:$F)>=O5,MAX('Round 1'!$F:$F),0) -> 95 | Q7: =If(MAX('Round 1'!$G:$G)>=Q5,MAX('Round 1'!$G:$G),0) -> 80 | S7: =If(MAX('Round 1'!$H:$H)>=S5,MAX('Round 1'!$H:$H),0) -> 60 | U7: =If(MAX('Round 1'!$I:$I)>=U5,MAX('Round 1'!$I:$I),0) -> 0 | W7: =If(MAX('Round 1'!$J:$J)>=W5,MAX('Round 1'!$J:$J),0) -> 0 | AD7: G3Ohh | AE7: D | AF7: MuNgO PuNgO | AG7: Into Sublime | AH7: Zavi
A8: Eternlx | B8: =(600-F8)-IFERROR(VLOOKUP(A8,I$11:J$21,2,False),"")-IFERROR(VLOOKUP(A8,K$11:L$21,2,False),"")-IFERROR(VLOOKUP(A8,M$11:N$21,2,False),"")-IFERROR(VLOOKUP(A8,O$11:P$21,2,False),"")-IFERROR(VLOOKUP(A8,Q$11:R$21,2,False),"")-IFERROR(VLOOKUP(A8,S$11:T$21,2,False),"")-IFERROR(VLOOKUP(A8,U$11:V$21,2,False),"")-IFERROR(VLOOKUP(A8,W$11:X$21,2,False),"")-IFERROR(VLOOKUP(A8,Y$11:Z$21,2,False),"")-IFERROR(VLOOKUP(A8,AA$11:AB$21,2,False),"") -> 220 | C8: =(600-F8) -> 540 | D8: 540 | E8: 30 | F8: =IFERROR(VLOOKUP(A8,'Bid Values'!A:F,3,0),) -> 60 | H8: Highest Bidder | I8: =I11 -> Rage More Nerd | J8: =J11 -> 350 | K8: =K11 -> yLuxe | L8: =L11 -> 213 | M8: =M11 -> TheAlphaTurtle | N8: =N11 -> 61 | O8: =O11 -> Maverick | P8: =P11 -> 95 | ... W8: =W11 | AD8: Eternlx | AE8: D | AF8: Doerstopper | AG8: Priest XYZ | AH8: JollyJhadIst
A9: Solace | B9: =(600-F9)-IFERROR(VLOOKUP(A9,I$11:J$21,2,False),"")-IFERROR(VLOOKUP(A9,K$11:L$21,2,False),"")-IFERROR(VLOOKUP(A9,M$11:N$21,2,False),"")-IFERROR(VLOOKUP(A9,O$11:P$21,2,False),"")-IFERROR(VLOOKUP(A9,Q$11:R$21,2,False),"")-IFERROR(VLOOKUP(A9,S$11:T$21,2,False),"")-IFERROR(VLOOKUP(A9,U$11:V$21,2,False),"")-IFERROR(VLOOKUP(A9,W$11:X$21,2,False),"")-IFERROR(VLOOKUP(A9,Y$11:Z$21,2,False),"")-IFERROR(VLOOKUP(A9,AA$11:AB$21,2,False),"") -> 222 | C9: =(600-F9) -> 402 | D9: 402 | E9: 30 | F9: 198 | H9: Captain Bid List | AD9: Solace | AE9: C | AF9: Myst the Cold | AG9: BLOODEN NICK | AH9: kev1897
A10: yLuxe | B10: =(600-F10)-IFERROR(VLOOKUP(A10,I$11:J$21,2,False),"")-IFERROR(VLOOKUP(A10,K$11:L$21,2,False),"")-IFERROR(VLOOKUP(A10,M$11:N$21,2,False),"")-IFERROR(VLOOKUP(A10,O$11:P$21,2,False),"")-IFERROR(VLOOKUP(A10,Q$11:R$21,2,False),"")-IFERROR(VLOOKUP(A10,S$11:T$21,2,False),"")-IFERROR(VLOOKUP(A10,U$11:V$21,2,False),"")-IFERROR(VLOOKUP(A10,W$11:X$21,2,False),"")-IFERROR(VLOOKUP(A10,Y$11:Z$21,2,False),"")-IFERROR(VLOOKUP(A10,AA$11:AB$21,2,False),"") -> 37 | C10: =(600-F10) -> 402 | D10: 129 | E10: 30 | F10: =IFERROR(VLOOKUP(A10,'Bid Values'!A:F,3,0),) -> 198 | H10: Captains who bid | I10: =IFERROR(__xludf.DUMMYFUNCTION("Query('Round 1'!$A:$J,""Select B, MAX(C) WHERE C>=198 group by B order by max(C) desc"")"),"Captain's Name (Use the exact same name each time)") -> Captain's Name (Use the exact same name each time) | J10: =IFERROR(__xludf.DUMMYFUNCTION("""COMPUTED_VALUE"""),"max Dabb") -> max Dabb | K10: =IFERROR(__xludf.DUMMYFUNCTION("Query('Round 1'!$A:$J,""Select B, MAX(D) WHERE D>=150 group by B order by max(D) desc"")"),"Captain's Name (Use the exact same name each time)") -> Captain's Name (Use the exact same name each time) | L10: =IFERROR(__xludf.DUMMYFUNCTION("""COMPUTED_VALUE"""),"max oDhmon") -> max oDhmon | M10: =IFERROR(__xludf.DUMMYFUNCTION("Query('Round 1'!$A:$J,""Select B, MAX(E) WHERE E>=60 group by B order by max(E) desc"")"),"Captain's Name (Use the exact same name each time)") -> Captain's Name (Use the exact same name each time) | N10: =IFERROR(__xludf.DUMMYFUNCTION("""COMPUTED_VALUE"""),"max Beam1n1") -> max Beam1n1 | O10: =IFERROR(__xludf.DUMMYFUNCTION("Query('Round 1'!$A:$J,""Select B, MAX(F) WHERE F>=60 group by B order by max(F) desc"")"),"Captain's Name (Use the exact same name each time)") -> Captain's Name (Use the exact same name each time) | P10: =IFERROR(__xludf.DUMMYFUNCTION("""COMPUTED_VALUE"""),"max TommyWstSide") -> max TommyWstSide | Q10: =IFERROR(__xludf.DUMMYFUNCTION("Query('Round 1'!$A:$J,""Select B, MAX(G) WHERE G>=60 group by B order by max(G) desc"")"),"Captain's Name (Use the exact same name each time)") -> Captain's Name (Use the exact same name each time) | R10: =IFERROR(__xludf.DUMMYFUNCTION("""COMPUTED_VALUE"""),"max MuNgO PuNgO") -> max MuNgO PuNgO | S10: =IFERROR(__xludf.DUMMYFUNCTION("Query('Round 1'!$A:$J,""Select B, MAX(H) WHERE H>=60 group by B order by max(H) desc"")"),"Captain's Name (Use the exact same name each time)") -> Captain's Name (Use the exact same name each time) | T10: =IFERROR(__xludf.DUMMYFUNCTION("""COMPUTED_VALUE"""),"max LilSkelR1926") -> max LilSkelR1926 | U10: =IFERROR(__xludf.DUMMYFUNCTION("Query('Round 1'!$A:$J,""Select B, MAX(I) WHERE I>=30 group by B order by max(I) desc"")"),"Captain's Name (Use the exact same name each time)") -> Captain's Name (Use the exact same name each time) | V10: =IFERROR(__xludf.DUMMYFUNCTION("""COMPUTED_VALUE"""),"max gaebpls") -> max gaebpls | W10: =IFERROR(__xludf.DUMMYFUNCTION("Query('Round 1'!$A:$J,""Select B, MAX(J) WHERE J>=30 group by B order by max(J) desc"")"),"Captain's Name (Use the exact same name each time)") -> Captain's Name (Use the exact same name each time) | X10: =IFERROR(__xludf.DUMMYFUNCTION("""COMPUTED_VALUE"""),"max Sherbski") -> max Sherbski | AD10: yLuxe | AE10: C | AF10: LilSkelR1926 | AG10: oDhmon | AH10: AwareMosquito
A11: Rage More Nerd | B11: =(600-F11)-IFERROR(VLOOKUP(A11,I$11:J$21,2,False),"")-IFERROR(VLOOKUP(A11,K$11:L$21,2,False),"")-IFERROR(VLOOKUP(A11,M$11:N$21,2,False),"")-IFERROR(VLOOKUP(A11,O$11:P$21,2,False),"")-IFERROR(VLOOKUP(A11,Q$11:R$21,2,False),"")-IFERROR(VLOOKUP(A11,S$11:T$21,2,False),"")-IFERROR(VLOOKUP(A11,U$11:V$21,2,False),"")-IFERROR(VLOOKUP(A11,W$11:X$21,2,False),"")-IFERROR(VLOOKUP(A11,Y$11:Z$21,2,False),"")-IFERROR(VLOOKUP(A11,AA$11:AB$21,2,False),"") -> 100 | C11: =(600-F11) -> 450 | D11: 100 | E11: 30 | F11: =IFERROR(VLOOKUP(A11,'Bid Values'!A:F,3,0),) -> 150 | I11: =IFERROR(__xludf.DUMMYFUNCTION("""COMPUTED_VALUE"""),"Rage More Nerd") -> Rage More Nerd | J11: =IFERROR(__xludf.DUMMYFUNCTION("""COMPUTED_VALUE"""),350.0) -> 350 | K11: =IFERROR(__xludf.DUMMYFUNCTION("""COMPUTED_VALUE"""),"yLuxe") -> yLuxe | L11: =IFERROR(__xludf.DUMMYFUNCTION("""COMPUTED_VALUE"""),213.0) -> 213 | M11: =IFERROR(__xludf.DUMMYFUNCTION("""COMPUTED_VALUE"""),"TheAlphaTurtle") -> TheAlphaTurtle | N11: =IFERROR(__xludf.DUMMYFUNCTION("""COMPUTED_VALUE"""),61.0) -> 61 | O11: =IFERROR(__xludf.DUMMYFUNCTION("""COMPUTED_VALUE"""),"Maverick") -> Maverick | P11: =IFERROR(__xludf.DUMMYFUNCTION("""COMPUTED_VALUE"""),95.0) -> 95 | Q11: =IFERROR(__xludf.DUMMYFUNCTION("""COMPUTED_VALUE"""),"G3Ohh") -> G3Ohh | R11: =IFERROR(__xludf.DUMMYFUNCTION("""COMPUTED_VALUE"""),80.0) -> 80 | S11: =IFERROR(__xludf.DUMMYFUNCTION("""COMPUTED_VALUE"""),"yLuxe") -> yLuxe | T11: =IFERROR(__xludf.DUMMYFUNCTION("""COMPUTED_VALUE"""),60.0) -> 60 | AD11: Rage More Nerd | AE11: C | AF11: Dabb | AG11: slayers0n | AH11: mstell96
A12: Mavbrid | B12: =(600-F12)-IFERROR(VLOOKUP(A12,I$11:J$21,2,False),"")-IFERROR(VLOOKUP(A12,K$11:L$21,2,False),"")-IFERROR(VLOOKUP(A12,M$11:N$21,2,False),"")-IFERROR(VLOOKUP(A12,O$11:P$21,2,False),"")-IFERROR(VLOOKUP(A12,Q$11:R$21,2,False),"")-IFERROR(VLOOKUP(A12,S$11:T$21,2,False),"")-IFERROR(VLOOKUP(A12,U$11:V$21,2,False),"")-IFERROR(VLOOKUP(A12,W$11:X$21,2,False),"")-IFERROR(VLOOKUP(A12,Y$11:Z$21,2,False),"")-IFERROR(VLOOKUP(A12,AA$11:AB$21,2,False),"") -> 540 | C12: =(600-F12) -> 540 | D12: 445 | E12: 30 | F12: =IFERROR(VLOOKUP(A12,'Bid Values'!A:F,3,0),) -> 60 | I12: =IFERROR(__xludf.DUMMYFUNCTION("""COMPUTED_VALUE"""),"Bear is Clutch") -> Bear is Clutch | J12: =IFERROR(__xludf.DUMMYFUNCTION("""COMPUTED_VALUE"""),340.0) -> 340 | K12: =IFERROR(__xludf.DUMMYFUNCTION("""COMPUTED_VALUE"""),"TheAlphaTurtle") -> TheAlphaTurtle | L12: =IFERROR(__xludf.DUMMYFUNCTION("""COMPUTED_VALUE"""),211.0) -> 211 | O12: =IFERROR(__xludf.DUMMYFUNCTION("""COMPUTED_VALUE"""),"yLuxe") -> yLuxe | P12: =IFERROR(__xludf.DUMMYFUNCTION("""COMPUTED_VALUE"""),92.0) -> 92 | AD12: Mavbrid | AE12: D | AF12: TommyWstSide | AG12: Havoc Puppies | AH12: MoldyVolts
A13: TheAlphaTurtle | B13: =(600-F13)-IFERROR(VLOOKUP(A13,I$11:J$21,2,False),"")-IFERROR(VLOOKUP(A13,K$11:L$21,2,False),"")-IFERROR(VLOOKUP(A13,M$11:N$21,2,False),"")-IFERROR(VLOOKUP(A13,O$11:P$21,2,False),"")-IFERROR(VLOOKUP(A13,Q$11:R$21,2,False),"")-IFERROR(VLOOKUP(A13,S$11:T$21,2,False),"")-IFERROR(VLOOKUP(A13,U$11:V$21,2,False),"")-IFERROR(VLOOKUP(A13,W$11:X$21,2,False),"")-IFERROR(VLOOKUP(A13,Y$11:Z$21,2,False),"")-IFERROR(VLOOKUP(A13,AA$11:AB$21,2,False),"") -> 208 | C13: =(600-F13) -> 540 | D13: 479 | E13: 30 | F13: =IFERROR(VLOOKUP(A13,'Bid Values'!A:F,3,0),) -> 60 | I13: =IFERROR(__xludf.DUMMYFUNCTION("""COMPUTED_VALUE"""),"Eternlx") -> Eternlx | J13: =IFERROR(__xludf.DUMMYFUNCTION("""COMPUTED_VALUE"""),320.0) -> 320 | K13: =IFERROR(__xludf.DUMMYFUNCTION("""COMPUTED_VALUE"""),"Solace") -> Solace | L13: =IFERROR(__xludf.DUMMYFUNCTION("""COMPUTED_VALUE"""),180.0) -> 180 | O13: =IFERROR(__xludf.DUMMYFUNCTION("""COMPUTED_VALUE"""),"TheAlphaTurtle") -> TheAlphaTurtle | P13: =IFERROR(__xludf.DUMMYFUNCTION("""COMPUTED_VALUE"""),60.0) -> 60 | AD13: TheAlphaTurtle | AE13: C | AF13: Beam1n1 | AG13: Almighty Tycoon | AH13: Scomancer
A14: cxrnchip | B14: =(600-F14)-IFERROR(VLOOKUP(A14,I$11:J$21,2,False),"")-IFERROR(VLOOKUP(A14,K$11:L$21,2,False),"")-IFERROR(VLOOKUP(A14,M$11:N$21,2,False),"")-IFERROR(VLOOKUP(A14,O$11:P$21,2,False),"")-IFERROR(VLOOKUP(A14,Q$11:R$21,2,False),"")-IFERROR(VLOOKUP(A14,S$11:T$21,2,False),"")-IFERROR(VLOOKUP(A14,U$11:V$21,2,False),"")-IFERROR(VLOOKUP(A14,W$11:X$21,2,False),"")-IFERROR(VLOOKUP(A14,Y$11:Z$21,2,False),"")-IFERROR(VLOOKUP(A14,AA$11:AB$21,2,False),"") -> 450 | C14: =(600-F14) -> 450 | D14: 450 | E14: 30 | F14: =IFERROR(VLOOKUP(A14,'Bid Values'!A:F,3,0),) -> 150 | K14: =IFERROR(__xludf.DUMMYFUNCTION("""COMPUTED_VALUE"""),"CaptainSev004") -> CaptainSev004 | L14: =IFERROR(__xludf.DUMMYFUNCTION("""COMPUTED_VALUE"""),165.0) -> 165 | AD14: cxrnchip | AE14: C | AF14: MysticalNovice | AG14: PoisonxPoptart | AH14: x Greenthumb
F15: =IFERROR(VLOOKUP(A15,'Bid Values'!A:F,3,0),) | K15: =IFERROR(__xludf.DUMMYFUNCTION("""COMPUTED_VALUE"""),"Bear is Clutch") -> Bear is Clutch | L15: =IFERROR(__xludf.DUMMYFUNCTION("""COMPUTED_VALUE"""),164.0) -> 164
E16: Max Spend Guide
A17: All names must match above | E17: Amount needed to safely get a B & C/D player for 3rd & 4th
AF20: Spillover Draft
A22: All names must match above | I22: Monitor your Pool Total. If you go into the red, all your bids for the round will be invalidated. Make sure you have enough credits for each round. | AF22: Player | AG22: Grade | AH22: Captain Draft Order
AF23: gaebpls | AG23: E
AF24: Amnatu | AG24: E
I25: All bids are unique. Only bids equal to OR above the base value of a player will count and show up above.
I26: Round 2
A29: Captain | B29: Spend Watcher | C29: Pool Total | D29: Round Credit Ended | E29: You need this left | F29: Prev Rnd | H29: Player Name | I29: MysticalNovice | K29: slayers0n | M29: Myst the Cold | O29: Into Sublime | Q29: mstell96 | S29: Priest XYZ | U29: Amnatu | W29: JollyJhadIst
A30: Bear is Clutch | B30: =(D5)-IFERROR(VLOOKUP(A30,I$36:J$47,2,False),"")-IFERROR(VLOOKUP(A30,K$36:L$47,2,False),"")-IFERROR(VLOOKUP(A30,M$36:N$47,2,False),"")-IFERROR(VLOOKUP(A30,O$36:P$47,2,False),"")-IFERROR(VLOOKUP(A30,Q$36:R$47,2,False),"")-IFERROR(VLOOKUP(A30,S$36:T$47,2,False),"")-IFERROR(VLOOKUP(A30,U$36:V$47,2,False),"")-IFERROR(VLOOKUP(A30,W$36:X$47,2,False),"")-IFERROR(VLOOKUP(A30,Y$36:Z$47,2,False),"")-IFERROR(VLOOKUP(A30,AA$36:AB$47,2,False),"") -> 155 | C30: =D5 -> 570 | D30: 570 | E30: 30 | F30: =D5 -> 570 | H30: Base Value | I30: {=INDEX(Signed,Match(I29,Signed!$A$1:$A$43,0),3)} -> 198 | K30: {=INDEX(Signed,Match(K29,Signed!$A$1:$A$43,0),3)} -> 60 | M30: {=INDEX(Signed,Match(M29,Signed!$A$1:$A$43,0),3)} -> 60 | O30: {=INDEX(Signed,Match(O29,Signed!$A$1:$A$43,0),3)} -> 60 | Q30: {=INDEX(Signed,Match(Q29,Signed!$A$1:$A$43,0),3)} -> 60 | S30: {=INDEX(Signed,Match(S29,Signed!$A$1:$A$43,0),3)} -> 60 | U30: {=INDEX(Signed,Match(U29,Signed!$A$1:$A$43,0),3)} -> 30 | W30: {=INDEX(Signed,Match(W29,Signed!$A$1:$A$43,0),3)} -> 30
A31: CaptainSev004 | B31: =(D6)-IFERROR(VLOOKUP(A31,I$36:J$47,2,False),"")-IFERROR(VLOOKUP(A31,K$36:L$47,2,False),"")-IFERROR(VLOOKUP(A31,M$36:N$47,2,False),"")-IFERROR(VLOOKUP(A31,O$36:P$47,2,False),"")-IFERROR(VLOOKUP(A31,Q$36:R$47,2,False),"")-IFERROR(VLOOKUP(A31,S$36:T$47,2,False),"")-IFERROR(VLOOKUP(A31,U$36:V$47,2,False),"")-IFERROR(VLOOKUP(A31,W$36:X$47,2,False),"")-IFERROR(VLOOKUP(A31,Y$36:Z$47,2,False),"")-IFERROR(VLOOKUP(A31,AA$36:AB$47,2,False),"") -> 540 | C31: =D6 -> 540 | D31: 540 | E31: 30 | F31: =D6 -> 540 | H31: Grade | I31: {=INDEX(Signed,Match(I29,Signed!$A$1:$A$43,0),2)} -> A | K31: {=INDEX(Signed,Match(K29,Signed!$A$1:$A$43,0),2)} -> C | M31: {=INDEX(Signed,Match(M29,Signed!$A$1:$A$43,0),2)} -> C | O31: {=INDEX(Signed,Match(O29,Signed!$A$1:$A$43,0),2)} -> C | Q31: {=INDEX(Signed,Match(Q29,Signed!$A$1:$A$43,0),2)} -> D | S31: {=INDEX(Signed,Match(S29,Signed!$A$1:$A$43,0),2)} -> D | U31: {=INDEX(Signed,Match(U29,Signed!$A$1:$A$43,0),2)} -> E | W31: {=INDEX(Signed,Match(W29,Signed!$A$1:$A$43,0),2)} -> E
A32: G3Ohh | B32: =(D7)-IFERROR(VLOOKUP(A32,I$36:J$47,2,False),"")-IFERROR(VLOOKUP(A32,K$36:L$47,2,False),"")-IFERROR(VLOOKUP(A32,M$36:N$47,2,False),"")-IFERROR(VLOOKUP(A32,O$36:P$47,2,False),"")-IFERROR(VLOOKUP(A32,Q$36:R$47,2,False),"")-IFERROR(VLOOKUP(A32,S$36:T$47,2,False),"")-IFERROR(VLOOKUP(A32,U$36:V$47,2,False),"")-IFERROR(VLOOKUP(A32,W$36:X$47,2,False),"")-IFERROR(VLOOKUP(A32,Y$36:Z$47,2,False),"")-IFERROR(VLOOKUP(A32,AA$36:AB$47,2,False),"") -> 130 | C32: =D7 -> 460 | D32: 130 | E32: 30 | F32: =D7 -> 460 | H32: Highest Bid | I32: =If(MAX('Round 2'!$C:$C)>=I30,MAX('Round 2'!$C:$C),0) -> 365 | K32: =If(MAX('Round 2'!$D:$D)>=K30,MAX('Round 2'!$D:$D),0) -> 60 | M32: =If(MAX('Round 2'!$E:$E)>=M30,MAX('Round 2'!$E:$E),0) -> 140 | O32: =If(MAX('Round 2'!$F:$F)>=O30,MAX('Round 2'!$F:$F),0) -> 330 | Q32: =If(MAX('Round 2'!$G:$G)>=Q30,MAX('Round 2'!$G:$G),0) -> 0 | S32: =If(MAX('Round 2'!$H:$H)>=S30,MAX('Round 2'!$H:$H),0) -> 0 | U32: =If(MAX('Round 2'!$I:$I)>=U30,MAX('Round 2'!$I:$I),0) -> 0 | W32: =If(MAX('Round 2'!$J:$J)>=W30,MAX('Round 2'!$J:$J),0) -> 0
A33: Eternlx | B33: =(D8)-IFERROR(VLOOKUP(A33,I$36:J$47,2,False),"")-IFERROR(VLOOKUP(A33,K$36:L$47,2,False),"")-IFERROR(VLOOKUP(A33,M$36:N$47,2,False),"")-IFERROR(VLOOKUP(A33,O$36:P$47,2,False),"")-IFERROR(VLOOKUP(A33,Q$36:R$47,2,False),"")-IFERROR(VLOOKUP(A33,S$36:T$47,2,False),"")-IFERROR(VLOOKUP(A33,U$36:V$47,2,False),"")-IFERROR(VLOOKUP(A33,W$36:X$47,2,False),"")-IFERROR(VLOOKUP(A33,Y$36:Z$47,2,False),"")-IFERROR(VLOOKUP(A33,AA$36:AB$47,2,False),"") -> 540 | C33: =D8 -> 540 | D33: 540 | E33: 30 | F33: =D8 -> 540 | H33: Highest Bidder | I33: =I36 -> Cell | J33: =J36 -> 365 | K33: =K36 -> Rage More Nerd | L33: =L36 -> 60 | M33: =M36 -> Solace | N33: =N36 -> 140 | O33: =O36 -> G3Ohh | P33: =P36 -> 330 | ... W33: =W36 | Y33: =Y36 | AA33: =AA36
A34: Solace | B34: =(D9)-IFERROR(VLOOKUP(A34,I$36:J$47,2,False),"")-IFERROR(VLOOKUP(A34,K$36:L$47,2,False),"")-IFERROR(VLOOKUP(A34,M$36:N$47,2,False),"")-IFERROR(VLOOKUP(A34,O$36:P$47,2,False),"")-IFERROR(VLOOKUP(A34,Q$36:R$47,2,False),"")-IFERROR(VLOOKUP(A34,S$36:T$47,2,False),"")-IFERROR(VLOOKUP(A34,U$36:V$47,2,False),"")-IFERROR(VLOOKUP(A34,W$36:X$47,2,False),"")-IFERROR(VLOOKUP(A34,Y$36:Z$47,2,False),"")-IFERROR(VLOOKUP(A34,AA$36:AB$47,2,False),"") -> -308 | C34: =D9 -> 402 | D34: 262 | E34: 30 | F34: =D9 -> 402 | H34: Captain Bid List
A35: yLuxe | B35: =(D10)-IFERROR(VLOOKUP(A35,I$36:J$47,2,False),"")-IFERROR(VLOOKUP(A35,K$36:L$47,2,False),"")-IFERROR(VLOOKUP(A35,M$36:N$47,2,False),"")-IFERROR(VLOOKUP(A35,O$36:P$47,2,False),"")-IFERROR(VLOOKUP(A35,Q$36:R$47,2,False),"")-IFERROR(VLOOKUP(A35,S$36:T$47,2,False),"")-IFERROR(VLOOKUP(A35,U$36:V$47,2,False),"")-IFERROR(VLOOKUP(A35,W$36:X$47,2,False),"")-IFERROR(VLOOKUP(A35,Y$36:Z$47,2,False),"")-IFERROR(VLOOKUP(A35,AA$36:AB$47,2,False),"") -> 0 | C35: =D10 -> 129 | D35: 129 | E35: 30 | F35: =D10 -> 129 | H35: Captains who bid | I35: =IFERROR(__xludf.DUMMYFUNCTION("Query('Round 2'!$A:$J,""Select B, MAX(C) WHERE C>=198 group by B order by max(C) desc"")"),"Captain's Name (Use the exact same name each time)") -> Captain's Name (Use the exact same name each time) | J35: =IFERROR(__xludf.DUMMYFUNCTION("""COMPUTED_VALUE"""),"max MysticalNovice") -> max MysticalNovice | K35: =IFERROR(__xludf.DUMMYFUNCTION("Query('Round 2'!$A:$J,""Select B, MAX(D) WHERE D>=60 group by B order by max(D) desc"")"),"Captain's Name (Use the exact same name each time)") -> Captain's Name (Use the exact same name each time) | L35: =IFERROR(__xludf.DUMMYFUNCTION("""COMPUTED_VALUE"""),"max slayers0n") -> max slayers0n | M35: =IFERROR(__xludf.DUMMYFUNCTION("Query('Round 2'!$A:$J,""Select B, MAX(E) WHERE E>=60 group by B order by max(E) desc"")"),"Captain's Name (Use the exact same name each time)") -> Captain's Name (Use the exact same name each time) | N35: =IFERROR(__xludf.DUMMYFUNCTION("""COMPUTED_VALUE"""),"max Myst the Cold") -> max Myst the Cold | O35: =IFERROR(__xludf.DUMMYFUNCTION("Query('Round 2'!$A:$J,""Select B, MAX(F) WHERE F>=60 group by B order by max(F) desc"")"),"Captain's Name (Use the exact same name each time)") -> Captain's Name (Use the exact same name each time) | P35: =IFERROR(__xludf.DUMMYFUNCTION("""COMPUTED_VALUE"""),"max Into Sublime") -> max Into Sublime | Q35: =IFERROR(__xludf.DUMMYFUNCTION("Query('Round 2'!$A:$J,""Select B, MAX(G) WHERE G>=60 group by B order by max(G) desc"")"),"Captain's Name (Use the exact same name each time)") -> Captain's Name (Use the exact same name each time) | R35: =IFERROR(__xludf.DUMMYFUNCTION("""COMPUTED_VALUE"""),"max mstell96") -> max mstell96 | S35: =IFERROR(__xludf.DUMMYFUNCTION("Query('Round 2'!$A:$J,""Select B, MAX(H) WHERE H>=60 group by B order by max(H) desc"")"),"Captain's Name (Use the exact same name each time)") -> Captain's Name (Use the exact same name each time) | T35: =IFERROR(__xludf.DUMMYFUNCTION("""COMPUTED_VALUE"""),"max Priest XYZ") -> max Priest XYZ | U35: =IFERROR(__xludf.DUMMYFUNCTION("Query('Round 2'!$A:$J,""Select B, MAX(I) WHERE I>=30 group by B order by max(I) desc"")"),"Captain's Name (Use the exact same name each time)") -> Captain's Name (Use the exact same name each time) | V35: =IFERROR(__xludf.DUMMYFUNCTION("""COMPUTED_VALUE"""),"max Amnatu") -> max Amnatu | W35: =IFERROR(__xludf.DUMMYFUNCTION("Query('Round 2'!$A:$J,""Select B, MAX(J) WHERE J>=30 group by B order by max(J) desc"")"),"Captain's Name (Use the exact same name each time)") -> Captain's Name (Use the exact same name each time) | X35: =IFERROR(__xludf.DUMMYFUNCTION("""COMPUTED_VALUE"""),"max JollyJhadIst") -> max JollyJhadIst
A36: Rage More Nerd | B36: =(D11)-IFERROR(VLOOKUP(A36,I$36:J$47,2,False),"")-IFERROR(VLOOKUP(A36,K$36:L$47,2,False),"")-IFERROR(VLOOKUP(A36,M$36:N$47,2,False),"")-IFERROR(VLOOKUP(A36,O$36:P$47,2,False),"")-IFERROR(VLOOKUP(A36,Q$36:R$47,2,False),"")-IFERROR(VLOOKUP(A36,S$36:T$47,2,False),"")-IFERROR(VLOOKUP(A36,U$36:V$47,2,False),"")-IFERROR(VLOOKUP(A36,W$36:X$47,2,False),"")-IFERROR(VLOOKUP(A36,Y$36:Z$47,2,False),"")-IFERROR(VLOOKUP(A36,AA$36:AB$47,2,False),"") -> -100 | C36: =D11 -> 100 | D36: 40 | E36: 30 | F36: =D11 -> 100 | I36: =IFERROR(__xludf.DUMMYFUNCTION("""COMPUTED_VALUE"""),"Cell") -> Cell | J36: =IFERROR(__xludf.DUMMYFUNCTION("""COMPUTED_VALUE"""),365.0) -> 365 | K36: =IFERROR(__xludf.DUMMYFUNCTION("""COMPUTED_VALUE"""),"Rage More Nerd") -> Rage More Nerd | L36: =IFERROR(__xludf.DUMMYFUNCTION("""COMPUTED_VALUE"""),60.0) -> 60 | M36: =IFERROR(__xludf.DUMMYFUNCTION("""COMPUTED_VALUE"""),"Solace") -> Solace | N36: =IFERROR(__xludf.DUMMYFUNCTION("""COMPUTED_VALUE"""),140.0) -> 140 | O36: =IFERROR(__xludf.DUMMYFUNCTION("""COMPUTED_VALUE"""),"G3Ohh") -> G3Ohh | P36: =IFERROR(__xludf.DUMMYFUNCTION("""COMPUTED_VALUE"""),330.0) -> 330
A37: Mavbrid | B37: =(D12)-IFERROR(VLOOKUP(A37,I$36:J$47,2,False),"")-IFERROR(VLOOKUP(A37,K$36:L$47,2,False),"")-IFERROR(VLOOKUP(A37,M$36:N$47,2,False),"")-IFERROR(VLOOKUP(A37,O$36:P$47,2,False),"")-IFERROR(VLOOKUP(A37,Q$36:R$47,2,False),"")-IFERROR(VLOOKUP(A37,S$36:T$47,2,False),"")-IFERROR(VLOOKUP(A37,U$36:V$47,2,False),"")-IFERROR(VLOOKUP(A37,W$36:X$47,2,False),"")-IFERROR(VLOOKUP(A37,Y$36:Z$47,2,False),"")-IFERROR(VLOOKUP(A37,AA$36:AB$47,2,False),"") -> 445 | C37: =D12 -> 445 | D37: 445 | E37: 30 | F37: =D12 -> 445 | I37: =IFERROR(__xludf.DUMMYFUNCTION("""COMPUTED_VALUE"""),"TheAlphaTurtle") -> TheAlphaTurtle | J37: =IFERROR(__xludf.DUMMYFUNCTION("""COMPUTED_VALUE"""),362.0) -> 362 | M37: =IFERROR(__xludf.DUMMYFUNCTION("""COMPUTED_VALUE"""),"yLuxe") -> yLuxe | N37: =IFERROR(__xludf.DUMMYFUNCTION("""COMPUTED_VALUE"""),129.0) -> 129 | O37: =IFERROR(__xludf.DUMMYFUNCTION("""COMPUTED_VALUE"""),"Solace") -> Solace | P37: =IFERROR(__xludf.DUMMYFUNCTION("""COMPUTED_VALUE"""),270.0) -> 270
A38: TheAlphaTurtle | B38: =(D13)-IFERROR(VLOOKUP(A38,I$36:J$47,2,False),"")-IFERROR(VLOOKUP(A38,K$36:L$47,2,False),"")-IFERROR(VLOOKUP(A38,M$36:N$47,2,False),"")-IFERROR(VLOOKUP(A38,O$36:P$47,2,False),"")-IFERROR(VLOOKUP(A38,Q$36:R$47,2,False),"")-IFERROR(VLOOKUP(A38,S$36:T$47,2,False),"")-IFERROR(VLOOKUP(A38,U$36:V$47,2,False),"")-IFERROR(VLOOKUP(A38,W$36:X$47,2,False),"")-IFERROR(VLOOKUP(A38,Y$36:Z$47,2,False),"")-IFERROR(VLOOKUP(A38,AA$36:AB$47,2,False),"") -> 46 | C38: =D13 -> 479 | D38: 479 | E38: 30 | F38: =D13 -> 479 | I38: =IFERROR(__xludf.DUMMYFUNCTION("""COMPUTED_VALUE"""),"Bear is Clutch") -> Bear is Clutch | J38: =IFERROR(__xludf.DUMMYFUNCTION("""COMPUTED_VALUE"""),340.0) -> 340 | M38: =IFERROR(__xludf.DUMMYFUNCTION("""COMPUTED_VALUE"""),"Bear is Clutch") -> Bear is Clutch | N38: =IFERROR(__xludf.DUMMYFUNCTION("""COMPUTED_VALUE"""),75.0) -> 75 | O38: =IFERROR(__xludf.DUMMYFUNCTION("""COMPUTED_VALUE"""),"Rage More Nerd") -> Rage More Nerd | P38: =IFERROR(__xludf.DUMMYFUNCTION("""COMPUTED_VALUE"""),70.0) -> 70
A39: cxrnchip | B39: =(D14)-IFERROR(VLOOKUP(A39,I$36:J$47,2,False),"")-IFERROR(VLOOKUP(A39,K$36:L$47,2,False),"")-IFERROR(VLOOKUP(A39,M$36:N$47,2,False),"")-IFERROR(VLOOKUP(A39,O$36:P$47,2,False),"")-IFERROR(VLOOKUP(A39,Q$36:R$47,2,False),"")-IFERROR(VLOOKUP(A39,S$36:T$47,2,False),"")-IFERROR(VLOOKUP(A39,U$36:V$47,2,False),"")-IFERROR(VLOOKUP(A39,W$36:X$47,2,False),"")-IFERROR(VLOOKUP(A39,Y$36:Z$47,2,False),"")-IFERROR(VLOOKUP(A39,AA$36:AB$47,2,False),"") -> 450 | C39: =D14 -> 450 | D39: 85 | E39: 30 | F39: =D14 -> 450 | I39: =IFERROR(__xludf.DUMMYFUNCTION("""COMPUTED_VALUE"""),"Solace") -> Solace | J39: =IFERROR(__xludf.DUMMYFUNCTION("""COMPUTED_VALUE"""),300.0) -> 300 | M39: =IFERROR(__xludf.DUMMYFUNCTION("""COMPUTED_VALUE"""),"TheAlphaTurtle") -> TheAlphaTurtle | N39: =IFERROR(__xludf.DUMMYFUNCTION("""COMPUTED_VALUE"""),71.0) -> 71 | O39: =IFERROR(__xludf.DUMMYFUNCTION("""COMPUTED_VALUE"""),"Cell") -> Cell | P39: =IFERROR(__xludf.DUMMYFUNCTION("""COMPUTED_VALUE"""),60.0) -> 60
M40: =IFERROR(__xludf.DUMMYFUNCTION("""COMPUTED_VALUE"""),"Rage More Nerd") -> Rage More Nerd | N40: =IFERROR(__xludf.DUMMYFUNCTION("""COMPUTED_VALUE"""),70.0) -> 70
M41: =IFERROR(__xludf.DUMMYFUNCTION("""COMPUTED_VALUE"""),"Cell") -> Cell | N41: =IFERROR(__xludf.DUMMYFUNCTION("""COMPUTED_VALUE"""),60.0) -> 60
H48: Round 3
A51: Captain | B51: Spend Watcher | C51: Pool Total | D51: Round Credit Ended | E51: You need this left | F51: Prev Rnd | H51: Player Name | I51: Godsnipezx | K51: BLOODEN NICK | M51: Reyas | O51: AwareMosquito | Q51: MoldyVolts | S51: Mr Epic Beast | U51: Óðinn Æsir | W51: kev1897
A52: Bear is Clutch | B52: =(D30)-IFERROR(VLOOKUP(A52,I$58:J$68,2,False),"")-IFERROR(VLOOKUP(A52,K$58:L$68,2,False),"")-IFERROR(VLOOKUP(A52,M$58:N$68,2,False),"")-IFERROR(VLOOKUP(A52,O$58:P$68,2,False),"")-IFERROR(VLOOKUP(A52,Q$58:R$68,2,False),"")-IFERROR(VLOOKUP(A52,S$58:T$68,2,False),"")-IFERROR(VLOOKUP(A52,U$58:V$68,2,False),"")-IFERROR(VLOOKUP(A52,W$58:X$68,2,False),"")-IFERROR(VLOOKUP(A52,Y$58:Z$68,2,False),"")-IFERROR(VLOOKUP(A52,AA$58:AB$68,2,False),"") -> 140 | C52: =D30 -> 570 | D52: 570 | E52: 30 | F52: =D30 -> 570 | H52: Base Value | I52: {=INDEX(Signed,Match(I51,Signed!$A$1:$A$43,0),3)} -> 198 | K52: {=INDEX(Signed,Match(K51,Signed!$A$1:$A$43,0),3)} -> 150 | M52: {=INDEX(Signed,Match(M51,Signed!$A$1:$A$43,0),3)} -> 60 | O52: {=INDEX(Signed,Match(O51,Signed!$A$1:$A$43,0),3)} -> 60 | Q52: {=INDEX(Signed,Match(Q51,Signed!$A$1:$A$43,0),3)} -> 60 | S52: {=INDEX(Signed,Match(S51,Signed!$A$1:$A$43,0),3)} -> 60 | U52: {=INDEX(Signed,Match(U51,Signed!$A$1:$A$43,0),3)} -> 30 | W52: {=INDEX(Signed,Match(W51,Signed!$A$1:$A$43,0),3)} -> 30
A53: CaptainSev004 | B53: =(D31)-IFERROR(VLOOKUP(A53,I$58:J$68,2,False),"")-IFERROR(VLOOKUP(A53,K$58:L$68,2,False),"")-IFERROR(VLOOKUP(A53,M$58:N$68,2,False),"")-IFERROR(VLOOKUP(A53,O$58:P$68,2,False),"")-IFERROR(VLOOKUP(A53,Q$58:R$68,2,False),"")-IFERROR(VLOOKUP(A53,S$58:T$68,2,False),"")-IFERROR(VLOOKUP(A53,U$58:V$68,2,False),"")-IFERROR(VLOOKUP(A53,W$58:X$68,2,False),"")-IFERROR(VLOOKUP(A53,Y$58:Z$68,2,False),"")-IFERROR(VLOOKUP(A53,AA$58:AB$68,2,False),"") -> 0 | C53: =D31 -> 540 | D53: 30 | E53: 30 | F53: =D31 -> 540 | H53: Grade | I53: {=INDEX(Signed,Match(I51,Signed!$A$1:$A$43,0),2)} -> A | K53: {=INDEX(Signed,Match(K51,Signed!$A$1:$A$43,0),2)} -> B | M53: {=INDEX(Signed,Match(M51,Signed!$A$1:$A$43,0),2)} -> C | O53: {=INDEX(Signed,Match(O51,Signed!$A$1:$A$43,0),2)} -> C | Q53: {=INDEX(Signed,Match(Q51,Signed!$A$1:$A$43,0),2)} -> D | S53: {=INDEX(Signed,Match(S51,Signed!$A$1:$A$43,0),2)} -> D | U53: {=INDEX(Signed,Match(U51,Signed!$A$1:$A$43,0),2)} -> E | W53: {=INDEX(Signed,Match(W51,Signed!$A$1:$A$43,0),2)} -> E
A54: G3Ohh | B54: =(D32)-IFERROR(VLOOKUP(A54,I$58:J$68,2,False),"")-IFERROR(VLOOKUP(A54,K$58:L$68,2,False),"")-IFERROR(VLOOKUP(A54,M$58:N$68,2,False),"")-IFERROR(VLOOKUP(A54,O$58:P$68,2,False),"")-IFERROR(VLOOKUP(A54,Q$58:R$68,2,False),"")-IFERROR(VLOOKUP(A54,S$58:T$68,2,False),"")-IFERROR(VLOOKUP(A54,U$58:V$68,2,False),"")-IFERROR(VLOOKUP(A54,W$58:X$68,2,False),"")-IFERROR(VLOOKUP(A54,Y$58:Z$68,2,False),"")-IFERROR(VLOOKUP(A54,AA$58:AB$68,2,False),"") -> 130 | C54: =D32 -> 130 | D54: 130 | E54: 30 | F54: =D32 -> 130 | H54: Highest Bid | I54: =If(MAX('Round 3'!$C:$C)>=I52,MAX('Round 3'!$C:$C),0) -> 450 | K54: =If(MAX('Round 3'!$D:$D)>=K52,MAX('Round 3'!$D:$D),0) -> 182 | M54: =If(MAX('Round 3'!$E:$E)>=M52,MAX('Round 3'!$E:$E),0) -> 60 | O54: =If(MAX('Round 3'!$F:$F)>=O52,MAX('Round 3'!$F:$F),0) -> 0 | Q54: =If(MAX('Round 3'!$G:$G)>=Q52,MAX('Round 3'!$G:$G),0) -> 0 | S54: =If(MAX('Round 3'!$H:$H)>=S52,MAX('Round 3'!$H:$H),0) -> 0 | U54: =If(MAX('Round 3'!$I:$I)>=U52,MAX('Round 3'!$I:$I),0) -> 0 | W54: =If(MAX('Round 3'!$J:$J)>=W52,MAX('Round 3'!$J:$J),0) -> 80
A55: Eternlx | B55: =(D33)-IFERROR(VLOOKUP(A55,I$58:J$68,2,False),"")-IFERROR(VLOOKUP(A55,K$58:L$68,2,False),"")-IFERROR(VLOOKUP(A55,M$58:N$68,2,False),"")-IFERROR(VLOOKUP(A55,O$58:P$68,2,False),"")-IFERROR(VLOOKUP(A55,Q$58:R$68,2,False),"")-IFERROR(VLOOKUP(A55,S$58:T$68,2,False),"")-IFERROR(VLOOKUP(A55,U$58:V$68,2,False),"")-IFERROR(VLOOKUP(A55,W$58:X$68,2,False),"")-IFERROR(VLOOKUP(A55,Y$58:Z$68,2,False),"")-IFERROR(VLOOKUP(A55,AA$58:AB$68,2,False),"") -> 540 | C55: =D33 -> 540 | D55: 540 | E55: 30 | F55: =D33 -> 540 | H55: Highest Bidder | I55: =I58 -> CaptainSev004 | J55: =J58 -> 450 | K55: =K58 -> Solace | L55: =L58 -> 182 | M55: =M58 -> CaptainSev004 | N55: =N58 -> 60 | O55: =O58 | P55: =P58 | ... W55: =W58 -> Solace
A56: Solace | B56: =(D34)-IFERROR(VLOOKUP(A56,I$58:J$68,2,False),"")-IFERROR(VLOOKUP(A56,K$58:L$68,2,False),"")-IFERROR(VLOOKUP(A56,M$58:N$68,2,False),"")-IFERROR(VLOOKUP(A56,O$58:P$68,2,False),"")-IFERROR(VLOOKUP(A56,Q$58:R$68,2,False),"")-IFERROR(VLOOKUP(A56,S$58:T$68,2,False),"")-IFERROR(VLOOKUP(A56,U$58:V$68,2,False),"")-IFERROR(VLOOKUP(A56,W$58:X$68,2,False),"")-IFERROR(VLOOKUP(A56,Y$58:Z$68,2,False),"")-IFERROR(VLOOKUP(A56,AA$58:AB$68,2,False),"") -> 0 | C56: =D34 -> 262 | D56: 0 | E56: 30 | F56: =D34 -> 262 | H56: Captain Bid List
A57: yLuxe | B57: =(D35)-IFERROR(VLOOKUP(A57,I$58:J$68,2,False),"")-IFERROR(VLOOKUP(A57,K$58:L$68,2,False),"")-IFERROR(VLOOKUP(A57,M$58:N$68,2,False),"")-IFERROR(VLOOKUP(A57,O$58:P$68,2,False),"")-IFERROR(VLOOKUP(A57,Q$58:R$68,2,False),"")-IFERROR(VLOOKUP(A57,S$58:T$68,2,False),"")-IFERROR(VLOOKUP(A57,U$58:V$68,2,False),"")-IFERROR(VLOOKUP(A57,W$58:X$68,2,False),"")-IFERROR(VLOOKUP(A57,Y$58:Z$68,2,False),"")-IFERROR(VLOOKUP(A57,AA$58:AB$68,2,False),"") -> 129 | C57: =D35 -> 129 | D57: 129 | E57: 30 | F57: =D35 -> 129 | H57: Captains who bid | I57: =IFERROR(__xludf.DUMMYFUNCTION("Query('Round 3'!$A:$K,""Select B, MAX(C) WHERE C>=198 group by B order by max(C) desc"")"),"Captain's Name (Use the exact same name each time)") -> Captain's Name (Use the exact same name each time) | J57: =IFERROR(__xludf.DUMMYFUNCTION("""COMPUTED_VALUE"""),"max Godsnipezx") -> max Godsnipezx | K57: =IFERROR(__xludf.DUMMYFUNCTION("Query('Round 3'!$A:$K,""Select B, MAX(D) WHERE D>=150 group by B order by max(D) desc"")"),"Captain's Name (Use the exact same name each time)") -> Captain's Name (Use the exact same name each time) | L57: =IFERROR(__xludf.DUMMYFUNCTION("""COMPUTED_VALUE"""),"max BLOODEN NICK") -> max BLOODEN NICK | M57: =IFERROR(__xludf.DUMMYFUNCTION("Query('Round 3'!$A:$K,""Select B, MAX(E) WHERE E>=60 group by B order by max(E) desc"")"),"Captain's Name (Use the exact same name each time)") -> Captain's Name (Use the exact same name each time) | N57: =IFERROR(__xludf.DUMMYFUNCTION("""COMPUTED_VALUE"""),"max Reyas") -> max Reyas | O57: =IFERROR(__xludf.DUMMYFUNCTION("Query('Round 3'!$A:$K,""Select B, MAX(F) WHERE F>=60 group by B order by max(F) desc"")"),"Captain's Name (Use the exact same name each time)") -> Captain's Name (Use the exact same name each time) | P57: =IFERROR(__xludf.DUMMYFUNCTION("""COMPUTED_VALUE"""),"max AwareMosquito") -> max AwareMosquito | Q57: =IFERROR(__xludf.DUMMYFUNCTION("Query('Round 3'!$A:$K,""Select B, MAX(G) WHERE G>=60 group by B order by max(G) desc"")"),"Captain's Name (Use the exact same name each time)") -> Captain's Name (Use the exact same name each time) | R57: =IFERROR(__xludf.DUMMYFUNCTION("""COMPUTED_VALUE"""),"max MoldyVolts") -> max MoldyVolts | S57: =IFERROR(__xludf.DUMMYFUNCTION("Query('Round 3'!$A:$K,""Select B, MAX(H) WHERE H>=60 group by B order by max(H) desc"")"),"Captain's Name (Use the exact same name each time)") -> Captain's Name (Use the exact same name each time) | T57: =IFERROR(__xludf.DUMMYFUNCTION("""COMPUTED_VALUE"""),"max Mr Epic Beast") -> max Mr Epic Beast | U57: =IFERROR(__xludf.DUMMYFUNCTION("Query('Round 3'!$A:$K,""Select B, MAX(I) WHERE I>=30 group by B order by max(I) desc"")"),"Captain's Name (Use the exact same name each time)") -> Captain's Name (Use the exact same name each time) | V57: =IFERROR(__xludf.DUMMYFUNCTION("""COMPUTED_VALUE"""),"max Óðinn Æsir") -> max Óðinn Æsir | W57: =IFERROR(__xludf.DUMMYFUNCTION("Query('Round 3'!$A:$K,""Select B, MAX(J) WHERE J>=30 group by B order by max(J) desc"")"),"Captain's Name (Use the exact same name each time)") -> Captain's Name (Use the exact same name each time) | X57: =IFERROR(__xludf.DUMMYFUNCTION("""COMPUTED_VALUE"""),"max kev1897") -> max kev1897
A58: Rage More Nerd | B58: =(D36)-IFERROR(VLOOKUP(A58,I$58:J$68,2,False),"")-IFERROR(VLOOKUP(A58,K$58:L$68,2,False),"")-IFERROR(VLOOKUP(A58,M$58:N$68,2,False),"")-IFERROR(VLOOKUP(A58,O$58:P$68,2,False),"")-IFERROR(VLOOKUP(A58,Q$58:R$68,2,False),"")-IFERROR(VLOOKUP(A58,S$58:T$68,2,False),"")-IFERROR(VLOOKUP(A58,U$58:V$68,2,False),"")-IFERROR(VLOOKUP(A58,W$58:X$68,2,False),"")-IFERROR(VLOOKUP(A58,Y$58:Z$68,2,False),"")-IFERROR(VLOOKUP(A58,AA$58:AB$68,2,False),"") -> 0 | C58: =D36 -> 40 | D58: 40 | E58: 30 | F58: =D36 -> 40 | I58: =IFERROR(__xludf.DUMMYFUNCTION("""COMPUTED_VALUE"""),"CaptainSev004") -> CaptainSev004 | J58: =IFERROR(__xludf.DUMMYFUNCTION("""COMPUTED_VALUE"""),450.0) -> 450 | K58: =IFERROR(__xludf.DUMMYFUNCTION("""COMPUTED_VALUE"""),"Solace") -> Solace | L58: =IFERROR(__xludf.DUMMYFUNCTION("""COMPUTED_VALUE"""),182.0) -> 182 | M58: =IFERROR(__xludf.DUMMYFUNCTION("""COMPUTED_VALUE"""),"CaptainSev004") -> CaptainSev004 | N58: =IFERROR(__xludf.DUMMYFUNCTION("""COMPUTED_VALUE"""),60.0) -> 60 | W58: =IFERROR(__xludf.DUMMYFUNCTION("""COMPUTED_VALUE"""),"Solace") -> Solace | X58: =IFERROR(__xludf.DUMMYFUNCTION("""COMPUTED_VALUE"""),80.0) -> 80
A59: Mavbrid | B59: =(D37)-IFERROR(VLOOKUP(A59,I$58:J$68,2,False),"")-IFERROR(VLOOKUP(A59,K$58:L$68,2,False),"")-IFERROR(VLOOKUP(A59,M$58:N$68,2,False),"")-IFERROR(VLOOKUP(A59,O$58:P$68,2,False),"")-IFERROR(VLOOKUP(A59,Q$58:R$68,2,False),"")-IFERROR(VLOOKUP(A59,S$58:T$68,2,False),"")-IFERROR(VLOOKUP(A59,U$58:V$68,2,False),"")-IFERROR(VLOOKUP(A59,W$58:X$68,2,False),"")-IFERROR(VLOOKUP(A59,Y$58:Z$68,2,False),"")-IFERROR(VLOOKUP(A59,AA$58:AB$68,2,False),"") -> 445 | C59: =D37 -> 445 | D59: 445 | E59: 30 | F59: =D37 -> 445 | I59: =IFERROR(__xludf.DUMMYFUNCTION("""COMPUTED_VALUE"""),"Bear is Clutch") -> Bear is Clutch | J59: =IFERROR(__xludf.DUMMYFUNCTION("""COMPUTED_VALUE"""),430.0) -> 430 | K59: =IFERROR(__xludf.DUMMYFUNCTION("""COMPUTED_VALUE"""),"TheAlphaTurtle") -> TheAlphaTurtle | L59: =IFERROR(__xludf.DUMMYFUNCTION("""COMPUTED_VALUE"""),153.0) -> 153 | W59: =IFERROR(__xludf.DUMMYFUNCTION("""COMPUTED_VALUE"""),"Cell") -> Cell | X59: =IFERROR(__xludf.DUMMYFUNCTION("""COMPUTED_VALUE"""),55.0) -> 55
A60: TheAlphaTurtle | B60: =(D38)-IFERROR(VLOOKUP(A60,I$58:J$68,2,False),"")-IFERROR(VLOOKUP(A60,K$58:L$68,2,False),"")-IFERROR(VLOOKUP(A60,M$58:N$68,2,False),"")-IFERROR(VLOOKUP(A60,O$58:P$68,2,False),"")-IFERROR(VLOOKUP(A60,Q$58:R$68,2,False),"")-IFERROR(VLOOKUP(A60,S$58:T$68,2,False),"")-IFERROR(VLOOKUP(A60,U$58:V$68,2,False),"")-IFERROR(VLOOKUP(A60,W$58:X$68,2,False),"")-IFERROR(VLOOKUP(A60,Y$58:Z$68,2,False),"")-IFERROR(VLOOKUP(A60,AA$58:AB$68,2,False),"") -> 326 | C60: =D38 -> 479 | D60: 479 | E60: 30 | F60: =D38 -> 479 | I60: =IFERROR(__xludf.DUMMYFUNCTION("""COMPUTED_VALUE"""),"Maverick") -> Maverick | J60: =IFERROR(__xludf.DUMMYFUNCTION("""COMPUTED_VALUE"""),415.0) -> 415 | K60: =IFERROR(__xludf.DUMMYFUNCTION("""COMPUTED_VALUE"""),"Maverick") -> Maverick | L60: =IFERROR(__xludf.DUMMYFUNCTION("""COMPUTED_VALUE"""),151.0) -> 151 | W60: =IFERROR(__xludf.DUMMYFUNCTION("""COMPUTED_VALUE"""),"Rage More Nerd") -> Rage More Nerd | X60: =IFERROR(__xludf.DUMMYFUNCTION("""COMPUTED_VALUE"""),40.0) -> 40
A61: cxrnchip | B61: =(D39)-IFERROR(VLOOKUP(A61,I$58:J$68,2,False),"")-IFERROR(VLOOKUP(A61,K$58:L$68,2,False),"")-IFERROR(VLOOKUP(A61,M$58:N$68,2,False),"")-IFERROR(VLOOKUP(A61,O$58:P$68,2,False),"")-IFERROR(VLOOKUP(A61,Q$58:R$68,2,False),"")-IFERROR(VLOOKUP(A61,S$58:T$68,2,False),"")-IFERROR(VLOOKUP(A61,U$58:V$68,2,False),"")-IFERROR(VLOOKUP(A61,W$58:X$68,2,False),"")-IFERROR(VLOOKUP(A61,Y$58:Z$68,2,False),"")-IFERROR(VLOOKUP(A61,AA$58:AB$68,2,False),"") -> 85 | C61: =D39 -> 85 | D61: 85 | E61: 30 | F61: =D39 -> 85 | W61: =IFERROR(__xludf.DUMMYFUNCTION("""COMPUTED_VALUE"""),"CaptainSev004") -> CaptainSev004 | X61: =IFERROR(__xludf.DUMMYFUNCTION("""COMPUTED_VALUE"""),30.0) -> 30
H69: Round 4
A72: Captain | B72: Spend Watcher | C72: Pool Total | D72: Round Credit Ended | E72: You need this left | F72: Prev Rnd | H72: Player Name | I72: ASpence501 | K72: Scomancer | M72: Havoc Puppies | O72: Almighty Tycoon | Q72: Doerstopper | S72: x Greenthumb | U72: Zavi | W72: PoisonxPoptart
A73: Bear is Clutch | B73: =(D52)-IFERROR(VLOOKUP(A73,I$79:J$91,2,False),"")-IFERROR(VLOOKUP(A73,K$79:L$91,2,False),"")-IFERROR(VLOOKUP(A73,M$79:N$91,2,False),"")-IFERROR(VLOOKUP(A73,O$79:P$91,2,False),"")-IFERROR(VLOOKUP(A73,Q$79:R$91,2,False),"")-IFERROR(VLOOKUP(A73,S$79:T$91,2,False),"")-IFERROR(VLOOKUP(A73,U$79:V$91,2,False),"")-IFERROR(VLOOKUP(A73,W$79:X$91,2,False),"")-IFERROR(VLOOKUP(A73,Y$79:Z$91,2,False),"")-IFERROR(VLOOKUP(A73,AA$79:AB$91,2,False),"") -> 60 | C73: =D52 -> 570 | D73: 60 | E73: 30 | F73: =D52 -> 570 | H73: Base Value | I73: {=INDEX(Signed,Match(I72,Signed!$A$1:$A$43,0),3)} -> 198 | K73: {=INDEX(Signed,Match(K72,Signed!$A$1:$A$43,0),3)} -> 150 | M73: {=INDEX(Signed,Match(M72,Signed!$A$1:$A$43,0),3)} -> 60 | O73: {=INDEX(Signed,Match(O72,Signed!$A$1:$A$43,0),3)} -> 60 | Q73: {=INDEX(Signed,Match(Q72,Signed!$A$1:$A$43,0),3)} -> 60 | S73: {=INDEX(Signed,Match(S72,Signed!$A$1:$A$43,0),3)} -> 60 | U73: {=INDEX(Signed,Match(U72,Signed!$A$1:$A$43,0),3)} -> 60 | W73: {=INDEX(Signed,Match(W72,Signed!$A$1:$A$43,0),3)} -> 30
A74: CaptainSev004 | B74: =(D53)-IFERROR(VLOOKUP(A74,I$79:J$91,2,False),"")-IFERROR(VLOOKUP(A74,K$79:L$91,2,False),"")-IFERROR(VLOOKUP(A74,M$79:N$91,2,False),"")-IFERROR(VLOOKUP(A74,O$79:P$91,2,False),"")-IFERROR(VLOOKUP(A74,Q$79:R$91,2,False),"")-IFERROR(VLOOKUP(A74,S$79:T$91,2,False),"")-IFERROR(VLOOKUP(A74,U$79:V$91,2,False),"")-IFERROR(VLOOKUP(A74,W$79:X$91,2,False),"")-IFERROR(VLOOKUP(A74,Y$79:Z$91,2,False),"")-IFERROR(VLOOKUP(A74,AA$79:AB$91,2,False),"") -> 0 | C74: =D53 -> 30 | D74: 30 | E74: 30 | F74: =D53 -> 30 | H74: Grade | I74: {=INDEX(Signed,Match(I72,Signed!$A$1:$A$43,0),2)} -> A | K74: {=INDEX(Signed,Match(K72,Signed!$A$1:$A$43,0),2)} -> B | M74: {=INDEX(Signed,Match(M72,Signed!$A$1:$A$43,0),2)} -> C | O74: {=INDEX(Signed,Match(O72,Signed!$A$1:$A$43,0),2)} -> C | Q74: {=INDEX(Signed,Match(Q72,Signed!$A$1:$A$43,0),2)} -> D | S74: {=INDEX(Signed,Match(S72,Signed!$A$1:$A$43,0),2)} -> D | U74: {=INDEX(Signed,Match(U72,Signed!$A$1:$A$43,0),2)} -> D | W74: {=INDEX(Signed,Match(W72,Signed!$A$1:$A$43,0),2)} -> E
A75: G3Ohh | B75: =(D54)-IFERROR(VLOOKUP(A75,I$79:J$91,2,False),"")-IFERROR(VLOOKUP(A75,K$79:L$91,2,False),"")-IFERROR(VLOOKUP(A75,M$79:N$91,2,False),"")-IFERROR(VLOOKUP(A75,O$79:P$91,2,False),"")-IFERROR(VLOOKUP(A75,Q$79:R$91,2,False),"")-IFERROR(VLOOKUP(A75,S$79:T$91,2,False),"")-IFERROR(VLOOKUP(A75,U$79:V$91,2,False),"")-IFERROR(VLOOKUP(A75,W$79:X$91,2,False),"")-IFERROR(VLOOKUP(A75,Y$79:Z$91,2,False),"")-IFERROR(VLOOKUP(A75,AA$79:AB$91,2,False),"") -> 0 | C75: =D54 -> 130 | D75: 0 | E75: 30 | F75: =D54 -> 130 | H75: Highest Bid | I75: =If(MAX('Round 4'!$C:$C)>=I73,MAX('Round 4'!$C:$C),0) -> 510 | K75: =If(MAX('Round 4'!$D:$D)>=K73,MAX('Round 4'!$D:$D),0) -> 151 | M75: =If(MAX('Round 4'!$E:$E)>=M73,MAX('Round 4'!$E:$E),0) -> 250 | O75: =If(MAX('Round 4'!$F:$F)>=O73,MAX('Round 4'!$F:$F),0) -> 301 | Q75: =If(MAX('Round 4'!$G:$G)>=Q73,MAX('Round 4'!$G:$G),0) -> 60 | S75: =If(MAX('Round 4'!$H:$H)>=S73,MAX('Round 4'!$H:$H),0) -> 0 | U75: =If(MAX('Round 4'!$I:$I)>=U73,MAX('Round 4'!$I:$I),0) -> 130 | W75: =If(MAX('Round 4'!$J:$J)>=W73,MAX('Round 4'!$J:$J),0) -> 55
A76: Eternlx | B76: =(D55)-IFERROR(VLOOKUP(A76,I$79:J$91,2,False),"")-IFERROR(VLOOKUP(A76,K$79:L$91,2,False),"")-IFERROR(VLOOKUP(A76,M$79:N$91,2,False),"")-IFERROR(VLOOKUP(A76,O$79:P$91,2,False),"")-IFERROR(VLOOKUP(A76,Q$79:R$91,2,False),"")-IFERROR(VLOOKUP(A76,S$79:T$91,2,False),"")-IFERROR(VLOOKUP(A76,U$79:V$91,2,False),"")-IFERROR(VLOOKUP(A76,W$79:X$91,2,False),"")-IFERROR(VLOOKUP(A76,Y$79:Z$91,2,False),"")-IFERROR(VLOOKUP(A76,AA$79:AB$91,2,False),"") -> -125 | C76: =D55 -> 540 | D76: 480 | E76: 30 | F76: =D55 -> 540 | H76: Highest Bidder | I76: =I79 -> Bear is Clutch | J76: =J79 -> 510 | K76: =K79 -> TheAlphaTurtle | L76: =L79 -> 151 | M76: =M79 -> Maverick | N76: =N79 -> 250 | O76: =O79 -> TheAlphaTurtle | P76: =P79 -> 301 | ... W76: =W79 -> Cell
A77: Solace | B77: =(D56)-IFERROR(VLOOKUP(A77,I$79:J$91,2,False),"")-IFERROR(VLOOKUP(A77,K$79:L$91,2,False),"")-IFERROR(VLOOKUP(A77,M$79:N$91,2,False),"")-IFERROR(VLOOKUP(A77,O$79:P$91,2,False),"")-IFERROR(VLOOKUP(A77,Q$79:R$91,2,False),"")-IFERROR(VLOOKUP(A77,S$79:T$91,2,False),"")-IFERROR(VLOOKUP(A77,U$79:V$91,2,False),"")-IFERROR(VLOOKUP(A77,W$79:X$91,2,False),"")-IFERROR(VLOOKUP(A77,Y$79:Z$91,2,False),"")-IFERROR(VLOOKUP(A77,AA$79:AB$91,2,False),"") -> 0 | C77: =D56 -> 0 | E77: 30 | F77: =D56 -> 0 | H77: Captain Bid List
A78: yLuxe | B78: =(D57)-IFERROR(VLOOKUP(A78,I$79:J$91,2,False),"")-IFERROR(VLOOKUP(A78,K$79:L$91,2,False),"")-IFERROR(VLOOKUP(A78,M$79:N$91,2,False),"")-IFERROR(VLOOKUP(A78,O$79:P$91,2,False),"")-IFERROR(VLOOKUP(A78,Q$79:R$91,2,False),"")-IFERROR(VLOOKUP(A78,S$79:T$91,2,False),"")-IFERROR(VLOOKUP(A78,U$79:V$91,2,False),"")-IFERROR(VLOOKUP(A78,W$79:X$91,2,False),"")-IFERROR(VLOOKUP(A78,Y$79:Z$91,2,False),"")-IFERROR(VLOOKUP(A78,AA$79:AB$91,2,False),"") -> 0 | C78: =D57 -> 129 | D78: 129 | E78: 30 | F78: =D57 -> 129 | H78: Captains who bid | I78: =IFERROR(__xludf.DUMMYFUNCTION("Query('Round 4'!$A:$K,""Select B, MAX(C) WHERE C>=198 group by B order by max(C) desc"")"),"Captain's Name (Use the exact same name each time)") -> Captain's Name (Use the exact same name each time) | J78: =IFERROR(__xludf.DUMMYFUNCTION("""COMPUTED_VALUE"""),"max ASpence501") -> max ASpence501 | K78: =IFERROR(__xludf.DUMMYFUNCTION("Query('Round 4'!$A:$K,""Select B, MAX(D) WHERE D>=150 group by B order by max(D) desc"")"),"Captain's Name (Use the exact same name each time)") -> Captain's Name (Use the exact same name each time) | L78: =IFERROR(__xludf.DUMMYFUNCTION("""COMPUTED_VALUE"""),"max Scomancer") -> max Scomancer | M78: =IFERROR(__xludf.DUMMYFUNCTION("Query('Round 4'!$A:$K,""Select B, MAX(E) WHERE E>=60 group by B order by max(E) desc"")"),"Captain's Name (Use the exact same name each time)") -> Captain's Name (Use the exact same name each time) | N78: =IFERROR(__xludf.DUMMYFUNCTION("""COMPUTED_VALUE"""),"max Havoc Puppies") -> max Havoc Puppies | O78: =IFERROR(__xludf.DUMMYFUNCTION("Query('Round 4'!$A:$K,""Select B, MAX(F) WHERE F>=60 group by B order by max(F) desc"")"),"Captain's Name (Use the exact same name each time)") -> Captain's Name (Use the exact same name each time) | P78: =IFERROR(__xludf.DUMMYFUNCTION("""COMPUTED_VALUE"""),"max Almighty Tycoon") -> max Almighty Tycoon | Q78: =IFERROR(__xludf.DUMMYFUNCTION("Query('Round 4'!$A:$K,""Select B, MAX(G) WHERE G>=60 group by B order by max(G) desc"")"),"Captain's Name (Use the exact same name each time)") -> Captain's Name (Use the exact same name each time) | R78: =IFERROR(__xludf.DUMMYFUNCTION("""COMPUTED_VALUE"""),"max Doerstopper") -> max Doerstopper | S78: =IFERROR(__xludf.DUMMYFUNCTION("Query('Round 4'!$A:$K,""Select B, MAX(H) WHERE H>=60 group by B order by max(H) desc"")"),"Captain's Name (Use the exact same name each time)") -> Captain's Name (Use the exact same name each time) | T78: =IFERROR(__xludf.DUMMYFUNCTION("""COMPUTED_VALUE"""),"max x Greenthumb") -> max x Greenthumb | U78: =IFERROR(__xludf.DUMMYFUNCTION("Query('Round 4'!$A:$K,""Select B, MAX(I) WHERE I>=60 group by B order by max(I) desc"")"),"Captain's Name (Use the exact same name each time)") -> Captain's Name (Use the exact same name each time) | V78: =IFERROR(__xludf.DUMMYFUNCTION("""COMPUTED_VALUE"""),"max Zavi") -> max Zavi | W78: =IFERROR(__xludf.DUMMYFUNCTION("Query('Round 4'!$A:$K,""Select B, MAX(J) WHERE J>=30 group by B order by max(J) desc"")"),"Captain's Name (Use the exact same name each time)") -> Captain's Name (Use the exact same name each time) | X78: =IFERROR(__xludf.DUMMYFUNCTION("""COMPUTED_VALUE"""),"max PoisonxPoptart") -> max PoisonxPoptart
A79: Rage More Nerd | B79: =(D58)-IFERROR(VLOOKUP(A79,I$79:J$91,2,False),"")-IFERROR(VLOOKUP(A79,K$79:L$91,2,False),"")-IFERROR(VLOOKUP(A79,M$79:N$91,2,False),"")-IFERROR(VLOOKUP(A79,O$79:P$91,2,False),"")-IFERROR(VLOOKUP(A79,Q$79:R$91,2,False),"")-IFERROR(VLOOKUP(A79,S$79:T$91,2,False),"")-IFERROR(VLOOKUP(A79,U$79:V$91,2,False),"")-IFERROR(VLOOKUP(A79,W$79:X$91,2,False),"")-IFERROR(VLOOKUP(A79,Y$79:Z$91,2,False),"")-IFERROR(VLOOKUP(A79,AA$79:AB$91,2,False),"") -> 0 | C79: =D58 -> 40 | D79: 40 | E79: 30 | F79: =D58 -> 40 | I79: =IFERROR(__xludf.DUMMYFUNCTION("""COMPUTED_VALUE"""),"Bear is Clutch") -> Bear is Clutch | J79: =IFERROR(__xludf.DUMMYFUNCTION("""COMPUTED_VALUE"""),510.0) -> 510 | K79: =IFERROR(__xludf.DUMMYFUNCTION("""COMPUTED_VALUE"""),"TheAlphaTurtle") -> TheAlphaTurtle | L79: =IFERROR(__xludf.DUMMYFUNCTION("""COMPUTED_VALUE"""),151.0) -> 151 | M79: =IFERROR(__xludf.DUMMYFUNCTION("""COMPUTED_VALUE"""),"Maverick") -> Maverick | N79: =IFERROR(__xludf.DUMMYFUNCTION("""COMPUTED_VALUE"""),250.0) -> 250 | O79: =IFERROR(__xludf.DUMMYFUNCTION("""COMPUTED_VALUE"""),"TheAlphaTurtle") -> TheAlphaTurtle | P79: =IFERROR(__xludf.DUMMYFUNCTION("""COMPUTED_VALUE"""),301.0) -> 301 | Q79: =IFERROR(__xludf.DUMMYFUNCTION("""COMPUTED_VALUE"""),"Eternlx") -> Eternlx | R79: =IFERROR(__xludf.DUMMYFUNCTION("""COMPUTED_VALUE"""),60.0) -> 60 | U79: =IFERROR(__xludf.DUMMYFUNCTION("""COMPUTED_VALUE"""),"G3Ohh") -> G3Ohh | V79: =IFERROR(__xludf.DUMMYFUNCTION("""COMPUTED_VALUE"""),130.0) -> 130 | W79: =IFERROR(__xludf.DUMMYFUNCTION("""COMPUTED_VALUE"""),"Cell") -> Cell | X79: =IFERROR(__xludf.DUMMYFUNCTION("""COMPUTED_VALUE"""),55.0) -> 55
A80: Mavbrid | B80: =(D59)-IFERROR(VLOOKUP(A80,I$79:J$91,2,False),"")-IFERROR(VLOOKUP(A80,K$79:L$91,2,False),"")-IFERROR(VLOOKUP(A80,M$79:N$91,2,False),"")-IFERROR(VLOOKUP(A80,O$79:P$91,2,False),"")-IFERROR(VLOOKUP(A80,Q$79:R$91,2,False),"")-IFERROR(VLOOKUP(A80,S$79:T$91,2,False),"")-IFERROR(VLOOKUP(A80,U$79:V$91,2,False),"")-IFERROR(VLOOKUP(A80,W$79:X$91,2,False),"")-IFERROR(VLOOKUP(A80,Y$79:Z$91,2,False),"")-IFERROR(VLOOKUP(A80,AA$79:AB$91,2,False),"") -> 445 | C80: =D59 -> 445 | D80: 195 | E80: 30 | F80: =D59 -> 445 | I80: =IFERROR(__xludf.DUMMYFUNCTION("""COMPUTED_VALUE"""),"Eternlx") -> Eternlx | J80: =IFERROR(__xludf.DUMMYFUNCTION("""COMPUTED_VALUE"""),330.0) -> 330 | M80: =IFERROR(__xludf.DUMMYFUNCTION("""COMPUTED_VALUE"""),"Eternlx") -> Eternlx | N80: =IFERROR(__xludf.DUMMYFUNCTION("""COMPUTED_VALUE"""),205.0) -> 205 | O80: =IFERROR(__xludf.DUMMYFUNCTION("""COMPUTED_VALUE"""),"Maverick") -> Maverick | P80: =IFERROR(__xludf.DUMMYFUNCTION("""COMPUTED_VALUE"""),150.0) -> 150 | W80: =IFERROR(__xludf.DUMMYFUNCTION("""COMPUTED_VALUE"""),"Rage More Nerd") -> Rage More Nerd | X80: =IFERROR(__xludf.DUMMYFUNCTION("""COMPUTED_VALUE"""),40.0) -> 40
A81: TheAlphaTurtle | B81: =(D60)-IFERROR(VLOOKUP(A81,I$79:J$91,2,False),"")-IFERROR(VLOOKUP(A81,K$79:L$91,2,False),"")-IFERROR(VLOOKUP(A81,M$79:N$91,2,False),"")-IFERROR(VLOOKUP(A81,O$79:P$91,2,False),"")-IFERROR(VLOOKUP(A81,Q$79:R$91,2,False),"")-IFERROR(VLOOKUP(A81,S$79:T$91,2,False),"")-IFERROR(VLOOKUP(A81,U$79:V$91,2,False),"")-IFERROR(VLOOKUP(A81,W$79:X$91,2,False),"")-IFERROR(VLOOKUP(A81,Y$79:Z$91,2,False),"")-IFERROR(VLOOKUP(A81,AA$79:AB$91,2,False),"") -> -242 | C81: =D60 -> 479 | D81: 27 | E81: 30 | F81: =D60 -> 479 | I81: =IFERROR(__xludf.DUMMYFUNCTION("""COMPUTED_VALUE"""),"TheAlphaTurtle") -> TheAlphaTurtle | J81: =IFERROR(__xludf.DUMMYFUNCTION("""COMPUTED_VALUE"""),269.0) -> 269 | O81: =IFERROR(__xludf.DUMMYFUNCTION("""COMPUTED_VALUE"""),"yLuxe") -> yLuxe | P81: =IFERROR(__xludf.DUMMYFUNCTION("""COMPUTED_VALUE"""),129.0) -> 129 | W81: =IFERROR(__xludf.DUMMYFUNCTION("""COMPUTED_VALUE"""),"CaptainSev004") -> CaptainSev004 | X81: =IFERROR(__xludf.DUMMYFUNCTION("""COMPUTED_VALUE"""),30.0) -> 30
A82: cxrnchip | B82: =(D61)-IFERROR(VLOOKUP(A82,I$79:J$91,2,False),"")-IFERROR(VLOOKUP(A82,K$79:L$91,2,False),"")-IFERROR(VLOOKUP(A82,M$79:N$91,2,False),"")-IFERROR(VLOOKUP(A82,O$79:P$91,2,False),"")-IFERROR(VLOOKUP(A82,Q$79:R$91,2,False),"")-IFERROR(VLOOKUP(A82,S$79:T$91,2,False),"")-IFERROR(VLOOKUP(A82,U$79:V$91,2,False),"")-IFERROR(VLOOKUP(A82,W$79:X$91,2,False),"")-IFERROR(VLOOKUP(A82,Y$79:Z$91,2,False),"")-IFERROR(VLOOKUP(A82,AA$79:AB$91,2,False),"") -> 85 | C82: =D61 -> 85 | D82: 30 | E82: 30 | F82: =D61 -> 85 | O82: =IFERROR(__xludf.DUMMYFUNCTION("""COMPUTED_VALUE"""),"Eternlx") -> Eternlx | P82: =IFERROR(__xludf.DUMMYFUNCTION("""COMPUTED_VALUE"""),70.0) -> 70
H92: Round 5
A95: Captain | B95: Pool Total | D95: Round Credit Ended | F95: Prev Rnd | H95: Player Name
A96: Bear is Clutch | H96: Base Value | I96: 60 | K96: 60 | M96: 60 | O96: 60 | Q96: 30 | S96: 60 | U96: 60 | W96: 60
A97: CaptainSev004 | H97: Grade | I97: D | K97: D | M97: D | O97: D | Q97: E | S97: D | U97: D | W97: D
A98: G3Ohh | H98: Highest Bid | I98: =If(MAX('Round 55'!D:D)>=I96,MAX('Round 55'!D:D),0) -> #REF! | K98: =If(MAX('Round 55'!E:E)>=K96,MAX('Round 55'!E:E),0) -> #REF! | M98: =If(MAX('Round 55'!F:F)>=M96,MAX('Round 55'!F:F),0) -> #REF! | O98: =If(MAX('Round 55'!G:G)>=O96,MAX('Round 55'!G:G),0) -> #REF! | Q98: =If(MAX('Round 55'!H:H)>=Q96,MAX('Round 55'!H:H),0) -> #REF! | S98: =If(MAX('Round 55'!I:I)>=S96,MAX('Round 55'!I:I),0) -> #REF! | U98: =If(MAX('Round 55'!J:J)>=S96,MAX('Round 55'!J:J),0) -> #REF!
A99: Eternlx | H99: Highest Bidder | I99: =I102 | J99: =J102 | K99: =K102 | L99: =L102 | M99: =M102 | N99: =N102 | O99: =O102 | P99: =P102 | ... V99: =V102
A100: Solace | H100: Captain Bid List
A101: yLuxe | H101: Captains who bid | I101: =IFERROR(__xludf.DUMMYFUNCTION("Query('Round 55'!$B:$J,""Select B, MAX(C) WHERE C>=198 group by B order by max(C) desc"")"),"#REF!") -> #REF! | K101: =IFERROR(__xludf.DUMMYFUNCTION("Query('Round 55'!$B:$J,""Select B, MAX(D) WHERE D>=150 group by B order by max(D) desc"")"),"#REF!") -> #REF! | M101: =IFERROR(__xludf.DUMMYFUNCTION("Query('Round 55'!$B:$J,""Select B, MAX(E) WHERE E>=60 group by B order by max(E) desc"")"),"#REF!") -> #REF! | O101: =IFERROR(__xludf.DUMMYFUNCTION("Query('Round 55'!$B:$J,""Select B, MAX(F) WHERE F>=150 group by B order by max(F) desc"")"),"#REF!") -> #REF! | Q101: =IFERROR(__xludf.DUMMYFUNCTION("Query('Round 55'!$B:$J,""Select B, MAX(G) WHERE G>=30 group by B order by max(G) desc"")"),"#REF!") -> #REF! | S101: =IFERROR(__xludf.DUMMYFUNCTION("Query('Round 55'!$B:$J,""Select B, MAX(H) WHERE H>=60 group by B order by max(H) desc"")"),"#REF!") -> #REF! | U101: =IFERROR(__xludf.DUMMYFUNCTION("Query('Round 55'!$B:$J,""Select B, MAX(I) WHERE I>=30 group by B order by max(I) desc"")"),"#REF!") -> #REF! | W101: =IFERROR(__xludf.DUMMYFUNCTION("Query('Round 55'!$B:$I,""Select B, MAX(J) WHERE J>=198 group by B order by max(J) desc"")"),"#REF!") -> #REF!
A102: Rage More Nerd
A103: Scomancer
A104: TheAlphaTurtle
A105: Priest XYZ

Sheet Round 1
A1: Timestamp | B1: Captain's Name (Use the exact same name each time) | C1: Dabb | D1: oDhmon | E1: Beam1n1 | F1: TommyWstSide | G1: MuNgO PuNgO | H1: LilSkelR1926 | I1: gaebpls | J1: Sherbski
A2: 44611.793 | B2: TheAlphaTurtle | F2: 60
A3: 44611.793 | B3: Maverick | F3: 80
A4: 44611.793 | B4: yLuxe | D4: 155
A5: 44611.793 | B5: G3Ohh | G5: 80
A6: 44611.794 | B6: Rage More Nerd | C6: 300
A7: 44611.794 | B7: yLuxe | F7: 81
A8: 44611.795 | B8: Maverick | F8: 82
A9: 44611.795 | B9: yLuxe | F9: 90
A10: 44611.797 | B10: Maverick | F10: 91
A11: 44611.799 | B11: Eternlx | C11: 320
A12: 44611.799 | B12: Rage More Nerd | C12: 330
A13: 44611.8 | B13: TheAlphaTurtle | D13: 157
A14: 44611.8 | B14: yLuxe | D14: 160
A15: 44611.802 | B15: Cell
A16: 44611.804 | B16: yLuxe | F16: 92
A17: 44611.804 | B17: TheAlphaTurtle | D17: 162
A18: 44611.805 | B18: yLuxe | D18: 163
A19: 44611.809 | B19: Bear is Clutch | C19: 340
A20: 44611.812 | B20: Bear is Clutch | D20: 164
A21: 44611.812 | B21: Rage More Nerd | C21: 350
A22: 44611.812 | B22: CaptainSev004 | D22: 165
A23: 44611.812 | B23: TheAlphaTurtle | D23: 211 | E23: 61
A24: 44611.812 | B24: Solace | D24: 180
A25: 44611.812 | B25: yLuxe | D25: 213 | H25: 60
A26: 44611.812 | B26: Maverick | F26: 95

Sheet Round 2
A1: Timestamp | B1: Captain's Name (Use the exact same name each time) | C1: MysticalNovice | D1: slayers0n | E1: Myst the Cold | F1: Into Sublime | G1: mstell96 | H1: Priest XYZ | I1: Amnatu | J1: JollyJhadIst
A2: 44611.817 | B2: Solace | C2: 300
A3: 44611.818 | B3: Cell | E3: 60 | F3: 60
A4: 44611.818 | B4: Rage More Nerd | F4: 70
A5: 44611.819 | B5: G3Ohh | F5: 100
A6: 44611.819 | B6: TheAlphaTurtle | C6: 320
A7: 44611.82 | B7: Rage More Nerd | E7: 70
A8: 44611.82 | B8: Solace | F8: 200
A9: 44611.82 | B9: Bear is Clutch | C9: 325
A10: 44611.822 | B10: TheAlphaTurtle | E10: 71
A11: 44611.823 | B11: Rage More Nerd | D11: 60
A12: 44611.823 | B12: G3Ohh | F12: 250
A13: 44611.824 | B13: TheAlphaTurtle | C13: 329
