Workbook

Sheet Teams
A5: Team Name: | B5: OREO | C5: The Crawller Death Squad | D5: The Grif S.A.G.A. | E5: Mystery Heroes | F5: Trespa5s | G5: Off in the Shower | H5: Ram Ranch | I5: MenZ's Grossly Large Backpack | J5: USURPER SZN | K5: Glory 2 God | L5: Quit Fuckin Betrayin’ Me
A7: Captain: | B7: OREOTHECAT | C7: Deathcrawller | D7: amnatu | E7: Holy Morals | F7: Trespa5s | G7: Doerstopper | H7: MuNgO PuNgO | I7: Scullen cx | J7: Spankatr0n | K7: ASpence501 | L7: MysticalNovice
A8: 1st Round: | B8: Clydrohsun | C8: yLuxe | D8: Ace B S1lentND1 | E8: Memorized | F8: Itzreelz | G8: DCleak | H8: Fanciest Pants | I8: Jussshhhyyy | J8: Scomancer | K8: oh zilly | L8: Mavbrid
A9: 2nd Round: | B9: Pd Craig 69 | C9: CaptainSev004 | D9: Grunt Padre | E9: Immørzlx | F9: Mr epic beast | G9: Beam1n1 | H9: Tommyywestside | I9: Its Rainin MenZ | J9: AwareMosquito | K9: NOPLEX | L9: Almighty Tycoon
A10: 3rd Round: | B10: ThePro#1771 | C10: TJP37 | D10: ABOVEAVGJ0HN | E10: Priest XYZ | F10: GeneralCornBeef | G10: WeirdPG | H10: KDSkill | I10: Ram Osneb | J10: StarMonster8129 | K10: Ken Khaneki | L10: THEChickyGod
E13: Team Standings | G13: Record
E14: Quit Fuckin Betrayin’ Me (Novice) | G14: 18-2
E15: Glory 2 God (ASpence) | G15: 16-4
E16: Mystery Heroes (Holy) | G16: 16-4
E17: The Crawller Death Squad (Death) | G17: 14-6
E18: MenZ's Grossly Large Backpack (Scullen cx) | G18: 11-9
E19: Ram Ranch (MuNgO PuNgO) | G19: 10-10
E20: USURPER SZN (Spank) | G20: 8-12
E21: The Grif S.A.G.A. (amnatu) | G21: 8-12
E22: Off In The Shower (Doerstopper) | G22: 4-16
E23: Trespa5s | G23: 2-18
E24: OREOTHECAT | G24: 2-18
E25: Off In The Shower (Doerstopper) | G25: 4-16

Sheet Team Stats
A1: Team Names | B1: Player | C1: Games | D1: Wins | E1: Losses | F1: Goals | G1: Ball Punches | H1: Kills | I1: Deaths | J1: K-D Spread | K1: Assists | L1: Game Time | M1: Sprees | N1: Frenzys+ | O1: Grand Slam | P1: Double Kills | Q1: Triple Kills | R1: Over+ | S1: Exterms | T1: Pancakes | U1: Player Grade | V1: PlayerGrade Rating
A2: The Crawller Death Squad | B2: Deathcrawller | C2: =IFERROR(VLOOKUP($B2,'Halo Infinite Stats'!$A:$AM,2,0),) -> 22 | D2: =IFERROR(VLOOKUP($B2,'Halo Infinite Stats'!$A:$AM,3,0),) -> 15 | E2: =IFERROR(VLOOKUP($B2,'Halo Infinite Stats'!$A:$AM,4,0),) -> 7 | F2: =IFERROR(VLOOKUP($B2,'Halo Infinite Stats'!$A:$AM,5,0),) -> 7 | G2: =IFERROR(VLOOKUP($B2,'Halo Infinite Stats'!$A:$AM,6,0),) -> 22 | H2: =IFERROR(VLOOKUP($B2,'Halo Infinite Stats'!$A:$AM,7,0),) -> 766 | I2: =IFERROR(VLOOKUP($B2,'Halo Infinite Stats'!$A:$AM,8,0),) -> 996 | J2: =IFERROR(VLOOKUP($B2,'Halo Infinite Stats'!$A:$AM,9,0),) -> -230 | K2: =IFERROR(VLOOKUP($B2,'Halo Infinite Stats'!$A:$AM,11,0),) -> 4 | L2: =IFERROR(TEXT(VLOOKUP($B2,'Halo Infinite Stats'!$A:$AM,12,0)/(24*60*60),"hh:mm:ss"),"") -> 05:14:55 | M2: =IFERROR(VLOOKUP($B2,'Halo Infinite Stats'!$A:$AM,14,0),) -> 5 | N2: =IFERROR(VLOOKUP($B2,'Halo Infinite Stats'!$A:$AM,15,0),)+IFERROR(VLOOKUP($B2,'Halo Infinite Stats'!$A:$AM,16,0),)+IFERROR(VLOOKUP($B2,'Halo Infinite Stats'!$A:$AM,17,0),) -> 0 | O2: =IFERROR(VLOOKUP($B2,'Halo Infinite Stats'!$A:$AM,18,0),) -> 10 | P2: =IFERROR(VLOOKUP($B2,'Halo Infinite Stats'!$A:$AM,19,0),) -> 110 | Q2: =IFERROR(VLOOKUP($B2,'Halo Infinite Stats'!$A:$AM,20,0),) -> 22 | R2: =IFERROR(VLOOKUP($B2,'Halo Infinite Stats'!$A:$AM,21,0),)+IFERROR(VLOOKUP($B2,'Halo Infinite Stats'!$A:$AM,22,0),)+IFERROR(VLOOKUP($B2,'Halo Infinite Stats'!$A:$AM,23,0),)+IFERROR(VLOOKUP($B2,'Halo Infinite Stats'!$A:$AM,24,0),)+IFERROR(VLOOKUP($B2,'Halo Infinite Stats'!$A:$AM,25,0),)+IFERROR(VLOOKUP($B2,'Halo Infinite Stats'!$A:$AM,26,0),)+IFERROR(VLOOKUP($B2,'Halo Infinite Stats'!$A:$AM,27,0),) -> 2 | S2: =IFERROR(VLOOKUP($B2,'Halo Infinite Stats'!$A:$AM,28,0),) -> 0 | T2: =IFERROR(VLOOKUP($B2,'Halo Infinite Stats'!$A:$AM,31,0),) -> 1 | U2: =IFERROR(VLOOKUP($B2,'PlayerGrades+'!$A:$W,22,0),) -> E | V2: =IFERROR(VLOOKUP($B2,'PlayerGrades+'!$A:$W,23,0),) -> 9.925 | X2: =(HOUR(L2) * 3600) + (MINUTE(L2) * 60) + SECOND(L2) -> 18895
A3: The Crawller Death Squad | B3: yLuxe | C3: =IFERROR(VLOOKUP($B3,'Halo Infinite Stats'!$A:$AM,2,0),) -> 20 | D3: =IFERROR(VLOOKUP($B3,'Halo Infinite Stats'!$A:$AM,3,0),) -> 13 | E3: =IFERROR(VLOOKUP($B3,'Halo Infinite Stats'!$A:$AM,4,0),) -> 7 | F3: =IFERROR(VLOOKUP($B3,'Halo Infinite Stats'!$A:$AM,5,0),) -> 33 | G3: =IFERROR(VLOOKUP($B3,'Halo Infinite Stats'!$A:$AM,6,0),) -> 88 | H3: =IFERROR(VLOOKUP($B3,'Halo Infinite Stats'!$A:$AM,7,0),) -> 985 | I3: =IFERROR(VLOOKUP($B3,'Halo Infinite Stats'!$A:$AM,8,0),) -> 943 | J3: =IFERROR(VLOOKUP($B3,'Halo Infinite Stats'!$A:$AM,9,0),) -> 42 | K3: =IFERROR(VLOOKUP($B3,'Halo Infinite Stats'!$A:$AM,11,0),) -> 1 | L3: =IFERROR(TEXT(VLOOKUP($B3,'Halo Infinite Stats'!$A:$AM,12,0)/(24*60*60),"hh:mm:ss"),"") -> 04:59:22 | M3: =IFERROR(VLOOKUP($B3,'Halo Infinite Stats'!$A:$AM,14,0),) -> 22 | N3: =IFERROR(VLOOKUP($B3,'Halo Infinite Stats'!$A:$AM,15,0),)+IFERROR(VLOOKUP($B3,'Halo Infinite Stats'!$A:$AM,16,0),)+IFERROR(VLOOKUP($B3,'Halo Infinite Stats'!$A:$AM,17,0),) -> 2 | O3: =IFERROR(VLOOKUP($B3,'Halo Infinite Stats'!$A:$AM,18,0),) -> 12 | P3: =IFERROR(VLOOKUP($B3,'Halo Infinite Stats'!$A:$AM,19,0),) -> 174 | Q3: =IFERROR(VLOOKUP($B3,'Halo Infinite Stats'!$A:$AM,20,0),) -> 55 | R3: =IFERROR(VLOOKUP($B3,'Halo Infinite Stats'!$A:$AM,21,0),)+IFERROR(VLOOKUP($B3,'Halo Infinite Stats'!$A:$AM,22,0),)+IFERROR(VLOOKUP($B3,'Halo Infinite Stats'!$A:$AM,23,0),)+IFERROR(VLOOKUP($B3,'Halo Infinite Stats'!$A:$AM,24,0),)+IFERROR(VLOOKUP($B3,'Halo Infinite Stats'!$A:$AM,25,0),)+IFERROR(VLOOKUP($B3,'Halo Infinite Stats'!$A:$AM,26,0),)+IFERROR(VLOOKUP($B3,'Halo Infinite Stats'!$A:$AM,27,0),) -> 28 | S3: =IFERROR(VLOOKUP($B3,'Halo Infinite Stats'!$A:$AM,28,0),) -> 1 | T3: =IFERROR(VLOOKUP($B3,'Halo Infinite Stats'!$A:$AM,31,0),) -> 1 | U3: =IFERROR(VLOOKUP($B3,'PlayerGrades+'!$A:$W,22,0),) -> S- | V3: =IFERROR(VLOOKUP($B3,'PlayerGrades+'!$A:$W,23,0),) -> 25.375 | X3: =(HOUR(L3) * 3600) + (MINUTE(L3) * 60) + SECOND(L3) -> 17962
A4: The Crawller Death Squad | B4: CaptainSev004 | C4: =IFERROR(VLOOKUP($B4,'Halo Infinite Stats'!$A:$AM,2,0),) -> 19 | D4: =IFERROR(VLOOKUP($B4,'Halo Infinite Stats'!$A:$AM,3,0),) -> 13 | E4: =IFERROR(VLOOKUP($B4,'Halo Infinite Stats'!$A:$AM,4,0),) -> 6 | F4: =IFERROR(VLOOKUP($B4,'Halo Infinite Stats'!$A:$AM,5,0),) -> 22 | G4: =IFERROR(VLOOKUP($B4,'Halo Infinite Stats'!$A:$AM,6,0),) -> 85 | H4: =IFERROR(VLOOKUP($B4,'Halo Infinite Stats'!$A:$AM,7,0),) -> 656 | I4: =IFERROR(VLOOKUP($B4,'Halo Infinite Stats'!$A:$AM,8,0),) -> 865 | J4: =IFERROR(VLOOKUP($B4,'Halo Infinite Stats'!$A:$AM,9,0),) -> -209 | K4: =IFERROR(VLOOKUP($B4,'Halo Infinite Stats'!$A:$AM,11,0),) -> 1 | L4: =IFERROR(TEXT(VLOOKUP($B4,'Halo Infinite Stats'!$A:$AM,12,0)/(24*60*60),"hh:mm:ss"),"") -> 04:40:36 | M4: =IFERROR(VLOOKUP($B4,'Halo Infinite Stats'!$A:$AM,14,0),) -> 6 | N4: =IFERROR(VLOOKUP($B4,'Halo Infinite Stats'!$A:$AM,15,0),)+IFERROR(VLOOKUP($B4,'Halo Infinite Stats'!$A:$AM,16,0),)+IFERROR(VLOOKUP($B4,'Halo Infinite Stats'!$A:$AM,17,0),) -> 0 | O4: =IFERROR(VLOOKUP($B4,'Halo Infinite Stats'!$A:$AM,18,0),) -> 8 | P4: =IFERROR(VLOOKUP($B4,'Halo Infinite Stats'!$A:$AM,19,0),) -> 96 | Q4: =IFERROR(VLOOKUP($B4,'Halo Infinite Stats'!$A:$AM,20,0),) -> 31 | R4: =IFERROR(VLOOKUP($B4,'Halo Infinite Stats'!$A:$AM,21,0),)+IFERROR(VLOOKUP($B4,'Halo Infinite Stats'!$A:$AM,22,0),)+IFERROR(VLOOKUP($B4,'Halo Infinite Stats'!$A:$AM,23,0),)+IFERROR(VLOOKUP($B4,'Halo Infinite Stats'!$A:$AM,24,0),)+IFERROR(VLOOKUP($B4,'Halo Infinite Stats'!$A:$AM,25,0),)+IFERROR(VLOOKUP($B4,'Halo Infinite Stats'!$A:$AM,26,0),)+IFERROR(VLOOKUP($B4,'Halo Infinite Stats'!$A:$AM,27,0),) -> 12 | S4: =IFERROR(VLOOKUP($B4,'Halo Infinite Stats'!$A:$AM,28,0),) -> 0 | T4: =IFERROR(VLOOKUP($B4,'Halo Infinite Stats'!$A:$AM,31,0),) -> 0 | U4: =IFERROR(VLOOKUP($B4,'PlayerGrades+'!$A:$W,22,0),) -> C | V4: =IFERROR(VLOOKUP($B4,'PlayerGrades+'!$A:$W,23,0),) -> 14.725 | X4: =(HOUR(L4) * 3600) + (MINUTE(L4) * 60) + SECOND(L4) -> 16836
A5: The Crawller Death Squad | B5: TJP37 | C5: =IFERROR(VLOOKUP($B5,'Halo Infinite Stats'!$A:$AM,2,0),) -> 22 | D5: =IFERROR(VLOOKUP($B5,'Halo Infinite Stats'!$A:$AM,3,0),) -> 13 | E5: =IFERROR(VLOOKUP($B5,'Halo Infinite Stats'!$A:$AM,4,0),) -> 9 | F5: =IFERROR(VLOOKUP($B5,'Halo Infinite Stats'!$A:$AM,5,0),) -> 18 | G5: =IFERROR(VLOOKUP($B5,'Halo Infinite Stats'!$A:$AM,6,0),) -> 72 | H5: =IFERROR(VLOOKUP($B5,'Halo Infinite Stats'!$A:$AM,7,0),) -> 1031 | I5: =IFERROR(VLOOKUP($B5,'Halo Infinite Stats'!$A:$AM,8,0),) -> 1116 | J5: =IFERROR(VLOOKUP($B5,'Halo Infinite Stats'!$A:$AM,9,0),) -> -85 | K5: =IFERROR(VLOOKUP($B5,'Halo Infinite Stats'!$A:$AM,11,0),) -> 3 | L5: =IFERROR(TEXT(VLOOKUP($B5,'Halo Infinite Stats'!$A:$AM,12,0)/(24*60*60),"hh:mm:ss"),"") -> 05:42:26 | M5: =IFERROR(VLOOKUP($B5,'Halo Infinite Stats'!$A:$AM,14,0),) -> 18 | N5: =IFERROR(VLOOKUP($B5,'Halo Infinite Stats'!$A:$AM,15,0),)+IFERROR(VLOOKUP($B5,'Halo Infinite Stats'!$A:$AM,16,0),)+IFERROR(VLOOKUP($B5,'Halo Infinite Stats'!$A:$AM,17,0),) -> 1 | O5: =IFERROR(VLOOKUP($B5,'Halo Infinite Stats'!$A:$AM,18,0),) -> 16 | P5: =IFERROR(VLOOKUP($B5,'Halo Infinite Stats'!$A:$AM,19,0),) -> 165 | Q5: =IFERROR(VLOOKUP($B5,'Halo Infinite Stats'!$A:$AM,20,0),) -> 51 | R5: =IFERROR(VLOOKUP($B5,'Halo Infinite Stats'!$A:$AM,21,0),)+IFERROR(VLOOKUP($B5,'Halo Infinite Stats'!$A:$AM,22,0),)+IFERROR(VLOOKUP($B5,'Halo Infinite Stats'!$A:$AM,23,0),)+IFERROR(VLOOKUP($B5,'Halo Infinite Stats'!$A:$AM,24,0),)+IFERROR(VLOOKUP($B5,'Halo Infinite Stats'!$A:$AM,25,0),)+IFERROR(VLOOKUP($B5,'Halo Infinite Stats'!$A:$AM,26,0),)+IFERROR(VLOOKUP($B5,'Halo Infinite Stats'!$A:$AM,27,0),) -> 14 | S5: =IFERROR(VLOOKUP($B5,'Halo Infinite Stats'!$A:$AM,28,0),) -> 1 | T5: =IFERROR(VLOOKUP($B5,'Halo Infinite Stats'!$A:$AM,31,0),) -> 4 | U5: =IFERROR(VLOOKUP($B5,'PlayerGrades+'!$A:$W,22,0),) -> A- | V5: =IFERROR(VLOOKUP($B5,'PlayerGrades+'!$A:$W,23,0),) -> 21.0125 | X5: =(HOUR(L5) * 3600) + (MINUTE(L5) * 60) + SECOND(L5) -> 20546
A6: The Crawller Death Squad | B6: TOTALS: | C6: =SUM(C2:C5) -> 83 | D6: =SUM(D2:D5) -> 54 | E6: =SUM(E2:E5) -> 29 | F6: =SUM(F2:F5) -> 80 | G6: =SUM(G2:G5) -> 267 | H6: =SUM(H2:H5) -> 3438 | I6: =SUM(I2:I5) -> 3920 | J6: =MINUS(H6,I6) -> -482 | K6: =SUM(K2:K5) -> 9 | L6: =TEXT(X12/86400, "hh:mm:ss") -> 23:41:47 | M6: =SUM(M2:M5) -> 51 | N6: =SUM(N2:N5) -> 3 | O6: =SUM(O2:O5) -> 46 | P6: =SUM(P2:P5) -> 545 | Q6: =SUM(Q2:Q5) -> 159 | R6: =SUM(R2:R5) -> 56 | S6: =SUM(S2:S5) -> 2 | T6: =SUM(T2:T5) -> 6 | U6: =IF(((V2+V3+V4+V5)/4)<='PlayerGrades+'!$Y$44,"F-",IF(((V2+V3+V4+V5)/4)<'PlayerGrades+'!$Y$43,"F",IF(((V2+V3+V4+V5)/4)<'PlayerGrades+'!$Y$42,"F+",IF(((V2+V3+V4+V5)/4)<'PlayerGrades+'!$Y$41,"E-",IF(((V2+V3+V4+V5)/4)<'PlayerGrades+'!$Y$40,"E",IF(((V2+V3+V4+V5)/4)<'PlayerGrades+'!$Y$39,"E+",IF(((V2+V3+V4+V5)/4)<'PlayerGrades+'!$Y$38,"D-",IF(((V2+V3+V4+V5)/4)<'PlayerGrades+'!$Y$37,"D",IF(((V2+V3+V4+V5)/4)<'PlayerGrades+'!$Y$36,"D+",IF(((V2+V3+V4+V5)/4)<'PlayerGrades+'!$Y$35,"C-",IF(((V2+V3+V4+V5)/4)<'PlayerGrades+'!$Y$34,"C",IF(((V2+V3+V4+V5)/4)<'PlayerGrades+'!$Y$33,"C+",IF(((V2+V3+V4+V5)/4)<'PlayerGrades+'!$Y$32,"B-",IF(((V2+V3+V4+V5)/4)<'PlayerGrades+'!$Y$31,"B",IF(((V2+V3+V4+V5)/4)<'PlayerGrades+'!$Y$30,"B+",IF(((V2+V3+V4+V5)/4)<'PlayerGrades+'!$Y$29,"A-",IF(((V2+V3+V4+V5)/4)<'PlayerGrades+'!$Y$28,"A",IF(((V2+V3+V4+V5)/4)<'PlayerGrades+'!$Y$27,"A+",IF(((V2+V3+V4+V5)/4)<'PlayerGrades+'!$Y$26,"S-",IF(((V2+V3+V4+V5)/4)<'PlayerGrades+'!$Y$25,"S","S+")))))))))))))))))))) -> B- | V6: Team AVG | X6: =SUM(X2:X5) -> 74239
A8: Mystery Heroes | B8: Holy Morals | C8: =IFERROR(VLOOKUP($B8,'Halo Infinite Stats'!$A:$AM,2,0),) -> 20 | D8: =IFERROR(VLOOKUP($B8,'Halo Infinite Stats'!$A:$AM,3,0),) -> 16 | E8: =IFERROR(VLOOKUP($B8,'Halo Infinite Stats'!$A:$AM,4,0),) -> 4 | F8: =IFERROR(VLOOKUP($B8,'Halo Infinite Stats'!$A:$AM,5,0),) -> 69 | G8: =IFERROR(VLOOKUP($B8,'Halo Infinite Stats'!$A:$AM,6,0),) -> 268 | H8: =IFERROR(VLOOKUP($B8,'Halo Infinite Stats'!$A:$AM,7,0),) -> 748 | I8: =IFERROR(VLOOKUP($B8,'Halo Infinite Stats'!$A:$AM,8,0),) -> 785 | J8: =IFERROR(VLOOKUP($B8,'Halo Infinite Stats'!$A:$AM,9,0),) -> -37 | K8: =IFERROR(VLOOKUP($B8,'Halo Infinite Stats'!$A:$AM,11,0),) -> 1 | L8: =IFERROR(TEXT(VLOOKUP($B8,'Halo Infinite Stats'!$A:$AM,12,0)/(24*60*60),"hh:mm:ss"),"") -> 04:46:12 | M8: =IFERROR(VLOOKUP($B8,'Halo Infinite Stats'!$A:$AM,14,0),) -> 16 | N8: =IFERROR(VLOOKUP($B8,'Halo Infinite Stats'!$A:$AM,15,0),)+IFERROR(VLOOKUP($B8,'Halo Infinite Stats'!$A:$AM,16,0),)+IFERROR(VLOOKUP($B8,'Halo Infinite Stats'!$A:$AM,17,0),) -> 0 | O8: =IFERROR(VLOOKUP($B8,'Halo Infinite Stats'!$A:$AM,18,0),) -> 5 | P8: =IFERROR(VLOOKUP($B8,'Halo Infinite Stats'!$A:$AM,19,0),) -> 119 | Q8: =IFERROR(VLOOKUP($B8,'Halo Infinite Stats'!$A:$AM,20,0),) -> 37 | R8: =IFERROR(VLOOKUP($B8,'Halo Infinite Stats'!$A:$AM,21,0),)+IFERROR(VLOOKUP($B8,'Halo Infinite Stats'!$A:$AM,22,0),)+IFERROR(VLOOKUP($B8,'Halo Infinite Stats'!$A:$AM,23,0),)+IFERROR(VLOOKUP($B8,'Halo Infinite Stats'!$A:$AM,24,0),)+IFERROR(VLOOKUP($B8,'Halo Infinite Stats'!$A:$AM,25,0),)+IFERROR(VLOOKUP($B8,'Halo Infinite Stats'!$A:$AM,26,0),)+IFERROR(VLOOKUP($B8,'Halo Infinite Stats'!$A:$AM,27,0),) -> 9 | S8: =IFERROR(VLOOKUP($B8,'Halo Infinite Stats'!$A:$AM,28,0),) -> 0 | T8: =IFERROR(VLOOKUP($B8,'Halo Infinite Stats'!$A:$AM,31,0),) -> 2 | U8: =IFERROR(VLOOKUP($B8,'PlayerGrades+'!$A:$W,22,0),) -> B+ | V8: =IFERROR(VLOOKUP($B8,'PlayerGrades+'!$A:$W,23,0),) -> 20.1125 | X8: =(HOUR(L8) * 3600) + (MINUTE(L8) * 60) + SECOND(L8) -> 17172
A9: Mystery Heroes | B9: Memorized | C9: =IFERROR(VLOOKUP($B9,'Halo Infinite Stats'!$A:$AM,2,0),) -> 20 | D9: =IFERROR(VLOOKUP($B9,'Halo Infinite Stats'!$A:$AM,3,0),) -> 16 | E9: =IFERROR(VLOOKUP($B9,'Halo Infinite Stats'!$A:$AM,4,0),) -> 4 | F9: =IFERROR(VLOOKUP($B9,'Halo Infinite Stats'!$A:$AM,5,0),) -> 2 | G9: =IFERROR(VLOOKUP($B9,'Halo Infinite Stats'!$A:$AM,6,0),) -> 8 | H9: =IFERROR(VLOOKUP($B9,'Halo Infinite Stats'!$A:$AM,7,0),) -> 1053 | I9: =IFERROR(VLOOKUP($B9,'Halo Infinite Stats'!$A:$AM,8,0),) -> 1071 | J9: =IFERROR(VLOOKUP($B9,'Halo Infinite Stats'!$A:$AM,9,0),) -> -18 | K9: =IFERROR(VLOOKUP($B9,'Halo Infinite Stats'!$A:$AM,11,0),) -> 4 | L9: =IFERROR(TEXT(VLOOKUP($B9,'Halo Infinite Stats'!$A:$AM,12,0)/(24*60*60),"hh:mm:ss"),"") -> 04:46:12 | M9: =IFERROR(VLOOKUP($B9,'Halo Infinite Stats'!$A:$AM,14,0),) -> 10 | N9: =IFERROR(VLOOKUP($B9,'Halo Infinite Stats'!$A:$AM,15,0),)+IFERROR(VLOOKUP($B9,'Halo Infinite Stats'!$A:$AM,16,0),)+IFERROR(VLOOKUP($B9,'Halo Infinite Stats'!$A:$AM,17,0),) -> 0 | O9: =IFERROR(VLOOKUP($B9,'Halo Infinite Stats'!$A:$AM,18,0),) -> 3 | P9: =IFERROR(VLOOKUP($B9,'Halo Infinite Stats'!$A:$AM,19,0),) -> 180 | Q9: =IFERROR(VLOOKUP($B9,'Halo Infinite Stats'!$A:$AM,20,0),) -> 42 | R9: =IFERROR(VLOOKUP($B9,'Halo Infinite Stats'!$A:$AM,21,0),)+IFERROR(VLOOKUP($B9,'Halo Infinite Stats'!$A:$AM,22,0),)+IFERROR(VLOOKUP($B9,'Halo Infinite Stats'!$A:$AM,23,0),)+IFERROR(VLOOKUP($B9,'Halo Infinite Stats'!$A:$AM,24,0),)+IFERROR(VLOOKUP($B9,'Halo Infinite Stats'!$A:$AM,25,0),)+IFERROR(VLOOKUP($B9,'Halo Infinite Stats'!$A:$AM,26,0),)+IFERROR(VLOOKUP($B9,'Halo Infinite Stats'!$A:$AM,27,0),) -> 13 | S9: =IFERROR(VLOOKUP($B9,'Halo Infinite Stats'!$A:$AM,28,0),) -> 0 | T9: =IFERROR(VLOOKUP($B9,'Halo Infinite Stats'!$A:$AM,31,0),) -> 0 | U9: =IFERROR(VLOOKUP($B9,'PlayerGrades+'!$A:$W,22,0),) -> B- | V9: =IFERROR(VLOOKUP($B9,'PlayerGrades+'!$A:$W,23,0),) -> 17.95 | X9: =(HOUR(L9) * 3600) + (MINUTE(L9) * 60) + SECOND(L9) -> 17172
A10: Mystery Heroes | B10: TommyWstSide | C10: =IFERROR(VLOOKUP($B10,'Halo Infinite Stats'!$A:$AM,2,0),) -> 37 | D10: =IFERROR(VLOOKUP($B10,'Halo Infinite Stats'!$A:$AM,3,0),) -> 22 | E10: =IFERROR(VLOOKUP($B10,'Halo Infinite Stats'!$A:$AM,4,0),) -> 15 | F10: =IFERROR(VLOOKUP($B10,'Halo Infinite Stats'!$A:$AM,5,0),) -> 22 | G10: =IFERROR(VLOOKUP($B10,'Halo Infinite Stats'!$A:$AM,6,0),) -> 62 | H10: =IFERROR(VLOOKUP($B10,'Halo Infinite Stats'!$A:$AM,7,0),) -> 1603 | I10: =IFERROR(VLOOKUP($B10,'Halo Infinite Stats'!$A:$AM,8,0),) -> 1709 | J10: =IFERROR(VLOOKUP($B10,'Halo Infinite Stats'!$A:$AM,9,0),) -> -106 | K10: =IFERROR(VLOOKUP($B10,'Halo Infinite Stats'!$A:$AM,11,0),) -> 9 | L10: =IFERROR(TEXT(VLOOKUP($B10,'Halo Infinite Stats'!$A:$AM,12,0)/(24*60*60),"hh:mm:ss"),"") -> 08:25:48 | M10: =IFERROR(VLOOKUP($B10,'Halo Infinite Stats'!$A:$AM,14,0),) -> 31 | N10: =IFERROR(VLOOKUP($B10,'Halo Infinite Stats'!$A:$AM,15,0),)+IFERROR(VLOOKUP($B10,'Halo Infinite Stats'!$A:$AM,16,0),)+IFERROR(VLOOKUP($B10,'Halo Infinite Stats'!$A:$AM,17,0),) -> 0 | O10: =IFERROR(VLOOKUP($B10,'Halo Infinite Stats'!$A:$AM,18,0),) -> 22 | P10: =IFERROR(VLOOKUP($B10,'Halo Infinite Stats'!$A:$AM,19,0),) -> 272 | Q10: =IFERROR(VLOOKUP($B10,'Halo Infinite Stats'!$A:$AM,20,0),) -> 80 | R10: =IFERROR(VLOOKUP($B10,'Halo Infinite Stats'!$A:$AM,21,0),)+IFERROR(VLOOKUP($B10,'Halo Infinite Stats'!$A:$AM,22,0),)+IFERROR(VLOOKUP($B10,'Halo Infinite Stats'!$A:$AM,23,0),)+IFERROR(VLOOKUP($B10,'Halo Infinite Stats'!$A:$AM,24,0),)+IFERROR(VLOOKUP($B10,'Halo Infinite Stats'!$A:$AM,25,0),)+IFERROR(VLOOKUP($B10,'Halo Infinite Stats'!$A:$AM,26,0),)+IFERROR(VLOOKUP($B10,'Halo Infinite Stats'!$A:$AM,27,0),) -> 37 | S10: =IFERROR(VLOOKUP($B10,'Halo Infinite Stats'!$A:$AM,28,0),) -> 0 | T10: =IFERROR(VLOOKUP($B10,'Halo Infinite Stats'!$A:$AM,31,0),) -> 0 | U10: =IFERROR(VLOOKUP($B10,'PlayerGrades+'!$A:$W,22,0),) -> A | V10: =IFERROR(VLOOKUP($B10,'PlayerGrades+'!$A:$W,23,0),) -> 21.55 | X10: =(HOUR(L10) * 3600) + (MINUTE(L10) * 60) + SECOND(L10) -> 30348
A11: Mystery Heroes | B11: Priest XYZ | C11: =IFERROR(VLOOKUP($B11,'Halo Infinite Stats'!$A:$AM,2,0),) -> 24 | D11: =IFERROR(VLOOKUP($B11,'Halo Infinite Stats'!$A:$AM,3,0),) -> 15 | E11: =IFERROR(VLOOKUP($B11,'Halo Infinite Stats'!$A:$AM,4,0),) -> 9 | F11: =IFERROR(VLOOKUP($B11,'Halo Infinite Stats'!$A:$AM,5,0),) -> 7 | G11: =IFERROR(VLOOKUP($B11,'Halo Infinite Stats'!$A:$AM,6,0),) -> 15 | H11: =IFERROR(VLOOKUP($B11,'Halo Infinite Stats'!$A:$AM,7,0),) -> 1008 | I11: =IFERROR(VLOOKUP($B11,'Halo Infinite Stats'!$A:$AM,8,0),) -> 1243 | J11: =IFERROR(VLOOKUP($B11,'Halo Infinite Stats'!$A:$AM,9,0),) -> -235 | K11: =IFERROR(VLOOKUP($B11,'Halo Infinite Stats'!$A:$AM,11,0),) -> 1 | L11: =IFERROR(TEXT(VLOOKUP($B11,'Halo Infinite Stats'!$A:$AM,12,0)/(24*60*60),"hh:mm:ss"),"") -> 05:43:35 | M11: =IFERROR(VLOOKUP($B11,'Halo Infinite Stats'!$A:$AM,14,0),) -> 9 | N11: =IFERROR(VLOOKUP($B11,'Halo Infinite Stats'!$A:$AM,15,0),)+IFERROR(VLOOKUP($B11,'Halo Infinite Stats'!$A:$AM,16,0),)+IFERROR(VLOOKUP($B11,'Halo Infinite Stats'!$A:$AM,17,0),) -> 0 | O11: =IFERROR(VLOOKUP($B11,'Halo Infinite Stats'!$A:$AM,18,0),) -> 15 | P11: =IFERROR(VLOOKUP($B11,'Halo Infinite Stats'!$A:$AM,19,0),) -> 159 | Q11: =IFERROR(VLOOKUP($B11,'Halo Infinite Stats'!$A:$AM,20,0),) -> 43 | R11: =IFERROR(VLOOKUP($B11,'Halo Infinite Stats'!$A:$AM,21,0),)+IFERROR(VLOOKUP($B11,'Halo Infinite Stats'!$A:$AM,22,0),)+IFERROR(VLOOKUP($B11,'Halo Infinite Stats'!$A:$AM,23,0),)+IFERROR(VLOOKUP($B11,'Halo Infinite Stats'!$A:$AM,24,0),)+IFERROR(VLOOKUP($B11,'Halo Infinite Stats'!$A:$AM,25,0),)+IFERROR(VLOOKUP($B11,'Halo Infinite Stats'!$A:$AM,26,0),)+IFERROR(VLOOKUP($B11,'Halo Infinite Stats'!$A:$AM,27,0),) -> 14 | S11: =IFERROR(VLOOKUP($B11,'Halo Infinite Stats'!$A:$AM,28,0),) -> 0 | T11: =IFERROR(VLOOKUP($B11,'Halo Infinite Stats'!$A:$AM,31,0),) -> 0 | U11: =IFERROR(VLOOKUP($B11,'PlayerGrades+'!$A:$W,22,0),) -> C- | V11: =IFERROR(VLOOKUP($B11,'PlayerGrades+'!$A:$W,23,0),) -> 14.5125 | X11: =(HOUR(L11) * 3600) + (MINUTE(L11) * 60) + SECOND(L11) -> 20615
A12: Mystery Heroes | B12: TOTALS: | C12: =SUM(C8:C11) -> 101 | D12: =SUM(D8:D11) -> 69 | E12: =SUM(E8:E11) -> 32 | F12: =SUM(F8:F11) -> 100 | G12: =SUM(G8:G11) -> 353 | H12: =SUM(H8:H11) -> 4412 | I12: =SUM(I8:I11) -> 4808 | J12: =MINUS(H12,I12) -> -396 | K12: =SUM(K8:K11) -> 15 | L12: =TEXT(X12/86400, "hh:mm:ss") -> 23:41:47 | M12: =SUM(M8:M11) -> 66 | N12: =SUM(N8:N11) -> 0 | O12: =SUM(O8:O11) -> 45 | P12: =SUM(P8:P11) -> 730 | Q12: =SUM(Q8:Q11) -> 202 | R12: =SUM(R8:R11) -> 73 | S12: =SUM(S8:S11) -> 0 | T12: =SUM(T8:T11) -> 2 | U12: =IF(((V8+V9+V10+V11)/4)<='PlayerGrades+'!$Y$44,"F-",IF(((V8+V9+V10+V11)/4)<'PlayerGrades+'!$Y$43,"F",IF(((V8+V9+V10+V11)/4)<'PlayerGrades+'!$Y$42,"F+",IF(((V8+V9+V10+V11)/4)<'PlayerGrades+'!$Y$41,"E-",IF(((V8+V9+V10+V11)/4)<'PlayerGrades+'!$Y$40,"E",IF(((V8+V9+V10+V11)/4)<'PlayerGrades+'!$Y$39,"E+",IF(((V8+V9+V10+V11)/4)<'PlayerGrades+'!$Y$38,"D-",IF(((V8+V9+V10+V11)/4)<'PlayerGrades+'!$Y$37,"D",IF(((V8+V9+V10+V11)/4)<'PlayerGrades+'!$Y$36,"D+",IF(((V8+V9+V10+V11)/4)<'PlayerGrades+'!$Y$35,"C-",IF(((V8+V9+V10+V11)/4)<'PlayerGrades+'!$Y$34,"C",IF(((V8+V9+V10+V11)/4)<'PlayerGrades+'!$Y$33,"C+",IF(((V8+V9+V10+V11)/4)<'PlayerGrades+'!$Y$32,"B-",IF(((V8+V9+V10+V11)/4)<'PlayerGrades+'!$Y$31,"B",IF(((V8+V9+V10+V11)/4)<'PlayerGrades+'!$Y$30,"B+",IF(((V8+V9+V10+V11)/4)<'PlayerGrades+'!$Y$29,"A-",IF(((V8+V9+V10+V11)/4)<'PlayerGrades+'!$Y$28,"A",IF(((V8+V9+V10+V11)/4)<'PlayerGrades+'!$Y$27,"A+",IF(((V8+V9+V10+V11)/4)<'PlayerGrades+'!$Y$26,"S-",IF(((V8+V9+V10+V11)/4)<'PlayerGrades+'!$Y$25,"S","S+")))))))))))))))))))) -> B | V12: Team AVG | X12: =IFERROR(SUM(X8:X11), 0) -> 85307
A14: Glory 2 God | B14: ASpence501 | C14: =IFERROR(VLOOKUP($B14,'Halo Infinite Stats'!$A:$AM,2,0),) -> 23 | D14: =IFERROR(VLOOKUP($B14,'Halo Infinite Stats'!$A:$AM,3,0),) -> 17 | E14: =IFERROR(VLOOKUP($B14,'Halo Infinite Stats'!$A:$AM,4,0),) -> 6 | F14: =IFERROR(VLOOKUP($B14,'Halo Infinite Stats'!$A:$AM,5,0),) -> 48 | G14: =IFERROR(VLOOKUP($B14,'Halo Infinite Stats'!$A:$AM,6,0),) -> 222 | H14: =IFERROR(VLOOKUP($B14,'Halo Infinite Stats'!$A:$AM,7,0),) -> 1135 | I14: =IFERROR(VLOOKUP($B14,'Halo Infinite Stats'!$A:$AM,8,0),) -> 1058 | J14: =IFERROR(VLOOKUP($B14,'Halo Infinite Stats'!$A:$AM,9,0),) -> 77 | K14: =IFERROR(VLOOKUP($B14,'Halo Infinite Stats'!$A:$AM,11,0),) -> 1 | L14: =IFERROR(TEXT(VLOOKUP($B14,'Halo Infinite Stats'!$A:$AM,12,0)/(24*60*60),"hh:mm:ss"),"") -> 05:41:06 | M14: =IFERROR(VLOOKUP($B14,'Halo Infinite Stats'!$A:$AM,14,0),) -> 22 | N14: =IFERROR(VLOOKUP($B14,'Halo Infinite Stats'!$A:$AM,15,0),)+IFERROR(VLOOKUP($B14,'Halo Infinite Stats'!$A:$AM,16,0),)+IFERROR(VLOOKUP($B14,'Halo Infinite Stats'!$A:$AM,17,0),) -> 0 | O14: =IFERROR(VLOOKUP($B14,'Halo Infinite Stats'!$A:$AM,18,0),) -> 10 | P14: =IFERROR(VLOOKUP($B14,'Halo Infinite Stats'!$A:$AM,19,0),) -> 184 | Q14: =IFERROR(VLOOKUP($B14,'Halo Infinite Stats'!$A:$AM,20,0),) -> 58 | R14: =IFERROR(VLOOKUP($B14,'Halo Infinite Stats'!$A:$AM,21,0),)+IFERROR(VLOOKUP($B14,'Halo Infinite Stats'!$A:$AM,22,0),)+IFERROR(VLOOKUP($B14,'Halo Infinite Stats'!$A:$AM,23,0),)+IFERROR(VLOOKUP($B14,'Halo Infinite Stats'!$A:$AM,24,0),)+IFERROR(VLOOKUP($B14,'Halo Infinite Stats'!$A:$AM,25,0),)+IFERROR(VLOOKUP($B14,'Halo Infinite Stats'!$A:$AM,26,0),)+IFERROR(VLOOKUP($B14,'Halo Infinite Stats'!$A:$AM,27,0),) -> 28 | S14: =IFERROR(VLOOKUP($B14,'Halo Infinite Stats'!$A:$AM,28,0),) -> 0 | T14: =IFERROR(VLOOKUP($B14,'Halo Infinite Stats'!$A:$AM,31,0),) -> 6 | U14: =IFERROR(VLOOKUP($B14,'PlayerGrades+'!$A:$W,22,0),) -> S- | V14: =IFERROR(VLOOKUP($B14,'PlayerGrades+'!$A:$W,23,0),) -> 25.25 | X14: =(HOUR(L14) * 3600) + (MINUTE(L14) * 60) + SECOND(L14) -> 20466
A15: Glory 2 God | B15: oh zilly | C15: =IFERROR(VLOOKUP($B15,'Halo Infinite Stats'!$A:$AM,2,0),) -> 16 | D15: =IFERROR(VLOOKUP($B15,'Halo Infinite Stats'!$A:$AM,3,0),) -> 11 | E15: =IFERROR(VLOOKUP($B15,'Halo Infinite Stats'!$A:$AM,4,0),) -> 5 | F15: =IFERROR(VLOOKUP($B15,'Halo Infinite Stats'!$A:$AM,5,0),) -> 13 | G15: =IFERROR(VLOOKUP($B15,'Halo Infinite Stats'!$A:$AM,6,0),) -> 25 | H15: =IFERROR(VLOOKUP($B15,'Halo Infinite Stats'!$A:$AM,7,0),) -> 818 | I15: =IFERROR(VLOOKUP($B15,'Halo Infinite Stats'!$A:$AM,8,0),) -> 939 | J15: =IFERROR(VLOOKUP($B15,'Halo Infinite Stats'!$A:$AM,9,0),) -> -121 | K15: =IFERROR(VLOOKUP($B15,'Halo Infinite Stats'!$A:$AM,11,0),) -> 1 | L15: =IFERROR(TEXT(VLOOKUP($B15,'Halo Infinite Stats'!$A:$AM,12,0)/(24*60*60),"hh:mm:ss"),"") -> 04:06:40 | M15: =IFERROR(VLOOKUP($B15,'Halo Infinite Stats'!$A:$AM,14,0),) -> 17 | N15: =IFERROR(VLOOKUP($B15,'Halo Infinite Stats'!$A:$AM,15,0),)+IFERROR(VLOOKUP($B15,'Halo Infinite Stats'!$A:$AM,16,0),)+IFERROR(VLOOKUP($B15,'Halo Infinite Stats'!$A:$AM,17,0),) -> 0 | O15: =IFERROR(VLOOKUP($B15,'Halo Infinite Stats'!$A:$AM,18,0),) -> 24 | P15: =IFERROR(VLOOKUP($B15,'Halo Infinite Stats'!$A:$AM,19,0),) -> 151 | Q15: =IFERROR(VLOOKUP($B15,'Halo Infinite Stats'!$A:$AM,20,0),) -> 46 | R15: =IFERROR(VLOOKUP($B15,'Halo Infinite Stats'!$A:$AM,21,0),)+IFERROR(VLOOKUP($B15,'Halo Infinite Stats'!$A:$AM,22,0),)+IFERROR(VLOOKUP($B15,'Halo Infinite Stats'!$A:$AM,23,0),)+IFERROR(VLOOKUP($B15,'Halo Infinite Stats'!$A:$AM,24,0),)+IFERROR(VLOOKUP($B15,'Halo Infinite Stats'!$A:$AM,25,0),)+IFERROR(VLOOKUP($B15,'Halo Infinite Stats'!$A:$AM,26,0),)+IFERROR(VLOOKUP($B15,'Halo Infinite Stats'!$A:$AM,27,0),) -> 17 | S15: =IFERROR(VLOOKUP($B15,'Halo Infinite Stats'!$A:$AM,28,0),) -> 0 | T15: =IFERROR(VLOOKUP($B15,'Halo Infinite Stats'!$A:$AM,31,0),) -> 0 | U15: =IFERROR(VLOOKUP($B15,'PlayerGrades+'!$A:$W,22,0),) -> A- | V15: =IFERROR(VLOOKUP($B15,'PlayerGrades+'!$A:$W,23,0),) -> 21.375 | X15: =(HOUR(L15) * 3600) + (MINUTE(L15) * 60) + SECOND(L15) -> 14800
A16: Glory 2 God | B16: NOPLEX | C16: =IFERROR(VLOOKUP($B16,'Halo Infinite Stats'!$A:$AM,2,0),) -> 22 | D16: =IFERROR(VLOOKUP($B16,'Halo Infinite Stats'!$A:$AM,3,0),) -> 17 | E16: =IFERROR(VLOOKUP($B16,'Halo Infinite Stats'!$A:$AM,4,0),) -> 5 | F16: =IFERROR(VLOOKUP($B16,'Halo Infinite Stats'!$A:$AM,5,0),) -> 13 | G16: =IFERROR(VLOOKUP($B16,'Halo Infinite Stats'!$A:$AM,6,0),) -> 23 | H16: =IFERROR(VLOOKUP($B16,'Halo Infinite Stats'!$A:$AM,7,0),) -> 946 | I16: =IFERROR(VLOOKUP($B16,'Halo Infinite Stats'!$A:$AM,8,0),) -> 1122 | J16: =IFERROR(VLOOKUP($B16,'Halo Infinite Stats'!$A:$AM,9,0),) -> -176 | K16: =IFERROR(VLOOKUP($B16,'Halo Infinite Stats'!$A:$AM,11,0),) -> 1 | L16: =IFERROR(TEXT(VLOOKUP($B16,'Halo Infinite Stats'!$A:$AM,12,0)/(24*60*60),"hh:mm:ss"),"") -> 05:26:40 | M16: =IFERROR(VLOOKUP($B16,'Halo Infinite Stats'!$A:$AM,14,0),) -> 9 | N16: =IFERROR(VLOOKUP($B16,'Halo Infinite Stats'!$A:$AM,15,0),)+IFERROR(VLOOKUP($B16,'Halo Infinite Stats'!$A:$AM,16,0),)+IFERROR(VLOOKUP($B16,'Halo Infinite Stats'!$A:$AM,17,0),) -> 0 | O16: =IFERROR(VLOOKUP($B16,'Halo Infinite Stats'!$A:$AM,18,0),) -> 11 | P16: =IFERROR(VLOOKUP($B16,'Halo Infinite Stats'!$A:$AM,19,0),) -> 137 | Q16: =IFERROR(VLOOKUP($B16,'Halo Infinite Stats'!$A:$AM,20,0),) -> 30 | R16: =IFERROR(VLOOKUP($B16,'Halo Infinite Stats'!$A:$AM,21,0),)+IFERROR(VLOOKUP($B16,'Halo Infinite Stats'!$A:$AM,22,0),)+IFERROR(VLOOKUP($B16,'Halo Infinite Stats'!$A:$AM,23,0),)+IFERROR(VLOOKUP($B16,'Halo Infinite Stats'!$A:$AM,24,0),)+IFERROR(VLOOKUP($B16,'Halo Infinite Stats'!$A:$AM,25,0),)+IFERROR(VLOOKUP($B16,'Halo Infinite Stats'!$A:$AM,26,0),)+IFERROR(VLOOKUP($B16,'Halo Infinite Stats'!$A:$AM,27,0),) -> 12 | S16: =IFERROR(VLOOKUP($B16,'Halo Infinite Stats'!$A:$AM,28,0),) -> 0 | T16: =IFERROR(VLOOKUP($B16,'Halo Infinite Stats'!$A:$AM,31,0),) -> 0 | U16: =IFERROR(VLOOKUP($B16,'PlayerGrades+'!$A:$W,22,0),) -> D+ | V16: =IFERROR(VLOOKUP($B16,'PlayerGrades+'!$A:$W,23,0),) -> 13.925 | X16: =(HOUR(L16) * 3600) + (MINUTE(L16) * 60) + SECOND(L16) -> 19600
A17: Glory 2 God | B17: Ken Khaneki | C17: =IFERROR(VLOOKUP($B17,'Halo Infinite Stats'!$A:$AM,2,0),) -> 26 | D17: =IFERROR(VLOOKUP($B17,'Halo Infinite Stats'!$A:$AM,3,0),) -> 17 | E17: =IFERROR(VLOOKUP($B17,'Halo Infinite Stats'!$A:$AM,4,0),) -> 8 | F17: =IFERROR(VLOOKUP($B17,'Halo Infinite Stats'!$A:$AM,5,0),) -> 7 | G17: =IFERROR(VLOOKUP($B17,'Halo Infinite Stats'!$A:$AM,6,0),) -> 17 | H17: =IFERROR(VLOOKUP($B17,'Halo Infinite Stats'!$A:$AM,7,0),) -> 1145 | I17: =IFERROR(VLOOKUP($B17,'Halo Infinite Stats'!$A:$AM,8,0),) -> 1557 | J17: =IFERROR(VLOOKUP($B17,'Halo Infinite Stats'!$A:$AM,9,0),) -> -412 | K17: =IFERROR(VLOOKUP($B17,'Halo Infinite Stats'!$A:$AM,11,0),) -> 2 | L17: =IFERROR(TEXT(VLOOKUP($B17,'Halo Infinite Stats'!$A:$AM,12,0)/(24*60*60),"hh:mm:ss"),"") -> 06:29:59 | M17: =IFERROR(VLOOKUP($B17,'Halo Infinite Stats'!$A:$AM,14,0),) -> 7 | N17: =IFERROR(VLOOKUP($B17,'Halo Infinite Stats'!$A:$AM,15,0),)+IFERROR(VLOOKUP($B17,'Halo Infinite Stats'!$A:$AM,16,0),)+IFERROR(VLOOKUP($B17,'Halo Infinite Stats'!$A:$AM,17,0),) -> 0 | O17: =IFERROR(VLOOKUP($B17,'Halo Infinite Stats'!$A:$AM,18,0),) -> 10 | P17: =IFERROR(VLOOKUP($B17,'Halo Infinite Stats'!$A:$AM,19,0),) -> 173 | Q17: =IFERROR(VLOOKUP($B17,'Halo Infinite Stats'!$A:$AM,20,0),) -> 46 | R17: =IFERROR(VLOOKUP($B17,'Halo Infinite Stats'!$A:$AM,21,0),)+IFERROR(VLOOKUP($B17,'Halo Infinite Stats'!$A:$AM,22,0),)+IFERROR(VLOOKUP($B17,'Halo Infinite Stats'!$A:$AM,23,0),)+IFERROR(VLOOKUP($B17,'Halo Infinite Stats'!$A:$AM,24,0),)+IFERROR(VLOOKUP($B17,'Halo Infinite Stats'!$A:$AM,25,0),)+IFERROR(VLOOKUP($B17,'Halo Infinite Stats'!$A:$AM,26,0),)+IFERROR(VLOOKUP($B17,'Halo Infinite Stats'!$A:$AM,27,0),) -> 11 | S17: =IFERROR(VLOOKUP($B17,'Halo Infinite Stats'!$A:$AM,28,0),) -> 0 | T17: =IFERROR(VLOOKUP($B17,'Halo Infinite Stats'!$A:$AM,31,0),) -> 0 | U17: =IFERROR(VLOOKUP($B17,'PlayerGrades+'!$A:$W,22,0),) -> E+ | V17: =IFERROR(VLOOKUP($B17,'PlayerGrades+'!$A:$W,23,0),) -> 11.55 | X17: =(HOUR(L17) * 3600) + (MINUTE(L17) * 60) + SECOND(L17) -> 23399
A18: Glory 2 God | B18: TOTALS: | C18: =SUM(C14:C17) -> 87 | D18: =SUM(D14:D17) -> 62 | E18: =SUM(E14:E17) -> 24 | F18: =SUM(F14:F17) -> 81 | G18: =SUM(G14:G17) -> 287 | H18: =SUM(H14:H17) -> 4044 | I18: =SUM(I14:I17) -> 4676 | J18: =MINUS(H18,I18) -> -632 | K18: =SUM(K14:K17) -> 5 | L18: =TEXT(X18/86400, "hh:mm:ss") -> 21:44:25 | M18: =SUM(M14:M17) -> 55 | N18: =SUM(N14:N17) -> 0 | O18: =SUM(O14:O17) -> 55 | P18: =SUM(P14:P17) -> 645 | Q18: =SUM(Q14:Q17) -> 180 | R18: =SUM(R14:R17) -> 68 | S18: =SUM(S14:S17) -> 0 | T18: =SUM(T14:T17) -> 6 | U18: =IF(((V14+V15+V16+V17)/4)<='PlayerGrades+'!$Y$44,"F-",IF(((V14+V15+V16+V17)/4)<'PlayerGrades+'!$Y$43,"F",IF(((V14+V15+V16+V17)/4)<'PlayerGrades+'!$Y$42,"F+",IF(((V14+V15+V16+V17)/4)<'PlayerGrades+'!$Y$41,"E-",IF(((V14+V15+V16+V17)/4)<'PlayerGrades+'!$Y$40,"E",IF(((V14+V15+V16+V17)/4)<'PlayerGrades+'!$Y$39,"E+",IF(((V14+V15+V16+V17)/4)<'PlayerGrades+'!$Y$38,"D-",IF(((V14+V15+V16+V17)/4)<'PlayerGrades+'!$Y$37,"D",IF(((V14+V15+V16+V17)/4)<'PlayerGrades+'!$Y$36,"D+",IF(((V14+V15+V16+V17)/4)<'PlayerGrades+'!$Y$35,"C-",IF(((V14+V15+V16+V17)/4)<'PlayerGrades+'!$Y$34,"C",IF(((V14+V15+V16+V17)/4)<'PlayerGrades+'!$Y$33,"C+",IF(((V14+V15+V16+V17)/4)<'PlayerGrades+'!$Y$32,"B-",IF(((V14+V15+V16+V17)/4)<'PlayerGrades+'!$Y$31,"B",IF(((V14+V15+V16+V17)/4)<'PlayerGrades+'!$Y$30,"B+",IF(((V14+V15+V16+V17)/4)<'PlayerGrades+'!$Y$29,"A-",IF(((V14+V15+V16+V17)/4)<'PlayerGrades+'!$Y$28,"A",IF(((V14+V15+V16+V17)/4)<'PlayerGrades+'!$Y$27,"A+",IF(((V14+V15+V16+V17)/4)<'PlayerGrades+'!$Y$26,"S-",IF(((V14+V15+V16+V17)/4)<'PlayerGrades+'!$Y$25,"S","S+")))))))))))))))))))) -> B- | V18: Team AVG | X18: =IFERROR(SUM(X14:X17), 0) -> 78265
A20: USURPER SZN | B20: SPANKATRON | C20: =IFERROR(VLOOKUP($B20,'Halo Infinite Stats'!$A:$AM,2,0),) | D20: =IFERROR(VLOOKUP($B20,'Halo Infinite Stats'!$A:$AM,3,0),) | E20: =IFERROR(VLOOKUP($B20,'Halo Infinite Stats'!$A:$AM,4,0),) | F20: =IFERROR(VLOOKUP($B20,'Halo Infinite Stats'!$A:$AM,5,0),) | G20: =IFERROR(VLOOKUP($B20,'Halo Infinite Stats'!$A:$AM,6,0),) | H20: =IFERROR(VLOOKUP($B20,'Halo Infinite Stats'!$A:$AM,7,0),) | I20: =IFERROR(VLOOKUP($B20,'Halo Infinite Stats'!$A:$AM,8,0),) | J20: =IFERROR(VLOOKUP($B20,'Halo Infinite Stats'!$A:$AM,9,0),) | K20: =IFERROR(VLOOKUP($B20,'Halo Infinite Stats'!$A:$AM,11,0),) | L20: =IFERROR(TEXT(VLOOKUP($B20,'Halo Infinite Stats'!$A:$AM,12,0)/(24*60*60),"hh:mm:ss"),"") | M20: =IFERROR(VLOOKUP($B20,'Halo Infinite Stats'!$A:$AM,14,0),) | N20: =IFERROR(VLOOKUP($B20,'Halo Infinite Stats'!$A:$AM,15,0),)+IFERROR(VLOOKUP($B20,'Halo Infinite Stats'!$A:$AM,16,0),)+IFERROR(VLOOKUP($B20,'Halo Infinite Stats'!$A:$AM,17,0),) -> 0 | O20: =IFERROR(VLOOKUP($B20,'Halo Infinite Stats'!$A:$AM,18,0),) | P20: =IFERROR(VLOOKUP($B20,'Halo Infinite Stats'!$A:$AM,19,0),) | Q20: =IFERROR(VLOOKUP($B20,'Halo Infinite Stats'!$A:$AM,20,0),) | R20: =IFERROR(VLOOKUP($B20,'Halo Infinite Stats'!$A:$AM,21,0),)+IFERROR(VLOOKUP($B20,'Halo Infinite Stats'!$A:$AM,22,0),)+IFERROR(VLOOKUP($B20,'Halo Infinite Stats'!$A:$AM,23,0),)+IFERROR(VLOOKUP($B20,'Halo Infinite Stats'!$A:$AM,24,0),)+IFERROR(VLOOKUP($B20,'Halo Infinite Stats'!$A:$AM,25,0),)+IFERROR(VLOOKUP($B20,'Halo Infinite Stats'!$A:$AM,26,0),)+IFERROR(VLOOKUP($B20,'Halo Infinite Stats'!$A:$AM,27,0),) -> 0 | S20: =IFERROR(VLOOKUP($B20,'Halo Infinite Stats'!$A:$AM,28,0),) | T20: =IFERROR(VLOOKUP($B20,'Halo Infinite Stats'!$A:$AM,31,0),) | U20: =IFERROR(VLOOKUP($B20,'PlayerGrades+'!$A:$W,22,0),) | V20: =IFERROR(VLOOKUP($B20,'PlayerGrades+'!$A:$W,23,0),) | X20: =(HOUR(L20) * 3600) + (MINUTE(L20) * 60) + SECOND(L20) -> 0
A21: USURPER SZN | B21: Jussshhhyyy | C21: =IFERROR(VLOOKUP($B21,'Halo Infinite Stats'!$A:$AM,2,0),) -> 36 | D21: =IFERROR(VLOOKUP($B21,'Halo Infinite Stats'!$A:$AM,3,0),) -> 18 | E21: =IFERROR(VLOOKUP($B21,'Halo Infinite Stats'!$A:$AM,4,0),) -> 18 | F21: =IFERROR(VLOOKUP($B21,'Halo Infinite Stats'!$A:$AM,5,0),) -> 30 | G21: =IFERROR(VLOOKUP($B21,'Halo Infinite Stats'!$A:$AM,6,0),) -> 177 | H21: =IFERROR(VLOOKUP($B21,'Halo Infinite Stats'!$A:$AM,7,0),) -> 2042 | I21: =IFERROR(VLOOKUP($B21,'Halo Infinite Stats'!$A:$AM,8,0),) -> 1484 | J21: =IFERROR(VLOOKUP($B21,'Halo Infinite Stats'!$A:$AM,9,0),) -> 558 | K21: =IFERROR(VLOOKUP($B21,'Halo Infinite Stats'!$A:$AM,11,0),) -> 7 | L21: =IFERROR(TEXT(VLOOKUP($B21,'Halo Infinite Stats'!$A:$AM,12,0)/(24*60*60),"hh:mm:ss"),"") -> 08:51:27 | M21: =IFERROR(VLOOKUP($B21,'Halo Infinite Stats'!$A:$AM,14,0),) -> 81 | N21: =IFERROR(VLOOKUP($B21,'Halo Infinite Stats'!$A:$AM,15,0),)+IFERROR(VLOOKUP($B21,'Halo Infinite Stats'!$A:$AM,16,0),)+IFERROR(VLOOKUP($B21,'Halo Infinite Stats'!$A:$AM,17,0),) -> 5 | O21: =IFERROR(VLOOKUP($B21,'Halo Infinite Stats'!$A:$AM,18,0),) -> 27 | P21: =IFERROR(VLOOKUP($B21,'Halo Infinite Stats'!$A:$AM,19,0),) -> 423 | Q21: =IFERROR(VLOOKUP($B21,'Halo Infinite Stats'!$A:$AM,20,0),) -> 128 | R21: =IFERROR(VLOOKUP($B21,'Halo Infinite Stats'!$A:$AM,21,0),)+IFERROR(VLOOKUP($B21,'Halo Infinite Stats'!$A:$AM,22,0),)+IFERROR(VLOOKUP($B21,'Halo Infinite Stats'!$A:$AM,23,0),)+IFERROR(VLOOKUP($B21,'Halo Infinite Stats'!$A:$AM,24,0),)+IFERROR(VLOOKUP($B21,'Halo Infinite Stats'!$A:$AM,25,0),)+IFERROR(VLOOKUP($B21,'Halo Infinite Stats'!$A:$AM,26,0),)+IFERROR(VLOOKUP($B21,'Halo Infinite Stats'!$A:$AM,27,0),) -> 67 | S21: =IFERROR(VLOOKUP($B21,'Halo Infinite Stats'!$A:$AM,28,0),) -> 0 | T21: =IFERROR(VLOOKUP($B21,'Halo Infinite Stats'!$A:$AM,31,0),) -> 6 | U21: =IFERROR(VLOOKUP($B21,'PlayerGrades+'!$A:$W,22,0),) -> S | V21: =IFERROR(VLOOKUP($B21,'PlayerGrades+'!$A:$W,23,0),) -> 27.275 | X21: =(HOUR(L21) * 3600) + (MINUTE(L21) * 60) + SECOND(L21) -> 31887
A22: USURPER SZN | B22: AwareMosquito | C22: =IFERROR(VLOOKUP($B22,'Halo Infinite Stats'!$A:$AM,2,0),) -> 28 | D22: =IFERROR(VLOOKUP($B22,'Halo Infinite Stats'!$A:$AM,3,0),) -> 13 | E22: =IFERROR(VLOOKUP($B22,'Halo Infinite Stats'!$A:$AM,4,0),) -> 15 | F22: =IFERROR(VLOOKUP($B22,'Halo Infinite Stats'!$A:$AM,5,0),) -> 28 | G22: =IFERROR(VLOOKUP($B22,'Halo Infinite Stats'!$A:$AM,6,0),) -> 154 | H22: =IFERROR(VLOOKUP($B22,'Halo Infinite Stats'!$A:$AM,7,0),) -> 1016 | I22: =IFERROR(VLOOKUP($B22,'Halo Infinite Stats'!$A:$AM,8,0),) -> 1384 | J22: =IFERROR(VLOOKUP($B22,'Halo Infinite Stats'!$A:$AM,9,0),) -> -368 | K22: =IFERROR(VLOOKUP($B22,'Halo Infinite Stats'!$A:$AM,11,0),) -> 4 | L22: =IFERROR(TEXT(VLOOKUP($B22,'Halo Infinite Stats'!$A:$AM,12,0)/(24*60*60),"hh:mm:ss"),"") -> 07:02:16 | M22: =IFERROR(VLOOKUP($B22,'Halo Infinite Stats'!$A:$AM,14,0),) -> 10 | N22: =IFERROR(VLOOKUP($B22,'Halo Infinite Stats'!$A:$AM,15,0),)+IFERROR(VLOOKUP($B22,'Halo Infinite Stats'!$A:$AM,16,0),)+IFERROR(VLOOKUP($B22,'Halo Infinite Stats'!$A:$AM,17,0),) -> 0 | O22: =IFERROR(VLOOKUP($B22,'Halo Infinite Stats'!$A:$AM,18,0),) -> 12 | P22: =IFERROR(VLOOKUP($B22,'Halo Infinite Stats'!$A:$AM,19,0),) -> 135 | Q22: =IFERROR(VLOOKUP($B22,'Halo Infinite Stats'!$A:$AM,20,0),) -> 24 | R22: =IFERROR(VLOOKUP($B22,'Halo Infinite Stats'!$A:$AM,21,0),)+IFERROR(VLOOKUP($B22,'Halo Infinite Stats'!$A:$AM,22,0),)+IFERROR(VLOOKUP($B22,'Halo Infinite Stats'!$A:$AM,23,0),)+IFERROR(VLOOKUP($B22,'Halo Infinite Stats'!$A:$AM,24,0),)+IFERROR(VLOOKUP($B22,'Halo Infinite Stats'!$A:$AM,25,0),)+IFERROR(VLOOKUP($B22,'Halo Infinite Stats'!$A:$AM,26,0),)+IFERROR(VLOOKUP($B22,'Halo Infinite Stats'!$A:$AM,27,0),) -> 3 | S22: =IFERROR(VLOOKUP($B22,'Halo Infinite Stats'!$A:$AM,28,0),) -> 0 | T22: =IFERROR(VLOOKUP($B22,'Halo Infinite Stats'!$A:$AM,31,0),) -> 0 | U22: =IFERROR(VLOOKUP($B22,'PlayerGrades+'!$A:$W,22,0),) -> D | V22: =IFERROR(VLOOKUP($B22,'PlayerGrades+'!$A:$W,23,0),) -> 12.6125 | X22: =(HOUR(L22) * 3600) + (MINUTE(L22) * 60) + SECOND(L22) -> 25336
A23: USURPER SZN | B23: ill Shrek u | C23: =IFERROR(VLOOKUP($B23,'Halo Infinite Stats'!$A:$AM,2,0),) -> 17 | D23: =IFERROR(VLOOKUP($B23,'Halo Infinite Stats'!$A:$AM,3,0),) -> 10 | E23: =IFERROR(VLOOKUP($B23,'Halo Infinite Stats'!$A:$AM,4,0),) -> 7 | F23: =IFERROR(VLOOKUP($B23,'Halo Infinite Stats'!$A:$AM,5,0),) -> 13 | G23: =IFERROR(VLOOKUP($B23,'Halo Infinite Stats'!$A:$AM,6,0),) -> 32 | H23: =IFERROR(VLOOKUP($B23,'Halo Infinite Stats'!$A:$AM,7,0),) -> 719 | I23: =IFERROR(VLOOKUP($B23,'Halo Infinite Stats'!$A:$AM,8,0),) -> 771 | J23: =IFERROR(VLOOKUP($B23,'Halo Infinite Stats'!$A:$AM,9,0),) -> -52 | K23: =IFERROR(VLOOKUP($B23,'Halo Infinite Stats'!$A:$AM,11,0),) -> 0 | L23: =IFERROR(TEXT(VLOOKUP($B23,'Halo Infinite Stats'!$A:$AM,12,0)/(24*60*60),"hh:mm:ss"),"") -> 04:26:01 | M23: =IFERROR(VLOOKUP($B23,'Halo Infinite Stats'!$A:$AM,14,0),) -> 15 | N23: =IFERROR(VLOOKUP($B23,'Halo Infinite Stats'!$A:$AM,15,0),)+IFERROR(VLOOKUP($B23,'Halo Infinite Stats'!$A:$AM,16,0),)+IFERROR(VLOOKUP($B23,'Halo Infinite Stats'!$A:$AM,17,0),) -> 0 | O23: =IFERROR(VLOOKUP($B23,'Halo Infinite Stats'!$A:$AM,18,0),) -> 9 | P23: =IFERROR(VLOOKUP($B23,'Halo Infinite Stats'!$A:$AM,19,0),) -> 110 | Q23: =IFERROR(VLOOKUP($B23,'Halo Infinite Stats'!$A:$AM,20,0),) -> 29 | R23: =IFERROR(VLOOKUP($B23,'Halo Infinite Stats'!$A:$AM,21,0),)+IFERROR(VLOOKUP($B23,'Halo Infinite Stats'!$A:$AM,22,0),)+IFERROR(VLOOKUP($B23,'Halo Infinite Stats'!$A:$AM,23,0),)+IFERROR(VLOOKUP($B23,'Halo Infinite Stats'!$A:$AM,24,0),)+IFERROR(VLOOKUP($B23,'Halo Infinite Stats'!$A:$AM,25,0),)+IFERROR(VLOOKUP($B23,'Halo Infinite Stats'!$A:$AM,26,0),)+IFERROR(VLOOKUP($B23,'Halo Infinite Stats'!$A:$AM,27,0),) -> 7 | S23: =IFERROR(VLOOKUP($B23,'Halo Infinite Stats'!$A:$AM,28,0),) -> 0 | T23: =IFERROR(VLOOKUP($B23,'Halo Infinite Stats'!$A:$AM,31,0),) -> 3 | U23: =IFERROR(VLOOKUP($B23,'PlayerGrades+'!$A:$W,22,0),) -> B | V23: =IFERROR(VLOOKUP($B23,'PlayerGrades+'!$A:$W,23,0),) -> 18.15 | X23: =(HOUR(L23) * 3600) + (MINUTE(L23) * 60) + SECOND(L23) -> 15961
A24: USURPER SZN | B24: TOTALS: | C24: =SUM(C20:C23) -> 81 | D24: =SUM(D20:D23) -> 41 | E24: =SUM(E20:E23) -> 40 | F24: =SUM(F20:F23) -> 71 | G24: =SUM(G20:G23) -> 363 | H24: =SUM(H20:H23) -> 3777 | I24: =SUM(I20:I23) -> 3639 | J24: =MINUS(H24,I24) -> 138 | K24: =SUM(K20:K23) -> 11 | L24: =TEXT(X24/86400, "hh:mm:ss") -> 20:19:44 | M24: =SUM(M20:M23) -> 106 | N24: =SUM(N20:N23) -> 5 | O24: =SUM(O20:O23) -> 48 | P24: =SUM(P20:P23) -> 668 | Q24: =SUM(Q20:Q23) -> 181 | R24: =SUM(R20:R23) -> 77 | S24: =SUM(S20:S23) -> 0 | T24: =SUM(T20:T23) -> 9 | U24: =IF(((V20+V21+V22+V23)/4)<='PlayerGrades+'!$Y$44,"F-",IF(((V20+V21+V22+V23)/4)<'PlayerGrades+'!$Y$43,"F",IF(((V20+V21+V22+V23)/4)<'PlayerGrades+'!$Y$42,"F+",IF(((V20+V21+V22+V23)/4)<'PlayerGrades+'!$Y$41,"E-",IF(((V20+V21+V22+V23)/4)<'PlayerGrades+'!$Y$40,"E",IF(((V20+V21+V22+V23)/4)<'PlayerGrades+'!$Y$39,"E+",IF(((V20+V21+V22+V23)/4)<'PlayerGrades+'!$Y$38,"D-",IF(((V20+V21+V22+V23)/4)<'PlayerGrades+'!$Y$37,"D",IF(((V20+V21+V22+V23)/4)<'PlayerGrades+'!$Y$36,"D+",IF(((V20+V21+V22+V23)/4)<'PlayerGrades+'!$Y$35,"C-",IF(((V20+V21+V22+V23)/4)<'PlayerGrades+'!$Y$34,"C",IF(((V20+V21+V22+V23)/4)<'PlayerGrades+'!$Y$33,"C+",IF(((V20+V21+V22+V23)/4)<'PlayerGrades+'!$Y$32,"B-",IF(((V20+V21+V22+V23)/4)<'PlayerGrades+'!$Y$31,"B",IF(((V20+V21+V22+V23)/4)<'PlayerGrades+'!$Y$30,"B+",IF(((V20+V21+V22+V23)/4)<'PlayerGrades+'!$Y$29,"A-",IF(((V20+V21+V22+V23)/4)<'PlayerGrades+'!$Y$28,"A",IF(((V20+V21+V22+V23)/4)<'PlayerGrades+'!$Y$27,"A+",IF(((V20+V21+V22+V23)/4)<'PlayerGrades+'!$Y$26,"S-",IF(((V20+V21+V22+V23)/4)<'PlayerGrades+'!$Y$25,"S","S+")))))))))))))))))))) -> C- | V24: Team AVG | X24: =IFERROR(SUM(X20:X23), 0) -> 73184
A26: MenZ's Grossly Large Backpack | B26: Scullen cx | C26: =IFERROR(VLOOKUP($B26,'Halo Infinite Stats'!$A:$AM,2,0),) -> 21 | D26: =IFERROR(VLOOKUP($B26,'Halo Infinite Stats'!$A:$AM,3,0),) -> 10 | E26: =IFERROR(VLOOKUP($B26,'Halo Infinite Stats'!$A:$AM,4,0),) -> 11 | F26: =IFERROR(VLOOKUP($B26,'Halo Infinite Stats'!$A:$AM,5,0),) -> 36 | G26: =IFERROR(VLOOKUP($B26,'Halo Infinite Stats'!$A:$AM,6,0),) -> 249 | H26: =IFERROR(VLOOKUP($B26,'Halo Infinite Stats'!$A:$AM,7,0),) -> 963 | I26: =IFERROR(VLOOKUP($B26,'Halo Infinite Stats'!$A:$AM,8,0),) -> 1023 | J26: =IFERROR(VLOOKUP($B26,'Halo Infinite Stats'!$A:$AM,9,0),) -> -60 | K26: =IFERROR(VLOOKUP($B26,'Halo Infinite Stats'!$A:$AM,11,0),) -> 3 | L26: =IFERROR(TEXT(VLOOKUP($B26,'Halo Infinite Stats'!$A:$AM,12,0)/(24*60*60),"hh:mm:ss"),"") -> 04:50:00 | M26: =IFERROR(VLOOKUP($B26,'Halo Infinite Stats'!$A:$AM,14,0),) -> 27 | N26: =IFERROR(VLOOKUP($B26,'Halo Infinite Stats'!$A:$AM,15,0),)+IFERROR(VLOOKUP($B26,'Halo Infinite Stats'!$A:$AM,16,0),)+IFERROR(VLOOKUP($B26,'Halo Infinite Stats'!$A:$AM,17,0),) -> 2 | O26: =IFERROR(VLOOKUP($B26,'Halo Infinite Stats'!$A:$AM,18,0),) -> 10 | P26: =IFERROR(VLOOKUP($B26,'Halo Infinite Stats'!$A:$AM,19,0),) -> 179 | Q26: =IFERROR(VLOOKUP($B26,'Halo Infinite Stats'!$A:$AM,20,0),) -> 50 | R26: =IFERROR(VLOOKUP($B26,'Halo Infinite Stats'!$A:$AM,21,0),)+IFERROR(VLOOKUP($B26,'Halo Infinite Stats'!$A:$AM,22,0),)+IFERROR(VLOOKUP($B26,'Halo Infinite Stats'!$A:$AM,23,0),)+IFERROR(VLOOKUP($B26,'Halo Infinite Stats'!$A:$AM,24,0),)+IFERROR(VLOOKUP($B26,'Halo Infinite Stats'!$A:$AM,25,0),)+IFERROR(VLOOKUP($B26,'Halo Infinite Stats'!$A:$AM,26,0),)+IFERROR(VLOOKUP($B26,'Halo Infinite Stats'!$A:$AM,27,0),) -> 21 | S26: =IFERROR(VLOOKUP($B26,'Halo Infinite Stats'!$A:$AM,28,0),) -> 1 | T26: =IFERROR(VLOOKUP($B26,'Halo Infinite Stats'!$A:$AM,31,0),) -> 2 | U26: =IFERROR(VLOOKUP($B26,'PlayerGrades+'!$A:$W,22,0),) -> A+ | V26: =IFERROR(VLOOKUP($B26,'PlayerGrades+'!$A:$W,23,0),) -> 25.0875 | X26: =(HOUR(L26) * 3600) + (MINUTE(L26) * 60) + SECOND(L26) -> 17400
A27: MenZ's Grossly Large Backpack | B27: Jussshhhyyy | C27: =IFERROR(VLOOKUP($B27,'Halo Infinite Stats'!$A:$AM,2,0),) -> 36 | D27: =IFERROR(VLOOKUP($B27,'Halo Infinite Stats'!$A:$AM,3,0),) -> 18 | E27: =IFERROR(VLOOKUP($B27,'Halo Infinite Stats'!$A:$AM,4,0),) -> 18 | F27: =IFERROR(VLOOKUP($B27,'Halo Infinite Stats'!$A:$AM,5,0),) -> 30 | G27: =IFERROR(VLOOKUP($B27,'Halo Infinite Stats'!$A:$AM,6,0),) -> 177 | H27: =IFERROR(VLOOKUP($B27,'Halo Infinite Stats'!$A:$AM,7,0),) -> 2042 | I27: =IFERROR(VLOOKUP($B27,'Halo Infinite Stats'!$A:$AM,8,0),) -> 1484 | J27: =IFERROR(VLOOKUP($B27,'Halo Infinite Stats'!$A:$AM,9,0),) -> 558 | K27: =IFERROR(VLOOKUP($B27,'Halo Infinite Stats'!$A:$AM,11,0),) -> 7 | L27: =IFERROR(TEXT(VLOOKUP($B27,'Halo Infinite Stats'!$A:$AM,12,0)/(24*60*60),"hh:mm:ss"),"") -> 08:51:27 | M27: =IFERROR(VLOOKUP($B27,'Halo Infinite Stats'!$A:$AM,14,0),) -> 81 | N27: =IFERROR(VLOOKUP($B27,'Halo Infinite Stats'!$A:$AM,15,0),)+IFERROR(VLOOKUP($B27,'Halo Infinite Stats'!$A:$AM,16,0),)+IFERROR(VLOOKUP($B27,'Halo Infinite Stats'!$A:$AM,17,0),) -> 5 | O27: =IFERROR(VLOOKUP($B27,'Halo Infinite Stats'!$A:$AM,18,0),) -> 27 | P27: =IFERROR(VLOOKUP($B27,'Halo Infinite Stats'!$A:$AM,19,0),) -> 423 | Q27: =IFERROR(VLOOKUP($B27,'Halo Infinite Stats'!$A:$AM,20,0),) -> 128 | R27: =IFERROR(VLOOKUP($B27,'Halo Infinite Stats'!$A:$AM,21,0),)+IFERROR(VLOOKUP($B27,'Halo Infinite Stats'!$A:$AM,22,0),)+IFERROR(VLOOKUP($B27,'Halo Infinite Stats'!$A:$AM,23,0),)+IFERROR(VLOOKUP($B27,'Halo Infinite Stats'!$A:$AM,24,0),)+IFERROR(VLOOKUP($B27,'Halo Infinite Stats'!$A:$AM,25,0),)+IFERROR(VLOOKUP($B27,'Halo Infinite Stats'!$A:$AM,26,0),)+IFERROR(VLOOKUP($B27,'Halo Infinite Stats'!$A:$AM,27,0),) -> 67 | S27: =IFERROR(VLOOKUP($B27,'Halo Infinite Stats'!$A:$AM,28,0),) -> 0 | T27: =IFERROR(VLOOKUP($B27,'Halo Infinite Stats'!$A:$AM,31,0),) -> 6 | U27: =IFERROR(VLOOKUP($B27,'PlayerGrades+'!$A:$W,22,0),) -> S | V27: =IFERROR(VLOOKUP($B27,'PlayerGrades+'!$A:$W,23,0),) -> 27.275 | X27: =(HOUR(L27) * 3600) + (MINUTE(L27) * 60) + SECOND(L27) -> 31887
A28: MenZ's Grossly Large Backpack | B28: Its Rainin MenZ | C28: =IFERROR(VLOOKUP($B28,'Halo Infinite Stats'!$A:$AM,2,0),) -> 23 | D28: =IFERROR(VLOOKUP($B28,'Halo Infinite Stats'!$A:$AM,3,0),) -> 12 | E28: =IFERROR(VLOOKUP($B28,'Halo Infinite Stats'!$A:$AM,4,0),) -> 11 | F28: =IFERROR(VLOOKUP($B28,'Halo Infinite Stats'!$A:$AM,5,0),) -> 4 | G28: =IFERROR(VLOOKUP($B28,'Halo Infinite Stats'!$A:$AM,6,0),) -> 25 | H28: =IFERROR(VLOOKUP($B28,'Halo Infinite Stats'!$A:$AM,7,0),) -> 831 | I28: =IFERROR(VLOOKUP($B28,'Halo Infinite Stats'!$A:$AM,8,0),) -> 1144 | J28: =IFERROR(VLOOKUP($B28,'Halo Infinite Stats'!$A:$AM,9,0),) -> -313 | K28: =IFERROR(VLOOKUP($B28,'Halo Infinite Stats'!$A:$AM,11,0),) -> 2 | L28: =IFERROR(TEXT(VLOOKUP($B28,'Halo Infinite Stats'!$A:$AM,12,0)/(24*60*60),"hh:mm:ss"),"") -> 05:23:44 | M28: =IFERROR(VLOOKUP($B28,'Halo Infinite Stats'!$A:$AM,14,0),) -> 13 | N28: =IFERROR(VLOOKUP($B28,'Halo Infinite Stats'!$A:$AM,15,0),)+IFERROR(VLOOKUP($B28,'Halo Infinite Stats'!$A:$AM,16,0),)+IFERROR(VLOOKUP($B28,'Halo Infinite Stats'!$A:$AM,17,0),) -> 0 | O28: =IFERROR(VLOOKUP($B28,'Halo Infinite Stats'!$A:$AM,18,0),) -> 6 | P28: =IFERROR(VLOOKUP($B28,'Halo Infinite Stats'!$A:$AM,19,0),) -> 124 | Q28: =IFERROR(VLOOKUP($B28,'Halo Infinite Stats'!$A:$AM,20,0),) -> 31 | R28: =IFERROR(VLOOKUP($B28,'Halo Infinite Stats'!$A:$AM,21,0),)+IFERROR(VLOOKUP($B28,'Halo Infinite Stats'!$A:$AM,22,0),)+IFERROR(VLOOKUP($B28,'Halo Infinite Stats'!$A:$AM,23,0),)+IFERROR(VLOOKUP($B28,'Halo Infinite Stats'!$A:$AM,24,0),)+IFERROR(VLOOKUP($B28,'Halo Infinite Stats'!$A:$AM,25,0),)+IFERROR(VLOOKUP($B28,'Halo Infinite Stats'!$A:$AM,26,0),)+IFERROR(VLOOKUP($B28,'Halo Infinite Stats'!$A:$AM,27,0),) -> 17 | S28: =IFERROR(VLOOKUP($B28,'Halo Infinite Stats'!$A:$AM,28,0),) -> 1 | T28: =IFERROR(VLOOKUP($B28,'Halo Infinite Stats'!$A:$AM,31,0),) -> 0 | U28: =IFERROR(VLOOKUP($B28,'PlayerGrades+'!$A:$W,22,0),) -> E+ | V28: =IFERROR(VLOOKUP($B28,'PlayerGrades+'!$A:$W,23,0),) -> 11.8875 | X28: =(HOUR(L28) * 3600) + (MINUTE(L28) * 60) + SECOND(L28) -> 19424
A29: MenZ's Grossly Large Backpack | B29: Ram Osneb | C29: =IFERROR(VLOOKUP($B29,'Halo Infinite Stats'!$A:$AM,2,0),) -> 15 | D29: =IFERROR(VLOOKUP($B29,'Halo Infinite Stats'!$A:$AM,3,0),) -> 6 | E29: =IFERROR(VLOOKUP($B29,'Halo Infinite Stats'!$A:$AM,4,0),) -> 9 | F29: =IFERROR(VLOOKUP($B29,'Halo Infinite Stats'!$A:$AM,5,0),) -> 6 | G29: =IFERROR(VLOOKUP($B29,'Halo Infinite Stats'!$A:$AM,6,0),) -> 15 | H29: =IFERROR(VLOOKUP($B29,'Halo Infinite Stats'!$A:$AM,7,0),) -> 467 | I29: =IFERROR(VLOOKUP($B29,'Halo Infinite Stats'!$A:$AM,8,0),) -> 780 | J29: =IFERROR(VLOOKUP($B29,'Halo Infinite Stats'!$A:$AM,9,0),) -> -313 | K29: =IFERROR(VLOOKUP($B29,'Halo Infinite Stats'!$A:$AM,11,0),) -> 0 | L29: =IFERROR(TEXT(VLOOKUP($B29,'Halo Infinite Stats'!$A:$AM,12,0)/(24*60*60),"hh:mm:ss"),"") -> 03:16:00 | M29: =IFERROR(VLOOKUP($B29,'Halo Infinite Stats'!$A:$AM,14,0),) -> 0 | N29: =IFERROR(VLOOKUP($B29,'Halo Infinite Stats'!$A:$AM,15,0),)+IFERROR(VLOOKUP($B29,'Halo Infinite Stats'!$A:$AM,16,0),)+IFERROR(VLOOKUP($B29,'Halo Infinite Stats'!$A:$AM,17,0),) -> 0 | O29: =IFERROR(VLOOKUP($B29,'Halo Infinite Stats'!$A:$AM,18,0),) -> 1 | P29: =IFERROR(VLOOKUP($B29,'Halo Infinite Stats'!$A:$AM,19,0),) -> 43 | Q29: =IFERROR(VLOOKUP($B29,'Halo Infinite Stats'!$A:$AM,20,0),) -> 7 | R29: =IFERROR(VLOOKUP($B29,'Halo Infinite Stats'!$A:$AM,21,0),)+IFERROR(VLOOKUP($B29,'Halo Infinite Stats'!$A:$AM,22,0),)+IFERROR(VLOOKUP($B29,'Halo Infinite Stats'!$A:$AM,23,0),)+IFERROR(VLOOKUP($B29,'Halo Infinite Stats'!$A:$AM,24,0),)+IFERROR(VLOOKUP($B29,'Halo Infinite Stats'!$A:$AM,25,0),)+IFERROR(VLOOKUP($B29,'Halo Infinite Stats'!$A:$AM,26,0),)+IFERROR(VLOOKUP($B29,'Halo Infinite Stats'!$A:$AM,27,0),) -> 1 | S29: =IFERROR(VLOOKUP($B29,'Halo Infinite Stats'!$A:$AM,28,0),) -> 0 | T29: =IFERROR(VLOOKUP($B29,'Halo Infinite Stats'!$A:$AM,31,0),) -> 0 | U29: =IFERROR(VLOOKUP($B29,'PlayerGrades+'!$A:$W,22,0),) -> F+ | V29: =IFERROR(VLOOKUP($B29,'PlayerGrades+'!$A:$W,23,0),) -> 7.5625 | X29: =(HOUR(L29) * 3600) + (MINUTE(L29) * 60) + SECOND(L29) -> 11760
A30: MenZ's Grossly Large Backpack | B30: TOTALS: | C30: =SUM(C26:C29) -> 95 | D30: =SUM(D26:D29) -> 46 | E30: =SUM(E26:E29) -> 49 | F30: =SUM(F26:F29) -> 76 | G30: =SUM(G26:G28) -> 451 | H30: =SUM(H26:H29) -> 4303 | I30: =SUM(I26:I29) -> 4431 | J30: =MINUS(H30,I30) -> -128 | K30: =SUM(K26:K29) -> 12 | L30: =TEXT(X30/86400, "hh:mm:ss") -> 22:21:11 | M30: =SUM(M26:M29) -> 121 | N30: =SUM(N26:N29) -> 7 | O30: =SUM(O26:O29) -> 44 | P30: =SUM(P26:P29) -> 769 | Q30: =SUM(Q26:Q29) -> 216 | R30: =SUM(R26:R29) -> 106 | S30: =SUM(S26:S29) -> 2 | T30: =SUM(T26:T29) -> 8 | U30: =IF(((V26+V27+V28+V29)/4)<='PlayerGrades+'!$Y$44,"F-",IF(((V26+V27+V28+V29)/4)<'PlayerGrades+'!$Y$43,"F",IF(((V26+V27+V28+V29)/4)<'PlayerGrades+'!$Y$42,"F+",IF(((V26+V27+V28+V29)/4)<'PlayerGrades+'!$Y$41,"E-",IF(((V26+V27+V28+V29)/4)<'PlayerGrades+'!$Y$40,"E",IF(((V26+V27+V28+V29)/4)<'PlayerGrades+'!$Y$39,"E+",IF(((V26+V27+V28+V29)/4)<'PlayerGrades+'!$Y$38,"D-",IF(((V26+V27+V28+V29)/4)<'PlayerGrades+'!$Y$37,"D",IF(((V26+V27+V28+V29)/4)<'PlayerGrades+'!$Y$36,"D+",IF(((V26+V27+V28+V29)/4)<'PlayerGrades+'!$Y$35,"C-",IF(((V26+V27+V28+V29)/4)<'PlayerGrades+'!$Y$34,"C",IF(((V26+V27+V28+V29)/4)<'PlayerGrades+'!$Y$33,"C+",IF(((V26+V27+V28+V29)/4)<'PlayerGrades+'!$Y$32,"B-",IF(((V26+V27+V28+V29)/4)<'PlayerGrades+'!$Y$31,"B",IF(((V26+V27+V28+V29)/4)<'PlayerGrades+'!$Y$30,"B+",IF(((V26+V27+V28+V29)/4)<'PlayerGrades+'!$Y$29,"A-",IF(((V26+V27+V28+V29)/4)<'PlayerGrades+'!$Y$28,"A",IF(((V26+V27+V28+V29)/4)<'PlayerGrades+'!$Y$27,"A+",IF(((V26+V27+V28+V29)/4)<'PlayerGrades+'!$Y$26,"S-",IF(((V26+V27+V28+V29)/4)<'PlayerGrades+'!$Y$25,"S","S+")))))))))))))))))))) -> B- | V30: Team AVG | X30: =IFERROR(SUM(X26:X29), 0) -> 80471
A32: Trespa5s's Team | B32: Trespa5s | C32: =IFERROR(VLOOKUP($B32,'Halo Infinite Stats'!$A:$AM,2,0),) -> 18 | D32: =IFERROR(VLOOKUP($B32,'Halo Infinite Stats'!$A:$AM,3,0),) -> 1 | E32: =IFERROR(VLOOKUP($B32,'Halo Infinite Stats'!$A:$AM,4,0),) -> 17 | F32: =IFERROR(VLOOKUP($B32,'Halo Infinite Stats'!$A:$AM,5,0),) -> 0 | G32: =IFERROR(VLOOKUP($B32,'Halo Infinite Stats'!$A:$AM,6,0),) -> 17 | H32: =IFERROR(VLOOKUP($B32,'Halo Infinite Stats'!$A:$AM,7,0),) -> 545 | I32: =IFERROR(VLOOKUP($B32,'Halo Infinite Stats'!$A:$AM,8,0),) -> 902 | J32: =IFERROR(VLOOKUP($B32,'Halo Infinite Stats'!$A:$AM,9,0),) -> -357 | K32: =IFERROR(VLOOKUP($B32,'Halo Infinite Stats'!$A:$AM,11,0),) -> 0 | L32: =IFERROR(TEXT(VLOOKUP($B32,'Halo Infinite Stats'!$A:$AM,12,0)/(24*60*60),"hh:mm:ss"),"") -> 04:06:08 | M32: =IFERROR(VLOOKUP($B32,'Halo Infinite Stats'!$A:$AM,14,0),) -> 5 | N32: =IFERROR(VLOOKUP($B32,'Halo Infinite Stats'!$A:$AM,15,0),)+IFERROR(VLOOKUP($B32,'Halo Infinite Stats'!$A:$AM,16,0),)+IFERROR(VLOOKUP($B32,'Halo Infinite Stats'!$A:$AM,17,0),) -> 0 | O32: =IFERROR(VLOOKUP($B32,'Halo Infinite Stats'!$A:$AM,18,0),) -> 9 | P32: =IFERROR(VLOOKUP($B32,'Halo Infinite Stats'!$A:$AM,19,0),) -> 75 | Q32: =IFERROR(VLOOKUP($B32,'Halo Infinite Stats'!$A:$AM,20,0),) -> 12 | R32: =IFERROR(VLOOKUP($B32,'Halo Infinite Stats'!$A:$AM,21,0),)+IFERROR(VLOOKUP($B32,'Halo Infinite Stats'!$A:$AM,22,0),)+IFERROR(VLOOKUP($B32,'Halo Infinite Stats'!$A:$AM,23,0),)+IFERROR(VLOOKUP($B32,'Halo Infinite Stats'!$A:$AM,24,0),)+IFERROR(VLOOKUP($B32,'Halo Infinite Stats'!$A:$AM,25,0),)+IFERROR(VLOOKUP($B32,'Halo Infinite Stats'!$A:$AM,26,0),)+IFERROR(VLOOKUP($B32,'Halo Infinite Stats'!$A:$AM,27,0),) -> 2 | S32: =IFERROR(VLOOKUP($B32,'Halo Infinite Stats'!$A:$AM,28,0),) -> 0 | T32: =IFERROR(VLOOKUP($B32,'Halo Infinite Stats'!$A:$AM,31,0),) -> 0 | U32: =IFERROR(VLOOKUP($B32,'PlayerGrades+'!$A:$W,22,0),) -> F- | V32: =IFERROR(VLOOKUP($B32,'PlayerGrades+'!$A:$W,23,0),) -> 5.675 | X32: =(HOUR(L32) * 3600) + (MINUTE(L32) * 60) + SECOND(L32) -> 14768
A33: Trespa5s's Team | B33: Itzreelz | C33: =IFERROR(VLOOKUP($B33,'Halo Infinite Stats'!$A:$AM,2,0),) -> 19 | D33: =IFERROR(VLOOKUP($B33,'Halo Infinite Stats'!$A:$AM,3,0),) -> 1 | E33: =IFERROR(VLOOKUP($B33,'Halo Infinite Stats'!$A:$AM,4,0),) -> 18 | F33: =IFERROR(VLOOKUP($B33,'Halo Infinite Stats'!$A:$AM,5,0),) -> 19 | G33: =IFERROR(VLOOKUP($B33,'Halo Infinite Stats'!$A:$AM,6,0),) -> 86 | H33: =IFERROR(VLOOKUP($B33,'Halo Infinite Stats'!$A:$AM,7,0),) -> 725 | I33: =IFERROR(VLOOKUP($B33,'Halo Infinite Stats'!$A:$AM,8,0),) -> 820 | J33: =IFERROR(VLOOKUP($B33,'Halo Infinite Stats'!$A:$AM,9,0),) -> -95 | K33: =IFERROR(VLOOKUP($B33,'Halo Infinite Stats'!$A:$AM,11,0),) -> 1 | L33: =IFERROR(TEXT(VLOOKUP($B33,'Halo Infinite Stats'!$A:$AM,12,0)/(24*60*60),"hh:mm:ss"),"") -> 04:17:56 | M33: =IFERROR(VLOOKUP($B33,'Halo Infinite Stats'!$A:$AM,14,0),) -> 20 | N33: =IFERROR(VLOOKUP($B33,'Halo Infinite Stats'!$A:$AM,15,0),)+IFERROR(VLOOKUP($B33,'Halo Infinite Stats'!$A:$AM,16,0),)+IFERROR(VLOOKUP($B33,'Halo Infinite Stats'!$A:$AM,17,0),) -> 0 | O33: =IFERROR(VLOOKUP($B33,'Halo Infinite Stats'!$A:$AM,18,0),) -> 12 | P33: =IFERROR(VLOOKUP($B33,'Halo Infinite Stats'!$A:$AM,19,0),) -> 105 | Q33: =IFERROR(VLOOKUP($B33,'Halo Infinite Stats'!$A:$AM,20,0),) -> 34 | R33: =IFERROR(VLOOKUP($B33,'Halo Infinite Stats'!$A:$AM,21,0),)+IFERROR(VLOOKUP($B33,'Halo Infinite Stats'!$A:$AM,22,0),)+IFERROR(VLOOKUP($B33,'Halo Infinite Stats'!$A:$AM,23,0),)+IFERROR(VLOOKUP($B33,'Halo Infinite Stats'!$A:$AM,24,0),)+IFERROR(VLOOKUP($B33,'Halo Infinite Stats'!$A:$AM,25,0),)+IFERROR(VLOOKUP($B33,'Halo Infinite Stats'!$A:$AM,26,0),)+IFERROR(VLOOKUP($B33,'Halo Infinite Stats'!$A:$AM,27,0),) -> 13 | S33: =IFERROR(VLOOKUP($B33,'Halo Infinite Stats'!$A:$AM,28,0),) -> 0 | T33: =IFERROR(VLOOKUP($B33,'Halo Infinite Stats'!$A:$AM,31,0),) -> 0 | U33: =IFERROR(VLOOKUP($B33,'PlayerGrades+'!$A:$W,22,0),) -> B | V33: =IFERROR(VLOOKUP($B33,'PlayerGrades+'!$A:$W,23,0),) -> 19.7625 | X33: =(HOUR(L33) * 3600) + (MINUTE(L33) * 60) + SECOND(L33) -> 15476
A34: Trespa5s's Team | B34: Mr epic beast | C34: =IFERROR(VLOOKUP($B34,'Halo Infinite Stats'!$A:$AM,2,0),) -> 18 | D34: =IFERROR(VLOOKUP($B34,'Halo Infinite Stats'!$A:$AM,3,0),) -> 1 | E34: =IFERROR(VLOOKUP($B34,'Halo Infinite Stats'!$A:$AM,4,0),) -> 17 | F34: =IFERROR(VLOOKUP($B34,'Halo Infinite Stats'!$A:$AM,5,0),) -> 9 | G34: =IFERROR(VLOOKUP($B34,'Halo Infinite Stats'!$A:$AM,6,0),) -> 95 | H34: =IFERROR(VLOOKUP($B34,'Halo Infinite Stats'!$A:$AM,7,0),) -> 739 | I34: =IFERROR(VLOOKUP($B34,'Halo Infinite Stats'!$A:$AM,8,0),) -> 956 | J34: =IFERROR(VLOOKUP($B34,'Halo Infinite Stats'!$A:$AM,9,0),) -> -217 | K34: =IFERROR(VLOOKUP($B34,'Halo Infinite Stats'!$A:$AM,11,0),) -> 1 | L34: =IFERROR(TEXT(VLOOKUP($B34,'Halo Infinite Stats'!$A:$AM,12,0)/(24*60*60),"hh:mm:ss"),"") -> 04:06:08 | M34: =IFERROR(VLOOKUP($B34,'Halo Infinite Stats'!$A:$AM,14,0),) -> 14 | N34: =IFERROR(VLOOKUP($B34,'Halo Infinite Stats'!$A:$AM,15,0),)+IFERROR(VLOOKUP($B34,'Halo Infinite Stats'!$A:$AM,16,0),)+IFERROR(VLOOKUP($B34,'Halo Infinite Stats'!$A:$AM,17,0),) -> 0 | O34: =IFERROR(VLOOKUP($B34,'Halo Infinite Stats'!$A:$AM,18,0),) -> 4 | P34: =IFERROR(VLOOKUP($B34,'Halo Infinite Stats'!$A:$AM,19,0),) -> 107 | Q34: =IFERROR(VLOOKUP($B34,'Halo Infinite Stats'!$A:$AM,20,0),) -> 32 | R34: =IFERROR(VLOOKUP($B34,'Halo Infinite Stats'!$A:$AM,21,0),)+IFERROR(VLOOKUP($B34,'Halo Infinite Stats'!$A:$AM,22,0),)+IFERROR(VLOOKUP($B34,'Halo Infinite Stats'!$A:$AM,23,0),)+IFERROR(VLOOKUP($B34,'Halo Infinite Stats'!$A:$AM,24,0),)+IFERROR(VLOOKUP($B34,'Halo Infinite Stats'!$A:$AM,25,0),)+IFERROR(VLOOKUP($B34,'Halo Infinite Stats'!$A:$AM,26,0),)+IFERROR(VLOOKUP($B34,'Halo Infinite Stats'!$A:$AM,27,0),) -> 7 | S34: =IFERROR(VLOOKUP($B34,'Halo Infinite Stats'!$A:$AM,28,0),) -> 0 | T34: =IFERROR(VLOOKUP($B34,'Halo Infinite Stats'!$A:$AM,31,0),) -> 1 | U34: =IFERROR(VLOOKUP($B34,'PlayerGrades+'!$A:$W,22,0),) -> B- | V34: =IFERROR(VLOOKUP($B34,'PlayerGrades+'!$A:$W,23,0),) -> 16.5625 | X34: =(HOUR(L34) * 3600) + (MINUTE(L34) * 60) + SECOND(L34) -> 14768
A35: Trespa5s's Team | B35: GeneralCornBeef | C35: =IFERROR(VLOOKUP($B35,'Halo Infinite Stats'!$A:$AM,2,0),) -> 14 | D35: =IFERROR(VLOOKUP($B35,'Halo Infinite Stats'!$A:$AM,3,0),) -> 1 | E35: =IFERROR(VLOOKUP($B35,'Halo Infinite Stats'!$A:$AM,4,0),) -> 13 | F35: =IFERROR(VLOOKUP($B35,'Halo Infinite Stats'!$A:$AM,5,0),) -> 5 | G35: =IFERROR(VLOOKUP($B35,'Halo Infinite Stats'!$A:$AM,6,0),) -> 24 | H35: =IFERROR(VLOOKUP($B35,'Halo Infinite Stats'!$A:$AM,7,0),) -> 596 | I35: =IFERROR(VLOOKUP($B35,'Halo Infinite Stats'!$A:$AM,8,0),) -> 833 | J35: =IFERROR(VLOOKUP($B35,'Halo Infinite Stats'!$A:$AM,9,0),) -> -237 | K35: =IFERROR(VLOOKUP($B35,'Halo Infinite Stats'!$A:$AM,11,0),) -> 0 | L35: =IFERROR(TEXT(VLOOKUP($B35,'Halo Infinite Stats'!$A:$AM,12,0)/(24*60*60),"hh:mm:ss"),"") -> 03:28:02 | M35: =IFERROR(VLOOKUP($B35,'Halo Infinite Stats'!$A:$AM,14,0),) -> 5 | N35: =IFERROR(VLOOKUP($B35,'Halo Infinite Stats'!$A:$AM,15,0),)+IFERROR(VLOOKUP($B35,'Halo Infinite Stats'!$A:$AM,16,0),)+IFERROR(VLOOKUP($B35,'Halo Infinite Stats'!$A:$AM,17,0),) -> 0 | O35: =IFERROR(VLOOKUP($B35,'Halo Infinite Stats'!$A:$AM,18,0),) -> 8 | P35: =IFERROR(VLOOKUP($B35,'Halo Infinite Stats'!$A:$AM,19,0),) -> 85 | Q35: =IFERROR(VLOOKUP($B35,'Halo Infinite Stats'!$A:$AM,20,0),) -> 18 | R35: =IFERROR(VLOOKUP($B35,'Halo Infinite Stats'!$A:$AM,21,0),)+IFERROR(VLOOKUP($B35,'Halo Infinite Stats'!$A:$AM,22,0),)+IFERROR(VLOOKUP($B35,'Halo Infinite Stats'!$A:$AM,23,0),)+IFERROR(VLOOKUP($B35,'Halo Infinite Stats'!$A:$AM,24,0),)+IFERROR(VLOOKUP($B35,'Halo Infinite Stats'!$A:$AM,25,0),)+IFERROR(VLOOKUP($B35,'Halo Infinite Stats'!$A:$AM,26,0),)+IFERROR(VLOOKUP($B35,'Halo Infinite Stats'!$A:$AM,27,0),) -> 10 | S35: =IFERROR(VLOOKUP($B35,'Halo Infinite Stats'!$A:$AM,28,0),) -> 0 | T35: =IFERROR(VLOOKUP($B35,'Halo Infinite Stats'!$A:$AM,31,0),) -> 0 | U35: =IFERROR(VLOOKUP($B35,'PlayerGrades+'!$A:$W,22,0),) -> D- | V35: =IFERROR(VLOOKUP($B35,'PlayerGrades+'!$A:$W,23,0),) -> 12.3375 | X35: =(HOUR(L35) * 3600) + (MINUTE(L35) * 60) + SECOND(L35) -> 12482
A36: Trespa5s's Team | B36: TOTALS: | C36: =SUM(C32:C35) -> 69 | D36: =SUM(D32:D35) -> 4 | E36: =SUM(E32:E35) -> 65 | F36: =SUM(F32:F35) -> 33 | G36: =SUM(G32:G35) -> 222 | H36: =SUM(H32:H35) -> 2605 | I36: =SUM(I32:I35) -> 3511 | J36: =MINUS(H36,I36) -> -906 | K36: =SUM(K32:K35) -> 2 | L36: =TEXT(X36/86400, "hh:mm:ss") -> 15:58:14 | M36: =SUM(M32:M35) -> 44 | N36: =SUM(N32:N35) -> 0 | O36: =SUM(O32:O35) -> 33 | P36: =SUM(P32:P35) -> 372 | Q36: =SUM(Q32:Q35) -> 96 | R36: =SUM(R32:R35) -> 32 | S36: =SUM(S32:S35) -> 0 | T36: =SUM(T32:T35) -> 1 | U36: =IF(((V32+V33+V34+V35)/4)<='PlayerGrades+'!$Y$44,"F-",IF(((V32+V33+V34+V35)/4)<'PlayerGrades+'!$Y$43,"F",IF(((V32+V33+V34+V35)/4)<'PlayerGrades+'!$Y$42,"F+",IF(((V32+V33+V34+V35)/4)<'PlayerGrades+'!$Y$41,"E-",IF(((V32+V33+V34+V35)/4)<'PlayerGrades+'!$Y$40,"E",IF(((V32+V33+V34+V35)/4)<'PlayerGrades+'!$Y$39,"E+",IF(((V32+V33+V34+V35)/4)<'PlayerGrades+'!$Y$38,"D-",IF(((V32+V33+V34+V35)/4)<'PlayerGrades+'!$Y$37,"D",IF(((V32+V33+V34+V35)/4)<'PlayerGrades+'!$Y$36,"D+",IF(((V32+V33+V34+V35)/4)<'PlayerGrades+'!$Y$35,"C-",IF(((V32+V33+V34+V35)/4)<'PlayerGrades+'!$Y$34,"C",IF(((V32+V33+V34+V35)/4)<'PlayerGrades+'!$Y$33,"C+",IF(((V32+V33+V34+V35)/4)<'PlayerGrades+'!$Y$32,"B-",IF(((V32+V33+V34+V35)/4)<'PlayerGrades+'!$Y$31,"B",IF(((V32+V33+V34+V35)/4)<'PlayerGrades+'!$Y$30,"B+",IF(((V32+V33+V34+V35)/4)<'PlayerGrades+'!$Y$29,"A-",IF(((V32+V33+V34+V35)/4)<'PlayerGrades+'!$Y$28,"A",IF(((V32+V33+V34+V35)/4)<'PlayerGrades+'!$Y$27,"A+",IF(((V32+V33+V34+V35)/4)<'PlayerGrades+'!$Y$26,"S-",IF(((V32+V33+V34+V35)/4)<'PlayerGrades+'!$Y$25,"S","S+")))))))))))))))))))) -> D | V36: Team AVG | X36: =IFERROR(SUM(X32:X35), 0) -> 57494
A38: Ram Ranch | B38: MuNgO PuNgO | C38: =IFERROR(VLOOKUP($B38,'Halo Infinite Stats'!$A:$AM,2,0),) -> 21 | D38: =IFERROR(VLOOKUP($B38,'Halo Infinite Stats'!$A:$AM,3,0),) -> 10 | E38: =IFERROR(VLOOKUP($B38,'Halo Infinite Stats'!$A:$AM,4,0),) -> 11 | F38: =IFERROR(VLOOKUP($B38,'Halo Infinite Stats'!$A:$AM,5,0),) -> 31 | G38: =IFERROR(VLOOKUP($B38,'Halo Infinite Stats'!$A:$AM,6,0),) -> 135 | H38: =IFERROR(VLOOKUP($B38,'Halo Infinite Stats'!$A:$AM,7,0),) -> 599 | I38: =IFERROR(VLOOKUP($B38,'Halo Infinite Stats'!$A:$AM,8,0),) -> 866 | J38: =IFERROR(VLOOKUP($B38,'Halo Infinite Stats'!$A:$AM,9,0),) -> -267 | K38: =IFERROR(VLOOKUP($B38,'Halo Infinite Stats'!$A:$AM,11,0),) -> 0 | L38: =IFERROR(TEXT(VLOOKUP($B38,'Halo Infinite Stats'!$A:$AM,12,0)/(24*60*60),"hh:mm:ss"),"") -> 04:38:04 | M38: =IFERROR(VLOOKUP($B38,'Halo Infinite Stats'!$A:$AM,14,0),) -> 11 | N38: =IFERROR(VLOOKUP($B38,'Halo Infinite Stats'!$A:$AM,15,0),)+IFERROR(VLOOKUP($B38,'Halo Infinite Stats'!$A:$AM,16,0),)+IFERROR(VLOOKUP($B38,'Halo Infinite Stats'!$A:$AM,17,0),) -> 0 | O38: =IFERROR(VLOOKUP($B38,'Halo Infinite Stats'!$A:$AM,18,0),) -> 7 | P38: =IFERROR(VLOOKUP($B38,'Halo Infinite Stats'!$A:$AM,19,0),) -> 86 | Q38: =IFERROR(VLOOKUP($B38,'Halo Infinite Stats'!$A:$AM,20,0),) -> 18 | R38: =IFERROR(VLOOKUP($B38,'Halo Infinite Stats'!$A:$AM,21,0),)+IFERROR(VLOOKUP($B38,'Halo Infinite Stats'!$A:$AM,22,0),)+IFERROR(VLOOKUP($B38,'Halo Infinite Stats'!$A:$AM,23,0),)+IFERROR(VLOOKUP($B38,'Halo Infinite Stats'!$A:$AM,24,0),)+IFERROR(VLOOKUP($B38,'Halo Infinite Stats'!$A:$AM,25,0),)+IFERROR(VLOOKUP($B38,'Halo Infinite Stats'!$A:$AM,26,0),)+IFERROR(VLOOKUP($B38,'Halo Infinite Stats'!$A:$AM,27,0),) -> 5 | S38: =IFERROR(VLOOKUP($B38,'Halo Infinite Stats'!$A:$AM,28,0),) -> 0 | T38: =IFERROR(VLOOKUP($B38,'Halo Infinite Stats'!$A:$AM,31,0),) -> 0 | U38: =IFERROR(VLOOKUP($B38,'PlayerGrades+'!$A:$W,22,0),) -> D+ | V38: =IFERROR(VLOOKUP($B38,'PlayerGrades+'!$A:$W,23,0),) -> 14.1375 | X38: =(HOUR(L38) * 3600) + (MINUTE(L38) * 60) + SECOND(L38) -> 16684
A39: Ram Ranch | B39: Fanciest Pants | C39: =IFERROR(VLOOKUP($B39,'Halo Infinite Stats'!$A:$AM,2,0),) -> 18 | D39: =IFERROR(VLOOKUP($B39,'Halo Infinite Stats'!$A:$AM,3,0),) -> 8 | E39: =IFERROR(VLOOKUP($B39,'Halo Infinite Stats'!$A:$AM,4,0),) -> 10 | F39: =IFERROR(VLOOKUP($B39,'Halo Infinite Stats'!$A:$AM,5,0),) -> 8 | G39: =IFERROR(VLOOKUP($B39,'Halo Infinite Stats'!$A:$AM,6,0),) -> 13 | H39: =IFERROR(VLOOKUP($B39,'Halo Infinite Stats'!$A:$AM,7,0),) -> 1079 | I39: =IFERROR(VLOOKUP($B39,'Halo Infinite Stats'!$A:$AM,8,0),) -> 955 | J39: =IFERROR(VLOOKUP($B39,'Halo Infinite Stats'!$A:$AM,9,0),) -> 124 | K39: =IFERROR(VLOOKUP($B39,'Halo Infinite Stats'!$A:$AM,11,0),) -> 1 | L39: =IFERROR(TEXT(VLOOKUP($B39,'Halo Infinite Stats'!$A:$AM,12,0)/(24*60*60),"hh:mm:ss"),"") -> 04:14:41 | M39: =IFERROR(VLOOKUP($B39,'Halo Infinite Stats'!$A:$AM,14,0),) -> 33 | N39: =IFERROR(VLOOKUP($B39,'Halo Infinite Stats'!$A:$AM,15,0),)+IFERROR(VLOOKUP($B39,'Halo Infinite Stats'!$A:$AM,16,0),)+IFERROR(VLOOKUP($B39,'Halo Infinite Stats'!$A:$AM,17,0),) -> 1 | O39: =IFERROR(VLOOKUP($B39,'Halo Infinite Stats'!$A:$AM,18,0),) -> 17 | P39: =IFERROR(VLOOKUP($B39,'Halo Infinite Stats'!$A:$AM,19,0),) -> 231 | Q39: =IFERROR(VLOOKUP($B39,'Halo Infinite Stats'!$A:$AM,20,0),) -> 89 | R39: =IFERROR(VLOOKUP($B39,'Halo Infinite Stats'!$A:$AM,21,0),)+IFERROR(VLOOKUP($B39,'Halo Infinite Stats'!$A:$AM,22,0),)+IFERROR(VLOOKUP($B39,'Halo Infinite Stats'!$A:$AM,23,0),)+IFERROR(VLOOKUP($B39,'Halo Infinite Stats'!$A:$AM,24,0),)+IFERROR(VLOOKUP($B39,'Halo Infinite Stats'!$A:$AM,25,0),)+IFERROR(VLOOKUP($B39,'Halo Infinite Stats'!$A:$AM,26,0),)+IFERROR(VLOOKUP($B39,'Halo Infinite Stats'!$A:$AM,27,0),) -> 62 | S39: =IFERROR(VLOOKUP($B39,'Halo Infinite Stats'!$A:$AM,28,0),) -> 1 | T39: =IFERROR(VLOOKUP($B39,'Halo Infinite Stats'!$A:$AM,31,0),) -> 1 | U39: =IFERROR(VLOOKUP($B39,'PlayerGrades+'!$A:$W,22,0),) -> A+ | V39: =IFERROR(VLOOKUP($B39,'PlayerGrades+'!$A:$W,23,0),) -> 24.4625 | X39: =(HOUR(L39) * 3600) + (MINUTE(L39) * 60) + SECOND(L39) -> 15281
A40: Ram Ranch | B40: TommyWstSide | C40: =IFERROR(VLOOKUP($B40,'Halo Infinite Stats'!$A:$AM,2,0),) -> 37 | D40: =IFERROR(VLOOKUP($B40,'Halo Infinite Stats'!$A:$AM,3,0),) -> 22 | E40: =IFERROR(VLOOKUP($B40,'Halo Infinite Stats'!$A:$AM,4,0),) -> 15 | F40: =IFERROR(VLOOKUP($B40,'Halo Infinite Stats'!$A:$AM,5,0),) -> 22 | G40: =IFERROR(VLOOKUP($B40,'Halo Infinite Stats'!$A:$AM,6,0),) -> 62 | H40: =IFERROR(VLOOKUP($B40,'Halo Infinite Stats'!$A:$AM,7,0),) -> 1603 | I40: =IFERROR(VLOOKUP($B40,'Halo Infinite Stats'!$A:$AM,8,0),) -> 1709 | J40: =IFERROR(VLOOKUP($B40,'Halo Infinite Stats'!$A:$AM,9,0),) -> -106 | K40: =IFERROR(VLOOKUP($B40,'Halo Infinite Stats'!$A:$AM,11,0),) -> 9 | L40: =IFERROR(TEXT(VLOOKUP($B40,'Halo Infinite Stats'!$A:$AM,12,0)/(24*60*60),"hh:mm:ss"),"") -> 08:25:48 | M40: =IFERROR(VLOOKUP($B40,'Halo Infinite Stats'!$A:$AM,14,0),) -> 31 | N40: =IFERROR(VLOOKUP($B40,'Halo Infinite Stats'!$A:$AM,15,0),)+IFERROR(VLOOKUP($B40,'Halo Infinite Stats'!$A:$AM,16,0),)+IFERROR(VLOOKUP($B40,'Halo Infinite Stats'!$A:$AM,17,0),) -> 0 | O40: =IFERROR(VLOOKUP($B40,'Halo Infinite Stats'!$A:$AM,18,0),) -> 22 | P40: =IFERROR(VLOOKUP($B40,'Halo Infinite Stats'!$A:$AM,19,0),) -> 272 | Q40: =IFERROR(VLOOKUP($B40,'Halo Infinite Stats'!$A:$AM,20,0),) -> 80 | R40: =IFERROR(VLOOKUP($B40,'Halo Infinite Stats'!$A:$AM,21,0),)+IFERROR(VLOOKUP($B40,'Halo Infinite Stats'!$A:$AM,22,0),)+IFERROR(VLOOKUP($B40,'Halo Infinite Stats'!$A:$AM,23,0),)+IFERROR(VLOOKUP($B40,'Halo Infinite Stats'!$A:$AM,24,0),)+IFERROR(VLOOKUP($B40,'Halo Infinite Stats'!$A:$AM,25,0),)+IFERROR(VLOOKUP($B40,'Halo Infinite Stats'!$A:$AM,26,0),)+IFERROR(VLOOKUP($B40,'Halo Infinite Stats'!$A:$AM,27,0),) -> 37 | S40: =IFERROR(VLOOKUP($B40,'Halo Infinite Stats'!$A:$AM,28,0),) -> 0 | T40: =IFERROR(VLOOKUP($B40,'Halo Infinite Stats'!$A:$AM,31,0),) -> 0 | U40: =IFERROR(VLOOKUP($B40,'PlayerGrades+'!$A:$W,22,0),) -> A | V40: =IFERROR(VLOOKUP($B40,'PlayerGrades+'!$A:$W,23,0),) -> 21.55 | X40: =(HOUR(L40) * 3600) + (MINUTE(L40) * 60) + SECOND(L40) -> 30348
A41: Ram Ranch | B41: KDSkill | C41: =IFERROR(VLOOKUP($B41,'Halo Infinite Stats'!$A:$AM,2,0),) -> 7 | D41: =IFERROR(VLOOKUP($B41,'Halo Infinite Stats'!$A:$AM,3,0),) -> 6 | E41: =IFERROR(VLOOKUP($B41,'Halo Infinite Stats'!$A:$AM,4,0),) -> 1 | F41: =IFERROR(VLOOKUP($B41,'Halo Infinite Stats'!$A:$AM,5,0),) -> 7 | G41: =IFERROR(VLOOKUP($B41,'Halo Infinite Stats'!$A:$AM,6,0),) -> 24 | H41: =IFERROR(VLOOKUP($B41,'Halo Infinite Stats'!$A:$AM,7,0),) -> 248 | I41: =IFERROR(VLOOKUP($B41,'Halo Infinite Stats'!$A:$AM,8,0),) -> 296 | J41: =IFERROR(VLOOKUP($B41,'Halo Infinite Stats'!$A:$AM,9,0),) -> -48 | K41: =IFERROR(VLOOKUP($B41,'Halo Infinite Stats'!$A:$AM,11,0),) -> 2 | L41: =IFERROR(TEXT(VLOOKUP($B41,'Halo Infinite Stats'!$A:$AM,12,0)/(24*60*60),"hh:mm:ss"),"") -> 01:27:35 | M41: =IFERROR(VLOOKUP($B41,'Halo Infinite Stats'!$A:$AM,14,0),) -> 0 | N41: =IFERROR(VLOOKUP($B41,'Halo Infinite Stats'!$A:$AM,15,0),)+IFERROR(VLOOKUP($B41,'Halo Infinite Stats'!$A:$AM,16,0),)+IFERROR(VLOOKUP($B41,'Halo Infinite Stats'!$A:$AM,17,0),) -> 0 | O41: =IFERROR(VLOOKUP($B41,'Halo Infinite Stats'!$A:$AM,18,0),) -> 0 | P41: =IFERROR(VLOOKUP($B41,'Halo Infinite Stats'!$A:$AM,19,0),) -> 38 | Q41: =IFERROR(VLOOKUP($B41,'Halo Infinite Stats'!$A:$AM,20,0),) -> 9 | R41: =IFERROR(VLOOKUP($B41,'Halo Infinite Stats'!$A:$AM,21,0),)+IFERROR(VLOOKUP($B41,'Halo Infinite Stats'!$A:$AM,22,0),)+IFERROR(VLOOKUP($B41,'Halo Infinite Stats'!$A:$AM,23,0),)+IFERROR(VLOOKUP($B41,'Halo Infinite Stats'!$A:$AM,24,0),)+IFERROR(VLOOKUP($B41,'Halo Infinite Stats'!$A:$AM,25,0),)+IFERROR(VLOOKUP($B41,'Halo Infinite Stats'!$A:$AM,26,0),)+IFERROR(VLOOKUP($B41,'Halo Infinite Stats'!$A:$AM,27,0),) -> 3 | S41: =IFERROR(VLOOKUP($B41,'Halo Infinite Stats'!$A:$AM,28,0),) -> 0 | T41: =IFERROR(VLOOKUP($B41,'Halo Infinite Stats'!$A:$AM,31,0),) -> 0 | U41: =IFERROR(VLOOKUP($B41,'PlayerGrades+'!$A:$W,22,0),) -> C+ | V41: =IFERROR(VLOOKUP($B41,'PlayerGrades+'!$A:$W,23,0),) -> 15.6125 | X41: =(HOUR(L41) * 3600) + (MINUTE(L41) * 60) + SECOND(L41) -> 5255
A42: Ram Ranch | B42: TOTALS: | C42: =SUM(C38:C41) -> 83 | D42: =SUM(D38:D41) -> 46 | E42: =SUM(E38:E41) -> 37 | F42: =SUM(F38:F41) -> 68 | G42: =SUM(G38:G41) -> 234 | H42: =SUM(H38:H41) -> 3529 | I42: =SUM(I38:I41) -> 3826 | J42: =MINUS(H42,I42) -> -297 | K42: =SUM(K38:K41) -> 12 | L42: =TEXT(X42/86400, "hh:mm:ss") -> 18:46:08 | M42: =SUM(M38:M41) -> 75 | N42: =SUM(N38:N41) -> 1 | O42: =SUM(O38:O41) -> 46 | P42: =SUM(P38:P41) -> 627 | Q42: =SUM(Q38:Q41) -> 196 | R42: =SUM(R38:R41) -> 107 | S42: =SUM(S38:S41) -> 1 | T42: =SUM(T38:T41) -> 1 | U42: =IF(((V38+V39+V40+V41)/4)<='PlayerGrades+'!$Y$44,"F-",IF(((V38+V39+V40+V41)/4)<'PlayerGrades+'!$Y$43,"F",IF(((V38+V39+V40+V41)/4)<'PlayerGrades+'!$Y$42,"F+",IF(((V38+V39+V40+V41)/4)<'PlayerGrades+'!$Y$41,"E-",IF(((V38+V39+V40+V41)/4)<'PlayerGrades+'!$Y$40,"E",IF(((V38+V39+V40+V41)/4)<'PlayerGrades+'!$Y$39,"E+",IF(((V38+V39+V40+V41)/4)<'PlayerGrades+'!$Y$38,"D-",IF(((V38+V39+V40+V41)/4)<'PlayerGrades+'!$Y$37,"D",IF(((V38+V39+V40+V41)/4)<'PlayerGrades+'!$Y$36,"D+",IF(((V38+V39+V40+V41)/4)<'PlayerGrades+'!$Y$35,"C-",IF(((V38+V39+V40+V41)/4)<'PlayerGrades+'!$Y$34,"C",IF(((V38+V39+V40+V41)/4)<'PlayerGrades+'!$Y$33,"C+",IF(((V38+V39+V40+V41)/4)<'PlayerGrades+'!$Y$32,"B-",IF(((V38+V39+V40+V41)/4)<'PlayerGrades+'!$Y$31,"B",IF(((V38+V39+V40+V41)/4)<'PlayerGrades+'!$Y$30,"B+",IF(((V38+V39+V40+V41)/4)<'PlayerGrades+'!$Y$29,"A-",IF(((V38+V39+V40+V41)/4)<'PlayerGrades+'!$Y$28,"A",IF(((V38+V39+V40+V41)/4)<'PlayerGrades+'!$Y$27,"A+",IF(((V38+V39+V40+V41)/4)<'PlayerGrades+'!$Y$26,"S-",IF(((V38+V39+V40+V41)/4)<'PlayerGrades+'!$Y$25,"S","S+")))))))))))))))))))) -> B | V42: Team AVG | X42: =IFERROR(SUM(X38:X41), 0) -> 67568
A44: OREOTHECAT's Team | B44: OREOTHECAT | C44: =IFERROR(VLOOKUP($B44,'Halo Infinite Stats'!$A:$AM,2,0),) -> 16 | D44: =IFERROR(VLOOKUP($B44,'Halo Infinite Stats'!$A:$AM,3,0),) -> 2 | E44: =IFERROR(VLOOKUP($B44,'Halo Infinite Stats'!$A:$AM,4,0),) -> 14 | F44: =IFERROR(VLOOKUP($B44,'Halo Infinite Stats'!$A:$AM,5,0),) -> 4 | G44: =IFERROR(VLOOKUP($B44,'Halo Infinite Stats'!$A:$AM,6,0),) -> 16 | H44: =IFERROR(VLOOKUP($B44,'Halo Infinite Stats'!$A:$AM,7,0),) -> 371 | I44: =IFERROR(VLOOKUP($B44,'Halo Infinite Stats'!$A:$AM,8,0),) -> 721 | J44: =IFERROR(VLOOKUP($B44,'Halo Infinite Stats'!$A:$AM,9,0),) -> -350 | K44: =IFERROR(VLOOKUP($B44,'Halo Infinite Stats'!$A:$AM,11,0),) -> 2 | L44: =IFERROR(TEXT(VLOOKUP($B44,'Halo Infinite Stats'!$A:$AM,12,0)/(24*60*60),"hh:mm:ss"),"") -> 03:19:14 | M44: =IFERROR(VLOOKUP($B44,'Halo Infinite Stats'!$A:$AM,14,0),) -> 1 | N44: =IFERROR(VLOOKUP($B44,'Halo Infinite Stats'!$A:$AM,15,0),)+IFERROR(VLOOKUP($B44,'Halo Infinite Stats'!$A:$AM,16,0),)+IFERROR(VLOOKUP($B44,'Halo Infinite Stats'!$A:$AM,17,0),) -> 0 | O44: =IFERROR(VLOOKUP($B44,'Halo Infinite Stats'!$A:$AM,18,0),) -> 1 | P44: =IFERROR(VLOOKUP($B44,'Halo Infinite Stats'!$A:$AM,19,0),) -> 24 | Q44: =IFERROR(VLOOKUP($B44,'Halo Infinite Stats'!$A:$AM,20,0),) -> 6 | R44: =IFERROR(VLOOKUP($B44,'Halo Infinite Stats'!$A:$AM,21,0),)+IFERROR(VLOOKUP($B44,'Halo Infinite Stats'!$A:$AM,22,0),)+IFERROR(VLOOKUP($B44,'Halo Infinite Stats'!$A:$AM,23,0),)+IFERROR(VLOOKUP($B44,'Halo Infinite Stats'!$A:$AM,24,0),)+IFERROR(VLOOKUP($B44,'Halo Infinite Stats'!$A:$AM,25,0),)+IFERROR(VLOOKUP($B44,'Halo Infinite Stats'!$A:$AM,26,0),)+IFERROR(VLOOKUP($B44,'Halo Infinite Stats'!$A:$AM,27,0),) -> 1 | S44: =IFERROR(VLOOKUP($B44,'Halo Infinite Stats'!$A:$AM,28,0),) -> 0 | T44: =IFERROR(VLOOKUP($B44,'Halo Infinite Stats'!$A:$AM,31,0),) -> 0 | U44: =IFERROR(VLOOKUP($B44,'PlayerGrades+'!$A:$W,22,0),) -> F- | V44: =IFERROR(VLOOKUP($B44,'PlayerGrades+'!$A:$W,23,0),) -> 4.475 | X44: =(HOUR(L44) * 3600) + (MINUTE(L44) * 60) + SECOND(L44) -> 11954
A45: OREOTHECAT's Team | B45: Clydrohsun | C45: =IFERROR(VLOOKUP($B45,'Halo Infinite Stats'!$A:$AM,2,0),) -> 5 | D45: =IFERROR(VLOOKUP($B45,'Halo Infinite Stats'!$A:$AM,3,0),) -> 0 | E45: =IFERROR(VLOOKUP($B45,'Halo Infinite Stats'!$A:$AM,4,0),) -> 5 | F45: =IFERROR(VLOOKUP($B45,'Halo Infinite Stats'!$A:$AM,5,0),) -> 3 | G45: =IFERROR(VLOOKUP($B45,'Halo Infinite Stats'!$A:$AM,6,0),) -> 22 | H45: =IFERROR(VLOOKUP($B45,'Halo Infinite Stats'!$A:$AM,7,0),) -> 174 | I45: =IFERROR(VLOOKUP($B45,'Halo Infinite Stats'!$A:$AM,8,0),) -> 219 | J45: =IFERROR(VLOOKUP($B45,'Halo Infinite Stats'!$A:$AM,9,0),) -> -45 | K45: =IFERROR(VLOOKUP($B45,'Halo Infinite Stats'!$A:$AM,11,0),) -> 0 | L45: =IFERROR(TEXT(VLOOKUP($B45,'Halo Infinite Stats'!$A:$AM,12,0)/(24*60*60),"hh:mm:ss"),"") -> 01:02:11 | M45: =IFERROR(VLOOKUP($B45,'Halo Infinite Stats'!$A:$AM,14,0),) -> 3 | N45: =IFERROR(VLOOKUP($B45,'Halo Infinite Stats'!$A:$AM,15,0),)+IFERROR(VLOOKUP($B45,'Halo Infinite Stats'!$A:$AM,16,0),)+IFERROR(VLOOKUP($B45,'Halo Infinite Stats'!$A:$AM,17,0),) -> 0 | O45: =IFERROR(VLOOKUP($B45,'Halo Infinite Stats'!$A:$AM,18,0),) -> 1 | P45: =IFERROR(VLOOKUP($B45,'Halo Infinite Stats'!$A:$AM,19,0),) -> 26 | Q45: =IFERROR(VLOOKUP($B45,'Halo Infinite Stats'!$A:$AM,20,0),) -> 4 | R45: =IFERROR(VLOOKUP($B45,'Halo Infinite Stats'!$A:$AM,21,0),)+IFERROR(VLOOKUP($B45,'Halo Infinite Stats'!$A:$AM,22,0),)+IFERROR(VLOOKUP($B45,'Halo Infinite Stats'!$A:$AM,23,0),)+IFERROR(VLOOKUP($B45,'Halo Infinite Stats'!$A:$AM,24,0),)+IFERROR(VLOOKUP($B45,'Halo Infinite Stats'!$A:$AM,25,0),)+IFERROR(VLOOKUP($B45,'Halo Infinite Stats'!$A:$AM,26,0),)+IFERROR(VLOOKUP($B45,'Halo Infinite Stats'!$A:$AM,27,0),) -> 2 | S45: =IFERROR(VLOOKUP($B45,'Halo Infinite Stats'!$A:$AM,28,0),) -> 0 | T45: =IFERROR(VLOOKUP($B45,'Halo Infinite Stats'!$A:$AM,31,0),) -> 0 | U45: =IFERROR(VLOOKUP($B45,'PlayerGrades+'!$A:$W,22,0),) -> C+ | V45: =IFERROR(VLOOKUP($B45,'PlayerGrades+'!$A:$W,23,0),) -> 16.15 | X45: =(HOUR(L45) * 3600) + (MINUTE(L45) * 60) + SECOND(L45) -> 3731
A46: OREOTHECAT's Team | B46: Pd Craig 69 | C46: =IFERROR(VLOOKUP($B46,'Halo Infinite Stats'!$A:$AM,2,0),) -> 5 | D46: =IFERROR(VLOOKUP($B46,'Halo Infinite Stats'!$A:$AM,3,0),) -> 0 | E46: =IFERROR(VLOOKUP($B46,'Halo Infinite Stats'!$A:$AM,4,0),) -> 5 | F46: =IFERROR(VLOOKUP($B46,'Halo Infinite Stats'!$A:$AM,5,0),) -> 1 | G46: =IFERROR(VLOOKUP($B46,'Halo Infinite Stats'!$A:$AM,6,0),) -> 2 | H46: =IFERROR(VLOOKUP($B46,'Halo Infinite Stats'!$A:$AM,7,0),) -> 145 | I46: =IFERROR(VLOOKUP($B46,'Halo Infinite Stats'!$A:$AM,8,0),) -> 188 | J46: =IFERROR(VLOOKUP($B46,'Halo Infinite Stats'!$A:$AM,9,0),) -> -43 | K46: =IFERROR(VLOOKUP($B46,'Halo Infinite Stats'!$A:$AM,11,0),) -> 1 | L46: =IFERROR(TEXT(VLOOKUP($B46,'Halo Infinite Stats'!$A:$AM,12,0)/(24*60*60),"hh:mm:ss"),"") -> 00:53:09 | M46: =IFERROR(VLOOKUP($B46,'Halo Infinite Stats'!$A:$AM,14,0),) -> 3 | N46: =IFERROR(VLOOKUP($B46,'Halo Infinite Stats'!$A:$AM,15,0),)+IFERROR(VLOOKUP($B46,'Halo Infinite Stats'!$A:$AM,16,0),)+IFERROR(VLOOKUP($B46,'Halo Infinite Stats'!$A:$AM,17,0),) -> 0 | O46: =IFERROR(VLOOKUP($B46,'Halo Infinite Stats'!$A:$AM,18,0),) -> 0 | P46: =IFERROR(VLOOKUP($B46,'Halo Infinite Stats'!$A:$AM,19,0),) -> 18 | Q46: =IFERROR(VLOOKUP($B46,'Halo Infinite Stats'!$A:$AM,20,0),) -> 8 | R46: =IFERROR(VLOOKUP($B46,'Halo Infinite Stats'!$A:$AM,21,0),)+IFERROR(VLOOKUP($B46,'Halo Infinite Stats'!$A:$AM,22,0),)+IFERROR(VLOOKUP($B46,'Halo Infinite Stats'!$A:$AM,23,0),)+IFERROR(VLOOKUP($B46,'Halo Infinite Stats'!$A:$AM,24,0),)+IFERROR(VLOOKUP($B46,'Halo Infinite Stats'!$A:$AM,25,0),)+IFERROR(VLOOKUP($B46,'Halo Infinite Stats'!$A:$AM,26,0),)+IFERROR(VLOOKUP($B46,'Halo Infinite Stats'!$A:$AM,27,0),) -> 6 | S46: =IFERROR(VLOOKUP($B46,'Halo Infinite Stats'!$A:$AM,28,0),) -> 0 | T46: =IFERROR(VLOOKUP($B46,'Halo Infinite Stats'!$A:$AM,31,0),) -> 0 | U46: =IFERROR(VLOOKUP($B46,'PlayerGrades+'!$A:$W,22,0),) -> D- | V46: =IFERROR(VLOOKUP($B46,'PlayerGrades+'!$A:$W,23,0),) -> 12.2875 | X46: =(HOUR(L46) * 3600) + (MINUTE(L46) * 60) + SECOND(L46) -> 3189
A47: OREOTHECAT's Team | B47: ThePro#1771 | C47: =IFERROR(VLOOKUP($B47,'Halo Infinite Stats'!$A:$AM,2,0),) -> 3 | D47: =IFERROR(VLOOKUP($B47,'Halo Infinite Stats'!$A:$AM,3,0),) -> 0 | E47: =IFERROR(VLOOKUP($B47,'Halo Infinite Stats'!$A:$AM,4,0),) -> 3 | F47: =IFERROR(VLOOKUP($B47,'Halo Infinite Stats'!$A:$AM,5,0),) -> 0 | G47: =IFERROR(VLOOKUP($B47,'Halo Infinite Stats'!$A:$AM,6,0),) -> 1 | H47: =IFERROR(VLOOKUP($B47,'Halo Infinite Stats'!$A:$AM,7,0),) -> 54 | I47: =IFERROR(VLOOKUP($B47,'Halo Infinite Stats'!$A:$AM,8,0),) -> 85 | J47: =IFERROR(VLOOKUP($B47,'Halo Infinite Stats'!$A:$AM,9,0),) -> -31 | K47: =IFERROR(VLOOKUP($B47,'Halo Infinite Stats'!$A:$AM,11,0),) -> 0 | L47: =IFERROR(TEXT(VLOOKUP($B47,'Halo Infinite Stats'!$A:$AM,12,0)/(24*60*60),"hh:mm:ss"),"") -> 00:23:35 | M47: =IFERROR(VLOOKUP($B47,'Halo Infinite Stats'!$A:$AM,14,0),) -> 1 | N47: =IFERROR(VLOOKUP($B47,'Halo Infinite Stats'!$A:$AM,15,0),)+IFERROR(VLOOKUP($B47,'Halo Infinite Stats'!$A:$AM,16,0),)+IFERROR(VLOOKUP($B47,'Halo Infinite Stats'!$A:$AM,17,0),) -> 0 | O47: =IFERROR(VLOOKUP($B47,'Halo Infinite Stats'!$A:$AM,18,0),) -> 0 | P47: =IFERROR(VLOOKUP($B47,'Halo Infinite Stats'!$A:$AM,19,0),) -> 9 | Q47: =IFERROR(VLOOKUP($B47,'Halo Infinite Stats'!$A:$AM,20,0),) -> 2 | R47: =IFERROR(VLOOKUP($B47,'Halo Infinite Stats'!$A:$AM,21,0),)+IFERROR(VLOOKUP($B47,'Halo Infinite Stats'!$A:$AM,22,0),)+IFERROR(VLOOKUP($B47,'Halo Infinite Stats'!$A:$AM,23,0),)+IFERROR(VLOOKUP($B47,'Halo Infinite Stats'!$A:$AM,24,0),)+IFERROR(VLOOKUP($B47,'Halo Infinite Stats'!$A:$AM,25,0),)+IFERROR(VLOOKUP($B47,'Halo Infinite Stats'!$A:$AM,26,0),)+IFERROR(VLOOKUP($B47,'Halo Infinite Stats'!$A:$AM,27,0),) -> 0 | S47: =IFERROR(VLOOKUP($B47,'Halo Infinite Stats'!$A:$AM,28,0),) -> 0 | T47: =IFERROR(VLOOKUP($B47,'Halo Infinite Stats'!$A:$AM,31,0),) -> 0 | U47: =IFERROR(VLOOKUP($B47,'PlayerGrades+'!$A:$W,22,0),) -> F | V47: =IFERROR(VLOOKUP($B47,'PlayerGrades+'!$A:$W,23,0),) -> 7.2 | X47: =(HOUR(L47) * 3600) + (MINUTE(L47) * 60) + SECOND(L47) -> 1415
A48: OREOTHECAT's Team | B48: TOTALS: | C48: =SUM(C44:C47) -> 29 | D48: =SUM(D44:D47) -> 2 | E48: =SUM(E44:E47) -> 27 | F48: =SUM(F44:F47) -> 8 | G48: =SUM(G44:G47) -> 41 | H48: =SUM(H44:H47) -> 744 | I48: =SUM(I44:I47) -> 1213 | J48: =MINUS(H48,I48) -> -469 | K48: =SUM(K44:K47) -> 3 | L48: =TEXT(X48/86400, "hh:mm:ss") -> 05:38:09 | M48: =SUM(M44:M47) -> 8 | N48: =SUM(N44:N47) -> 0 | O48: =SUM(O44:O47) -> 2 | P48: =SUM(P44:P47) -> 77 | Q48: =SUM(Q44:Q47) -> 20 | R48: =SUM(R44:R47) -> 9 | S48: =SUM(S44:S47) -> 0 | T48: =SUM(T44:T47) -> 0 | U48: =IF(((V44+V45+V46+V47)/4)<='PlayerGrades+'!$Y$44,"F-",IF(((V44+V45+V46+V47)/4)<'PlayerGrades+'!$Y$43,"F",IF(((V44+V45+V46+V47)/4)<'PlayerGrades+'!$Y$42,"F+",IF(((V44+V45+V46+V47)/4)<'PlayerGrades+'!$Y$41,"E-",IF(((V44+V45+V46+V47)/4)<'PlayerGrades+'!$Y$40,"E",IF(((V44+V45+V46+V47)/4)<'PlayerGrades+'!$Y$39,"E+",IF(((V44+V45+V46+V47)/4)<'PlayerGrades+'!$Y$38,"D-",IF(((V44+V45+V46+V47)/4)<'PlayerGrades+'!$Y$37,"D",IF(((V44+V45+V46+V47)/4)<'PlayerGrades+'!$Y$36,"D+",IF(((V44+V45+V46+V47)/4)<'PlayerGrades+'!$Y$35,"C-",IF(((V44+V45+V46+V47)/4)<'PlayerGrades+'!$Y$34,"C",IF(((V44+V45+V46+V47)/4)<'PlayerGrades+'!$Y$33,"C+",IF(((V44+V45+V46+V47)/4)<'PlayerGrades+'!$Y$32,"B-",IF(((V44+V45+V46+V47)/4)<'PlayerGrades+'!$Y$31,"B",IF(((V44+V45+V46+V47)/4)<'PlayerGrades+'!$Y$30,"B+",IF(((V44+V45+V46+V47)/4)<'PlayerGrades+'!$Y$29,"A-",IF(((V44+V45+V46+V47)/4)<'PlayerGrades+'!$Y$28,"A",IF(((V44+V45+V46+V47)/4)<'PlayerGrades+'!$Y$27,"A+",IF(((V44+V45+V46+V47)/4)<'PlayerGrades+'!$Y$26,"S-",IF(((V44+V45+V46+V47)/4)<'PlayerGrades+'!$Y$25,"S","S+")))))))))))))))))))) -> E | V48: Team AVG | X48: =IFERROR(SUM(X44:X47), 0) -> 20289
A50: The Grif S.A.G.A. | B50: amnatu | C50: =IFERROR(VLOOKUP($B50,'Halo Infinite Stats'!$A:$AM,2,0),) -> 18 | D50: =IFERROR(VLOOKUP($B50,'Halo Infinite Stats'!$A:$AM,3,0),) -> 6 | E50: =IFERROR(VLOOKUP($B50,'Halo Infinite Stats'!$A:$AM,4,0),) -> 12 | F50: =IFERROR(VLOOKUP($B50,'Halo Infinite Stats'!$A:$AM,5,0),) -> 12 | G50: =IFERROR(VLOOKUP($B50,'Halo Infinite Stats'!$A:$AM,6,0),) -> 33 | H50: =IFERROR(VLOOKUP($B50,'Halo Infinite Stats'!$A:$AM,7,0),) -> 401 | I50: =IFERROR(VLOOKUP($B50,'Halo Infinite Stats'!$A:$AM,8,0),) -> 872 | J50: =IFERROR(VLOOKUP($B50,'Halo Infinite Stats'!$A:$AM,9,0),) -> -471 | K50: =IFERROR(VLOOKUP($B50,'Halo Infinite Stats'!$A:$AM,11,0),) -> 0 | L50: =IFERROR(TEXT(VLOOKUP($B50,'Halo Infinite Stats'!$A:$AM,12,0)/(24*60*60),"hh:mm:ss"),"") -> 04:12:44 | M50: =IFERROR(VLOOKUP($B50,'Halo Infinite Stats'!$A:$AM,14,0),) -> 3 | N50: =IFERROR(VLOOKUP($B50,'Halo Infinite Stats'!$A:$AM,15,0),)+IFERROR(VLOOKUP($B50,'Halo Infinite Stats'!$A:$AM,16,0),)+IFERROR(VLOOKUP($B50,'Halo Infinite Stats'!$A:$AM,17,0),) -> 0 | O50: =IFERROR(VLOOKUP($B50,'Halo Infinite Stats'!$A:$AM,18,0),) -> 8 | P50: =IFERROR(VLOOKUP($B50,'Halo Infinite Stats'!$A:$AM,19,0),) -> 47 | Q50: =IFERROR(VLOOKUP($B50,'Halo Infinite Stats'!$A:$AM,20,0),) -> 9 | R50: =IFERROR(VLOOKUP($B50,'Halo Infinite Stats'!$A:$AM,21,0),)+IFERROR(VLOOKUP($B50,'Halo Infinite Stats'!$A:$AM,22,0),)+IFERROR(VLOOKUP($B50,'Halo Infinite Stats'!$A:$AM,23,0),)+IFERROR(VLOOKUP($B50,'Halo Infinite Stats'!$A:$AM,24,0),)+IFERROR(VLOOKUP($B50,'Halo Infinite Stats'!$A:$AM,25,0),)+IFERROR(VLOOKUP($B50,'Halo Infinite Stats'!$A:$AM,26,0),)+IFERROR(VLOOKUP($B50,'Halo Infinite Stats'!$A:$AM,27,0),) -> 2 | S50: =IFERROR(VLOOKUP($B50,'Halo Infinite Stats'!$A:$AM,28,0),) -> 0 | T50: =IFERROR(VLOOKUP($B50,'Halo Infinite Stats'!$A:$AM,31,0),) -> 0 | U50: =IFERROR(VLOOKUP($B50,'PlayerGrades+'!$A:$W,22,0),) -> F- | V50: =IFERROR(VLOOKUP($B50,'PlayerGrades+'!$A:$W,23,0),) -> 5.8 | X50: =(HOUR(L50) * 3600) + (MINUTE(L50) * 60) + SECOND(L50) -> 15164
A51: The Grif S.A.G.A. | B51: Ace B S1lentND1 | C51: =IFERROR(VLOOKUP($B51,'Halo Infinite Stats'!$A:$AM,2,0),) -> 20 | D51: =IFERROR(VLOOKUP($B51,'Halo Infinite Stats'!$A:$AM,3,0),) -> 6 | E51: =IFERROR(VLOOKUP($B51,'Halo Infinite Stats'!$A:$AM,4,0),) -> 14 | F51: =IFERROR(VLOOKUP($B51,'Halo Infinite Stats'!$A:$AM,5,0),) -> 16 | G51: =IFERROR(VLOOKUP($B51,'Halo Infinite Stats'!$A:$AM,6,0),) -> 60 | H51: =IFERROR(VLOOKUP($B51,'Halo Infinite Stats'!$A:$AM,7,0),) -> 1110 | I51: =IFERROR(VLOOKUP($B51,'Halo Infinite Stats'!$A:$AM,8,0),) -> 951 | J51: =IFERROR(VLOOKUP($B51,'Halo Infinite Stats'!$A:$AM,9,0),) -> 159 | K51: =IFERROR(VLOOKUP($B51,'Halo Infinite Stats'!$A:$AM,11,0),) -> 1 | L51: =IFERROR(TEXT(VLOOKUP($B51,'Halo Infinite Stats'!$A:$AM,12,0)/(24*60*60),"hh:mm:ss"),"") -> 04:24:31 | M51: =IFERROR(VLOOKUP($B51,'Halo Infinite Stats'!$A:$AM,14,0),) -> 37 | N51: =IFERROR(VLOOKUP($B51,'Halo Infinite Stats'!$A:$AM,15,0),)+IFERROR(VLOOKUP($B51,'Halo Infinite Stats'!$A:$AM,16,0),)+IFERROR(VLOOKUP($B51,'Halo Infinite Stats'!$A:$AM,17,0),) -> 0 | O51: =IFERROR(VLOOKUP($B51,'Halo Infinite Stats'!$A:$AM,18,0),) -> 35 | P51: =IFERROR(VLOOKUP($B51,'Halo Infinite Stats'!$A:$AM,19,0),) -> 252 | Q51: =IFERROR(VLOOKUP($B51,'Halo Infinite Stats'!$A:$AM,20,0),) -> 76 | R51: =IFERROR(VLOOKUP($B51,'Halo Infinite Stats'!$A:$AM,21,0),)+IFERROR(VLOOKUP($B51,'Halo Infinite Stats'!$A:$AM,22,0),)+IFERROR(VLOOKUP($B51,'Halo Infinite Stats'!$A:$AM,23,0),)+IFERROR(VLOOKUP($B51,'Halo Infinite Stats'!$A:$AM,24,0),)+IFERROR(VLOOKUP($B51,'Halo Infinite Stats'!$A:$AM,25,0),)+IFERROR(VLOOKUP($B51,'Halo Infinite Stats'!$A:$AM,26,0),)+IFERROR(VLOOKUP($B51,'Halo Infinite Stats'!$A:$AM,27,0),) -> 56 | S51: =IFERROR(VLOOKUP($B51,'Halo Infinite Stats'!$A:$AM,28,0),) -> 1 | T51: =IFERROR(VLOOKUP($B51,'Halo Infinite Stats'!$A:$AM,31,0),) -> 0 | U51: =IFERROR(VLOOKUP($B51,'PlayerGrades+'!$A:$W,22,0),) -> S | V51: =IFERROR(VLOOKUP($B51,'PlayerGrades+'!$A:$W,23,0),) -> 27.3375 | X51: =(HOUR(L51) * 3600) + (MINUTE(L51) * 60) + SECOND(L51) -> 15871
A52: The Grif S.A.G.A. | B52: Grunt Padre | C52: =IFERROR(VLOOKUP($B52,'Halo Infinite Stats'!$A:$AM,2,0),) -> 22 | D52: =IFERROR(VLOOKUP($B52,'Halo Infinite Stats'!$A:$AM,3,0),) -> 9 | E52: =IFERROR(VLOOKUP($B52,'Halo Infinite Stats'!$A:$AM,4,0),) -> 13 | F52: =IFERROR(VLOOKUP($B52,'Halo Infinite Stats'!$A:$AM,5,0),) -> 5 | G52: =IFERROR(VLOOKUP($B52,'Halo Infinite Stats'!$A:$AM,6,0),) -> 46 | H52: =IFERROR(VLOOKUP($B52,'Halo Infinite Stats'!$A:$AM,7,0),) -> 999 | I52: =IFERROR(VLOOKUP($B52,'Halo Infinite Stats'!$A:$AM,8,0),) -> 1317 | J52: =IFERROR(VLOOKUP($B52,'Halo Infinite Stats'!$A:$AM,9,0),) -> -318 | K52: =IFERROR(VLOOKUP($B52,'Halo Infinite Stats'!$A:$AM,11,0),) -> 0 | L52: =IFERROR(TEXT(VLOOKUP($B52,'Halo Infinite Stats'!$A:$AM,12,0)/(24*60*60),"hh:mm:ss"),"") -> 05:20:14 | M52: =IFERROR(VLOOKUP($B52,'Halo Infinite Stats'!$A:$AM,14,0),) -> 11 | N52: =IFERROR(VLOOKUP($B52,'Halo Infinite Stats'!$A:$AM,15,0),)+IFERROR(VLOOKUP($B52,'Halo Infinite Stats'!$A:$AM,16,0),)+IFERROR(VLOOKUP($B52,'Halo Infinite Stats'!$A:$AM,17,0),) -> 0 | O52: =IFERROR(VLOOKUP($B52,'Halo Infinite Stats'!$A:$AM,18,0),) -> 15 | P52: =IFERROR(VLOOKUP($B52,'Halo Infinite Stats'!$A:$AM,19,0),) -> 165 | Q52: =IFERROR(VLOOKUP($B52,'Halo Infinite Stats'!$A:$AM,20,0),) -> 44 | R52: =IFERROR(VLOOKUP($B52,'Halo Infinite Stats'!$A:$AM,21,0),)+IFERROR(VLOOKUP($B52,'Halo Infinite Stats'!$A:$AM,22,0),)+IFERROR(VLOOKUP($B52,'Halo Infinite Stats'!$A:$AM,23,0),)+IFERROR(VLOOKUP($B52,'Halo Infinite Stats'!$A:$AM,24,0),)+IFERROR(VLOOKUP($B52,'Halo Infinite Stats'!$A:$AM,25,0),)+IFERROR(VLOOKUP($B52,'Halo Infinite Stats'!$A:$AM,26,0),)+IFERROR(VLOOKUP($B52,'Halo Infinite Stats'!$A:$AM,27,0),) -> 16 | S52: =IFERROR(VLOOKUP($B52,'Halo Infinite Stats'!$A:$AM,28,0),) -> 1 | T52: =IFERROR(VLOOKUP($B52,'Halo Infinite Stats'!$A:$AM,31,0),) -> 0 | U52: =IFERROR(VLOOKUP($B52,'PlayerGrades+'!$A:$W,22,0),) -> C | V52: =IFERROR(VLOOKUP($B52,'PlayerGrades+'!$A:$W,23,0),) -> 14.8375 | X52: =(HOUR(L52) * 3600) + (MINUTE(L52) * 60) + SECOND(L52) -> 19214
A53: The Grif S.A.G.A. | B53: ABOVEAVGJ0HN | C53: =IFERROR(VLOOKUP($B53,'Halo Infinite Stats'!$A:$AM,2,0),) | D53: =IFERROR(VLOOKUP($B53,'Halo Infinite Stats'!$A:$AM,3,0),) | E53: =IFERROR(VLOOKUP($B53,'Halo Infinite Stats'!$A:$AM,4,0),) | F53: =IFERROR(VLOOKUP($B53,'Halo Infinite Stats'!$A:$AM,5,0),) | G53: =IFERROR(VLOOKUP($B53,'Halo Infinite Stats'!$A:$AM,6,0),) | H53: =IFERROR(VLOOKUP($B53,'Halo Infinite Stats'!$A:$AM,7,0),) | I53: =IFERROR(VLOOKUP($B53,'Halo Infinite Stats'!$A:$AM,8,0),) | J53: =IFERROR(VLOOKUP($B53,'Halo Infinite Stats'!$A:$AM,9,0),) | K53: =IFERROR(VLOOKUP($B53,'Halo Infinite Stats'!$A:$AM,11,0),) | L53: =IFERROR(TEXT(VLOOKUP($B53,'Halo Infinite Stats'!$A:$AM,12,0)/(24*60*60),"hh:mm:ss"),"") | M53: =IFERROR(VLOOKUP($B53,'Halo Infinite Stats'!$A:$AM,14,0),) | N53: =IFERROR(VLOOKUP($B53,'Halo Infinite Stats'!$A:$AM,15,0),)+IFERROR(VLOOKUP($B53,'Halo Infinite Stats'!$A:$AM,16,0),)+IFERROR(VLOOKUP($B53,'Halo Infinite Stats'!$A:$AM,17,0),) -> 0 | O53: =IFERROR(VLOOKUP($B53,'Halo Infinite Stats'!$A:$AM,18,0),) | P53: =IFERROR(VLOOKUP($B53,'Halo Infinite Stats'!$A:$AM,19,0),) | Q53: =IFERROR(VLOOKUP($B53,'Halo Infinite Stats'!$A:$AM,20,0),) | R53: =IFERROR(VLOOKUP($B53,'Halo Infinite Stats'!$A:$AM,21,0),)+IFERROR(VLOOKUP($B53,'Halo Infinite Stats'!$A:$AM,22,0),)+IFERROR(VLOOKUP($B53,'Halo Infinite Stats'!$A:$AM,23,0),)+IFERROR(VLOOKUP($B53,'Halo Infinite Stats'!$A:$AM,24,0),)+IFERROR(VLOOKUP($B53,'Halo Infinite Stats'!$A:$AM,25,0),)+IFERROR(VLOOKUP($B53,'Halo Infinite Stats'!$A:$AM,26,0),)+IFERROR(VLOOKUP($B53,'Halo Infinite Stats'!$A:$AM,27,0),) -> 0 | S53: =IFERROR(VLOOKUP($B53,'Halo Infinite Stats'!$A:$AM,28,0),) | T53: =IFERROR(VLOOKUP($B53,'Halo Infinite Stats'!$A:$AM,31,0),) | U53: =IFERROR(VLOOKUP($B53,'PlayerGrades+'!$A:$W,22,0),) | V53: =IFERROR(VLOOKUP($B53,'PlayerGrades+'!$A:$W,23,0),) | X53: =(HOUR(L53) * 3600) + (MINUTE(L53) * 60) + SECOND(L53) -> 0
A54: The Grif S.A.G.A. | B54: TOTALS: | C54: =SUM(C50:C53) -> 60 | D54: =SUM(D50:D53) -> 21 | E54: =SUM(E50:E53) -> 39 | F54: =SUM(F50:F53) -> 33 | H54: =SUM(H50:H53) -> 2510 | I54: =SUM(I50:I53) -> 3140 | J54: =MINUS(H54,I54) -> -630 | K54: =SUM(K50:K53) -> 1 | L54: =TEXT(X54/86400, "hh:mm:ss") -> 13:57:29 | M54: =SUM(M50:M53) -> 51 | N54: =SUM(N50:N53) -> 0 | O54: =SUM(O50:O53) -> 58 | P54: =SUM(P50:P53) -> 464 | Q54: =SUM(Q50:Q53) -> 129 | R54: =SUM(R50:R53) -> 74 | S54: =SUM(S50:S53) -> 2 | T54: =SUM(T50:T53) -> 0 | U54: =IF(((V50+V51+V52+V53)/3)<='PlayerGrades+'!$Y$44,"F-",IF(((V50+V51+V52+V53)/3)<'PlayerGrades+'!$Y$43,"F",IF(((V50+V51+V52+V53)/3)<'PlayerGrades+'!$Y$42,"F+",IF(((V50+V51+V52+V53)/3)<'PlayerGrades+'!$Y$41,"E-",IF(((V50+V51+V52+V53)/3)<'PlayerGrades+'!$Y$40,"E",IF(((V50+V51+V52+V53)/3)<'PlayerGrades+'!$Y$39,"E+",IF(((V50+V51+V52+V53)/3)<'PlayerGrades+'!$Y$38,"D-",IF(((V50+V51+V52+V53)/3)<'PlayerGrades+'!$Y$37,"D",IF(((V50+V51+V52+V53)/3)<'PlayerGrades+'!$Y$36,"D+",IF(((V50+V51+V52+V53)/3)<'PlayerGrades+'!$Y$35,"C-",IF(((V50+V51+V52+V53)/3)<'PlayerGrades+'!$Y$34,"C",IF(((V50+V51+V52+V53)/3)<'PlayerGrades+'!$Y$33,"C+",IF(((V50+V51+V52+V53)/3)<'PlayerGrades+'!$Y$32,"B-",IF(((V50+V51+V52+V53)/3)<'PlayerGrades+'!$Y$31,"B",IF(((V50+V51+V52+V53)/3)<'PlayerGrades+'!$Y$30,"B+",IF(((V50+V51+V52+V53)/3)<'PlayerGrades+'!$Y$29,"A-",IF(((V50+V51+V52+V53)/3)<'PlayerGrades+'!$Y$28,"A",IF(((V50+V51+V52+V53)/3)<'PlayerGrades+'!$Y$27,"A+",IF(((V50+V51+V52+V53)/3)<'PlayerGrades+'!$Y$26,"S-",IF(((V50+V51+V52+V53)/3)<'PlayerGrades+'!$Y$25,"S","S+")))))))))))))))))))) -> C+ | V54: Team AVG | X54: =IFERROR(SUM(X50:X53), 0) -> 50249
A56: Quit Fuckin Betrayin’ Me | B56: MysticalNovice | C56: =IFERROR(VLOOKUP($B56,'Halo Infinite Stats'!$A:$AM,2,0),) -> 17 | D56: =IFERROR(VLOOKUP($B56,'Halo Infinite Stats'!$A:$AM,3,0),) -> 15 | E56: =IFERROR(VLOOKUP($B56,'Halo Infinite Stats'!$A:$AM,4,0),) -> 2 | F56: =IFERROR(VLOOKUP($B56,'Halo Infinite Stats'!$A:$AM,5,0),) -> 31 | G56: =IFERROR(VLOOKUP($B56,'Halo Infinite Stats'!$A:$AM,6,0),) -> 82 | H56: =IFERROR(VLOOKUP($B56,'Halo Infinite Stats'!$A:$AM,7,0),) -> 906 | I56: =IFERROR(VLOOKUP($B56,'Halo Infinite Stats'!$A:$AM,8,0),) -> 734 | J56: =IFERROR(VLOOKUP($B56,'Halo Infinite Stats'!$A:$AM,9,0),) -> 172 | K56: =IFERROR(VLOOKUP($B56,'Halo Infinite Stats'!$A:$AM,11,0),) -> 1 | L56: =IFERROR(TEXT(VLOOKUP($B56,'Halo Infinite Stats'!$A:$AM,12,0)/(24*60*60),"hh:mm:ss"),"") -> 03:50:15 | M56: =IFERROR(VLOOKUP($B56,'Halo Infinite Stats'!$A:$AM,14,0),) -> 24 | N56: =IFERROR(VLOOKUP($B56,'Halo Infinite Stats'!$A:$AM,15,0),)+IFERROR(VLOOKUP($B56,'Halo Infinite Stats'!$A:$AM,16,0),)+IFERROR(VLOOKUP($B56,'Halo Infinite Stats'!$A:$AM,17,0),) -> 0 | O56: =IFERROR(VLOOKUP($B56,'Halo Infinite Stats'!$A:$AM,18,0),) -> 14 | P56: =IFERROR(VLOOKUP($B56,'Halo Infinite Stats'!$A:$AM,19,0),) -> 188 | Q56: =IFERROR(VLOOKUP($B56,'Halo Infinite Stats'!$A:$AM,20,0),) -> 67 | R56: =IFERROR(VLOOKUP($B56,'Halo Infinite Stats'!$A:$AM,21,0),)+IFERROR(VLOOKUP($B56,'Halo Infinite Stats'!$A:$AM,22,0),)+IFERROR(VLOOKUP($B56,'Halo Infinite Stats'!$A:$AM,23,0),)+IFERROR(VLOOKUP($B56,'Halo Infinite Stats'!$A:$AM,24,0),)+IFERROR(VLOOKUP($B56,'Halo Infinite Stats'!$A:$AM,25,0),)+IFERROR(VLOOKUP($B56,'Halo Infinite Stats'!$A:$AM,26,0),)+IFERROR(VLOOKUP($B56,'Halo Infinite Stats'!$A:$AM,27,0),) -> 30 | S56: =IFERROR(VLOOKUP($B56,'Halo Infinite Stats'!$A:$AM,28,0),) -> 3 | T56: =IFERROR(VLOOKUP($B56,'Halo Infinite Stats'!$A:$AM,31,0),) -> 0 | U56: =IFERROR(VLOOKUP($B56,'PlayerGrades+'!$A:$W,22,0),) -> S+ | V56: =IFERROR(VLOOKUP($B56,'PlayerGrades+'!$A:$W,23,0),) -> 27.3625 | X56: =(HOUR(L56) * 3600) + (MINUTE(L56) * 60) + SECOND(L56) -> 13815
A57: Quit Fuckin Betrayin’ Me | B57: Mavbrid | C57: =IFERROR(VLOOKUP($B57,'Halo Infinite Stats'!$A:$AM,2,0),) -> 30 | D57: =IFERROR(VLOOKUP($B57,'Halo Infinite Stats'!$A:$AM,3,0),) -> 23 | E57: =IFERROR(VLOOKUP($B57,'Halo Infinite Stats'!$A:$AM,4,0),) -> 7 | F57: =IFERROR(VLOOKUP($B57,'Halo Infinite Stats'!$A:$AM,5,0),) -> 62 | G57: =IFERROR(VLOOKUP($B57,'Halo Infinite Stats'!$A:$AM,6,0),) -> 355 | H57: =IFERROR(VLOOKUP($B57,'Halo Infinite Stats'!$A:$AM,7,0),) -> 1227 | I57: =IFERROR(VLOOKUP($B57,'Halo Infinite Stats'!$A:$AM,8,0),) -> 1013 | J57: =IFERROR(VLOOKUP($B57,'Halo Infinite Stats'!$A:$AM,9,0),) -> 214 | K57: =IFERROR(VLOOKUP($B57,'Halo Infinite Stats'!$A:$AM,11,0),) -> 1 | L57: =IFERROR(TEXT(VLOOKUP($B57,'Halo Infinite Stats'!$A:$AM,12,0)/(24*60*60),"hh:mm:ss"),"") -> 06:50:20 | M57: =IFERROR(VLOOKUP($B57,'Halo Infinite Stats'!$A:$AM,14,0),) -> 40 | N57: =IFERROR(VLOOKUP($B57,'Halo Infinite Stats'!$A:$AM,15,0),)+IFERROR(VLOOKUP($B57,'Halo Infinite Stats'!$A:$AM,16,0),)+IFERROR(VLOOKUP($B57,'Halo Infinite Stats'!$A:$AM,17,0),) -> 3 | O57: =IFERROR(VLOOKUP($B57,'Halo Infinite Stats'!$A:$AM,18,0),) -> 12 | P57: =IFERROR(VLOOKUP($B57,'Halo Infinite Stats'!$A:$AM,19,0),) -> 215 | Q57: =IFERROR(VLOOKUP($B57,'Halo Infinite Stats'!$A:$AM,20,0),) -> 54 | R57: =IFERROR(VLOOKUP($B57,'Halo Infinite Stats'!$A:$AM,21,0),)+IFERROR(VLOOKUP($B57,'Halo Infinite Stats'!$A:$AM,22,0),)+IFERROR(VLOOKUP($B57,'Halo Infinite Stats'!$A:$AM,23,0),)+IFERROR(VLOOKUP($B57,'Halo Infinite Stats'!$A:$AM,24,0),)+IFERROR(VLOOKUP($B57,'Halo Infinite Stats'!$A:$AM,25,0),)+IFERROR(VLOOKUP($B57,'Halo Infinite Stats'!$A:$AM,26,0),)+IFERROR(VLOOKUP($B57,'Halo Infinite Stats'!$A:$AM,27,0),) -> 22 | S57: =IFERROR(VLOOKUP($B57,'Halo Infinite Stats'!$A:$AM,28,0),) -> 0 | T57: =IFERROR(VLOOKUP($B57,'Halo Infinite Stats'!$A:$AM,31,0),) -> 0 | U57: =IFERROR(VLOOKUP($B57,'PlayerGrades+'!$A:$W,22,0),) -> A | V57: =IFERROR(VLOOKUP($B57,'PlayerGrades+'!$A:$W,23,0),) -> 24.35 | X57: =(HOUR(L57) * 3600) + (MINUTE(L57) * 60) + SECOND(L57) -> 24620
A58: Quit Fuckin Betrayin’ Me | B58: Almighty Tycoon | C58: =IFERROR(VLOOKUP($B58,'Halo Infinite Stats'!$A:$AM,2,0),) -> 13 | D58: =IFERROR(VLOOKUP($B58,'Halo Infinite Stats'!$A:$AM,3,0),) -> 11 | E58: =IFERROR(VLOOKUP($B58,'Halo Infinite Stats'!$A:$AM,4,0),) -> 2 | F58: =IFERROR(VLOOKUP($B58,'Halo Infinite Stats'!$A:$AM,5,0),) -> 10 | G58: =IFERROR(VLOOKUP($B58,'Halo Infinite Stats'!$A:$AM,6,0),) -> 6 | H58: =IFERROR(VLOOKUP($B58,'Halo Infinite Stats'!$A:$AM,7,0),) -> 462 | I58: =IFERROR(VLOOKUP($B58,'Halo Infinite Stats'!$A:$AM,8,0),) -> 584 | J58: =IFERROR(VLOOKUP($B58,'Halo Infinite Stats'!$A:$AM,9,0),) -> -122 | K58: =IFERROR(VLOOKUP($B58,'Halo Infinite Stats'!$A:$AM,11,0),) -> 3 | L58: =IFERROR(TEXT(VLOOKUP($B58,'Halo Infinite Stats'!$A:$AM,12,0)/(24*60*60),"hh:mm:ss"),"") -> 03:02:20 | M58: =IFERROR(VLOOKUP($B58,'Halo Infinite Stats'!$A:$AM,14,0),) -> 6 | N58: =IFERROR(VLOOKUP($B58,'Halo Infinite Stats'!$A:$AM,15,0),)+IFERROR(VLOOKUP($B58,'Halo Infinite Stats'!$A:$AM,16,0),)+IFERROR(VLOOKUP($B58,'Halo Infinite Stats'!$A:$AM,17,0),) -> 0 | O58: =IFERROR(VLOOKUP($B58,'Halo Infinite Stats'!$A:$AM,18,0),) -> 1 | P58: =IFERROR(VLOOKUP($B58,'Halo Infinite Stats'!$A:$AM,19,0),) -> 69 | Q58: =IFERROR(VLOOKUP($B58,'Halo Infinite Stats'!$A:$AM,20,0),) -> 13 | R58: =IFERROR(VLOOKUP($B58,'Halo Infinite Stats'!$A:$AM,21,0),)+IFERROR(VLOOKUP($B58,'Halo Infinite Stats'!$A:$AM,22,0),)+IFERROR(VLOOKUP($B58,'Halo Infinite Stats'!$A:$AM,23,0),)+IFERROR(VLOOKUP($B58,'Halo Infinite Stats'!$A:$AM,24,0),)+IFERROR(VLOOKUP($B58,'Halo Infinite Stats'!$A:$AM,25,0),)+IFERROR(VLOOKUP($B58,'Halo Infinite Stats'!$A:$AM,26,0),)+IFERROR(VLOOKUP($B58,'Halo Infinite Stats'!$A:$AM,27,0),) -> 10 | S58: =IFERROR(VLOOKUP($B58,'Halo Infinite Stats'!$A:$AM,28,0),) -> 0 | T58: =IFERROR(VLOOKUP($B58,'Halo Infinite Stats'!$A:$AM,31,0),) -> 0 | U58: =IFERROR(VLOOKUP($B58,'PlayerGrades+'!$A:$W,22,0),) -> D | V58: =IFERROR(VLOOKUP($B58,'PlayerGrades+'!$A:$W,23,0),) -> 13.6125 | X58: =(HOUR(L58) * 3600) + (MINUTE(L58) * 60) + SECOND(L58) -> 10940
A59: Quit Fuckin Betrayin’ Me | B59: xXTHEChickenGod | C59: =IFERROR(VLOOKUP($B59,'Halo Infinite Stats'!$A:$AM,2,0),) -> 20 | D59: =IFERROR(VLOOKUP($B59,'Halo Infinite Stats'!$A:$AM,3,0),) -> 16 | E59: =IFERROR(VLOOKUP($B59,'Halo Infinite Stats'!$A:$AM,4,0),) -> 4 | F59: =IFERROR(VLOOKUP($B59,'Halo Infinite Stats'!$A:$AM,5,0),) -> 3 | G59: =IFERROR(VLOOKUP($B59,'Halo Infinite Stats'!$A:$AM,6,0),) -> 7 | H59: =IFERROR(VLOOKUP($B59,'Halo Infinite Stats'!$A:$AM,7,0),) -> 716 | I59: =IFERROR(VLOOKUP($B59,'Halo Infinite Stats'!$A:$AM,8,0),) -> 1011 | J59: =IFERROR(VLOOKUP($B59,'Halo Infinite Stats'!$A:$AM,9,0),) -> -295 | K59: =IFERROR(VLOOKUP($B59,'Halo Infinite Stats'!$A:$AM,11,0),) -> 2 | L59: =IFERROR(TEXT(VLOOKUP($B59,'Halo Infinite Stats'!$A:$AM,12,0)/(24*60*60),"hh:mm:ss"),"") -> 04:24:11 | M59: =IFERROR(VLOOKUP($B59,'Halo Infinite Stats'!$A:$AM,14,0),) -> 4 | N59: =IFERROR(VLOOKUP($B59,'Halo Infinite Stats'!$A:$AM,15,0),)+IFERROR(VLOOKUP($B59,'Halo Infinite Stats'!$A:$AM,16,0),)+IFERROR(VLOOKUP($B59,'Halo Infinite Stats'!$A:$AM,17,0),) -> 0 | O59: =IFERROR(VLOOKUP($B59,'Halo Infinite Stats'!$A:$AM,18,0),) -> 1 | P59: =IFERROR(VLOOKUP($B59,'Halo Infinite Stats'!$A:$AM,19,0),) -> 99 | Q59: =IFERROR(VLOOKUP($B59,'Halo Infinite Stats'!$A:$AM,20,0),) -> 12 | R59: =IFERROR(VLOOKUP($B59,'Halo Infinite Stats'!$A:$AM,21,0),)+IFERROR(VLOOKUP($B59,'Halo Infinite Stats'!$A:$AM,22,0),)+IFERROR(VLOOKUP($B59,'Halo Infinite Stats'!$A:$AM,23,0),)+IFERROR(VLOOKUP($B59,'Halo Infinite Stats'!$A:$AM,24,0),)+IFERROR(VLOOKUP($B59,'Halo Infinite Stats'!$A:$AM,25,0),)+IFERROR(VLOOKUP($B59,'Halo Infinite Stats'!$A:$AM,26,0),)+IFERROR(VLOOKUP($B59,'Halo Infinite Stats'!$A:$AM,27,0),) -> 1 | S59: =IFERROR(VLOOKUP($B59,'Halo Infinite Stats'!$A:$AM,28,0),) -> 0 | T59: =IFERROR(VLOOKUP($B59,'Halo Infinite Stats'!$A:$AM,31,0),) -> 0 | U59: =IFERROR(VLOOKUP($B59,'PlayerGrades+'!$A:$W,22,0),) -> F | V59: =IFERROR(VLOOKUP($B59,'PlayerGrades+'!$A:$W,23,0),) -> 7.275 | X59: =(HOUR(L59) * 3600) + (MINUTE(L59) * 60) + SECOND(L59) -> 15851
A60: Quit Fuckin Betrayin’ Me | B60: TOTALS: | C60: =SUM(C56:C59) -> 80 | D60: =SUM(D56:D59) -> 65 | E60: =SUM(E56:E59) -> 15 | F60: =SUM(F56:F59) -> 106 | G60: =SUM(G56:G59) -> 450 | H60: =SUM(H56:H59) -> 3311 | I60: =SUM(I56:I59) -> 3342 | J60: =MINUS(H60,I60) -> -31 | K60: =SUM(K56:K59) -> 7 | L60: =TEXT(X60/86400, "hh:mm:ss") -> 18:07:06 | M60: =SUM(M56:M59) -> 74 | N60: =SUM(N56:N59) -> 3 | O60: =SUM(O56:O59) -> 28 | P60: =SUM(P56:P59) -> 571 | Q60: =SUM(Q56:Q59) -> 146 | R60: =SUM(R56:R59) -> 63 | S60: =SUM(S56:S59) -> 3 | T60: =SUM(T56:T59) -> 0 | U60: =IF(((V56+V57+V58+V59)/4)<='PlayerGrades+'!$Y$44,"F-",IF(((V56+V57+V58+V59)/4)<'PlayerGrades+'!$Y$43,"F",IF(((V56+V57+V58+V59)/4)<'PlayerGrades+'!$Y$42,"F+",IF(((V56+V57+V58+V59)/4)<'PlayerGrades+'!$Y$41,"E-",IF(((V56+V57+V58+V59)/4)<'PlayerGrades+'!$Y$40,"E",IF(((V56+V57+V58+V59)/4)<'PlayerGrades+'!$Y$39,"E+",IF(((V56+V57+V58+V59)/4)<'PlayerGrades+'!$Y$38,"D-",IF(((V56+V57+V58+V59)/4)<'PlayerGrades+'!$Y$37,"D",IF(((V56+V57+V58+V59)/4)<'PlayerGrades+'!$Y$36,"D+",IF(((V56+V57+V58+V59)/4)<'PlayerGrades+'!$Y$35,"C-",IF(((V56+V57+V58+V59)/4)<'PlayerGrades+'!$Y$34,"C",IF(((V56+V57+V58+V59)/4)<'PlayerGrades+'!$Y$33,"C+",IF(((V56+V57+V58+V59)/4)<'PlayerGrades+'!$Y$32,"B-",IF(((V56+V57+V58+V59)/4)<'PlayerGrades+'!$Y$31,"B",IF(((V56+V57+V58+V59)/4)<'PlayerGrades+'!$Y$30,"B+",IF(((V56+V57+V58+V59)/4)<'PlayerGrades+'!$Y$29,"A-",IF(((V56+V57+V58+V59)/4)<'PlayerGrades+'!$Y$28,"A",IF(((V56+V57+V58+V59)/4)<'PlayerGrades+'!$Y$27,"A+",IF(((V56+V57+V58+V59)/4)<'PlayerGrades+'!$Y$26,"S-",IF(((V56+V57+V58+V59)/4)<'PlayerGrades+'!$Y$25,"S","S+")))))))))))))))))))) -> B | V60: Team AVG | X60: =IFERROR(SUM(X56:X59), 0) -> 65226
A62: Off in the Shower | B62: Doerstopper | C62: =IFERROR(VLOOKUP($B62,'Halo Infinite Stats'!$A:$AM,2,0),) -> 23 | D62: =IFERROR(VLOOKUP($B62,'Halo Infinite Stats'!$A:$AM,3,0),) -> 8 | E62: =IFERROR(VLOOKUP($B62,'Halo Infinite Stats'!$A:$AM,4,0),) -> 15 | F62: =IFERROR(VLOOKUP($B62,'Halo Infinite Stats'!$A:$AM,5,0),) -> 20 | G62: =IFERROR(VLOOKUP($B62,'Halo Infinite Stats'!$A:$AM,6,0),) -> 65 | H62: =IFERROR(VLOOKUP($B62,'Halo Infinite Stats'!$A:$AM,7,0),) -> 680 | I62: =IFERROR(VLOOKUP($B62,'Halo Infinite Stats'!$A:$AM,8,0),) -> 1250 | J62: =IFERROR(VLOOKUP($B62,'Halo Infinite Stats'!$A:$AM,9,0),) -> -570 | K62: =IFERROR(VLOOKUP($B62,'Halo Infinite Stats'!$A:$AM,11,0),) -> 3 | L62: =IFERROR(TEXT(VLOOKUP($B62,'Halo Infinite Stats'!$A:$AM,12,0)/(24*60*60),"hh:mm:ss"),"") -> 04:54:57 | M62: =IFERROR(VLOOKUP($B62,'Halo Infinite Stats'!$A:$AM,14,0),) -> 2 | N62: =IFERROR(VLOOKUP($B62,'Halo Infinite Stats'!$A:$AM,15,0),)+IFERROR(VLOOKUP($B62,'Halo Infinite Stats'!$A:$AM,16,0),)+IFERROR(VLOOKUP($B62,'Halo Infinite Stats'!$A:$AM,17,0),) -> 1 | O62: =IFERROR(VLOOKUP($B62,'Halo Infinite Stats'!$A:$AM,18,0),) -> 16 | P62: =IFERROR(VLOOKUP($B62,'Halo Infinite Stats'!$A:$AM,19,0),) -> 95 | Q62: =IFERROR(VLOOKUP($B62,'Halo Infinite Stats'!$A:$AM,20,0),) -> 23 | R62: =IFERROR(VLOOKUP($B62,'Halo Infinite Stats'!$A:$AM,21,0),)+IFERROR(VLOOKUP($B62,'Halo Infinite Stats'!$A:$AM,22,0),)+IFERROR(VLOOKUP($B62,'Halo Infinite Stats'!$A:$AM,23,0),)+IFERROR(VLOOKUP($B62,'Halo Infinite Stats'!$A:$AM,24,0),)+IFERROR(VLOOKUP($B62,'Halo Infinite Stats'!$A:$AM,25,0),)+IFERROR(VLOOKUP($B62,'Halo Infinite Stats'!$A:$AM,26,0),)+IFERROR(VLOOKUP($B62,'Halo Infinite Stats'!$A:$AM,27,0),) -> 12 | S62: =IFERROR(VLOOKUP($B62,'Halo Infinite Stats'!$A:$AM,28,0),) -> 0 | T62: =IFERROR(VLOOKUP($B62,'Halo Infinite Stats'!$A:$AM,31,0),) -> 0 | U62: =IFERROR(VLOOKUP($B62,'PlayerGrades+'!$A:$W,22,0),) -> E- | V62: =IFERROR(VLOOKUP($B62,'PlayerGrades+'!$A:$W,23,0),) -> 9.2 | X62: =(HOUR(L62) * 3600) + (MINUTE(L62) * 60) + SECOND(L62) -> 17697
A63: Off in the Shower | B63: DCleak | C63: =IFERROR(VLOOKUP($B63,'Halo Infinite Stats'!$A:$AM,2,0),) -> 10 | D63: =IFERROR(VLOOKUP($B63,'Halo Infinite Stats'!$A:$AM,3,0),) -> 2 | E63: =IFERROR(VLOOKUP($B63,'Halo Infinite Stats'!$A:$AM,4,0),) -> 8 | F63: =IFERROR(VLOOKUP($B63,'Halo Infinite Stats'!$A:$AM,5,0),) -> 4 | G63: =IFERROR(VLOOKUP($B63,'Halo Infinite Stats'!$A:$AM,6,0),) -> 29 | H63: =IFERROR(VLOOKUP($B63,'Halo Infinite Stats'!$A:$AM,7,0),) -> 289 | I63: =IFERROR(VLOOKUP($B63,'Halo Infinite Stats'!$A:$AM,8,0),) -> 492 | J63: =IFERROR(VLOOKUP($B63,'Halo Infinite Stats'!$A:$AM,9,0),) -> -203 | K63: =IFERROR(VLOOKUP($B63,'Halo Infinite Stats'!$A:$AM,11,0),) -> 2 | L63: =IFERROR(TEXT(VLOOKUP($B63,'Halo Infinite Stats'!$A:$AM,12,0)/(24*60*60),"hh:mm:ss"),"") -> 01:50:29 | M63: =IFERROR(VLOOKUP($B63,'Halo Infinite Stats'!$A:$AM,14,0),) -> 4 | N63: =IFERROR(VLOOKUP($B63,'Halo Infinite Stats'!$A:$AM,15,0),)+IFERROR(VLOOKUP($B63,'Halo Infinite Stats'!$A:$AM,16,0),)+IFERROR(VLOOKUP($B63,'Halo Infinite Stats'!$A:$AM,17,0),) -> 0 | O63: =IFERROR(VLOOKUP($B63,'Halo Infinite Stats'!$A:$AM,18,0),) -> 3 | P63: =IFERROR(VLOOKUP($B63,'Halo Infinite Stats'!$A:$AM,19,0),) -> 47 | Q63: =IFERROR(VLOOKUP($B63,'Halo Infinite Stats'!$A:$AM,20,0),) -> 11 | R63: =IFERROR(VLOOKUP($B63,'Halo Infinite Stats'!$A:$AM,21,0),)+IFERROR(VLOOKUP($B63,'Halo Infinite Stats'!$A:$AM,22,0),)+IFERROR(VLOOKUP($B63,'Halo Infinite Stats'!$A:$AM,23,0),)+IFERROR(VLOOKUP($B63,'Halo Infinite Stats'!$A:$AM,24,0),)+IFERROR(VLOOKUP($B63,'Halo Infinite Stats'!$A:$AM,25,0),)+IFERROR(VLOOKUP($B63,'Halo Infinite Stats'!$A:$AM,26,0),)+IFERROR(VLOOKUP($B63,'Halo Infinite Stats'!$A:$AM,27,0),) -> 2 | S63: =IFERROR(VLOOKUP($B63,'Halo Infinite Stats'!$A:$AM,28,0),) -> 0 | T63: =IFERROR(VLOOKUP($B63,'Halo Infinite Stats'!$A:$AM,31,0),) -> 0 | U63: =IFERROR(VLOOKUP($B63,'PlayerGrades+'!$A:$W,22,0),) -> C- | V63: =IFERROR(VLOOKUP($B63,'PlayerGrades+'!$A:$W,23,0),) -> 14.2 | X63: =(HOUR(L63) * 3600) + (MINUTE(L63) * 60) + SECOND(L63) -> 6629
A64: Off in the Shower | B64: Beam1n1 | C64: =IFERROR(VLOOKUP($B64,'Halo Infinite Stats'!$A:$AM,2,0),) -> 10 | D64: =IFERROR(VLOOKUP($B64,'Halo Infinite Stats'!$A:$AM,3,0),) -> 2 | E64: =IFERROR(VLOOKUP($B64,'Halo Infinite Stats'!$A:$AM,4,0),) -> 8 | F64: =IFERROR(VLOOKUP($B64,'Halo Infinite Stats'!$A:$AM,5,0),) -> 3 | G64: =IFERROR(VLOOKUP($B64,'Halo Infinite Stats'!$A:$AM,6,0),) -> 8 | H64: =IFERROR(VLOOKUP($B64,'Halo Infinite Stats'!$A:$AM,7,0),) -> 228 | I64: =IFERROR(VLOOKUP($B64,'Halo Infinite Stats'!$A:$AM,8,0),) -> 396 | J64: =IFERROR(VLOOKUP($B64,'Halo Infinite Stats'!$A:$AM,9,0),) -> -168 | K64: =IFERROR(VLOOKUP($B64,'Halo Infinite Stats'!$A:$AM,11,0),) -> 0 | L64: =IFERROR(TEXT(VLOOKUP($B64,'Halo Infinite Stats'!$A:$AM,12,0)/(24*60*60),"hh:mm:ss"),"") -> 01:36:39 | M64: =IFERROR(VLOOKUP($B64,'Halo Infinite Stats'!$A:$AM,14,0),) -> 3 | N64: =IFERROR(VLOOKUP($B64,'Halo Infinite Stats'!$A:$AM,15,0),)+IFERROR(VLOOKUP($B64,'Halo Infinite Stats'!$A:$AM,16,0),)+IFERROR(VLOOKUP($B64,'Halo Infinite Stats'!$A:$AM,17,0),) -> 0 | O64: =IFERROR(VLOOKUP($B64,'Halo Infinite Stats'!$A:$AM,18,0),) -> 7 | P64: =IFERROR(VLOOKUP($B64,'Halo Infinite Stats'!$A:$AM,19,0),) -> 35 | Q64: =IFERROR(VLOOKUP($B64,'Halo Infinite Stats'!$A:$AM,20,0),) -> 9 | R64: =IFERROR(VLOOKUP($B64,'Halo Infinite Stats'!$A:$AM,21,0),)+IFERROR(VLOOKUP($B64,'Halo Infinite Stats'!$A:$AM,22,0),)+IFERROR(VLOOKUP($B64,'Halo Infinite Stats'!$A:$AM,23,0),)+IFERROR(VLOOKUP($B64,'Halo Infinite Stats'!$A:$AM,24,0),)+IFERROR(VLOOKUP($B64,'Halo Infinite Stats'!$A:$AM,25,0),)+IFERROR(VLOOKUP($B64,'Halo Infinite Stats'!$A:$AM,26,0),)+IFERROR(VLOOKUP($B64,'Halo Infinite Stats'!$A:$AM,27,0),) -> 1 | S64: =IFERROR(VLOOKUP($B64,'Halo Infinite Stats'!$A:$AM,28,0),) -> 0 | T64: =IFERROR(VLOOKUP($B64,'Halo Infinite Stats'!$A:$AM,31,0),) -> 0 | U64: =IFERROR(VLOOKUP($B64,'PlayerGrades+'!$A:$W,22,0),) -> E | V64: =IFERROR(VLOOKUP($B64,'PlayerGrades+'!$A:$W,23,0),) -> 10.9375 | X64: =(HOUR(L64) * 3600) + (MINUTE(L64) * 60) + SECOND(L64) -> 5799
A65: Off in the Shower | B65: WeirdPG | C65: =IFERROR(VLOOKUP($B65,'Halo Infinite Stats'!$A:$AM,2,0),) -> 18 | D65: =IFERROR(VLOOKUP($B65,'Halo Infinite Stats'!$A:$AM,3,0),) -> 3 | E65: =IFERROR(VLOOKUP($B65,'Halo Infinite Stats'!$A:$AM,4,0),) -> 15 | F65: =IFERROR(VLOOKUP($B65,'Halo Infinite Stats'!$A:$AM,5,0),) -> 9 | G65: =IFERROR(VLOOKUP($B65,'Halo Infinite Stats'!$A:$AM,6,0),) -> 12 | H65: =IFERROR(VLOOKUP($B65,'Halo Infinite Stats'!$A:$AM,7,0),) -> 464 | I65: =IFERROR(VLOOKUP($B65,'Halo Infinite Stats'!$A:$AM,8,0),) -> 981 | J65: =IFERROR(VLOOKUP($B65,'Halo Infinite Stats'!$A:$AM,9,0),) -> -517 | K65: =IFERROR(VLOOKUP($B65,'Halo Infinite Stats'!$A:$AM,11,0),) -> 0 | L65: =IFERROR(TEXT(VLOOKUP($B65,'Halo Infinite Stats'!$A:$AM,12,0)/(24*60*60),"hh:mm:ss"),"") -> 03:25:17 | M65: =IFERROR(VLOOKUP($B65,'Halo Infinite Stats'!$A:$AM,14,0),) -> 3 | N65: =IFERROR(VLOOKUP($B65,'Halo Infinite Stats'!$A:$AM,15,0),)+IFERROR(VLOOKUP($B65,'Halo Infinite Stats'!$A:$AM,16,0),)+IFERROR(VLOOKUP($B65,'Halo Infinite Stats'!$A:$AM,17,0),) -> 0 | O65: =IFERROR(VLOOKUP($B65,'Halo Infinite Stats'!$A:$AM,18,0),) -> 9 | P65: =IFERROR(VLOOKUP($B65,'Halo Infinite Stats'!$A:$AM,19,0),) -> 55 | Q65: =IFERROR(VLOOKUP($B65,'Halo Infinite Stats'!$A:$AM,20,0),) -> 10 | R65: =IFERROR(VLOOKUP($B65,'Halo Infinite Stats'!$A:$AM,21,0),)+IFERROR(VLOOKUP($B65,'Halo Infinite Stats'!$A:$AM,22,0),)+IFERROR(VLOOKUP($B65,'Halo Infinite Stats'!$A:$AM,23,0),)+IFERROR(VLOOKUP($B65,'Halo Infinite Stats'!$A:$AM,24,0),)+IFERROR(VLOOKUP($B65,'Halo Infinite Stats'!$A:$AM,25,0),)+IFERROR(VLOOKUP($B65,'Halo Infinite Stats'!$A:$AM,26,0),)+IFERROR(VLOOKUP($B65,'Halo Infinite Stats'!$A:$AM,27,0),) -> 6 | S65: =IFERROR(VLOOKUP($B65,'Halo Infinite Stats'!$A:$AM,28,0),) -> 0 | T65: =IFERROR(VLOOKUP($B65,'Halo Infinite Stats'!$A:$AM,31,0),) -> 0 | U65: =IFERROR(VLOOKUP($B65,'PlayerGrades+'!$A:$W,22,0),) -> E- | V65: =IFERROR(VLOOKUP($B65,'PlayerGrades+'!$A:$W,23,0),) -> 8.1625 | X65: =(HOUR(L65) * 3600) + (MINUTE(L65) * 60) + SECOND(L65) -> 12317
A66: Off in the Shower | B66: TOTALS: | C66: =SUM(C62:C65) -> 61 | D66: =SUM(D62:D65) -> 15 | E66: =SUM(E62:E65) -> 46 | F66: =SUM(F62:F65) -> 36 | G66: =SUM(G62:G65) -> 114 | H66: =SUM(H62:H65) -> 1661 | I66: =SUM(I62:I65) -> 3119 | J66: =MINUS(H66,I66) -> -1458 | K66: =SUM(K62:K65) -> 5 | L66: =TEXT(X66/86400, "hh:mm:ss") -> 11:47:22 | M66: =SUM(M62:M65) -> 12 | N66: =SUM(N62:N65) -> 1 | O66: =SUM(O62:O65) -> 35 | P66: =SUM(P62:P65) -> 232 | Q66: =SUM(Q62:Q65) -> 53 | R66: =SUM(R62:R65) -> 21 | S66: =SUM(S62:S65) -> 0 | T66: =SUM(T62:T65) -> 0 | U66: =IF(((V62+V63+V64+V65)/4)<='PlayerGrades+'!$Y$44,"F-",IF(((V62+V63+V64+V65)/4)<'PlayerGrades+'!$Y$43,"F",IF(((V62+V63+V64+V65)/4)<'PlayerGrades+'!$Y$42,"F+",IF(((V62+V63+V64+V65)/4)<'PlayerGrades+'!$Y$41,"E-",IF(((V62+V63+V64+V65)/4)<'PlayerGrades+'!$Y$40,"E",IF(((V62+V63+V64+V65)/4)<'PlayerGrades+'!$Y$39,"E+",IF(((V62+V63+V64+V65)/4)<'PlayerGrades+'!$Y$38,"D-",IF(((V62+V63+V64+V65)/4)<'PlayerGrades+'!$Y$37,"D",IF(((V62+V63+V64+V65)/4)<'PlayerGrades+'!$Y$36,"D+",IF(((V62+V63+V64+V65)/4)<'PlayerGrades+'!$Y$35,"C-",IF(((V62+V63+V64+V65)/4)<'PlayerGrades+'!$Y$34,"C",IF(((V62+V63+V64+V65)/4)<'PlayerGrades+'!$Y$33,"C+",IF(((V62+V63+V64+V65)/4)<'PlayerGrades+'!$Y$32,"B-",IF(((V62+V63+V64+V65)/4)<'PlayerGrades+'!$Y$31,"B",IF(((V62+V63+V64+V65)/4)<'PlayerGrades+'!$Y$30,"B+",IF(((V62+V63+V64+V65)/4)<'PlayerGrades+'!$Y$29,"A-",IF(((V62+V63+V64+V65)/4)<'PlayerGrades+'!$Y$28,"A",IF(((V62+V63+V64+V65)/4)<'PlayerGrades+'!$Y$27,"A+",IF(((V62+V63+V64+V65)/4)<'PlayerGrades+'!$Y$26,"S-",IF(((V62+V63+V64+V65)/4)<'PlayerGrades+'!$Y$25,"S","S+")))))))))))))))))))) -> E | V66: Team AVG | X66: =IFERROR(SUM(X62:X65), 0) -> 42442

Sheet Top Stats
A1: Top Stats
B2: KD Spread | F2: Total Kills | J2: Total Goals
B3: Rank | C3: =IFERROR(__xludf.DUMMYFUNCTION("QUERY('Halo Infinite Stats'!A:I, ""SELECT A,I where not A contains 'Average Efficiency' ORDER BY I DESC LIMIT 10"", 1)"),"Player") -> Player | D3: =IFERROR(__xludf.DUMMYFUNCTION("""COMPUTED_VALUE"""),"Spread") -> Spread | F3: Rank | G3: =IFERROR(__xludf.DUMMYFUNCTION("QUERY('Halo Infinite Stats'!A:G, ""SELECT A,G ORDER BY G DESC LIMIT 10"", 1)"),"Player") -> Player | H3: =IFERROR(__xludf.DUMMYFUNCTION("""COMPUTED_VALUE"""),"Kills") -> Kills | J3: Rank | K3: =IFERROR(__xludf.DUMMYFUNCTION("QUERY('Halo Infinite Stats'!A:E, ""SELECT A,E ORDER BY E DESC LIMIT 10"", 1)"),"Player") -> Player | L3: =IFERROR(__xludf.DUMMYFUNCTION("""COMPUTED_VALUE"""),"Goals") -> Goals
B4: 1 | C4: =IFERROR(__xludf.DUMMYFUNCTION("""COMPUTED_VALUE"""),"Jussshhhyyy") -> Jussshhhyyy | D4: =IFERROR(__xludf.DUMMYFUNCTION("""COMPUTED_VALUE"""),558.0) -> 558 | F4: 1 | G4: =IFERROR(__xludf.DUMMYFUNCTION("""COMPUTED_VALUE"""),"Jussshhhyyy") -> Jussshhhyyy | H4: =IFERROR(__xludf.DUMMYFUNCTION("""COMPUTED_VALUE"""),2042.0) -> 2042 | J4: 1 | K4: =IFERROR(__xludf.DUMMYFUNCTION("""COMPUTED_VALUE"""),"Holy Morals") -> Holy Morals | L4: =IFERROR(__xludf.DUMMYFUNCTION("""COMPUTED_VALUE"""),69.0) -> 69
B5: 2 | C5: =IFERROR(__xludf.DUMMYFUNCTION("""COMPUTED_VALUE"""),"Mavbrid") -> Mavbrid | D5: =IFERROR(__xludf.DUMMYFUNCTION("""COMPUTED_VALUE"""),214.0) -> 214 | F5: 2 | G5: =IFERROR(__xludf.DUMMYFUNCTION("""COMPUTED_VALUE"""),"TommyWstSide") -> TommyWstSide | H5: =IFERROR(__xludf.DUMMYFUNCTION("""COMPUTED_VALUE"""),1603.0) -> 1603 | J5: 2 | K5: =IFERROR(__xludf.DUMMYFUNCTION("""COMPUTED_VALUE"""),"Mavbrid") -> Mavbrid | L5: =IFERROR(__xludf.DUMMYFUNCTION("""COMPUTED_VALUE"""),62.0) -> 62
B6: 3 | C6: =IFERROR(__xludf.DUMMYFUNCTION("""COMPUTED_VALUE"""),"MysticalNovice") -> MysticalNovice | D6: =IFERROR(__xludf.DUMMYFUNCTION("""COMPUTED_VALUE"""),172.0) -> 172 | F6: 3 | G6: =IFERROR(__xludf.DUMMYFUNCTION("""COMPUTED_VALUE"""),"Mavbrid") -> Mavbrid | H6: =IFERROR(__xludf.DUMMYFUNCTION("""COMPUTED_VALUE"""),1227.0) -> 1227 | J6: 3 | K6: =IFERROR(__xludf.DUMMYFUNCTION("""COMPUTED_VALUE"""),"ASpence501") -> ASpence501 | L6: =IFERROR(__xludf.DUMMYFUNCTION("""COMPUTED_VALUE"""),48.0) -> 48
B7: 4 | C7: =IFERROR(__xludf.DUMMYFUNCTION("""COMPUTED_VALUE"""),"Ace B S1lentND1") -> Ace B S1lentND1 | D7: =IFERROR(__xludf.DUMMYFUNCTION("""COMPUTED_VALUE"""),159.0) -> 159 | F7: 4 | G7: =IFERROR(__xludf.DUMMYFUNCTION("""COMPUTED_VALUE"""),"SPANKTR0N") -> SPANKTR0N | H7: =IFERROR(__xludf.DUMMYFUNCTION("""COMPUTED_VALUE"""),1160.0) -> 1160 | J7: 4 | K7: =IFERROR(__xludf.DUMMYFUNCTION("""COMPUTED_VALUE"""),"Scullen cx") -> Scullen cx | L7: =IFERROR(__xludf.DUMMYFUNCTION("""COMPUTED_VALUE"""),36.0) -> 36
B8: 5 | C8: =IFERROR(__xludf.DUMMYFUNCTION("""COMPUTED_VALUE"""),"Fanciest Pants") -> Fanciest Pants | D8: =IFERROR(__xludf.DUMMYFUNCTION("""COMPUTED_VALUE"""),124.0) -> 124 | F8: 5 | G8: =IFERROR(__xludf.DUMMYFUNCTION("""COMPUTED_VALUE"""),"Ken Khaneki") -> Ken Khaneki | H8: =IFERROR(__xludf.DUMMYFUNCTION("""COMPUTED_VALUE"""),1145.0) -> 1145 | J8: 5 | K8: =IFERROR(__xludf.DUMMYFUNCTION("""COMPUTED_VALUE"""),"yLuxe") -> yLuxe | L8: =IFERROR(__xludf.DUMMYFUNCTION("""COMPUTED_VALUE"""),33.0) -> 33
B9: 6 | C9: =IFERROR(__xludf.DUMMYFUNCTION("""COMPUTED_VALUE"""),"ASpence501") -> ASpence501 | D9: =IFERROR(__xludf.DUMMYFUNCTION("""COMPUTED_VALUE"""),77.0) -> 77 | F9: 6 | G9: =IFERROR(__xludf.DUMMYFUNCTION("""COMPUTED_VALUE"""),"ASpence501") -> ASpence501 | H9: =IFERROR(__xludf.DUMMYFUNCTION("""COMPUTED_VALUE"""),1135.0) -> 1135 | J9: 6 | K9: =IFERROR(__xludf.DUMMYFUNCTION("""COMPUTED_VALUE"""),"MuNgO PuNgO") -> MuNgO PuNgO | L9: =IFERROR(__xludf.DUMMYFUNCTION("""COMPUTED_VALUE"""),31.0) -> 31
B10: 7 | C10: =IFERROR(__xludf.DUMMYFUNCTION("""COMPUTED_VALUE"""),"yLuxe") -> yLuxe | D10: =IFERROR(__xludf.DUMMYFUNCTION("""COMPUTED_VALUE"""),42.0) -> 42 | F10: 7 | G10: =IFERROR(__xludf.DUMMYFUNCTION("""COMPUTED_VALUE"""),"Ace B S1lentND1") -> Ace B S1lentND1 | H10: =IFERROR(__xludf.DUMMYFUNCTION("""COMPUTED_VALUE"""),1110.0) -> 1110 | J10: 7 | K10: =IFERROR(__xludf.DUMMYFUNCTION("""COMPUTED_VALUE"""),"MysticalNovice") -> MysticalNovice | L10: =IFERROR(__xludf.DUMMYFUNCTION("""COMPUTED_VALUE"""),31.0) -> 31
B11: 8 | C11: =IFERROR(__xludf.DUMMYFUNCTION("""COMPUTED_VALUE"""),"Memorized") -> Memorized | D11: =IFERROR(__xludf.DUMMYFUNCTION("""COMPUTED_VALUE"""),-18.0) -> -18 | F11: 8 | G11: =IFERROR(__xludf.DUMMYFUNCTION("""COMPUTED_VALUE"""),"Fanciest Pants") -> Fanciest Pants | H11: =IFERROR(__xludf.DUMMYFUNCTION("""COMPUTED_VALUE"""),1079.0) -> 1079 | J11: 8 | K11: =IFERROR(__xludf.DUMMYFUNCTION("""COMPUTED_VALUE"""),"Jussshhhyyy") -> Jussshhhyyy | L11: =IFERROR(__xludf.DUMMYFUNCTION("""COMPUTED_VALUE"""),30.0) -> 30
B12: 9 | C12: =IFERROR(__xludf.DUMMYFUNCTION("""COMPUTED_VALUE"""),"ThePro#1771") -> ThePro#1771 | D12: =IFERROR(__xludf.DUMMYFUNCTION("""COMPUTED_VALUE"""),-31.0) -> -31 | F12: 9 | G12: =IFERROR(__xludf.DUMMYFUNCTION("""COMPUTED_VALUE"""),"Memorized") -> Memorized | H12: =IFERROR(__xludf.DUMMYFUNCTION("""COMPUTED_VALUE"""),1053.0) -> 1053 | J12: 9 | K12: =IFERROR(__xludf.DUMMYFUNCTION("""COMPUTED_VALUE"""),"AwareMosquito") -> AwareMosquito | L12: =IFERROR(__xludf.DUMMYFUNCTION("""COMPUTED_VALUE"""),28.0) -> 28
B13: 10 | C13: =IFERROR(__xludf.DUMMYFUNCTION("""COMPUTED_VALUE"""),"Holy Morals") -> Holy Morals | D13: =IFERROR(__xludf.DUMMYFUNCTION("""COMPUTED_VALUE"""),-37.0) -> -37 | F13: 10 | G13: =IFERROR(__xludf.DUMMYFUNCTION("""COMPUTED_VALUE"""),"TJP37") -> TJP37 | H13: =IFERROR(__xludf.DUMMYFUNCTION("""COMPUTED_VALUE"""),1031.0) -> 1031 | J13: 10 | K13: =IFERROR(__xludf.DUMMYFUNCTION("""COMPUTED_VALUE"""),"CaptainSev004") -> CaptainSev004 | L13: =IFERROR(__xludf.DUMMYFUNCTION("""COMPUTED_VALUE"""),22.0) -> 22
B15: KD Ratio | F15: Game Time IN Seconds | J15: Total Sprees
B16: Rank | C16: =IFERROR(__xludf.DUMMYFUNCTION("QUERY('Halo Infinite Stats'!A:J, ""SELECT A,J ORDER BY J DESC LIMIT 10"", 1)"),"Player") -> Player | D16: =IFERROR(__xludf.DUMMYFUNCTION("""COMPUTED_VALUE"""),"KD Ratio") -> KD Ratio | F16: Rank | G16: =IFERROR(__xludf.DUMMYFUNCTION("QUERY('Halo Infinite Stats'!A:L, ""SELECT A,L ORDER BY L DESC LIMIT 10"", 1)"),"Player") -> Player | H16: =IFERROR(__xludf.DUMMYFUNCTION("""COMPUTED_VALUE"""),"Game Time") -> Game Time | J16: Rank | K16: =IFERROR(__xludf.DUMMYFUNCTION("QUERY('Halo Infinite Stats'!A:N, ""SELECT A,N ORDER BY N DESC LIMIT 10"", 1)"),"Player") -> Player | L16: =IFERROR(__xludf.DUMMYFUNCTION("""COMPUTED_VALUE"""),"Killing Sprees") -> Killing Sprees
B17: 1 | C17: =IFERROR(__xludf.DUMMYFUNCTION("""COMPUTED_VALUE"""),"Jussshhhyyy") -> Jussshhhyyy | D17: =IFERROR(__xludf.DUMMYFUNCTION("""COMPUTED_VALUE"""),1.376010781671159) -> 1.3760108 | F17: 1 | G17: =IFERROR(__xludf.DUMMYFUNCTION("""COMPUTED_VALUE"""),"Jussshhhyyy") -> Jussshhhyyy | H17: =IFERROR(__xludf.DUMMYFUNCTION("""COMPUTED_VALUE"""),31887.0) -> 31887 | J17: 1 | K17: =IFERROR(__xludf.DUMMYFUNCTION("""COMPUTED_VALUE"""),"Jussshhhyyy") -> Jussshhhyyy | L17: =IFERROR(__xludf.DUMMYFUNCTION("""COMPUTED_VALUE"""),81.0) -> 81
B18: 2 | C18: =IFERROR(__xludf.DUMMYFUNCTION("""COMPUTED_VALUE"""),"MysticalNovice") -> MysticalNovice | D18: =IFERROR(__xludf.DUMMYFUNCTION("""COMPUTED_VALUE"""),1.2343324250681198) -> 1.2343324 | F18: 2 | G18: =IFERROR(__xludf.DUMMYFUNCTION("""COMPUTED_VALUE"""),"TommyWstSide") -> TommyWstSide | H18: =IFERROR(__xludf.DUMMYFUNCTION("""COMPUTED_VALUE"""),30348.0) -> 30348 | J18: 2 | K18: =IFERROR(__xludf.DUMMYFUNCTION("""COMPUTED_VALUE"""),"Mavbrid") -> Mavbrid | L18: =IFERROR(__xludf.DUMMYFUNCTION("""COMPUTED_VALUE"""),40.0) -> 40
B19: 3 | C19: =IFERROR(__xludf.DUMMYFUNCTION("""COMPUTED_VALUE"""),"Mavbrid") -> Mavbrid | D19: =IFERROR(__xludf.DUMMYFUNCTION("""COMPUTED_VALUE"""),1.2112537018756169) -> 1.2112537 | F19: 3 | G19: =IFERROR(__xludf.DUMMYFUNCTION("""COMPUTED_VALUE"""),"AwareMosquito") -> AwareMosquito | H19: =IFERROR(__xludf.DUMMYFUNCTION("""COMPUTED_VALUE"""),25336.0) -> 25336 | J19: 3 | K19: =IFERROR(__xludf.DUMMYFUNCTION("""COMPUTED_VALUE"""),"Ace B S1lentND1") -> Ace B S1lentND1 | L19: =IFERROR(__xludf.DUMMYFUNCTION("""COMPUTED_VALUE"""),37.0) -> 37
B20: 4 | C20: =IFERROR(__xludf.DUMMYFUNCTION("""COMPUTED_VALUE"""),"Ace B S1lentND1") -> Ace B S1lentND1 | D20: =IFERROR(__xludf.DUMMYFUNCTION("""COMPUTED_VALUE"""),1.167192429022082) -> 1.1671924 | F20: 4 | G20: =IFERROR(__xludf.DUMMYFUNCTION("""COMPUTED_VALUE"""),"Mavbrid") -> Mavbrid | H20: =IFERROR(__xludf.DUMMYFUNCTION("""COMPUTED_VALUE"""),24620.0) -> 24620 | J20: 4 | K20: =IFERROR(__xludf.DUMMYFUNCTION("""COMPUTED_VALUE"""),"Fanciest Pants") -> Fanciest Pants | L20: =IFERROR(__xludf.DUMMYFUNCTION("""COMPUTED_VALUE"""),33.0) -> 33
B21: 5 | C21: =IFERROR(__xludf.DUMMYFUNCTION("""COMPUTED_VALUE"""),"Fanciest Pants") -> Fanciest Pants | D21: =IFERROR(__xludf.DUMMYFUNCTION("""COMPUTED_VALUE"""),1.1298429319371728) -> 1.1298429 | F21: 5 | G21: =IFERROR(__xludf.DUMMYFUNCTION("""COMPUTED_VALUE"""),"Ken Khaneki") -> Ken Khaneki | H21: =IFERROR(__xludf.DUMMYFUNCTION("""COMPUTED_VALUE"""),23399.0) -> 23399 | J21: 5 | K21: =IFERROR(__xludf.DUMMYFUNCTION("""COMPUTED_VALUE"""),"TommyWstSide") -> TommyWstSide | L21: =IFERROR(__xludf.DUMMYFUNCTION("""COMPUTED_VALUE"""),31.0) -> 31
B22: 6 | C22: =IFERROR(__xludf.DUMMYFUNCTION("""COMPUTED_VALUE"""),"ASpence501") -> ASpence501 | D22: =IFERROR(__xludf.DUMMYFUNCTION("""COMPUTED_VALUE"""),1.0727788279773156) -> 1.0727788 | F22: 6 | G22: =IFERROR(__xludf.DUMMYFUNCTION("""COMPUTED_VALUE"""),"Priest XYZ") -> Priest XYZ | H22: =IFERROR(__xludf.DUMMYFUNCTION("""COMPUTED_VALUE"""),20615.0) -> 20615 | J22: 6 | K22: =IFERROR(__xludf.DUMMYFUNCTION("""COMPUTED_VALUE"""),"SPANKTR0N") -> SPANKTR0N | L22: =IFERROR(__xludf.DUMMYFUNCTION("""COMPUTED_VALUE"""),28.0) -> 28
B23: 7 | C23: =IFERROR(__xludf.DUMMYFUNCTION("""COMPUTED_VALUE"""),"yLuxe") -> yLuxe | D23: =IFERROR(__xludf.DUMMYFUNCTION("""COMPUTED_VALUE"""),1.0445387062566278) -> 1.0445387 | F23: 7 | G23: =IFERROR(__xludf.DUMMYFUNCTION("""COMPUTED_VALUE"""),"TJP37") -> TJP37 | H23: =IFERROR(__xludf.DUMMYFUNCTION("""COMPUTED_VALUE"""),20546.0) -> 20546 | J23: 7 | K23: =IFERROR(__xludf.DUMMYFUNCTION("""COMPUTED_VALUE"""),"Scullen cx") -> Scullen cx | L23: =IFERROR(__xludf.DUMMYFUNCTION("""COMPUTED_VALUE"""),27.0) -> 27
B24: 8 | C24: =IFERROR(__xludf.DUMMYFUNCTION("""COMPUTED_VALUE"""),"Memorized") -> Memorized | D24: =IFERROR(__xludf.DUMMYFUNCTION("""COMPUTED_VALUE"""),0.99) -> 0.99 | F24: 8 | G24: =IFERROR(__xludf.DUMMYFUNCTION("""COMPUTED_VALUE"""),"ASpence501") -> ASpence501 | H24: =IFERROR(__xludf.DUMMYFUNCTION("""COMPUTED_VALUE"""),20466.0) -> 20466 | J24: 8 | K24: =IFERROR(__xludf.DUMMYFUNCTION("""COMPUTED_VALUE"""),"MysticalNovice") -> MysticalNovice | L24: =IFERROR(__xludf.DUMMYFUNCTION("""COMPUTED_VALUE"""),24.0) -> 24
B25: 9 | C25: =IFERROR(__xludf.DUMMYFUNCTION("""COMPUTED_VALUE"""),"Holy Morals") -> Holy Morals | D25: =IFERROR(__xludf.DUMMYFUNCTION("""COMPUTED_VALUE"""),0.9528662420382166) -> 0.95286624 | F25: 9 | G25: =IFERROR(__xludf.DUMMYFUNCTION("""COMPUTED_VALUE"""),"SPANKTR0N") -> SPANKTR0N | H25: =IFERROR(__xludf.DUMMYFUNCTION("""COMPUTED_VALUE"""),19993.0) -> 19993 | J25: 9 | K25: =IFERROR(__xludf.DUMMYFUNCTION("""COMPUTED_VALUE"""),"ASpence501") -> ASpence501 | L25: =IFERROR(__xludf.DUMMYFUNCTION("""COMPUTED_VALUE"""),22.0) -> 22
B26: 10 | C26: =IFERROR(__xludf.DUMMYFUNCTION("""COMPUTED_VALUE"""),"Scullen cx") -> Scullen cx | D26: =IFERROR(__xludf.DUMMYFUNCTION("""COMPUTED_VALUE"""),0.9413489736070382) -> 0.94134897 | F26: 10 | G26: =IFERROR(__xludf.DUMMYFUNCTION("""COMPUTED_VALUE"""),"NOPLEX") -> NOPLEX | H26: =IFERROR(__xludf.DUMMYFUNCTION("""COMPUTED_VALUE"""),19600.0) -> 19600 | J26: 10 | K26: =IFERROR(__xludf.DUMMYFUNCTION("""COMPUTED_VALUE"""),"yLuxe") -> yLuxe | L26: =IFERROR(__xludf.DUMMYFUNCTION("""COMPUTED_VALUE"""),22.0) -> 22
B28: Total Games Played | F28: Average Life | J28: Total Ball Punches
B29: Rank | C29: =IFERROR(__xludf.DUMMYFUNCTION("QUERY('Halo Infinite Stats'!A:B, ""SELECT A,B ORDER BY B DESC LIMIT 10"", 1)"),"Player") -> Player | D29: =IFERROR(__xludf.DUMMYFUNCTION("""COMPUTED_VALUE"""),"Games Played") -> Games Played | F29: Rank | G29: =IFERROR(__xludf.DUMMYFUNCTION("QUERY('Halo Infinite Stats'!A:M, ""SELECT A,M ORDER BY M DESC LIMIT 10"", 1)"),"Player") -> Player | H29: =IFERROR(__xludf.DUMMYFUNCTION("""COMPUTED_VALUE"""),"Average Life") -> Average Life | J29: Rank | K29: =IFERROR(__xludf.DUMMYFUNCTION("QUERY('Halo Infinite Stats'!A:F, ""SELECT A,F ORDER BY F DESC LIMIT 10"", 1)"),"Player") -> Player | L29: =IFERROR(__xludf.DUMMYFUNCTION("""COMPUTED_VALUE"""),"Ball Punches") -> Ball Punches
B30: 1 | C30: =IFERROR(__xludf.DUMMYFUNCTION("""COMPUTED_VALUE"""),"TommyWstSide") -> TommyWstSide | D30: =IFERROR(__xludf.DUMMYFUNCTION("""COMPUTED_VALUE"""),37.0) -> 37 | F30: 1 | G30: =IFERROR(__xludf.DUMMYFUNCTION("""COMPUTED_VALUE"""),"Mavbrid") -> Mavbrid | H30: =IFERROR(__xludf.DUMMYFUNCTION("""COMPUTED_VALUE"""),20.304047384007898) -> 20.304047 | J30: 1 | K30: =IFERROR(__xludf.DUMMYFUNCTION("""COMPUTED_VALUE"""),"Mavbrid") -> Mavbrid | L30: =IFERROR(__xludf.DUMMYFUNCTION("""COMPUTED_VALUE"""),355.0) -> 355
B31: 2 | C31: =IFERROR(__xludf.DUMMYFUNCTION("""COMPUTED_VALUE"""),"Jussshhhyyy") -> Jussshhhyyy | D31: =IFERROR(__xludf.DUMMYFUNCTION("""COMPUTED_VALUE"""),36.0) -> 36 | F31: 2 | G31: =IFERROR(__xludf.DUMMYFUNCTION("""COMPUTED_VALUE"""),"Holy Morals") -> Holy Morals | H31: =IFERROR(__xludf.DUMMYFUNCTION("""COMPUTED_VALUE"""),17.87515923566879) -> 17.875159 | J31: 2 | K31: =IFERROR(__xludf.DUMMYFUNCTION("""COMPUTED_VALUE"""),"Holy Morals") -> Holy Morals | L31: =IFERROR(__xludf.DUMMYFUNCTION("""COMPUTED_VALUE"""),268.0) -> 268
B32: 3 | C32: =IFERROR(__xludf.DUMMYFUNCTION("""COMPUTED_VALUE"""),"Mavbrid") -> Mavbrid | D32: =IFERROR(__xludf.DUMMYFUNCTION("""COMPUTED_VALUE"""),30.0) -> 30 | F32: 3 | G32: =IFERROR(__xludf.DUMMYFUNCTION("""COMPUTED_VALUE"""),"Jussshhhyyy") -> Jussshhhyyy | H32: =IFERROR(__xludf.DUMMYFUNCTION("""COMPUTED_VALUE"""),17.487196765498652) -> 17.487197 | J32: 3 | K32: =IFERROR(__xludf.DUMMYFUNCTION("""COMPUTED_VALUE"""),"Scullen cx") -> Scullen cx | L32: =IFERROR(__xludf.DUMMYFUNCTION("""COMPUTED_VALUE"""),249.0) -> 249
B33: 4 | C33: =IFERROR(__xludf.DUMMYFUNCTION("""COMPUTED_VALUE"""),"AwareMosquito") -> AwareMosquito | D33: =IFERROR(__xludf.DUMMYFUNCTION("""COMPUTED_VALUE"""),28.0) -> 28 | F33: 4 | G33: =IFERROR(__xludf.DUMMYFUNCTION("""COMPUTED_VALUE"""),"ill Shrek u") -> ill Shrek u | H33: =IFERROR(__xludf.DUMMYFUNCTION("""COMPUTED_VALUE"""),16.701686121919586) -> 16.701686 | J33: 4 | K33: =IFERROR(__xludf.DUMMYFUNCTION("""COMPUTED_VALUE"""),"ASpence501") -> ASpence501 | L33: =IFERROR(__xludf.DUMMYFUNCTION("""COMPUTED_VALUE"""),222.0) -> 222
B34: 5 | C34: =IFERROR(__xludf.DUMMYFUNCTION("""COMPUTED_VALUE"""),"Ken Khaneki") -> Ken Khaneki | D34: =IFERROR(__xludf.DUMMYFUNCTION("""COMPUTED_VALUE"""),26.0) -> 26 | F34: 5 | G34: =IFERROR(__xludf.DUMMYFUNCTION("""COMPUTED_VALUE"""),"CaptainSev004") -> CaptainSev004 | H34: =IFERROR(__xludf.DUMMYFUNCTION("""COMPUTED_VALUE"""),15.463583815028901) -> 15.463584 | J34: 5 | K34: =IFERROR(__xludf.DUMMYFUNCTION("""COMPUTED_VALUE"""),"Jussshhhyyy") -> Jussshhhyyy | L34: =IFERROR(__xludf.DUMMYFUNCTION("""COMPUTED_VALUE"""),177.0) -> 177
B35: 6 | C35: =IFERROR(__xludf.DUMMYFUNCTION("""COMPUTED_VALUE"""),"Priest XYZ") -> Priest XYZ | D35: =IFERROR(__xludf.DUMMYFUNCTION("""COMPUTED_VALUE"""),24.0) -> 24 | F35: 6 | G35: =IFERROR(__xludf.DUMMYFUNCTION("""COMPUTED_VALUE"""),"ASpence501") -> ASpence501 | H35: =IFERROR(__xludf.DUMMYFUNCTION("""COMPUTED_VALUE"""),15.344045368620037) -> 15.344045 | J35: 6 | K35: =IFERROR(__xludf.DUMMYFUNCTION("""COMPUTED_VALUE"""),"AwareMosquito") -> AwareMosquito | L35: =IFERROR(__xludf.DUMMYFUNCTION("""COMPUTED_VALUE"""),154.0) -> 154
B36: 7 | C36: =IFERROR(__xludf.DUMMYFUNCTION("""COMPUTED_VALUE"""),"ASpence501") -> ASpence501 | D36: =IFERROR(__xludf.DUMMYFUNCTION("""COMPUTED_VALUE"""),23.0) -> 23 | F36: 7 | G36: =IFERROR(__xludf.DUMMYFUNCTION("""COMPUTED_VALUE"""),"MuNgO PuNgO") -> MuNgO PuNgO | H36: =IFERROR(__xludf.DUMMYFUNCTION("""COMPUTED_VALUE"""),15.265588914549653) -> 15.265589 | J36: 7 | K36: =IFERROR(__xludf.DUMMYFUNCTION("""COMPUTED_VALUE"""),"MuNgO PuNgO") -> MuNgO PuNgO | L36: =IFERROR(__xludf.DUMMYFUNCTION("""COMPUTED_VALUE"""),135.0) -> 135
B37: 8 | C37: =IFERROR(__xludf.DUMMYFUNCTION("""COMPUTED_VALUE"""),"Doerstopper") -> Doerstopper | D37: =IFERROR(__xludf.DUMMYFUNCTION("""COMPUTED_VALUE"""),23.0) -> 23 | F37: 8 | G37: =IFERROR(__xludf.DUMMYFUNCTION("""COMPUTED_VALUE"""),"yLuxe") -> yLuxe | H37: =IFERROR(__xludf.DUMMYFUNCTION("""COMPUTED_VALUE"""),15.047720042417815) -> 15.04772 | J37: 8 | K37: =IFERROR(__xludf.DUMMYFUNCTION("""COMPUTED_VALUE"""),"Mr epic beast") -> Mr epic beast | L37: =IFERROR(__xludf.DUMMYFUNCTION("""COMPUTED_VALUE"""),95.0) -> 95
B38: 9 | C38: =IFERROR(__xludf.DUMMYFUNCTION("""COMPUTED_VALUE"""),"Its Rainin MenZ") -> Its Rainin MenZ | D38: =IFERROR(__xludf.DUMMYFUNCTION("""COMPUTED_VALUE"""),23.0) -> 23 | F38: 9 | G38: =IFERROR(__xludf.DUMMYFUNCTION("""COMPUTED_VALUE"""),"Deathcrawller") -> Deathcrawller | H38: =IFERROR(__xludf.DUMMYFUNCTION("""COMPUTED_VALUE"""),14.970883534136545) -> 14.970884 | J38: 9 | K38: =IFERROR(__xludf.DUMMYFUNCTION("""COMPUTED_VALUE"""),"yLuxe") -> yLuxe | L38: =IFERROR(__xludf.DUMMYFUNCTION("""COMPUTED_VALUE"""),88.0) -> 88
B39: 10 | C39: =IFERROR(__xludf.DUMMYFUNCTION("""COMPUTED_VALUE"""),"Deathcrawller") -> Deathcrawller | D39: =IFERROR(__xludf.DUMMYFUNCTION("""COMPUTED_VALUE"""),22.0) -> 22 | F39: 10 | G39: =IFERROR(__xludf.DUMMYFUNCTION("""COMPUTED_VALUE"""),"Itzreelz") -> Itzreelz | H39: =IFERROR(__xludf.DUMMYFUNCTION("""COMPUTED_VALUE"""),14.873170731707317) -> 14.873171 | J39: 10 | K39: =IFERROR(__xludf.DUMMYFUNCTION("""COMPUTED_VALUE"""),"Itzreelz") -> Itzreelz | L39: =IFERROR(__xludf.DUMMYFUNCTION("""COMPUTED_VALUE"""),86.0) -> 86

Sheet Leaderboards
B2: Player | C2: K/D whores | D2: Top Five | E2: Player | F2: W Key Warrior | G2: Top Five | H2: Player | I2: Spree Kings | J2: Top Five | K2: Player | L2: Mav's Stat | M2: Top Five | N2: Player | O2: Running Wild | P2: Top Five | Q2: Player | R2: 6-S HEXAS | S2: Top Five | T2: Regular Season | Z2: Top Five | AA2: Runner Grade | AF2: Top Five | AG2: Regular Season + Playoffs | AO2: Compass
B3: =IFERROR(__xludf.DUMMYFUNCTION("Query('Season+Playoffs Stats'!A2:AP44,""Select A,AP where A<>'' Order by AP Desc"")"),"Jussshhhyyy") -> Jussshhhyyy | C3: =IFERROR(__xludf.DUMMYFUNCTION("""COMPUTED_VALUE"""),1.1250284673195172) -> 1.1250285 | E3: =IFERROR(__xludf.DUMMYFUNCTION("Query('Season+Playoffs Stats'!A2:AN44,""Select A,AI where A<>'' Order by AI Desc"")"),"Ace B S1lentND1") -> Ace B S1lentND1 | F3: =IFERROR(__xludf.DUMMYFUNCTION("""COMPUTED_VALUE"""),7.80116691454067) -> 7.8011669 | H3: =IFERROR(__xludf.DUMMYFUNCTION("Query('Season+Playoffs Stats'!A2:AN44,""Select A,AK where A<>'' Order by AK Desc"")"),"Jussshhhyyy") -> Jussshhhyyy | I3: =IFERROR(__xludf.DUMMYFUNCTION("""COMPUTED_VALUE"""),0.15182570409170273) -> 0.1518257 | K3: =IFERROR(__xludf.DUMMYFUNCTION("Query('Season+Playoffs Stats'!A2:AN44,""Select A,AJ where A<>'' Order by AJ Desc"")"),"Holy Morals") -> Holy Morals | L3: =IFERROR(__xludf.DUMMYFUNCTION("""COMPUTED_VALUE"""),0.24354382657869936) -> 0.24354383 | N3: =IFERROR(__xludf.DUMMYFUNCTION("Query('PlayerGrades+'!A2:W44,""Select A,H where A<>'' Order by H Desc"")"),"Ace B S1lentND1") -> Ace B S1lentND1 | O3: =IFERROR(__xludf.DUMMYFUNCTION("""COMPUTED_VALUE"""),1.5840211706886775) -> 1.5840212 | Q3: =IFERROR(__xludf.DUMMYFUNCTION("Query('Season+Playoffs Stats'!A2:AN44,""Select A,AL where A<>'' Order by AL Desc"")"),"Itzreelz") -> Itzreelz | R3: =IFERROR(__xludf.DUMMYFUNCTION("""COMPUTED_VALUE"""),4.145050400620315) -> 4.1450504 | T3: Pck | U3: Rnd | V3: =IFERROR(__xludf.DUMMYFUNCTION("Query('PlayerGrades+'!L:W,""Select L,V,W where L<>'' Order by W Desc Label W 'Grade', V 'Letter'"")"),"Players") -> Players | W3: =IFERROR(__xludf.DUMMYFUNCTION("""COMPUTED_VALUE"""),"Letter") -> Letter | X3: =IFERROR(__xludf.DUMMYFUNCTION("""COMPUTED_VALUE"""),"Grade") -> Grade | Y3: Games Played | AA3: Pck | AB3: Rnd | AC3: =IFERROR(__xludf.DUMMYFUNCTION("Query('Runner Stats'!A2:N44,""Select A,M,N where A<>'' Order by N Desc Label N 'Grade', M 'Letter', A 'Players'"")"),"Players") -> Players | AD3: =IFERROR(__xludf.DUMMYFUNCTION("""COMPUTED_VALUE"""),"Letter") -> Letter | AE3: =IFERROR(__xludf.DUMMYFUNCTION("""COMPUTED_VALUE"""),"Grade") -> Grade | AG3: Pck | AH3: Rnd | AI3: =IFERROR(__xludf.DUMMYFUNCTION("Query('Full Season PlayerGrades+'!L:W,""Select L,V,W where L<>'' Order by W Desc Label W 'Grade', V 'Letter'"")"),"Players") -> Players | AJ3: =IFERROR(__xludf.DUMMYFUNCTION("""COMPUTED_VALUE"""),"Letter") -> Letter | AK3: =IFERROR(__xludf.DUMMYFUNCTION("""COMPUTED_VALUE"""),"Grade") -> Grade | AL3: Games Played | AO3: K/D Whores | AP3: (Kills+Assists-Deaths) per minute
B4: =IFERROR(__xludf.DUMMYFUNCTION("""COMPUTED_VALUE"""),"MysticalNovice") -> MysticalNovice | C4: =IFERROR(__xludf.DUMMYFUNCTION("""COMPUTED_VALUE"""),0.7550422340975693) -> 0.75504223 | E4: =IFERROR(__xludf.DUMMYFUNCTION("""COMPUTED_VALUE"""),"Fanciest Pants") -> Fanciest Pants | F4: =IFERROR(__xludf.DUMMYFUNCTION("""COMPUTED_VALUE"""),7.735591368478557) -> 7.7355914 | H4: =IFERROR(__xludf.DUMMYFUNCTION("""COMPUTED_VALUE"""),"Ace B S1lentND1") -> Ace B S1lentND1 | I4: =IFERROR(__xludf.DUMMYFUNCTION("""COMPUTED_VALUE"""),0.13385196201807573) -> 0.13385196 | K4: =IFERROR(__xludf.DUMMYFUNCTION("""COMPUTED_VALUE"""),"Mavbrid") -> Mavbrid | L4: =IFERROR(__xludf.DUMMYFUNCTION("""COMPUTED_VALUE"""),0.20819625638116845) -> 0.20819626 | N4: =IFERROR(__xludf.DUMMYFUNCTION("""COMPUTED_VALUE"""),"Fanciest Pants") -> Fanciest Pants | O4: =IFERROR(__xludf.DUMMYFUNCTION("""COMPUTED_VALUE"""),1.5666513971598717) -> 1.5666514 | Q4: =IFERROR(__xludf.DUMMYFUNCTION("""COMPUTED_VALUE"""),"Jussshhhyyy") -> Jussshhhyyy | R4: =IFERROR(__xludf.DUMMYFUNCTION("""COMPUTED_VALUE"""),2.7817224626129207) -> 2.7817225 | T4: =IFERROR(VLOOKUP($V4,'Halo Infinite Stats'!$A:AR,44,0),) -> 11th | U4: =IFERROR(VLOOKUP($V4,'Halo Infinite Stats'!$A:AQ,43,0),) -> C | V4: =IFERROR(__xludf.DUMMYFUNCTION("""COMPUTED_VALUE"""),"MysticalNovice") -> MysticalNovice | W4: =IFERROR(__xludf.DUMMYFUNCTION("""COMPUTED_VALUE"""),"S+") -> S+ | X4: =IFERROR(__xludf.DUMMYFUNCTION("""COMPUTED_VALUE"""),27.3625) -> 27.3625 | Y4: =IFERROR(VLOOKUP($V4,'Halo Infinite Stats'!$A:$AM,2,0),) -> 17 | AA4: =IFERROR(VLOOKUP($AC4,'Halo Infinite Stats'!$A:AR,44,0),) -> 4th | AB4: =IFERROR(VLOOKUP($AC4,'Halo Infinite Stats'!$A:AX,43,0),) -> C | AC4: =IFERROR(__xludf.DUMMYFUNCTION("""COMPUTED_VALUE"""),"Holy Morals") -> Holy Morals | AD4: =IFERROR(__xludf.DUMMYFUNCTION("""COMPUTED_VALUE"""),"S+") -> S+ | AE4: =IFERROR(__xludf.DUMMYFUNCTION("""COMPUTED_VALUE"""),14.3) -> 14.3 | AG4: =IFERROR(VLOOKUP($AI4,'Halo Infinite Stats'!$A:AR,44,0),) -> P3 | AH4: =IFERROR(VLOOKUP($AI4,'Halo Infinite Stats'!$A:AQ,43,0),) -> R1 | AI4: =IFERROR(__xludf.DUMMYFUNCTION("""COMPUTED_VALUE"""),"Ace B S1lentND1") -> Ace B S1lentND1 | AJ4: =IFERROR(__xludf.DUMMYFUNCTION("""COMPUTED_VALUE"""),"S+") -> S+ | AK4: =IFERROR(__xludf.DUMMYFUNCTION("""COMPUTED_VALUE"""),27.675) -> 27.675 | AL4: =IFERROR(VLOOKUP($AI4,'Season+Playoffs Stats'!$A:$AM,2,0),) -> 22 | AO4: Spree Kings | AP4: Sprees per minute
B5: =IFERROR(__xludf.DUMMYFUNCTION("""COMPUTED_VALUE"""),"Ace B S1lentND1") -> Ace B S1lentND1 | C5: =IFERROR(__xludf.DUMMYFUNCTION("""COMPUTED_VALUE"""),0.6143461846470656) -> 0.61434618 | E5: =IFERROR(__xludf.DUMMYFUNCTION("""COMPUTED_VALUE"""),"SPANKTR0N") -> SPANKTR0N | F5: =IFERROR(__xludf.DUMMYFUNCTION("""COMPUTED_VALUE"""),7.449584816132859) -> 7.4495848 | H5: =IFERROR(__xludf.DUMMYFUNCTION("""COMPUTED_VALUE"""),"MysticalNovice") -> MysticalNovice | I5: =IFERROR(__xludf.DUMMYFUNCTION("""COMPUTED_VALUE"""),0.12411653163247716) -> 0.12411653 | K5: =IFERROR(__xludf.DUMMYFUNCTION("""COMPUTED_VALUE"""),"MysticalNovice") -> MysticalNovice | L5: =IFERROR(__xludf.DUMMYFUNCTION("""COMPUTED_VALUE"""),0.19637993449405275) -> 0.19637993 | N5: =IFERROR(__xludf.DUMMYFUNCTION("""COMPUTED_VALUE"""),"MysticalNovice") -> MysticalNovice | O5: =IFERROR(__xludf.DUMMYFUNCTION("""COMPUTED_VALUE"""),1.298588490770901) -> 1.2985885 | Q5: =IFERROR(__xludf.DUMMYFUNCTION("""COMPUTED_VALUE"""),"MysticalNovice") -> MysticalNovice | R5: =IFERROR(__xludf.DUMMYFUNCTION("""COMPUTED_VALUE"""),2.6754697465954145) -> 2.6754697 | T5: =IFERROR(VLOOKUP($V5,'Halo Infinite Stats'!$A:AR,44,0),) -> P3 | U5: =IFERROR(VLOOKUP($V5,'Halo Infinite Stats'!$A:AQ,43,0),) -> R1 | V5: =IFERROR(__xludf.DUMMYFUNCTION("""COMPUTED_VALUE"""),"Ace B S1lentND1") -> Ace B S1lentND1 | W5: =IFERROR(__xludf.DUMMYFUNCTION("""COMPUTED_VALUE"""),"S") -> S | X5: =IFERROR(__xludf.DUMMYFUNCTION("""COMPUTED_VALUE"""),27.3375) -> 27.3375 | Y5: =IFERROR(VLOOKUP($V5,'Halo Infinite Stats'!$A:$AM,2,0),) -> 20 | AA5: =IFERROR(VLOOKUP($AC5,'Halo Infinite Stats'!$A:AR,44,0),) -> P11 | AB5: =IFERROR(VLOOKUP($AC5,'Halo Infinite Stats'!$A:AX,43,0),) -> R1 | AC5: =IFERROR(__xludf.DUMMYFUNCTION("""COMPUTED_VALUE"""),"Mavbrid") -> Mavbrid | AD5: =IFERROR(__xludf.DUMMYFUNCTION("""COMPUTED_VALUE"""),"S") -> S | AE5: =IFERROR(__xludf.DUMMYFUNCTION("""COMPUTED_VALUE"""),14.075000000000001) -> 14.075 | AG5: =IFERROR(VLOOKUP($AI5,'Halo Infinite Stats'!$A:AR,44,0),) -> 11th | AH5: =IFERROR(VLOOKUP($AI5,'Halo Infinite Stats'!$A:AQ,43,0),) -> C | AI5: =IFERROR(__xludf.DUMMYFUNCTION("""COMPUTED_VALUE"""),"MysticalNovice") -> MysticalNovice | AJ5: =IFERROR(__xludf.DUMMYFUNCTION("""COMPUTED_VALUE"""),"S") -> S | AK5: =IFERROR(__xludf.DUMMYFUNCTION("""COMPUTED_VALUE"""),27.2375) -> 27.2375 | AL5: =IFERROR(VLOOKUP($AI5,'Season+Playoffs Stats'!$A:$AM,2,0),) -> 21 | AO5: W Key Warrior | AP5: (Kills+Assists+Deaths) per minute
B6: =IFERROR(__xludf.DUMMYFUNCTION("""COMPUTED_VALUE"""),"Mavbrid") -> Mavbrid | C6: =IFERROR(__xludf.DUMMYFUNCTION("""COMPUTED_VALUE"""),0.4892229154849688) -> 0.48922292 | E6: =IFERROR(__xludf.DUMMYFUNCTION("""COMPUTED_VALUE"""),"Memorized") -> Memorized | F6: =IFERROR(__xludf.DUMMYFUNCTION("""COMPUTED_VALUE"""),7.423814011938423) -> 7.423814 | H6: =IFERROR(__xludf.DUMMYFUNCTION("""COMPUTED_VALUE"""),"Fanciest Pants") -> Fanciest Pants | I6: =IFERROR(__xludf.DUMMYFUNCTION("""COMPUTED_VALUE"""),0.10925976509150505) -> 0.10925977 | K6: =IFERROR(__xludf.DUMMYFUNCTION("""COMPUTED_VALUE"""),"Scullen cx") -> Scullen cx | L6: =IFERROR(__xludf.DUMMYFUNCTION("""COMPUTED_VALUE"""),0.18874081580947555) -> 0.18874082 | N6: =IFERROR(__xludf.DUMMYFUNCTION("""COMPUTED_VALUE"""),"Jussshhhyyy") -> Jussshhhyyy | O6: =IFERROR(__xludf.DUMMYFUNCTION("""COMPUTED_VALUE"""),1.213660739486311) -> 1.2136607 | Q6: =IFERROR(__xludf.DUMMYFUNCTION("""COMPUTED_VALUE"""),"Fanciest Pants") -> Fanciest Pants | R6: =IFERROR(__xludf.DUMMYFUNCTION("""COMPUTED_VALUE"""),2.1351943913320586) -> 2.1351944 | T6: =IFERROR(VLOOKUP($V6,'Halo Infinite Stats'!$A:AR,44,0),) -> P8 | U6: =IFERROR(VLOOKUP($V6,'Halo Infinite Stats'!$A:AQ,43,0),) -> R1 | V6: =IFERROR(__xludf.DUMMYFUNCTION("""COMPUTED_VALUE"""),"Jussshhhyyy") -> Jussshhhyyy | W6: =IFERROR(__xludf.DUMMYFUNCTION("""COMPUTED_VALUE"""),"S") -> S | X6: =IFERROR(__xludf.DUMMYFUNCTION("""COMPUTED_VALUE"""),27.275) -> 27.275 | Y6: =IFERROR(VLOOKUP($V6,'Halo Infinite Stats'!$A:$AM,2,0),) -> 36 | AA6: =IFERROR(VLOOKUP($AC6,'Halo Infinite Stats'!$A:AR,44,0),) -> 10th | AB6: =IFERROR(VLOOKUP($AC6,'Halo Infinite Stats'!$A:AX,43,0),) -> C | AC6: =IFERROR(__xludf.DUMMYFUNCTION("""COMPUTED_VALUE"""),"ASpence501") -> ASpence501 | AD6: =IFERROR(__xludf.DUMMYFUNCTION("""COMPUTED_VALUE"""),"S") -> S | AE6: =IFERROR(__xludf.DUMMYFUNCTION("""COMPUTED_VALUE"""),13.7) -> 13.7 | AG6: =IFERROR(VLOOKUP($AI6,'Halo Infinite Stats'!$A:AR,44,0),) -> P8 | AH6: =IFERROR(VLOOKUP($AI6,'Halo Infinite Stats'!$A:AQ,43,0),) -> R1 | AI6: =IFERROR(__xludf.DUMMYFUNCTION("""COMPUTED_VALUE"""),"Jussshhhyyy") -> Jussshhhyyy | AJ6: =IFERROR(__xludf.DUMMYFUNCTION("""COMPUTED_VALUE"""),"S") -> S | AK6: =IFERROR(__xludf.DUMMYFUNCTION("""COMPUTED_VALUE"""),26.9625) -> 26.9625 | AL6: =IFERROR(VLOOKUP($AI6,'Season+Playoffs Stats'!$A:$AM,2,0),) -> 42 | AO6: Mav's Stat | AP6: (Goals+Total Bulltrues+Sprees) per minute
B7: =IFERROR(__xludf.DUMMYFUNCTION("""COMPUTED_VALUE"""),"Fanciest Pants") -> Fanciest Pants | C7: =IFERROR(__xludf.DUMMYFUNCTION("""COMPUTED_VALUE"""),0.46435400163889645) -> 0.464354 | E7: =IFERROR(__xludf.DUMMYFUNCTION("""COMPUTED_VALUE"""),"Grunt Padre") -> Grunt Padre | F7: =IFERROR(__xludf.DUMMYFUNCTION("""COMPUTED_VALUE"""),7.268251944969452) -> 7.2682519 | H7: =IFERROR(__xludf.DUMMYFUNCTION("""COMPUTED_VALUE"""),"Mavbrid") -> Mavbrid | I7: =IFERROR(__xludf.DUMMYFUNCTION("""COMPUTED_VALUE"""),0.0957175269427113) -> 0.095717527 | K7: =IFERROR(__xludf.DUMMYFUNCTION("""COMPUTED_VALUE"""),"ASpence501") -> ASpence501 | L7: =IFERROR(__xludf.DUMMYFUNCTION("""COMPUTED_VALUE"""),0.1787718928043891) -> 0.17877189 | N7: =IFERROR(__xludf.DUMMYFUNCTION("""COMPUTED_VALUE"""),"SPANKTR0N") -> SPANKTR0N | O7: =IFERROR(__xludf.DUMMYFUNCTION("""COMPUTED_VALUE"""),1.0593707797729206) -> 1.0593708 | Q7: =IFERROR(__xludf.DUMMYFUNCTION("""COMPUTED_VALUE"""),"Mavbrid") -> Mavbrid | R7: =IFERROR(__xludf.DUMMYFUNCTION("""COMPUTED_VALUE"""),1.838963131026659) -> 1.8389631 | T7: =IFERROR(VLOOKUP($V7,'Halo Infinite Stats'!$A:AR,44,0),) -> P2 | U7: =IFERROR(VLOOKUP($V7,'Halo Infinite Stats'!$A:AQ,43,0),) -> R1 | V7: =IFERROR(__xludf.DUMMYFUNCTION("""COMPUTED_VALUE"""),"yLuxe") -> yLuxe | W7: =IFERROR(__xludf.DUMMYFUNCTION("""COMPUTED_VALUE"""),"S-") -> S- | X7: =IFERROR(__xludf.DUMMYFUNCTION("""COMPUTED_VALUE"""),25.375) -> 25.375 | Y7: =IFERROR(VLOOKUP($V7,'Halo Infinite Stats'!$A:$AM,2,0),) -> 20 | AA7: =IFERROR(VLOOKUP($AC7,'Halo Infinite Stats'!$A:AR,44,0),) -> 8th | AB7: =IFERROR(VLOOKUP($AC7,'Halo Infinite Stats'!$A:AX,43,0),) -> C | AC7: =IFERROR(__xludf.DUMMYFUNCTION("""COMPUTED_VALUE"""),"Scullen cx") -> Scullen cx | AD7: =IFERROR(__xludf.DUMMYFUNCTION("""COMPUTED_VALUE"""),"S-") -> S- | AE7: =IFERROR(__xludf.DUMMYFUNCTION("""COMPUTED_VALUE"""),13.649999999999999) -> 13.65 | AG7: =IFERROR(VLOOKUP($AI7,'Halo Infinite Stats'!$A:AR,44,0),) -> 10th | AH7: =IFERROR(VLOOKUP($AI7,'Halo Infinite Stats'!$A:AQ,43,0),) -> C | AI7: =IFERROR(__xludf.DUMMYFUNCTION("""COMPUTED_VALUE"""),"ASpence501") -> ASpence501 | AJ7: =IFERROR(__xludf.DUMMYFUNCTION("""COMPUTED_VALUE"""),"S-") -> S- | AK7: =IFERROR(__xludf.DUMMYFUNCTION("""COMPUTED_VALUE"""),25.225) -> 25.225 | AL7: =IFERROR(VLOOKUP($AI7,'Season+Playoffs Stats'!$A:$AM,2,0),) -> 25 | AO7: Running Wild | AP7: (Multikills) per minute
B8: =IFERROR(__xludf.DUMMYFUNCTION("""COMPUTED_VALUE"""),"yLuxe") -> yLuxe | C8: =IFERROR(__xludf.DUMMYFUNCTION("""COMPUTED_VALUE"""),0.34127778890446625) -> 0.34127779 | D8: Top 15 | E8: =IFERROR(__xludf.DUMMYFUNCTION("""COMPUTED_VALUE"""),"MysticalNovice") -> MysticalNovice | F8: =IFERROR(__xludf.DUMMYFUNCTION("""COMPUTED_VALUE"""),7.250474056197207) -> 7.2504741 | G8: Top 15 | H8: =IFERROR(__xludf.DUMMYFUNCTION("""COMPUTED_VALUE"""),"Scullen cx") -> Scullen cx | I8: =IFERROR(__xludf.DUMMYFUNCTION("""COMPUTED_VALUE"""),0.0881682290347099) -> 0.088168229 | J8: Top 15 | K8: =IFERROR(__xludf.DUMMYFUNCTION("""COMPUTED_VALUE"""),"yLuxe") -> yLuxe | L8: =IFERROR(__xludf.DUMMYFUNCTION("""COMPUTED_VALUE"""),0.16813939515321452) -> 0.1681394 | M8: Top 15 | N8: =IFERROR(__xludf.DUMMYFUNCTION("""COMPUTED_VALUE"""),"oh zilly") -> oh zilly | O8: =IFERROR(__xludf.DUMMYFUNCTION("""COMPUTED_VALUE"""),0.9648648648648649) -> 0.96486486 | P8: Top 15 | Q8: =IFERROR(__xludf.DUMMYFUNCTION("""COMPUTED_VALUE"""),"yLuxe") -> yLuxe | R8: =IFERROR(__xludf.DUMMYFUNCTION("""COMPUTED_VALUE"""),1.8042035320036285) -> 1.8042035 | S8: Top 15 | T8: =IFERROR(VLOOKUP($V8,'Halo Infinite Stats'!$A:AR,44,0),) -> 10th | U8: =IFERROR(VLOOKUP($V8,'Halo Infinite Stats'!$A:AQ,43,0),) -> C | V8: =IFERROR(__xludf.DUMMYFUNCTION("""COMPUTED_VALUE"""),"ASpence501") -> ASpence501 | W8: =IFERROR(__xludf.DUMMYFUNCTION("""COMPUTED_VALUE"""),"S-") -> S- | X8: =IFERROR(__xludf.DUMMYFUNCTION("""COMPUTED_VALUE"""),25.250000000000004) -> 25.25 | Y8: =IFERROR(VLOOKUP($V8,'Halo Infinite Stats'!$A:$AM,2,0),) -> 23 | Z8: Top 15 | AA8: =IFERROR(VLOOKUP($AC8,'Halo Infinite Stats'!$A:AR,44,0),) -> 11th | AB8: =IFERROR(VLOOKUP($AC8,'Halo Infinite Stats'!$A:AX,43,0),) -> C | AC8: =IFERROR(__xludf.DUMMYFUNCTION("""COMPUTED_VALUE"""),"MysticalNovice") -> MysticalNovice | AD8: =IFERROR(__xludf.DUMMYFUNCTION("""COMPUTED_VALUE"""),"S-") -> S- | AE8: =IFERROR(__xludf.DUMMYFUNCTION("""COMPUTED_VALUE"""),13.125) -> 13.125 | AF8: Top 15 | AG8: =IFERROR(VLOOKUP($AI8,'Halo Infinite Stats'!$A:AR,44,0),) -> P2 | AH8: =IFERROR(VLOOKUP($AI8,'Halo Infinite Stats'!$A:AQ,43,0),) -> R1 | AI8: =IFERROR(__xludf.DUMMYFUNCTION("""COMPUTED_VALUE"""),"yLuxe") -> yLuxe | AJ8: =IFERROR(__xludf.DUMMYFUNCTION("""COMPUTED_VALUE"""),"S-") -> S- | AK8: =IFERROR(__xludf.DUMMYFUNCTION("""COMPUTED_VALUE"""),25.1625) -> 25.1625 | AL8: =IFERROR(VLOOKUP($AI8,'Season+Playoffs Stats'!$A:$AM,2,0),) -> 27 | AO8: 6-S HEXAS | AP8: (Goals/GamesPlayed/5)+(Kills+Assists-Deaths+MultiKills+Grand Slams+Exterms) per minute
B9: =IFERROR(__xludf.DUMMYFUNCTION("""COMPUTED_VALUE"""),"ASpence501") -> ASpence501 | C9: =IFERROR(__xludf.DUMMYFUNCTION("""COMPUTED_VALUE"""),0.18991348385735388) -> 0.18991348 | E9: =IFERROR(__xludf.DUMMYFUNCTION("""COMPUTED_VALUE"""),"DCleak") -> DCleak | F9: =IFERROR(__xludf.DUMMYFUNCTION("""COMPUTED_VALUE"""),7.087041786091416) -> 7.0870418 | H9: =IFERROR(__xludf.DUMMYFUNCTION("""COMPUTED_VALUE"""),"SPANKTR0N") -> SPANKTR0N | I9: =IFERROR(__xludf.DUMMYFUNCTION("""COMPUTED_VALUE"""),0.0830367734282325) -> 0.083036773 | K9: =IFERROR(__xludf.DUMMYFUNCTION("""COMPUTED_VALUE"""),"Jussshhhyyy") -> Jussshhhyyy | L9: =IFERROR(__xludf.DUMMYFUNCTION("""COMPUTED_VALUE"""),0.16457906323540575) -> 0.16457906 | N9: =IFERROR(__xludf.DUMMYFUNCTION("""COMPUTED_VALUE"""),"yLuxe") -> yLuxe | O9: =IFERROR(__xludf.DUMMYFUNCTION("""COMPUTED_VALUE"""),0.8985636343391604) -> 0.89856363 | Q9: =IFERROR(__xludf.DUMMYFUNCTION("""COMPUTED_VALUE"""),"ASpence501") -> ASpence501 | R9: =IFERROR(__xludf.DUMMYFUNCTION("""COMPUTED_VALUE"""),1.6676836761292404) -> 1.6676837 | T9: =IFERROR(VLOOKUP($V9,'Halo Infinite Stats'!$A:AR,44,0),) -> 8th | U9: =IFERROR(VLOOKUP($V9,'Halo Infinite Stats'!$A:AQ,43,0),) -> C | V9: =IFERROR(__xludf.DUMMYFUNCTION("""COMPUTED_VALUE"""),"Scullen cx") -> Scullen cx | W9: =IFERROR(__xludf.DUMMYFUNCTION("""COMPUTED_VALUE"""),"A+") -> A+ | X9: =IFERROR(__xludf.DUMMYFUNCTION("""COMPUTED_VALUE"""),25.0875) -> 25.0875 | Y9: =IFERROR(VLOOKUP($V9,'Halo Infinite Stats'!$A:$AM,2,0),) -> 21 | AA9: =IFERROR(VLOOKUP($AC9,'Halo Infinite Stats'!$A:AR,44,0),) -> 7th | AB9: =IFERROR(VLOOKUP($AC9,'Halo Infinite Stats'!$A:AX,43,0),) -> C | AC9: =IFERROR(__xludf.DUMMYFUNCTION("""COMPUTED_VALUE"""),"MuNgO PuNgO") -> MuNgO PuNgO | AD9: =IFERROR(__xludf.DUMMYFUNCTION("""COMPUTED_VALUE"""),"A+") -> A+ | AE9: =IFERROR(__xludf.DUMMYFUNCTION("""COMPUTED_VALUE"""),12.625000000000002) -> 12.625 | AG9: =IFERROR(VLOOKUP($AI9,'Halo Infinite Stats'!$A:AR,44,0),) -> 8th | AH9: =IFERROR(VLOOKUP($AI9,'Halo Infinite Stats'!$A:AQ,43,0),) -> C | AI9: =IFERROR(__xludf.DUMMYFUNCTION("""COMPUTED_VALUE"""),"Scullen cx") -> Scullen cx | AJ9: =IFERROR(__xludf.DUMMYFUNCTION("""COMPUTED_VALUE"""),"A+") -> A+ | AK9: =IFERROR(__xludf.DUMMYFUNCTION("""COMPUTED_VALUE"""),24.999999999999996) -> 25 | AL9: =IFERROR(VLOOKUP($AI9,'Season+Playoffs Stats'!$A:$AM,2,0),) -> 23 | AO9: Multi-talented | AP9: (Multikills/Total Kills)
B10: =IFERROR(__xludf.DUMMYFUNCTION("""COMPUTED_VALUE"""),"ill Shrek u") -> ill Shrek u | C10: =IFERROR(__xludf.DUMMYFUNCTION("""COMPUTED_VALUE"""),-0.11007620660457239) -> -0.11007621 | E10: =IFERROR(__xludf.DUMMYFUNCTION("""COMPUTED_VALUE"""),"WeirdPG") -> WeirdPG | F10: =IFERROR(__xludf.DUMMYFUNCTION("""COMPUTED_VALUE"""),7.039051717138914) -> 7.0390517 | H10: =IFERROR(__xludf.DUMMYFUNCTION("""COMPUTED_VALUE"""),"yLuxe") -> yLuxe | I10: =IFERROR(__xludf.DUMMYFUNCTION("""COMPUTED_VALUE"""),0.08171440016022431) -> 0.0817144 | K10: =IFERROR(__xludf.DUMMYFUNCTION("""COMPUTED_VALUE"""),"Ace B S1lentND1") -> Ace B S1lentND1 | L10: =IFERROR(__xludf.DUMMYFUNCTION("""COMPUTED_VALUE"""),0.15787667314952522) -> 0.15787667 | N10: =IFERROR(__xludf.DUMMYFUNCTION("""COMPUTED_VALUE"""),"Scullen cx") -> Scullen cx | O10: =IFERROR(__xludf.DUMMYFUNCTION("""COMPUTED_VALUE"""),0.896551724137931) -> 0.89655172 | Q10: =IFERROR(__xludf.DUMMYFUNCTION("""COMPUTED_VALUE"""),"Mr epic beast") -> Mr epic beast | R10: =IFERROR(__xludf.DUMMYFUNCTION("""COMPUTED_VALUE"""),1.5846695557963164) -> 1.5846696 | T10: =IFERROR(VLOOKUP($V10,'Halo Infinite Stats'!$A:AR,44,0),) -> P7 | U10: =IFERROR(VLOOKUP($V10,'Halo Infinite Stats'!$A:AQ,43,0),) -> R1 | V10: =IFERROR(__xludf.DUMMYFUNCTION("""COMPUTED_VALUE"""),"Fanciest Pants") -> Fanciest Pants | W10: =IFERROR(__xludf.DUMMYFUNCTION("""COMPUTED_VALUE"""),"A+") -> A+ | X10: =IFERROR(__xludf.DUMMYFUNCTION("""COMPUTED_VALUE"""),24.462500000000002) -> 24.4625 | Y10: =IFERROR(VLOOKUP($V10,'Halo Infinite Stats'!$A:$AM,2,0),) -> 18 | AA10: =IFERROR(VLOOKUP($AC10,'Halo Infinite Stats'!$A:AR,44,0),) -> P2 | AB10: =IFERROR(VLOOKUP($AC10,'Halo Infinite Stats'!$A:AX,43,0),) -> R1 | AC10: =IFERROR(__xludf.DUMMYFUNCTION("""COMPUTED_VALUE"""),"yLuxe") -> yLuxe | AD10: =IFERROR(__xludf.DUMMYFUNCTION("""COMPUTED_VALUE"""),"A+") -> A+ | AE10: =IFERROR(__xludf.DUMMYFUNCTION("""COMPUTED_VALUE"""),12.200000000000001) -> 12.2 | AG10: =IFERROR(VLOOKUP($AI10,'Halo Infinite Stats'!$A:AR,44,0),) -> P11 | AH10: =IFERROR(VLOOKUP($AI10,'Halo Infinite Stats'!$A:AQ,43,0),) -> R1 | AI10: =IFERROR(__xludf.DUMMYFUNCTION("""COMPUTED_VALUE"""),"Mavbrid") -> Mavbrid | AJ10: =IFERROR(__xludf.DUMMYFUNCTION("""COMPUTED_VALUE"""),"A+") -> A+ | AK10: =IFERROR(__xludf.DUMMYFUNCTION("""COMPUTED_VALUE"""),24.362500000000004) -> 24.3625 | AL10: =IFERROR(VLOOKUP($AI10,'Season+Playoffs Stats'!$A:$AM,2,0),) -> 34 | AO10: Boxer | AP10: Ball Punches per minute
B11: =IFERROR(__xludf.DUMMYFUNCTION("""COMPUTED_VALUE"""),"Holy Morals") -> Holy Morals | C11: =IFERROR(__xludf.DUMMYFUNCTION("""COMPUTED_VALUE"""),-0.12880929940307886) -> -0.1288093 | E11: =IFERROR(__xludf.DUMMYFUNCTION("""COMPUTED_VALUE"""),"oh zilly") -> oh zilly | F11: =IFERROR(__xludf.DUMMYFUNCTION("""COMPUTED_VALUE"""),6.9987242775528316) -> 6.9987243 | H11: =IFERROR(__xludf.DUMMYFUNCTION("""COMPUTED_VALUE"""),"Itzreelz") -> Itzreelz | I11: =IFERROR(__xludf.DUMMYFUNCTION("""COMPUTED_VALUE"""),0.07753941586973379) -> 0.077539416 | K11: =IFERROR(__xludf.DUMMYFUNCTION("""COMPUTED_VALUE"""),"KDSkill") -> KDSkill | L11: =IFERROR(__xludf.DUMMYFUNCTION("""COMPUTED_VALUE"""),0.15758793969849247) -> 0.15758794 | N11: =IFERROR(__xludf.DUMMYFUNCTION("""COMPUTED_VALUE"""),"Memorized") -> Memorized | O11: =IFERROR(__xludf.DUMMYFUNCTION("""COMPUTED_VALUE"""),0.8315863032844165) -> 0.8315863 | Q11: =IFERROR(__xludf.DUMMYFUNCTION("""COMPUTED_VALUE"""),"Scullen cx") -> Scullen cx | R11: =IFERROR(__xludf.DUMMYFUNCTION("""COMPUTED_VALUE"""),1.4883861160374967) -> 1.4883861 | T11: =IFERROR(VLOOKUP($V11,'Halo Infinite Stats'!$A:AR,44,0),) -> P11 | U11: =IFERROR(VLOOKUP($V11,'Halo Infinite Stats'!$A:AQ,43,0),) -> R1 | V11: =IFERROR(__xludf.DUMMYFUNCTION("""COMPUTED_VALUE"""),"Mavbrid") -> Mavbrid | W11: =IFERROR(__xludf.DUMMYFUNCTION("""COMPUTED_VALUE"""),"A") -> A | X11: =IFERROR(__xludf.DUMMYFUNCTION("""COMPUTED_VALUE"""),24.35) -> 24.35 | Y11: =IFERROR(VLOOKUP($V11,'Halo Infinite Stats'!$A:$AM,2,0),) -> 30 | AA11: =IFERROR(VLOOKUP($AC11,'Halo Infinite Stats'!$A:AR,44,0),) -> P5 | AB11: =IFERROR(VLOOKUP($AC11,'Halo Infinite Stats'!$A:AX,43,0),) -> R1 | AC11: =IFERROR(__xludf.DUMMYFUNCTION("""COMPUTED_VALUE"""),"Itzreelz") -> Itzreelz | AD11: =IFERROR(__xludf.DUMMYFUNCTION("""COMPUTED_VALUE"""),"A+") -> A+ | AE11: =IFERROR(__xludf.DUMMYFUNCTION("""COMPUTED_VALUE"""),11.825000000000001) -> 11.825 | AG11: =IFERROR(VLOOKUP($AI11,'Halo Infinite Stats'!$A:AR,44,0),) -> P7 | AH11: =IFERROR(VLOOKUP($AI11,'Halo Infinite Stats'!$A:AQ,43,0),) -> R1 | AI11: =IFERROR(__xludf.DUMMYFUNCTION("""COMPUTED_VALUE"""),"Fanciest Pants") -> Fanciest Pants | AJ11: =IFERROR(__xludf.DUMMYFUNCTION("""COMPUTED_VALUE"""),"A") -> A | AK11: =IFERROR(__xludf.DUMMYFUNCTION("""COMPUTED_VALUE"""),23.924999999999997) -> 23.925 | AL11: =IFERROR(VLOOKUP($AI11,'Season+Playoffs Stats'!$A:$AM,2,0),) -> 25 | AO11: Grades are based on player per minute stats. Any player that has under 5-8 games played will have stat inflation. Do not trust their grade.
B12: =IFERROR(__xludf.DUMMYFUNCTION("""COMPUTED_VALUE"""),"Memorized") -> Memorized | C12: =IFERROR(__xludf.DUMMYFUNCTION("""COMPUTED_VALUE"""),-0.14765944077913917) -> -0.14765944 | E12: =IFERROR(__xludf.DUMMYFUNCTION("""COMPUTED_VALUE"""),"Ken Khaneki") -> Ken Khaneki | F12: =IFERROR(__xludf.DUMMYFUNCTION("""COMPUTED_VALUE"""),6.971608832807571) -> 6.9716088 | H12: =IFERROR(__xludf.DUMMYFUNCTION("""COMPUTED_VALUE"""),"ASpence501") -> ASpence501 | I12: =IFERROR(__xludf.DUMMYFUNCTION("""COMPUTED_VALUE"""),0.06330449461911795) -> 0.063304495 | K12: =IFERROR(__xludf.DUMMYFUNCTION("""COMPUTED_VALUE"""),"MuNgO PuNgO") -> MuNgO PuNgO | L12: =IFERROR(__xludf.DUMMYFUNCTION("""COMPUTED_VALUE"""),0.14490992340279857) -> 0.14490992 | N12: =IFERROR(__xludf.DUMMYFUNCTION("""COMPUTED_VALUE"""),"ASpence501") -> ASpence501 | O12: =IFERROR(__xludf.DUMMYFUNCTION("""COMPUTED_VALUE"""),0.8208736440926414) -> 0.82087364 | Q12: =IFERROR(__xludf.DUMMYFUNCTION("""COMPUTED_VALUE"""),"Holy Morals") -> Holy Morals | R12: =IFERROR(__xludf.DUMMYFUNCTION("""COMPUTED_VALUE"""),1.4027371976123155) -> 1.4027372 | T12: =IFERROR(VLOOKUP($V12,'Halo Infinite Stats'!$A:AR,44,0),) -> P18 | U12: =IFERROR(VLOOKUP($V12,'Halo Infinite Stats'!$A:AQ,43,0),) -> R2 | V12: =IFERROR(__xludf.DUMMYFUNCTION("""COMPUTED_VALUE"""),"TommyWstSide") -> TommyWstSide | W12: =IFERROR(__xludf.DUMMYFUNCTION("""COMPUTED_VALUE"""),"A") -> A | X12: =IFERROR(__xludf.DUMMYFUNCTION("""COMPUTED_VALUE"""),21.55) -> 21.55 | Y12: =IFERROR(VLOOKUP($V12,'Halo Infinite Stats'!$A:$AM,2,0),) -> 37 | AA12: =IFERROR(VLOOKUP($AC12,'Halo Infinite Stats'!$A:AR,44,0),) -> P8 | AB12: =IFERROR(VLOOKUP($AC12,'Halo Infinite Stats'!$A:AX,43,0),) -> R1 | AC12: =IFERROR(__xludf.DUMMYFUNCTION("""COMPUTED_VALUE"""),"Jussshhhyyy") -> Jussshhhyyy | AD12: =IFERROR(__xludf.DUMMYFUNCTION("""COMPUTED_VALUE"""),"A") -> A | AE12: =IFERROR(__xludf.DUMMYFUNCTION("""COMPUTED_VALUE"""),11.450000000000001) -> 11.45 | AG12: =IFERROR(VLOOKUP($AI12,'Halo Infinite Stats'!$A:AR,44,0),) -> P18 | AH12: =IFERROR(VLOOKUP($AI12,'Halo Infinite Stats'!$A:AQ,43,0),) -> R2 | AI12: =IFERROR(__xludf.DUMMYFUNCTION("""COMPUTED_VALUE"""),"TommyWstSide") -> TommyWstSide | AJ12: =IFERROR(__xludf.DUMMYFUNCTION("""COMPUTED_VALUE"""),"A") -> A | AK12: =IFERROR(__xludf.DUMMYFUNCTION("""COMPUTED_VALUE"""),21.8625) -> 21.8625 | AL12: =IFERROR(VLOOKUP($AI12,'Season+Playoffs Stats'!$A:$AM,2,0),) -> 44
B13: =IFERROR(__xludf.DUMMYFUNCTION("""COMPUTED_VALUE"""),"TommyWstSide") -> TommyWstSide | C13: =IFERROR(__xludf.DUMMYFUNCTION("""COMPUTED_VALUE"""),-0.15553695352793453) -> -0.15553695 | E13: =IFERROR(__xludf.DUMMYFUNCTION("""COMPUTED_VALUE"""),"Mr epic beast") -> Mr epic beast | F13: =IFERROR(__xludf.DUMMYFUNCTION("""COMPUTED_VALUE"""),6.890574214517876) -> 6.8905742 | H13: =IFERROR(__xludf.DUMMYFUNCTION("""COMPUTED_VALUE"""),"TommyWstSide") -> TommyWstSide | I13: =IFERROR(__xludf.DUMMYFUNCTION("""COMPUTED_VALUE"""),0.05994653417222477) -> 0.059946534 | K13: =IFERROR(__xludf.DUMMYFUNCTION("""COMPUTED_VALUE"""),"Itzreelz") -> Itzreelz | L13: =IFERROR(__xludf.DUMMYFUNCTION("""COMPUTED_VALUE"""),0.1218919617472215) -> 0.12189196 | N13: =IFERROR(__xludf.DUMMYFUNCTION("""COMPUTED_VALUE"""),"TommyWstSide") -> TommyWstSide | O13: =IFERROR(__xludf.DUMMYFUNCTION("""COMPUTED_VALUE"""),0.8125741399762751) -> 0.81257414 | Q13: =IFERROR(__xludf.DUMMYFUNCTION("""COMPUTED_VALUE"""),"SPANKTR0N") -> SPANKTR0N | R13: =IFERROR(__xludf.DUMMYFUNCTION("""COMPUTED_VALUE"""),1.086437327006722) -> 1.0864373 | T13: =IFERROR(VLOOKUP($V13,'Halo Infinite Stats'!$A:AR,44,0),) -> P10 | U13: =IFERROR(VLOOKUP($V13,'Halo Infinite Stats'!$A:AQ,43,0),) -> R1 | V13: =IFERROR(__xludf.DUMMYFUNCTION("""COMPUTED_VALUE"""),"oh zilly") -> oh zilly | W13: =IFERROR(__xludf.DUMMYFUNCTION("""COMPUTED_VALUE"""),"A-") -> A- | X13: =IFERROR(__xludf.DUMMYFUNCTION("""COMPUTED_VALUE"""),21.375) -> 21.375 | Y13: =IFERROR(VLOOKUP($V13,'Halo Infinite Stats'!$A:$AM,2,0),) -> 16 | AA13: =IFERROR(VLOOKUP($AC13,'Halo Infinite Stats'!$A:AR,44,0),) -> P20 | AB13: =IFERROR(VLOOKUP($AC13,'Halo Infinite Stats'!$A:AX,43,0),) -> R2 | AC13: =IFERROR(__xludf.DUMMYFUNCTION("""COMPUTED_VALUE"""),"AwareMosquito") -> AwareMosquito | AD13: =IFERROR(__xludf.DUMMYFUNCTION("""COMPUTED_VALUE"""),"A") -> A | AE13: =IFERROR(__xludf.DUMMYFUNCTION("""COMPUTED_VALUE"""),11.350000000000001) -> 11.35 | AG13: =IFERROR(VLOOKUP($AI13,'Halo Infinite Stats'!$A:AR,44,0),) -> 4th | AH13: =IFERROR(VLOOKUP($AI13,'Halo Infinite Stats'!$A:AQ,43,0),) -> C | AI13: =IFERROR(__xludf.DUMMYFUNCTION("""COMPUTED_VALUE"""),"Holy Morals") -> Holy Morals | AJ13: =IFERROR(__xludf.DUMMYFUNCTION("""COMPUTED_VALUE"""),"A-") -> A- | AK13: =IFERROR(__xludf.DUMMYFUNCTION("""COMPUTED_VALUE"""),21.0) -> 21 | AL13: =IFERROR(VLOOKUP($AI13,'Season+Playoffs Stats'!$A:$AM,2,0),) -> 22
B14: =IFERROR(__xludf.DUMMYFUNCTION("""COMPUTED_VALUE"""),"SPANKTR0N") -> SPANKTR0N | C14: =IFERROR(__xludf.DUMMYFUNCTION("""COMPUTED_VALUE"""),-0.24199288256227758) -> -0.24199288 | E14: =IFERROR(__xludf.DUMMYFUNCTION("""COMPUTED_VALUE"""),"GeneralCornBeef") -> GeneralCornBeef | F14: =IFERROR(__xludf.DUMMYFUNCTION("""COMPUTED_VALUE"""),6.869091491748117) -> 6.8690915 | H14: =IFERROR(__xludf.DUMMYFUNCTION("""COMPUTED_VALUE"""),"oh zilly") -> oh zilly | I14: =IFERROR(__xludf.DUMMYFUNCTION("""COMPUTED_VALUE"""),0.059903488823562036) -> 0.059903489 | K14: =IFERROR(__xludf.DUMMYFUNCTION("""COMPUTED_VALUE"""),"DCleak") -> DCleak | L14: =IFERROR(__xludf.DUMMYFUNCTION("""COMPUTED_VALUE"""),0.11549253281037863) -> 0.11549253 | N14: =IFERROR(__xludf.DUMMYFUNCTION("""COMPUTED_VALUE"""),"Grunt Padre") -> Grunt Padre | O14: =IFERROR(__xludf.DUMMYFUNCTION("""COMPUTED_VALUE"""),0.749453523472468) -> 0.74945352 | Q14: =IFERROR(__xludf.DUMMYFUNCTION("""COMPUTED_VALUE"""),"TommyWstSide") -> TommyWstSide | R14: =IFERROR(__xludf.DUMMYFUNCTION("""COMPUTED_VALUE"""),0.8699214214349364) -> 0.86992142 | T14: =IFERROR(VLOOKUP($V14,'Halo Infinite Stats'!$A:AR,44,0),) -> P24 | U14: =IFERROR(VLOOKUP($V14,'Halo Infinite Stats'!$A:AQ,43,0),) -> R3 | V14: =IFERROR(__xludf.DUMMYFUNCTION("""COMPUTED_VALUE"""),"TJP37") -> TJP37 | W14: =IFERROR(__xludf.DUMMYFUNCTION("""COMPUTED_VALUE"""),"A-") -> A- | X14: =IFERROR(__xludf.DUMMYFUNCTION("""COMPUTED_VALUE"""),21.012499999999996) -> 21.0125 | Y14: =IFERROR(VLOOKUP($V14,'Halo Infinite Stats'!$A:$AM,2,0),) -> 22 | AA14: =IFERROR(VLOOKUP($AC14,'Halo Infinite Stats'!$A:AR,44,0),) -> PD | AB14: =IFERROR(VLOOKUP($AC14,'Halo Infinite Stats'!$A:AX,43,0),) -> R3 | AC14: =IFERROR(__xludf.DUMMYFUNCTION("""COMPUTED_VALUE"""),"KDSkill") -> KDSkill | AD14: =IFERROR(__xludf.DUMMYFUNCTION("""COMPUTED_VALUE"""),"A-") -> A- | AE14: =IFERROR(__xludf.DUMMYFUNCTION("""COMPUTED_VALUE"""),11.15) -> 11.15 | AG14: =IFERROR(VLOOKUP($AI14,'Halo Infinite Stats'!$A:AR,44,0),) -> 9th | AH14: =IFERROR(VLOOKUP($AI14,'Halo Infinite Stats'!$A:AQ,43,0),) -> C | AI14: =IFERROR(__xludf.DUMMYFUNCTION("""COMPUTED_VALUE"""),"SPANKTR0N") -> SPANKTR0N | AJ14: =IFERROR(__xludf.DUMMYFUNCTION("""COMPUTED_VALUE"""),"A-") -> A- | AK14: =IFERROR(__xludf.DUMMYFUNCTION("""COMPUTED_VALUE"""),20.587500000000002) -> 20.5875 | AL14: =IFERROR(VLOOKUP($AI14,'Season+Playoffs Stats'!$A:$AM,2,0),) -> 24
B15: =IFERROR(__xludf.DUMMYFUNCTION("""COMPUTED_VALUE"""),"Scullen cx") -> Scullen cx | C15: =IFERROR(__xludf.DUMMYFUNCTION("""COMPUTED_VALUE"""),-0.24322270078540661) -> -0.2432227 | E15: =IFERROR(__xludf.DUMMYFUNCTION("""COMPUTED_VALUE"""),"Scullen cx") -> Scullen cx | F15: =IFERROR(__xludf.DUMMYFUNCTION("""COMPUTED_VALUE"""),6.7859133519128445) -> 6.7859134 | H15: =IFERROR(__xludf.DUMMYFUNCTION("""COMPUTED_VALUE"""),"Holy Morals") -> Holy Morals | I15: =IFERROR(__xludf.DUMMYFUNCTION("""COMPUTED_VALUE"""),0.05969211435752435) -> 0.059692114 | K15: =IFERROR(__xludf.DUMMYFUNCTION("""COMPUTED_VALUE"""),"TommyWstSide") -> TommyWstSide | L15: =IFERROR(__xludf.DUMMYFUNCTION("""COMPUTED_VALUE"""),0.11328274781951232) -> 0.11328275 | N15: =IFERROR(__xludf.DUMMYFUNCTION("""COMPUTED_VALUE"""),"Mavbrid") -> Mavbrid | O15: =IFERROR(__xludf.DUMMYFUNCTION("""COMPUTED_VALUE"""),0.7384240454914703) -> 0.73842405 | Q15: =IFERROR(__xludf.DUMMYFUNCTION("""COMPUTED_VALUE"""),"ill Shrek u") -> ill Shrek u | R15: =IFERROR(__xludf.DUMMYFUNCTION("""COMPUTED_VALUE"""),0.8444679650014112) -> 0.84446796 | T15: =IFERROR(VLOOKUP($V15,'Halo Infinite Stats'!$A:AR,44,0),) -> 4th | U15: =IFERROR(VLOOKUP($V15,'Halo Infinite Stats'!$A:AQ,43,0),) -> C | V15: =IFERROR(__xludf.DUMMYFUNCTION("""COMPUTED_VALUE"""),"Holy Morals") -> Holy Morals | W15: =IFERROR(__xludf.DUMMYFUNCTION("""COMPUTED_VALUE"""),"B+") -> B+ | X15: =IFERROR(__xludf.DUMMYFUNCTION("""COMPUTED_VALUE"""),20.1125) -> 20.1125 | Y15: =IFERROR(VLOOKUP($V15,'Halo Infinite Stats'!$A:$AM,2,0),) -> 20 | AA15: =IFERROR(VLOOKUP($AC15,'Halo Infinite Stats'!$A:AR,44,0),) -> P13 | AB15: =IFERROR(VLOOKUP($AC15,'Halo Infinite Stats'!$A:AX,43,0),) -> R2 | AC15: =IFERROR(__xludf.DUMMYFUNCTION("""COMPUTED_VALUE"""),"CaptainSev004") -> CaptainSev004 | AD15: =IFERROR(__xludf.DUMMYFUNCTION("""COMPUTED_VALUE"""),"A-") -> A- | AE15: =IFERROR(__xludf.DUMMYFUNCTION("""COMPUTED_VALUE"""),11.0) -> 11 | AG15: =IFERROR(VLOOKUP($AI15,'Halo Infinite Stats'!$A:AR,44,0),) -> P24 | AH15: =IFERROR(VLOOKUP($AI15,'Halo Infinite Stats'!$A:AQ,43,0),) -> R3 | AI15: =IFERROR(__xludf.DUMMYFUNCTION("""COMPUTED_VALUE"""),"TJP37") -> TJP37 | AJ15: =IFERROR(__xludf.DUMMYFUNCTION("""COMPUTED_VALUE"""),"B+") -> B+ | AK15: =IFERROR(__xludf.DUMMYFUNCTION("""COMPUTED_VALUE"""),20.1125) -> 20.1125 | AL15: =IFERROR(VLOOKUP($AI15,'Season+Playoffs Stats'!$A:$AM,2,0),) -> 29
B16: =IFERROR(__xludf.DUMMYFUNCTION("""COMPUTED_VALUE"""),"KDSkill") -> KDSkill | C16: =IFERROR(__xludf.DUMMYFUNCTION("""COMPUTED_VALUE"""),-0.3065326633165829) -> -0.30653266 | E16: =IFERROR(__xludf.DUMMYFUNCTION("""COMPUTED_VALUE"""),"xXTHEChickenGod") -> xXTHEChickenGod | F16: =IFERROR(__xludf.DUMMYFUNCTION("""COMPUTED_VALUE"""),6.614537784865476) -> 6.6145378 | H16: =IFERROR(__xludf.DUMMYFUNCTION("""COMPUTED_VALUE"""),"Mr epic beast") -> Mr epic beast | I16: =IFERROR(__xludf.DUMMYFUNCTION("""COMPUTED_VALUE"""),0.05687973997833153) -> 0.05687974 | K16: =IFERROR(__xludf.DUMMYFUNCTION("""COMPUTED_VALUE"""),"CaptainSev004") -> CaptainSev004 | L16: =IFERROR(__xludf.DUMMYFUNCTION("""COMPUTED_VALUE"""),0.11318602993585174) -> 0.11318603 | N16: =IFERROR(__xludf.DUMMYFUNCTION("""COMPUTED_VALUE"""),"TJP37") -> TJP37 | O16: =IFERROR(__xludf.DUMMYFUNCTION("""COMPUTED_VALUE"""),0.7183880073980337) -> 0.71838801 | Q16: =IFERROR(__xludf.DUMMYFUNCTION("""COMPUTED_VALUE"""),"Ace B S1lentND1") -> Ace B S1lentND1 | R16: =IFERROR(__xludf.DUMMYFUNCTION("""COMPUTED_VALUE"""),0.799363154482706) -> 0.79936315 | T16: =IFERROR(VLOOKUP($V16,'Halo Infinite Stats'!$A:AR,44,0),) -> 9th | U16: =IFERROR(VLOOKUP($V16,'Halo Infinite Stats'!$A:AQ,43,0),) -> C | V16: =IFERROR(__xludf.DUMMYFUNCTION("""COMPUTED_VALUE"""),"SPANKTR0N") -> SPANKTR0N | W16: =IFERROR(__xludf.DUMMYFUNCTION("""COMPUTED_VALUE"""),"B+") -> B+ | X16: =IFERROR(__xludf.DUMMYFUNCTION("""COMPUTED_VALUE"""),19.875) -> 19.875 | Y16: =IFERROR(VLOOKUP($V16,'Halo Infinite Stats'!$A:$AM,2,0),) -> 20 | AA16: =IFERROR(VLOOKUP($AC16,'Halo Infinite Stats'!$A:AR,44,0),) -> P3 | AB16: =IFERROR(VLOOKUP($AC16,'Halo Infinite Stats'!$A:AX,43,0),) -> R1 | AC16: =IFERROR(__xludf.DUMMYFUNCTION("""COMPUTED_VALUE"""),"Ace B S1lentND1") -> Ace B S1lentND1 | AD16: =IFERROR(__xludf.DUMMYFUNCTION("""COMPUTED_VALUE"""),"B+") -> B+ | AE16: =IFERROR(__xludf.DUMMYFUNCTION("""COMPUTED_VALUE"""),10.975000000000001) -> 10.975 | AG16: =IFERROR(VLOOKUP($AI16,'Halo Infinite Stats'!$A:AR,44,0),) -> P10 | AH16: =IFERROR(VLOOKUP($AI16,'Halo Infinite Stats'!$A:AQ,43,0),) -> R1 | AI16: =IFERROR(__xludf.DUMMYFUNCTION("""COMPUTED_VALUE"""),"oh zilly") -> oh zilly | AJ16: =IFERROR(__xludf.DUMMYFUNCTION("""COMPUTED_VALUE"""),"B+") -> B+ | AK16: =IFERROR(__xludf.DUMMYFUNCTION("""COMPUTED_VALUE"""),20.0375) -> 20.0375 | AL16: =IFERROR(VLOOKUP($AI16,'Season+Playoffs Stats'!$A:$AM,2,0),) -> 18
B17: =IFERROR(__xludf.DUMMYFUNCTION("""COMPUTED_VALUE"""),"TJP37") -> TJP37 | C17: =IFERROR(__xludf.DUMMYFUNCTION("""COMPUTED_VALUE"""),-0.317978874006316) -> -0.31797887 | E17: =IFERROR(__xludf.DUMMYFUNCTION("""COMPUTED_VALUE"""),"Jussshhhyyy") -> Jussshhhyyy | F17: =IFERROR(__xludf.DUMMYFUNCTION("""COMPUTED_VALUE"""),6.612009413193654) -> 6.6120094 | H17: =IFERROR(__xludf.DUMMYFUNCTION("""COMPUTED_VALUE"""),"ill Shrek u") -> ill Shrek u | I17: =IFERROR(__xludf.DUMMYFUNCTION("""COMPUTED_VALUE"""),0.056449336720293536) -> 0.056449337 | K17: =IFERROR(__xludf.DUMMYFUNCTION("""COMPUTED_VALUE"""),"AwareMosquito") -> AwareMosquito | L17: =IFERROR(__xludf.DUMMYFUNCTION("""COMPUTED_VALUE"""),0.11195769268436001) -> 0.11195769 | N17: =IFERROR(__xludf.DUMMYFUNCTION("""COMPUTED_VALUE"""),"Priest XYZ") -> Priest XYZ | O17: =IFERROR(__xludf.DUMMYFUNCTION("""COMPUTED_VALUE"""),0.6723259762308998) -> 0.67232598 | Q17: =IFERROR(__xludf.DUMMYFUNCTION("""COMPUTED_VALUE"""),"Memorized") -> Memorized | R17: =IFERROR(__xludf.DUMMYFUNCTION("""COMPUTED_VALUE"""),0.7035383286207979) -> 0.70353833 | T17: =IFERROR(VLOOKUP($V17,'Halo Infinite Stats'!$A:AR,44,0),) -> P5 | U17: =IFERROR(VLOOKUP($V17,'Halo Infinite Stats'!$A:AQ,43,0),) -> R1 | V17: =IFERROR(__xludf.DUMMYFUNCTION("""COMPUTED_VALUE"""),"Itzreelz") -> Itzreelz | W17: =IFERROR(__xludf.DUMMYFUNCTION("""COMPUTED_VALUE"""),"B") -> B | X17: =IFERROR(__xludf.DUMMYFUNCTION("""COMPUTED_VALUE"""),19.7625) -> 19.7625 | Y17: =IFERROR(VLOOKUP($V17,'Halo Infinite Stats'!$A:$AM,2,0),) -> 19 | AA17: =IFERROR(VLOOKUP($AC17,'Halo Infinite Stats'!$A:AR,44,0),) -> 6th | AB17: =IFERROR(VLOOKUP($AC17,'Halo Infinite Stats'!$A:AX,43,0),) -> C | AC17: =IFERROR(__xludf.DUMMYFUNCTION("""COMPUTED_VALUE"""),"Doerstopper") -> Doerstopper | AD17: =IFERROR(__xludf.DUMMYFUNCTION("""COMPUTED_VALUE"""),"B+") -> B+ | AE17: =IFERROR(__xludf.DUMMYFUNCTION("""COMPUTED_VALUE"""),9.950000000000001) -> 9.95 | AG17: =IFERROR(VLOOKUP($AI17,'Halo Infinite Stats'!$A:AR,44,0),) -> P5 | AH17: =IFERROR(VLOOKUP($AI17,'Halo Infinite Stats'!$A:AQ,43,0),) -> R1 | AI17: =IFERROR(__xludf.DUMMYFUNCTION("""COMPUTED_VALUE"""),"Itzreelz") -> Itzreelz | AJ17: =IFERROR(__xludf.DUMMYFUNCTION("""COMPUTED_VALUE"""),"B") -> B | AK17: =IFERROR(__xludf.DUMMYFUNCTION("""COMPUTED_VALUE"""),19.650000000000002) -> 19.65 | AL17: =IFERROR(VLOOKUP($AI17,'Season+Playoffs Stats'!$A:$AM,2,0),) -> 19 | AN17: Red means you can't trust their grade
B18: =IFERROR(__xludf.DUMMYFUNCTION("""COMPUTED_VALUE"""),"Itzreelz") -> Itzreelz | C18: =IFERROR(__xludf.DUMMYFUNCTION("""COMPUTED_VALUE"""),-0.3644352545877488) -> -0.36443525 | E18: =IFERROR(__xludf.DUMMYFUNCTION("""COMPUTED_VALUE"""),"Doerstopper") -> Doerstopper | F18: =IFERROR(__xludf.DUMMYFUNCTION("""COMPUTED_VALUE"""),6.581727781230578) -> 6.5817278 | H18: =IFERROR(__xludf.DUMMYFUNCTION("""COMPUTED_VALUE"""),"Pd Craig 69") -> Pd Craig 69 | I18: =IFERROR(__xludf.DUMMYFUNCTION("""COMPUTED_VALUE"""),0.05644402634054563) -> 0.056444026 | K18: =IFERROR(__xludf.DUMMYFUNCTION("""COMPUTED_VALUE"""),"ill Shrek u") -> ill Shrek u | L18: =IFERROR(__xludf.DUMMYFUNCTION("""COMPUTED_VALUE"""),0.10838272650296359) -> 0.10838273 | N18: =IFERROR(__xludf.DUMMYFUNCTION("""COMPUTED_VALUE"""),"Itzreelz") -> Itzreelz | O18: =IFERROR(__xludf.DUMMYFUNCTION("""COMPUTED_VALUE"""),0.635823210131817) -> 0.63582321 | Q18: =IFERROR(__xludf.DUMMYFUNCTION("""COMPUTED_VALUE"""),"TJP37") -> TJP37 | R18: =IFERROR(__xludf.DUMMYFUNCTION("""COMPUTED_VALUE"""),0.6260199473451582) -> 0.62601995 | T18: =IFERROR(VLOOKUP($V18,'Halo Infinite Stats'!$A:AR,44,0),) -> PD | U18: =IFERROR(VLOOKUP($V18,'Halo Infinite Stats'!$A:AQ,43,0),) -> R3 | V18: =IFERROR(__xludf.DUMMYFUNCTION("""COMPUTED_VALUE"""),"ill Shrek u") -> ill Shrek u | W18: =IFERROR(__xludf.DUMMYFUNCTION("""COMPUTED_VALUE"""),"B") -> B | X18: =IFERROR(__xludf.DUMMYFUNCTION("""COMPUTED_VALUE"""),18.15) -> 18.15 | Y18: =IFERROR(VLOOKUP($V18,'Halo Infinite Stats'!$A:$AM,2,0),) -> 17 | AA18: =IFERROR(VLOOKUP($AC18,'Halo Infinite Stats'!$A:AR,44,0),) -> P1 | AB18: =IFERROR(VLOOKUP($AC18,'Halo Infinite Stats'!$A:AX,43,0),) -> R1 | AC18: =IFERROR(__xludf.DUMMYFUNCTION("""COMPUTED_VALUE"""),"Clydrohsun") -> Clydrohsun | AD18: =IFERROR(__xludf.DUMMYFUNCTION("""COMPUTED_VALUE"""),"B") -> B | AE18: =IFERROR(__xludf.DUMMYFUNCTION("""COMPUTED_VALUE"""),9.875) -> 9.875 | AG18: =IFERROR(VLOOKUP($AI18,'Halo Infinite Stats'!$A:AR,44,0),) -> PD | AH18: =IFERROR(VLOOKUP($AI18,'Halo Infinite Stats'!$A:AQ,43,0),) -> R3 | AI18: =IFERROR(__xludf.DUMMYFUNCTION("""COMPUTED_VALUE"""),"ill Shrek u") -> ill Shrek u | AJ18: =IFERROR(__xludf.DUMMYFUNCTION("""COMPUTED_VALUE"""),"B") -> B | AK18: =IFERROR(__xludf.DUMMYFUNCTION("""COMPUTED_VALUE"""),18.9) -> 18.9 | AL18: =IFERROR(VLOOKUP($AI18,'Season+Playoffs Stats'!$A:$AM,2,0),) -> 21
B19: =IFERROR(__xludf.DUMMYFUNCTION("""COMPUTED_VALUE"""),"NOPLEX") -> NOPLEX | C19: =IFERROR(__xludf.DUMMYFUNCTION("""COMPUTED_VALUE"""),-0.6281484077270139) -> -0.62814841 | E19: =IFERROR(__xludf.DUMMYFUNCTION("""COMPUTED_VALUE"""),"Priest XYZ") -> Priest XYZ | F19: =IFERROR(__xludf.DUMMYFUNCTION("""COMPUTED_VALUE"""),6.564038862517191) -> 6.5640389 | H19: =IFERROR(__xludf.DUMMYFUNCTION("""COMPUTED_VALUE"""),"Clydrohsun") -> Clydrohsun | I19: =IFERROR(__xludf.DUMMYFUNCTION("""COMPUTED_VALUE"""),0.04824443848834093) -> 0.048244438 | K19: =IFERROR(__xludf.DUMMYFUNCTION("""COMPUTED_VALUE"""),"Fanciest Pants") -> Fanciest Pants | L19: =IFERROR(__xludf.DUMMYFUNCTION("""COMPUTED_VALUE"""),0.10652827096421742) -> 0.10652827 | N19: =IFERROR(__xludf.DUMMYFUNCTION("""COMPUTED_VALUE"""),"Ken Khaneki") -> Ken Khaneki | O19: =IFERROR(__xludf.DUMMYFUNCTION("""COMPUTED_VALUE"""),0.6154109149963674) -> 0.61541092 | Q19: =IFERROR(__xludf.DUMMYFUNCTION("""COMPUTED_VALUE"""),"KDSkill") -> KDSkill | R19: =IFERROR(__xludf.DUMMYFUNCTION("""COMPUTED_VALUE"""),0.5755701584847314) -> 0.57557016 | T19: =IFERROR(VLOOKUP($V19,'Halo Infinite Stats'!$A:AR,44,0),) -> P4 | U19: =IFERROR(VLOOKUP($V19,'Halo Infinite Stats'!$A:AQ,43,0),) -> R1 | V19: =IFERROR(__xludf.DUMMYFUNCTION("""COMPUTED_VALUE"""),"Memorized") -> Memorized | W19: =IFERROR(__xludf.DUMMYFUNCTION("""COMPUTED_VALUE"""),"B-") -> B- | X19: =IFERROR(__xludf.DUMMYFUNCTION("""COMPUTED_VALUE"""),17.95) -> 17.95 | Y19: =IFERROR(VLOOKUP($V19,'Halo Infinite Stats'!$A:$AM,2,0),) -> 20 | AA19: =IFERROR(VLOOKUP($AC19,'Halo Infinite Stats'!$A:AR,44,0),) -> P24 | AB19: =IFERROR(VLOOKUP($AC19,'Halo Infinite Stats'!$A:AX,43,0),) -> R3 | AC19: =IFERROR(__xludf.DUMMYFUNCTION("""COMPUTED_VALUE"""),"TJP37") -> TJP37 | AD19: =IFERROR(__xludf.DUMMYFUNCTION("""COMPUTED_VALUE"""),"B") -> B | AE19: =IFERROR(__xludf.DUMMYFUNCTION("""COMPUTED_VALUE"""),9.525) -> 9.525 | AG19: =IFERROR(VLOOKUP($AI19,'Halo Infinite Stats'!$A:AR,44,0),) -> P4 | AH19: =IFERROR(VLOOKUP($AI19,'Halo Infinite Stats'!$A:AQ,43,0),) -> R1 | AI19: =IFERROR(__xludf.DUMMYFUNCTION("""COMPUTED_VALUE"""),"Memorized") -> Memorized | AJ19: =IFERROR(__xludf.DUMMYFUNCTION("""COMPUTED_VALUE"""),"B-") -> B- | AK19: =IFERROR(__xludf.DUMMYFUNCTION("""COMPUTED_VALUE"""),17.5625) -> 17.5625 | AL19: =IFERROR(VLOOKUP($AI19,'Season+Playoffs Stats'!$A:$AM,2,0),) -> 22
B20: =IFERROR(__xludf.DUMMYFUNCTION("""COMPUTED_VALUE"""),"Deathcrawller") -> Deathcrawller | C20: =IFERROR(__xludf.DUMMYFUNCTION("""COMPUTED_VALUE"""),-0.6301644914665225) -> -0.63016449 | E20: =IFERROR(__xludf.DUMMYFUNCTION("""COMPUTED_VALUE"""),"TommyWstSide") -> TommyWstSide | F20: =IFERROR(__xludf.DUMMYFUNCTION("""COMPUTED_VALUE"""),6.5617152269597385) -> 6.5617152 | H20: =IFERROR(__xludf.DUMMYFUNCTION("""COMPUTED_VALUE"""),"Its Rainin MenZ") -> Its Rainin MenZ | I20: =IFERROR(__xludf.DUMMYFUNCTION("""COMPUTED_VALUE"""),0.0441196746173997) -> 0.044119675 | K20: =IFERROR(__xludf.DUMMYFUNCTION("""COMPUTED_VALUE"""),"TJP37") -> TJP37 | L20: =IFERROR(__xludf.DUMMYFUNCTION("""COMPUTED_VALUE"""),0.1030600021779375) -> 0.10306 | N20: =IFERROR(__xludf.DUMMYFUNCTION("""COMPUTED_VALUE"""),"Mr epic beast") -> Mr epic beast | O20: =IFERROR(__xludf.DUMMYFUNCTION("""COMPUTED_VALUE"""),0.6094257854821236) -> 0.60942579 | Q20: =IFERROR(__xludf.DUMMYFUNCTION("""COMPUTED_VALUE"""),"oh zilly") -> oh zilly | R20: =IFERROR(__xludf.DUMMYFUNCTION("""COMPUTED_VALUE"""),0.49902934161628487) -> 0.49902934 | T20: =IFERROR(VLOOKUP($V20,'Halo Infinite Stats'!$A:AR,44,0),) -> P16 | U20: =IFERROR(VLOOKUP($V20,'Halo Infinite Stats'!$A:AQ,43,0),) -> R2 | V20: =IFERROR(__xludf.DUMMYFUNCTION("""COMPUTED_VALUE"""),"Mr epic beast") -> Mr epic beast | W20: =IFERROR(__xludf.DUMMYFUNCTION("""COMPUTED_VALUE"""),"B-") -> B- | X20: =IFERROR(__xludf.DUMMYFUNCTION("""COMPUTED_VALUE"""),16.5625) -> 16.5625 | Y20: =IFERROR(VLOOKUP($V20,'Halo Infinite Stats'!$A:$AM,2,0),) -> 18 | AA20: =IFERROR(VLOOKUP($AC20,'Halo Infinite Stats'!$A:AR,44,0),) -> P16 | AB20: =IFERROR(VLOOKUP($AC20,'Halo Infinite Stats'!$A:AX,43,0),) -> R2 | AC20: =IFERROR(__xludf.DUMMYFUNCTION("""COMPUTED_VALUE"""),"Mr epic beast") -> Mr epic beast | AD20: =IFERROR(__xludf.DUMMYFUNCTION("""COMPUTED_VALUE"""),"B-") -> B- | AE20: =IFERROR(__xludf.DUMMYFUNCTION("""COMPUTED_VALUE"""),9.300000000000002) -> 9.3 | AG20: =IFERROR(VLOOKUP($AI20,'Halo Infinite Stats'!$A:AR,44,0),) -> P1 | AH20: =IFERROR(VLOOKUP($AI20,'Halo Infinite Stats'!$A:AQ,43,0),) -> R1 | AI20: =IFERROR(__xludf.DUMMYFUNCTION("""COMPUTED_VALUE"""),"Clydrohsun") -> Clydrohsun | AJ20: =IFERROR(__xludf.DUMMYFUNCTION("""COMPUTED_VALUE"""),"B-") -> B- | AK20: =IFERROR(__xludf.DUMMYFUNCTION("""COMPUTED_VALUE"""),16.65) -> 16.65 | AL20: =IFERROR(VLOOKUP($AI20,'Season+Playoffs Stats'!$A:$AM,2,0),) -> 5
B21: =IFERROR(__xludf.DUMMYFUNCTION("""COMPUTED_VALUE"""),"Almighty Tycoon") -> Almighty Tycoon | C21: =IFERROR(__xludf.DUMMYFUNCTION("""COMPUTED_VALUE"""),-0.6360132158590308) -> -0.63601322 | E21: =IFERROR(__xludf.DUMMYFUNCTION("""COMPUTED_VALUE"""),"Beam1n1") -> Beam1n1 | F21: =IFERROR(__xludf.DUMMYFUNCTION("""COMPUTED_VALUE"""),6.4562855664769785) -> 6.4562856 | H21: =IFERROR(__xludf.DUMMYFUNCTION("""COMPUTED_VALUE"""),"TJP37") -> TJP37 | I21: =IFERROR(__xludf.DUMMYFUNCTION("""COMPUTED_VALUE"""),0.04355874986387891) -> 0.04355875 | K21: =IFERROR(__xludf.DUMMYFUNCTION("""COMPUTED_VALUE"""),"Clydrohsun") -> Clydrohsun | L21: =IFERROR(__xludf.DUMMYFUNCTION("""COMPUTED_VALUE"""),0.10227820959528278) -> 0.10227821 | N21: =IFERROR(__xludf.DUMMYFUNCTION("""COMPUTED_VALUE"""),"Pd Craig 69") -> Pd Craig 69 | O21: =IFERROR(__xludf.DUMMYFUNCTION("""COMPUTED_VALUE"""),0.6020696142991534) -> 0.60206961 | Q21: =IFERROR(__xludf.DUMMYFUNCTION("""COMPUTED_VALUE"""),"GeneralCornBeef") -> GeneralCornBeef | R21: =IFERROR(__xludf.DUMMYFUNCTION("""COMPUTED_VALUE"""),0.46643166159269345) -> 0.46643166 | T21: =IFERROR(VLOOKUP($V21,'Halo Infinite Stats'!$A:AR,44,0),) -> P1 | U21: =IFERROR(VLOOKUP($V21,'Halo Infinite Stats'!$A:AQ,43,0),) -> R1 | V21: =IFERROR(__xludf.DUMMYFUNCTION("""COMPUTED_VALUE"""),"Clydrohsun") -> Clydrohsun | W21: =IFERROR(__xludf.DUMMYFUNCTION("""COMPUTED_VALUE"""),"C+") -> C+ | X21: =IFERROR(__xludf.DUMMYFUNCTION("""COMPUTED_VALUE"""),16.15) -> 16.15 | Y21: =IFERROR(VLOOKUP($V21,'Halo Infinite Stats'!$A:$AM,2,0),) -> 5 | AA21: =IFERROR(VLOOKUP($AC21,'Halo Infinite Stats'!$A:AR,44,0),) -> P10 | AB21: =IFERROR(VLOOKUP($AC21,'Halo Infinite Stats'!$A:AX,43,0),) -> R1 | AC21: =IFERROR(__xludf.DUMMYFUNCTION("""COMPUTED_VALUE"""),"oh zilly") -> oh zilly | AD21: =IFERROR(__xludf.DUMMYFUNCTION("""COMPUTED_VALUE"""),"B-") -> B- | AE21: =IFERROR(__xludf.DUMMYFUNCTION("""COMPUTED_VALUE"""),9.275) -> 9.275 | AG21: =IFERROR(VLOOKUP($AI21,'Halo Infinite Stats'!$A:AR,44,0),) -> P16 | AH21: =IFERROR(VLOOKUP($AI21,'Halo Infinite Stats'!$A:AQ,43,0),) -> R2 | AI21: =IFERROR(__xludf.DUMMYFUNCTION("""COMPUTED_VALUE"""),"Mr epic beast") -> Mr epic beast | AJ21: =IFERROR(__xludf.DUMMYFUNCTION("""COMPUTED_VALUE"""),"C+") -> C+ | AK21: =IFERROR(__xludf.DUMMYFUNCTION("""COMPUTED_VALUE"""),16.6125) -> 16.6125 | AL21: =IFERROR(VLOOKUP($AI21,'Season+Playoffs Stats'!$A:$AM,2,0),) -> 18
B22: =IFERROR(__xludf.DUMMYFUNCTION("""COMPUTED_VALUE"""),"oh zilly") -> oh zilly | C22: =IFERROR(__xludf.DUMMYFUNCTION("""COMPUTED_VALUE"""),-0.6888901214709634) -> -0.68889012 | E22: =IFERROR(__xludf.DUMMYFUNCTION("""COMPUTED_VALUE"""),"yLuxe") -> yLuxe | F22: =IFERROR(__xludf.DUMMYFUNCTION("""COMPUTED_VALUE"""),6.431403965551773) -> 6.431404 | H22: =IFERROR(__xludf.DUMMYFUNCTION("""COMPUTED_VALUE"""),"ThePro#1771") -> ThePro#1771 | I22: =IFERROR(__xludf.DUMMYFUNCTION("""COMPUTED_VALUE"""),0.04240282685512368) -> 0.042402827 | K22: =IFERROR(__xludf.DUMMYFUNCTION("""COMPUTED_VALUE"""),"oh zilly") -> oh zilly | L22: =IFERROR(__xludf.DUMMYFUNCTION("""COMPUTED_VALUE"""),0.0990404348549559) -> 0.099040435 | N22: =IFERROR(__xludf.DUMMYFUNCTION("""COMPUTED_VALUE"""),"Holy Morals") -> Holy Morals | O22: =IFERROR(__xludf.DUMMYFUNCTION("""COMPUTED_VALUE"""),0.5939902166317261) -> 0.59399022 | Q22: =IFERROR(__xludf.DUMMYFUNCTION("""COMPUTED_VALUE"""),"NOPLEX") -> NOPLEX | R22: =IFERROR(__xludf.DUMMYFUNCTION("""COMPUTED_VALUE"""),0.14893646625937598) -> 0.14893647 | T22: =IFERROR(VLOOKUP($V22,'Halo Infinite Stats'!$A:AR,44,0),) -> PD | U22: =IFERROR(VLOOKUP($V22,'Halo Infinite Stats'!$A:AQ,43,0),) -> R3 | V22: =IFERROR(__xludf.DUMMYFUNCTION("""COMPUTED_VALUE"""),"KDSkill") -> KDSkill | W22: =IFERROR(__xludf.DUMMYFUNCTION("""COMPUTED_VALUE"""),"C+") -> C+ | X22: =IFERROR(__xludf.DUMMYFUNCTION("""COMPUTED_VALUE"""),15.6125) -> 15.6125 | Y22: =IFERROR(VLOOKUP($V22,'Halo Infinite Stats'!$A:$AM,2,0),) -> 7 | AA22: =IFERROR(VLOOKUP($AC22,'Halo Infinite Stats'!$A:AR,44,0),) -> PD | AB22: =IFERROR(VLOOKUP($AC22,'Halo Infinite Stats'!$A:AX,43,0),) -> R3 | AC22: =IFERROR(__xludf.DUMMYFUNCTION("""COMPUTED_VALUE"""),"ill Shrek u") -> ill Shrek u | AD22: =IFERROR(__xludf.DUMMYFUNCTION("""COMPUTED_VALUE"""),"C+") -> C+ | AE22: =IFERROR(__xludf.DUMMYFUNCTION("""COMPUTED_VALUE"""),8.950000000000001) -> 8.95 | AG22: =IFERROR(VLOOKUP($AI22,'Halo Infinite Stats'!$A:AR,44,0),) -> PD | AH22: =IFERROR(VLOOKUP($AI22,'Halo Infinite Stats'!$A:AQ,43,0),) -> R3 | AI22: =IFERROR(__xludf.DUMMYFUNCTION("""COMPUTED_VALUE"""),"KDSkill") -> KDSkill | AJ22: =IFERROR(__xludf.DUMMYFUNCTION("""COMPUTED_VALUE"""),"C+") -> C+ | AK22: =IFERROR(__xludf.DUMMYFUNCTION("""COMPUTED_VALUE"""),15.724999999999998) -> 15.725 | AL22: =IFERROR(VLOOKUP($AI22,'Season+Playoffs Stats'!$A:$AM,2,0),) -> 14
B23: =IFERROR(__xludf.DUMMYFUNCTION("""COMPUTED_VALUE"""),"Priest XYZ") -> Priest XYZ | C23: =IFERROR(__xludf.DUMMYFUNCTION("""COMPUTED_VALUE"""),-0.7080431214231844) -> -0.70804312 | E23: =IFERROR(__xludf.DUMMYFUNCTION("""COMPUTED_VALUE"""),"NOPLEX") -> NOPLEX | F23: =IFERROR(__xludf.DUMMYFUNCTION("""COMPUTED_VALUE"""),6.389241753909501) -> 6.3892418 | H23: =IFERROR(__xludf.DUMMYFUNCTION("""COMPUTED_VALUE"""),"MuNgO PuNgO") -> MuNgO PuNgO | I23: =IFERROR(__xludf.DUMMYFUNCTION("""COMPUTED_VALUE"""),0.041080063331764304) -> 0.041080063 | K23: =IFERROR(__xludf.DUMMYFUNCTION("""COMPUTED_VALUE"""),"Doerstopper") -> Doerstopper | L23: =IFERROR(__xludf.DUMMYFUNCTION("""COMPUTED_VALUE"""),0.0885021752641392) -> 0.088502175 | N23: =IFERROR(__xludf.DUMMYFUNCTION("""COMPUTED_VALUE"""),"ill Shrek u") -> ill Shrek u | O23: =IFERROR(__xludf.DUMMYFUNCTION("""COMPUTED_VALUE"""),0.5826702587557171) -> 0.58267026 | Q23: =IFERROR(__xludf.DUMMYFUNCTION("""COMPUTED_VALUE"""),"CaptainSev004") -> CaptainSev004 | R23: =IFERROR(__xludf.DUMMYFUNCTION("""COMPUTED_VALUE"""),0.13888919348648504) -> 0.13888919 | T23: =IFERROR(VLOOKUP($V23,'Halo Infinite Stats'!$A:AR,44,0),) -> P14 | U23: =IFERROR(VLOOKUP($V23,'Halo Infinite Stats'!$A:AQ,43,0),) -> R2 | V23: =IFERROR(__xludf.DUMMYFUNCTION("""COMPUTED_VALUE"""),"Grunt Padre") -> Grunt Padre | W23: =IFERROR(__xludf.DUMMYFUNCTION("""COMPUTED_VALUE"""),"C") -> C | X23: =IFERROR(__xludf.DUMMYFUNCTION("""COMPUTED_VALUE"""),14.8375) -> 14.8375 | Y23: =IFERROR(VLOOKUP($V23,'Halo Infinite Stats'!$A:$AM,2,0),) -> 22 | AA23: =IFERROR(VLOOKUP($AC23,'Halo Infinite Stats'!$A:AR,44,0),) -> P18 | AB23: =IFERROR(VLOOKUP($AC23,'Halo Infinite Stats'!$A:AX,43,0),) -> R2 | AC23: =IFERROR(__xludf.DUMMYFUNCTION("""COMPUTED_VALUE"""),"TommyWstSide") -> TommyWstSide | AD23: =IFERROR(__xludf.DUMMYFUNCTION("""COMPUTED_VALUE"""),"C+") -> C+ | AE23: =IFERROR(__xludf.DUMMYFUNCTION("""COMPUTED_VALUE"""),8.3) -> 8.3 | AG23: =IFERROR(VLOOKUP($AI23,'Halo Infinite Stats'!$A:AR,44,0),) -> P14 | AH23: =IFERROR(VLOOKUP($AI23,'Halo Infinite Stats'!$A:AQ,43,0),) -> R2 | AI23: =IFERROR(__xludf.DUMMYFUNCTION("""COMPUTED_VALUE"""),"Grunt Padre") -> Grunt Padre | AJ23: =IFERROR(__xludf.DUMMYFUNCTION("""COMPUTED_VALUE"""),"C") -> C | AK23: =IFERROR(__xludf.DUMMYFUNCTION("""COMPUTED_VALUE"""),15.3875) -> 15.3875 | AL23: =IFERROR(VLOOKUP($AI23,'Season+Playoffs Stats'!$A:$AM,2,0),) -> 26
B24: =IFERROR(__xludf.DUMMYFUNCTION("""COMPUTED_VALUE"""),"Clydrohsun") -> Clydrohsun | C24: =IFERROR(__xludf.DUMMYFUNCTION("""COMPUTED_VALUE"""),-0.723666577325114) -> -0.72366658 | E24: =IFERROR(__xludf.DUMMYFUNCTION("""COMPUTED_VALUE"""),"StarMonster8129") -> StarMonster8129 | F24: =IFERROR(__xludf.DUMMYFUNCTION("""COMPUTED_VALUE"""),6.3401543106340155) -> 6.3401543 | H24: =IFERROR(__xludf.DUMMYFUNCTION("""COMPUTED_VALUE"""),"DCleak") -> DCleak | I24: =IFERROR(__xludf.DUMMYFUNCTION("""COMPUTED_VALUE"""),0.03620455573993061) -> 0.036204556 | K24: =IFERROR(__xludf.DUMMYFUNCTION("""COMPUTED_VALUE"""),"Mr epic beast") -> Mr epic beast | L24: =IFERROR(__xludf.DUMMYFUNCTION("""COMPUTED_VALUE"""),0.08791982665222102) -> 0.087919827 | N24: =IFERROR(__xludf.DUMMYFUNCTION("""COMPUTED_VALUE"""),"GeneralCornBeef") -> GeneralCornBeef | O24: =IFERROR(__xludf.DUMMYFUNCTION("""COMPUTED_VALUE"""),0.5816375580836405) -> 0.58163756 | Q24: =IFERROR(__xludf.DUMMYFUNCTION("""COMPUTED_VALUE"""),"AwareMosquito") -> AwareMosquito | R24: =IFERROR(__xludf.DUMMYFUNCTION("""COMPUTED_VALUE"""),0.10664838572780988) -> 0.10664839 | T24: =IFERROR(VLOOKUP($V24,'Halo Infinite Stats'!$A:AR,44,0),) -> P13 | U24: =IFERROR(VLOOKUP($V24,'Halo Infinite Stats'!$A:AQ,43,0),) -> R2 | V24: =IFERROR(__xludf.DUMMYFUNCTION("""COMPUTED_VALUE"""),"CaptainSev004") -> CaptainSev004 | W24: =IFERROR(__xludf.DUMMYFUNCTION("""COMPUTED_VALUE"""),"C") -> C | X24: =IFERROR(__xludf.DUMMYFUNCTION("""COMPUTED_VALUE"""),14.725000000000001) -> 14.725 | Y24: =IFERROR(VLOOKUP($V24,'Halo Infinite Stats'!$A:$AM,2,0),) -> 19 | AA24: =IFERROR(VLOOKUP($AC24,'Halo Infinite Stats'!$A:AR,44,0),) -> P6 | AB24: =IFERROR(VLOOKUP($AC24,'Halo Infinite Stats'!$A:AX,43,0),) -> R1 | AC24: =IFERROR(__xludf.DUMMYFUNCTION("""COMPUTED_VALUE"""),"DCleak") -> DCleak | AD24: =IFERROR(__xludf.DUMMYFUNCTION("""COMPUTED_VALUE"""),"C") -> C | AE24: =IFERROR(__xludf.DUMMYFUNCTION("""COMPUTED_VALUE"""),8.1) -> 8.1 | AG24: =IFERROR(VLOOKUP($AI24,'Halo Infinite Stats'!$A:AR,44,0),) -> P13 | AH24: =IFERROR(VLOOKUP($AI24,'Halo Infinite Stats'!$A:AQ,43,0),) -> R2 | AI24: =IFERROR(__xludf.DUMMYFUNCTION("""COMPUTED_VALUE"""),"CaptainSev004") -> CaptainSev004 | AJ24: =IFERROR(__xludf.DUMMYFUNCTION("""COMPUTED_VALUE"""),"C") -> C | AK24: =IFERROR(__xludf.DUMMYFUNCTION("""COMPUTED_VALUE"""),14.812500000000002) -> 14.8125 | AL24: =IFERROR(VLOOKUP($AI24,'Season+Playoffs Stats'!$A:$AM,2,0),) -> 19
B25: =IFERROR(__xludf.DUMMYFUNCTION("""COMPUTED_VALUE"""),"CaptainSev004") -> CaptainSev004 | C25: =IFERROR(__xludf.DUMMYFUNCTION("""COMPUTED_VALUE"""),-0.7412687099073414) -> -0.74126871 | E25: =IFERROR(__xludf.DUMMYFUNCTION("""COMPUTED_VALUE"""),"ASpence501") -> ASpence501 | F25: =IFERROR(__xludf.DUMMYFUNCTION("""COMPUTED_VALUE"""),6.32791728212703) -> 6.3279173 | H25: =IFERROR(__xludf.DUMMYFUNCTION("""COMPUTED_VALUE"""),"Grunt Padre") -> Grunt Padre | I25: =IFERROR(__xludf.DUMMYFUNCTION("""COMPUTED_VALUE"""),0.03164696057316162) -> 0.031646961 | K25: =IFERROR(__xludf.DUMMYFUNCTION("""COMPUTED_VALUE"""),"SPANKTR0N") -> SPANKTR0N | L25: =IFERROR(__xludf.DUMMYFUNCTION("""COMPUTED_VALUE"""),0.07962040332147094) -> 0.079620403 | N25: =IFERROR(__xludf.DUMMYFUNCTION("""COMPUTED_VALUE"""),"NOPLEX") -> NOPLEX | O25: =IFERROR(__xludf.DUMMYFUNCTION("""COMPUTED_VALUE"""),0.5816326530612245) -> 0.58163265 | Q25: =IFERROR(__xludf.DUMMYFUNCTION("""COMPUTED_VALUE"""),"MuNgO PuNgO") -> MuNgO PuNgO | R25: =IFERROR(__xludf.DUMMYFUNCTION("""COMPUTED_VALUE"""),0.0957326573917684) -> 0.095732657 | T25: =IFERROR(VLOOKUP($V25,'Halo Infinite Stats'!$A:AR,44,0),) -> PD | U25: =IFERROR(VLOOKUP($V25,'Halo Infinite Stats'!$A:AQ,43,0),) -> R3 | V25: =IFERROR(__xludf.DUMMYFUNCTION("""COMPUTED_VALUE"""),"Priest XYZ") -> Priest XYZ | W25: =IFERROR(__xludf.DUMMYFUNCTION("""COMPUTED_VALUE"""),"C-") -> C- | X25: =IFERROR(__xludf.DUMMYFUNCTION("""COMPUTED_VALUE"""),14.512500000000001) -> 14.5125 | Y25: =IFERROR(VLOOKUP($V25,'Halo Infinite Stats'!$A:$AM,2,0),) -> 24 | AA25: =IFERROR(VLOOKUP($AC25,'Halo Infinite Stats'!$A:AR,44,0),) -> 3rd | AB25: =IFERROR(VLOOKUP($AC25,'Halo Infinite Stats'!$A:AX,43,0),) -> C | AC25: =IFERROR(__xludf.DUMMYFUNCTION("""COMPUTED_VALUE"""),"Amnatu") -> Amnatu | AD25: =IFERROR(__xludf.DUMMYFUNCTION("""COMPUTED_VALUE"""),"C") -> C | AE25: =IFERROR(__xludf.DUMMYFUNCTION("""COMPUTED_VALUE"""),7.9) -> 7.9 | AG25: =IFERROR(VLOOKUP($AI25,'Halo Infinite Stats'!$A:AR,44,0),) -> P6 | AH25: =IFERROR(VLOOKUP($AI25,'Halo Infinite Stats'!$A:AQ,43,0),) -> R1 | AI25: =IFERROR(__xludf.DUMMYFUNCTION("""COMPUTED_VALUE"""),"DCleak") -> DCleak | AJ25: =IFERROR(__xludf.DUMMYFUNCTION("""COMPUTED_VALUE"""),"C-") -> C- | AK25: =IFERROR(__xludf.DUMMYFUNCTION("""COMPUTED_VALUE"""),14.5) -> 14.5 | AL25: =IFERROR(VLOOKUP($AI25,'Season+Playoffs Stats'!$A:$AM,2,0),) -> 10
B26: =IFERROR(__xludf.DUMMYFUNCTION("""COMPUTED_VALUE"""),"AwareMosquito") -> AwareMosquito | C26: =IFERROR(__xludf.DUMMYFUNCTION("""COMPUTED_VALUE"""),-0.7834688081480756) -> -0.78346881 | E26: =IFERROR(__xludf.DUMMYFUNCTION("""COMPUTED_VALUE"""),"Clydrohsun") -> Clydrohsun | F26: =IFERROR(__xludf.DUMMYFUNCTION("""COMPUTED_VALUE"""),6.320021441972662) -> 6.3200214 | H26: =IFERROR(__xludf.DUMMYFUNCTION("""COMPUTED_VALUE"""),"Memorized") -> Memorized | I26: =IFERROR(__xludf.DUMMYFUNCTION("""COMPUTED_VALUE"""),0.031416902293433864) -> 0.031416902 | K26: =IFERROR(__xludf.DUMMYFUNCTION("""COMPUTED_VALUE"""),"Almighty Tycoon") -> Almighty Tycoon | L26: =IFERROR(__xludf.DUMMYFUNCTION("""COMPUTED_VALUE"""),0.07780837004405287) -> 0.07780837 | N26: =IFERROR(__xludf.DUMMYFUNCTION("""COMPUTED_VALUE"""),"KDSkill") -> KDSkill | O26: =IFERROR(__xludf.DUMMYFUNCTION("""COMPUTED_VALUE"""),0.570884871550904) -> 0.57088487 | Q26: =IFERROR(__xludf.DUMMYFUNCTION("""COMPUTED_VALUE"""),"Almighty Tycoon") -> Almighty Tycoon | R26: =IFERROR(__xludf.DUMMYFUNCTION("""COMPUTED_VALUE"""),0.06185191460521858) -> 0.061851915 | T26: =IFERROR(VLOOKUP($V26,'Halo Infinite Stats'!$A:AR,44,0),) -> P6 | U26: =IFERROR(VLOOKUP($V26,'Halo Infinite Stats'!$A:AQ,43,0),) -> R1 | V26: =IFERROR(__xludf.DUMMYFUNCTION("""COMPUTED_VALUE"""),"DCleak") -> DCleak | W26: =IFERROR(__xludf.DUMMYFUNCTION("""COMPUTED_VALUE"""),"C-") -> C- | X26: =IFERROR(__xludf.DUMMYFUNCTION("""COMPUTED_VALUE"""),14.200000000000001) -> 14.2 | Y26: =IFERROR(VLOOKUP($V26,'Halo Infinite Stats'!$A:$AM,2,0),) -> 10 | AA26: =IFERROR(VLOOKUP($AC26,'Halo Infinite Stats'!$A:AR,44,0),) -> P22 | AB26: =IFERROR(VLOOKUP($AC26,'Halo Infinite Stats'!$A:AX,43,0),) -> R2 | AC26: =IFERROR(__xludf.DUMMYFUNCTION("""COMPUTED_VALUE"""),"Almighty Tycoon") -> Almighty Tycoon | AD26: =IFERROR(__xludf.DUMMYFUNCTION("""COMPUTED_VALUE"""),"C-") -> C- | AE26: =IFERROR(__xludf.DUMMYFUNCTION("""COMPUTED_VALUE"""),7.324999999999999) -> 7.325 | AG26: =IFERROR(VLOOKUP($AI26,'Halo Infinite Stats'!$A:AR,44,0),) -> P21 | AH26: =IFERROR(VLOOKUP($AI26,'Halo Infinite Stats'!$A:AQ,43,0),) -> R2 | AI26: =IFERROR(__xludf.DUMMYFUNCTION("""COMPUTED_VALUE"""),"NOPLEX") -> NOPLEX | AJ26: =IFERROR(__xludf.DUMMYFUNCTION("""COMPUTED_VALUE"""),"C-") -> C- | AK26: =IFERROR(__xludf.DUMMYFUNCTION("""COMPUTED_VALUE"""),14.262500000000001) -> 14.2625 | AL26: =IFERROR(VLOOKUP($AI26,'Season+Playoffs Stats'!$A:$AM,2,0),) -> 24
B27: =IFERROR(__xludf.DUMMYFUNCTION("""COMPUTED_VALUE"""),"Pd Craig 69") -> Pd Craig 69 | C27: =IFERROR(__xludf.DUMMYFUNCTION("""COMPUTED_VALUE"""),-0.7902163687676388) -> -0.79021637 | E27: =IFERROR(__xludf.DUMMYFUNCTION("""COMPUTED_VALUE"""),"Pd Craig 69") -> Pd Craig 69 | F27: =IFERROR(__xludf.DUMMYFUNCTION("""COMPUTED_VALUE"""),6.284101599247413) -> 6.2841016 | H27: =IFERROR(__xludf.DUMMYFUNCTION("""COMPUTED_VALUE"""),"AwareMosquito") -> AwareMosquito | I27: =IFERROR(__xludf.DUMMYFUNCTION("""COMPUTED_VALUE"""),0.03133875232592302) -> 0.031338752 | K27: =IFERROR(__xludf.DUMMYFUNCTION("""COMPUTED_VALUE"""),"WeirdPG") -> WeirdPG | L27: =IFERROR(__xludf.DUMMYFUNCTION("""COMPUTED_VALUE"""),0.07774620443289762) -> 0.077746204 | N27: =IFERROR(__xludf.DUMMYFUNCTION("""COMPUTED_VALUE"""),"DCleak") -> DCleak | O27: =IFERROR(__xludf.DUMMYFUNCTION("""COMPUTED_VALUE"""),0.5702217529039071) -> 0.57022175 | Q27: =IFERROR(__xludf.DUMMYFUNCTION("""COMPUTED_VALUE"""),"Priest XYZ") -> Priest XYZ | R27: =IFERROR(__xludf.DUMMYFUNCTION("""COMPUTED_VALUE"""),0.05606790589000784) -> 0.056067906 | T27: =IFERROR(VLOOKUP($V27,'Halo Infinite Stats'!$A:AR,44,0),) -> 7th | U27: =IFERROR(VLOOKUP($V27,'Halo Infinite Stats'!$A:AQ,43,0),) -> C | V27: =IFERROR(__xludf.DUMMYFUNCTION("""COMPUTED_VALUE"""),"MuNgO PuNgO") -> MuNgO PuNgO | W27: =IFERROR(__xludf.DUMMYFUNCTION("""COMPUTED_VALUE"""),"D+") -> D+ | X27: =IFERROR(__xludf.DUMMYFUNCTION("""COMPUTED_VALUE"""),14.137500000000001) -> 14.1375 | Y27: =IFERROR(VLOOKUP($V27,'Halo Infinite Stats'!$A:$AM,2,0),) -> 21 | AA27: =IFERROR(VLOOKUP($AC27,'Halo Infinite Stats'!$A:AR,44,0),) -> 9th | AB27: =IFERROR(VLOOKUP($AC27,'Halo Infinite Stats'!$A:AX,43,0),) -> C | AC27: =IFERROR(__xludf.DUMMYFUNCTION("""COMPUTED_VALUE"""),"SPANKTR0N") -> SPANKTR0N | AD27: =IFERROR(__xludf.DUMMYFUNCTION("""COMPUTED_VALUE"""),"C-") -> C- | AE27: =IFERROR(__xludf.DUMMYFUNCTION("""COMPUTED_VALUE"""),6.625000000000001) -> 6.625 | AG27: =IFERROR(VLOOKUP($AI27,'Halo Infinite Stats'!$A:AR,44,0),) -> PD | AH27: =IFERROR(VLOOKUP($AI27,'Halo Infinite Stats'!$A:AQ,43,0),) -> R3 | AI27: =IFERROR(__xludf.DUMMYFUNCTION("""COMPUTED_VALUE"""),"Priest XYZ") -> Priest XYZ | AJ27: =IFERROR(__xludf.DUMMYFUNCTION("""COMPUTED_VALUE"""),"D+") -> D+ | AK27: =IFERROR(__xludf.DUMMYFUNCTION("""COMPUTED_VALUE"""),14.25) -> 14.25 | AL27: =IFERROR(VLOOKUP($AI27,'Season+Playoffs Stats'!$A:$AM,2,0),) -> 26
B28: =IFERROR(__xludf.DUMMYFUNCTION("""COMPUTED_VALUE"""),"Mr epic beast") -> Mr epic beast | C28: =IFERROR(__xludf.DUMMYFUNCTION("""COMPUTED_VALUE"""),-0.8775731310942578) -> -0.87757313 | E28: =IFERROR(__xludf.DUMMYFUNCTION("""COMPUTED_VALUE"""),"TJP37") -> TJP37 | F28: =IFERROR(__xludf.DUMMYFUNCTION("""COMPUTED_VALUE"""),6.263748230425787) -> 6.2637482 | H28: =IFERROR(__xludf.DUMMYFUNCTION("""COMPUTED_VALUE"""),"Beam1n1") -> Beam1n1 | I28: =IFERROR(__xludf.DUMMYFUNCTION("""COMPUTED_VALUE"""),0.031039834454216243) -> 0.031039834 | K28: =IFERROR(__xludf.DUMMYFUNCTION("""COMPUTED_VALUE"""),"Beam1n1") -> Beam1n1 | L28: =IFERROR(__xludf.DUMMYFUNCTION("""COMPUTED_VALUE"""),0.07697878944645628) -> 0.076978789 | N28: =IFERROR(__xludf.DUMMYFUNCTION("""COMPUTED_VALUE"""),"Its Rainin MenZ") -> Its Rainin MenZ | O28: =IFERROR(__xludf.DUMMYFUNCTION("""COMPUTED_VALUE"""),0.549835255354201) -> 0.54983526 | Q28: =IFERROR(__xludf.DUMMYFUNCTION("""COMPUTED_VALUE"""),"Deathcrawller") -> Deathcrawller | R28: =IFERROR(__xludf.DUMMYFUNCTION("""COMPUTED_VALUE"""),-0.06406347167633349) -> -0.064063472 | T28: =IFERROR(VLOOKUP($V28,'Halo Infinite Stats'!$A:AR,44,0),) -> P21 | U28: =IFERROR(VLOOKUP($V28,'Halo Infinite Stats'!$A:AQ,43,0),) -> R2 | V28: =IFERROR(__xludf.DUMMYFUNCTION("""COMPUTED_VALUE"""),"NOPLEX") -> NOPLEX | W28: =IFERROR(__xludf.DUMMYFUNCTION("""COMPUTED_VALUE"""),"D+") -> D+ | X28: =IFERROR(__xludf.DUMMYFUNCTION("""COMPUTED_VALUE"""),13.924999999999999) -> 13.925 | Y28: =IFERROR(VLOOKUP($V28,'Halo Infinite Stats'!$A:$AM,2,0),) -> 22 | AA28: =IFERROR(VLOOKUP($AC28,'Halo Infinite Stats'!$A:AR,44,0),) -> P7 | AB28: =IFERROR(VLOOKUP($AC28,'Halo Infinite Stats'!$A:AX,43,0),) -> R1 | AC28: =IFERROR(__xludf.DUMMYFUNCTION("""COMPUTED_VALUE"""),"Fanciest Pants") -> Fanciest Pants | AD28: =IFERROR(__xludf.DUMMYFUNCTION("""COMPUTED_VALUE"""),"D+") -> D+ | AE28: =IFERROR(__xludf.DUMMYFUNCTION("""COMPUTED_VALUE"""),6.5249999999999995) -> 6.525 | AG28: =IFERROR(VLOOKUP($AI28,'Halo Infinite Stats'!$A:AR,44,0),) -> 7th | AH28: =IFERROR(VLOOKUP($AI28,'Halo Infinite Stats'!$A:AQ,43,0),) -> C | AI28: =IFERROR(__xludf.DUMMYFUNCTION("""COMPUTED_VALUE"""),"MuNgO PuNgO") -> MuNgO PuNgO | AJ28: =IFERROR(__xludf.DUMMYFUNCTION("""COMPUTED_VALUE"""),"D+") -> D+ | AK28: =IFERROR(__xludf.DUMMYFUNCTION("""COMPUTED_VALUE"""),14.225000000000001) -> 14.225 | AL28: =IFERROR(VLOOKUP($AI28,'Season+Playoffs Stats'!$A:$AM,2,0),) -> 28
B29: =IFERROR(__xludf.DUMMYFUNCTION("""COMPUTED_VALUE"""),"MuNgO PuNgO") -> MuNgO PuNgO | C29: =IFERROR(__xludf.DUMMYFUNCTION("""COMPUTED_VALUE"""),-0.8780863537164619) -> -0.87808635 | E29: =IFERROR(__xludf.DUMMYFUNCTION("""COMPUTED_VALUE"""),"Its Rainin MenZ") -> Its Rainin MenZ | F29: =IFERROR(__xludf.DUMMYFUNCTION("""COMPUTED_VALUE"""),6.129877292154971) -> 6.1298773 | H29: =IFERROR(__xludf.DUMMYFUNCTION("""COMPUTED_VALUE"""),"Almighty Tycoon") -> Almighty Tycoon | I29: =IFERROR(__xludf.DUMMYFUNCTION("""COMPUTED_VALUE"""),0.02890969162995595) -> 0.028909692 | K29: =IFERROR(__xludf.DUMMYFUNCTION("""COMPUTED_VALUE"""),"StarMonster8129") -> StarMonster8129 | L29: =IFERROR(__xludf.DUMMYFUNCTION("""COMPUTED_VALUE"""),0.07648440120764845) -> 0.076484401 | N29: =IFERROR(__xludf.DUMMYFUNCTION("""COMPUTED_VALUE"""),"Beam1n1") -> Beam1n1 | O29: =IFERROR(__xludf.DUMMYFUNCTION("""COMPUTED_VALUE"""),0.5380237972064149) -> 0.5380238 | Q29: =IFERROR(__xludf.DUMMYFUNCTION("""COMPUTED_VALUE"""),"Clydrohsun") -> Clydrohsun | R29: =IFERROR(__xludf.DUMMYFUNCTION("""COMPUTED_VALUE"""),-0.1447333154650228) -> -0.14473332 | T29: =IFERROR(VLOOKUP($V29,'Halo Infinite Stats'!$A:AR,44,0),) -> P22 | U29: =IFERROR(VLOOKUP($V29,'Halo Infinite Stats'!$A:AQ,43,0),) -> R2 | V29: =IFERROR(__xludf.DUMMYFUNCTION("""COMPUTED_VALUE"""),"Almighty Tycoon") -> Almighty Tycoon | W29: =IFERROR(__xludf.DUMMYFUNCTION("""COMPUTED_VALUE"""),"D") -> D | X29: =IFERROR(__xludf.DUMMYFUNCTION("""COMPUTED_VALUE"""),13.612499999999999) -> 13.6125 | Y29: =IFERROR(VLOOKUP($V29,'Halo Infinite Stats'!$A:$AM,2,0),) -> 13 | AA29: =IFERROR(VLOOKUP($AC29,'Halo Infinite Stats'!$A:AR,44,0),) -> P39 | AB29: =IFERROR(VLOOKUP($AC29,'Halo Infinite Stats'!$A:AX,43,0),) -> R3 | AC29: =IFERROR(__xludf.DUMMYFUNCTION("""COMPUTED_VALUE"""),"WeirdPG") -> WeirdPG | AD29: =IFERROR(__xludf.DUMMYFUNCTION("""COMPUTED_VALUE"""),"D+") -> D+ | AE29: =IFERROR(__xludf.DUMMYFUNCTION("""COMPUTED_VALUE"""),6.425000000000001) -> 6.425 | AG29: =IFERROR(VLOOKUP($AI29,'Halo Infinite Stats'!$A:AR,44,0),) -> P20 | AH29: =IFERROR(VLOOKUP($AI29,'Halo Infinite Stats'!$A:AQ,43,0),) -> R2 | AI29: =IFERROR(__xludf.DUMMYFUNCTION("""COMPUTED_VALUE"""),"AwareMosquito") -> AwareMosquito | AJ29: =IFERROR(__xludf.DUMMYFUNCTION("""COMPUTED_VALUE"""),"D") -> D | AK29: =IFERROR(__xludf.DUMMYFUNCTION("""COMPUTED_VALUE"""),13.062500000000002) -> 13.0625 | AL29: =IFERROR(VLOOKUP($AI29,'Season+Playoffs Stats'!$A:$AM,2,0),) -> 32
B30: =IFERROR(__xludf.DUMMYFUNCTION("""COMPUTED_VALUE"""),"Its Rainin MenZ") -> Its Rainin MenZ | C30: =IFERROR(__xludf.DUMMYFUNCTION("""COMPUTED_VALUE"""),-0.9403005652833311) -> -0.94030057 | E30: =IFERROR(__xludf.DUMMYFUNCTION("""COMPUTED_VALUE"""),"Ram Osneb") -> Ram Osneb | F30: =IFERROR(__xludf.DUMMYFUNCTION("""COMPUTED_VALUE"""),6.0787513302589575) -> 6.0787513 | H30: =IFERROR(__xludf.DUMMYFUNCTION("""COMPUTED_VALUE"""),"Priest XYZ") -> Priest XYZ | I30: =IFERROR(__xludf.DUMMYFUNCTION("""COMPUTED_VALUE"""),0.026618162459518212) -> 0.026618162 | K30: =IFERROR(__xludf.DUMMYFUNCTION("""COMPUTED_VALUE"""),"Grunt Padre") -> Grunt Padre | L30: =IFERROR(__xludf.DUMMYFUNCTION("""COMPUTED_VALUE"""),0.07067821194672762) -> 0.070678212 | N30: =IFERROR(__xludf.DUMMYFUNCTION("""COMPUTED_VALUE"""),"Clydrohsun") -> Clydrohsun | O30: =IFERROR(__xludf.DUMMYFUNCTION("""COMPUTED_VALUE"""),0.5306888233717503) -> 0.53068882 | Q30: =IFERROR(__xludf.DUMMYFUNCTION("""COMPUTED_VALUE"""),"Pd Craig 69") -> Pd Craig 69 | R30: =IFERROR(__xludf.DUMMYFUNCTION("""COMPUTED_VALUE"""),-0.15051740357478835) -> -0.1505174 | T30: =IFERROR(VLOOKUP($V30,'Halo Infinite Stats'!$A:AR,44,0),) -> P20 | U30: =IFERROR(VLOOKUP($V30,'Halo Infinite Stats'!$A:AQ,43,0),) -> R2 | V30: =IFERROR(__xludf.DUMMYFUNCTION("""COMPUTED_VALUE"""),"AwareMosquito") -> AwareMosquito | W30: =IFERROR(__xludf.DUMMYFUNCTION("""COMPUTED_VALUE"""),"D") -> D | X30: =IFERROR(__xludf.DUMMYFUNCTION("""COMPUTED_VALUE"""),12.6125) -> 12.6125 | Y30: =IFERROR(VLOOKUP($V30,'Halo Infinite Stats'!$A:$AM,2,0),) -> 28 | AA30: =IFERROR(VLOOKUP($AC30,'Halo Infinite Stats'!$A:AR,44,0),) -> P21 | AB30: =IFERROR(VLOOKUP($AC30,'Halo Infinite Stats'!$A:AX,43,0),) -> R2 | AC30: =IFERROR(__xludf.DUMMYFUNCTION("""COMPUTED_VALUE"""),"NOPLEX") -> NOPLEX | AD30: =IFERROR(__xludf.DUMMYFUNCTION("""COMPUTED_VALUE"""),"D") -> D | AE30: =IFERROR(__xludf.DUMMYFUNCTION("""COMPUTED_VALUE"""),6.375000000000001) -> 6.375 | AG30: =IFERROR(VLOOKUP($AI30,'Halo Infinite Stats'!$A:AR,44,0),) -> P44 | AH30: =IFERROR(VLOOKUP($AI30,'Halo Infinite Stats'!$A:AQ,43,0),) -> R3 | AI30: =IFERROR(__xludf.DUMMYFUNCTION("""COMPUTED_VALUE"""),"GeneralCornBeef") -> GeneralCornBeef | AJ30: =IFERROR(__xludf.DUMMYFUNCTION("""COMPUTED_VALUE"""),"D") -> D | AK30: =IFERROR(__xludf.DUMMYFUNCTION("""COMPUTED_VALUE"""),12.987499999999999) -> 12.9875 | AL30: =IFERROR(VLOOKUP($AI30,'Season+Playoffs Stats'!$A:$AM,2,0),) -> 14
B31: =IFERROR(__xludf.DUMMYFUNCTION("""COMPUTED_VALUE"""),"Grunt Padre") -> Grunt Padre | C31: =IFERROR(__xludf.DUMMYFUNCTION("""COMPUTED_VALUE"""),-1.075996659487495) -> -1.0759967 | E31: =IFERROR(__xludf.DUMMYFUNCTION("""COMPUTED_VALUE"""),"Itzreelz") -> Itzreelz | F31: =IFERROR(__xludf.DUMMYFUNCTION("""COMPUTED_VALUE"""),5.9937968467304215) -> 5.9937968 | H31: =IFERROR(__xludf.DUMMYFUNCTION("""COMPUTED_VALUE"""),"NOPLEX") -> NOPLEX | I31: =IFERROR(__xludf.DUMMYFUNCTION("""COMPUTED_VALUE"""),0.026282360155942004) -> 0.02628236 | K31: =IFERROR(__xludf.DUMMYFUNCTION("""COMPUTED_VALUE"""),"NOPLEX") -> NOPLEX | L31: =IFERROR(__xludf.DUMMYFUNCTION("""COMPUTED_VALUE"""),0.06938543081168688) -> 0.069385431 | N31: =IFERROR(__xludf.DUMMYFUNCTION("""COMPUTED_VALUE"""),"CaptainSev004") -> CaptainSev004 | O31: =IFERROR(__xludf.DUMMYFUNCTION("""COMPUTED_VALUE"""),0.5238774055595152) -> 0.52387741 | Q31: =IFERROR(__xludf.DUMMYFUNCTION("""COMPUTED_VALUE"""),"Grunt Padre") -> Grunt Padre | R31: =IFERROR(__xludf.DUMMYFUNCTION("""COMPUTED_VALUE"""),-0.19480950776278455) -> -0.19480951 | T31: =IFERROR(VLOOKUP($V31,'Halo Infinite Stats'!$A:AR,44,0),) -> P44 | U31: =IFERROR(VLOOKUP($V31,'Halo Infinite Stats'!$A:AQ,43,0),) -> R3 | V31: =IFERROR(__xludf.DUMMYFUNCTION("""COMPUTED_VALUE"""),"GeneralCornBeef") -> GeneralCornBeef | W31: =IFERROR(__xludf.DUMMYFUNCTION("""COMPUTED_VALUE"""),"D-") -> D- | X31: =IFERROR(__xludf.DUMMYFUNCTION("""COMPUTED_VALUE"""),12.337499999999999) -> 12.3375 | Y31: =IFERROR(VLOOKUP($V31,'Halo Infinite Stats'!$A:$AM,2,0),) -> 14 | AA31: =IFERROR(VLOOKUP($AC31,'Halo Infinite Stats'!$A:AR,44,0),) -> P17 | AB31: =IFERROR(VLOOKUP($AC31,'Halo Infinite Stats'!$A:AX,43,0),) -> R2 | AC31: =IFERROR(__xludf.DUMMYFUNCTION("""COMPUTED_VALUE"""),"Beam1n1") -> Beam1n1 | AD31: =IFERROR(__xludf.DUMMYFUNCTION("""COMPUTED_VALUE"""),"D") -> D | AE31: =IFERROR(__xludf.DUMMYFUNCTION("""COMPUTED_VALUE"""),6.15) -> 6.15 | AG31: =IFERROR(VLOOKUP($AI31,'Halo Infinite Stats'!$A:AR,44,0),) -> P22 | AH31: =IFERROR(VLOOKUP($AI31,'Halo Infinite Stats'!$A:AQ,43,0),) -> R2 | AI31: =IFERROR(__xludf.DUMMYFUNCTION("""COMPUTED_VALUE"""),"Almighty Tycoon") -> Almighty Tycoon | AJ31: =IFERROR(__xludf.DUMMYFUNCTION("""COMPUTED_VALUE"""),"D-") -> D- | AK31: =IFERROR(__xludf.DUMMYFUNCTION("""COMPUTED_VALUE"""),12.6) -> 12.6 | AL31: =IFERROR(VLOOKUP($AI31,'Season+Playoffs Stats'!$A:$AM,2,0),) -> 17
