Workbook

Sheet Addto
A1: Add
A2: To Halo 4 Stats | B2: Team name per player
B3: location per player
B4: system per player
A6: To Rounds | B6: Host location used for games
B7: color code team MvP
A9: in general | B9: Player grades
B10: match averages
B11: top stat players
B12: hexas stats
B13: color code match history for rounds
B14: top 10 players per stat/time average
B15: combined team stats
A17: https://challonge.com/Halo4FallSeriesEventTwo
A20: Team MVP =

Sheet MassFormulaTesting
E1: NOT ADJUSTED FOR THE TOURNAMENT
C4: 0.03 | D4: 0.05 | E4: 0.02 | F4: 0.05 | G4: 0.05 | H4: 0.04 | I4: 0.05 | J4: 0 | K4: 0 | L4: 0.05 | M4: 0.05 | N4: 0.05 | O4: 6 | P4: 0.05 | Q4: 0.05 | R4: 0.06 | S4: 0.07 | T4: 0.08 | U4: 0.09 | V4: 0.1 | W4: 0.04 | X4: 0.03 | Y4: 0.06 | Z4: 0.02 | AA4: 0.04 | AB4: 0.015 | AC4: 0.015 | AD4: 0.015 | AE4: 0.05 | AF4: 0.05 | AG4: 0.01 | AH4: 0.05 | AI4: 0.05 | AJ4: 0.05 | AK4: 0.06 | AL4: 0.02
M5: =98-(((TotalAverages!J6/MassFormulaTesting!$B$28)*0.68)+0.3) -> 97.376925
C6: 0.1 | D6: 0.04 | E6: 0.03 | F6: 0.02 | G6: 0.06 | H6: 0.03 | I6: 5 | J6: 0 | K6: 0 | L6: 0.01 | M6: 0.08 | N6: 0.06 | O6: 0.03 | P6: 0.07 | Q6: 0.08 | R6: 0.05 | S6: 0.03 | T6: 0.02 | U6: 0.02 | V6: 0.02 | W6: 0.04 | X6: 0.02 | Y6: 0.02 | Z6: 0.04 | AA6: 0.05 | AB6: 0.02 | AC6: 0.01 | AD6: 0.01 | AE6: 0.05 | AF6: 0.05 | AG6: 0.01 | AH6: 0.05 | AI6: 0.04 | AJ6: 0.02 | AK6: 0.03 | AL6: 0.01
K8: Weighting
B9: Weighting | C9: Goals | D9: Kills | E9: Assists | F9: Deaths | G9: Spread | H9: Streak | I9: Betrayals | J9: TimeAlive | K9: GameTime | L9: AverageLife | M9: BombStops | N9: KillingSprees | O9: KillingFrenzies | P9: DoubleKills | Q9: TripleKills | R9: Overkills | S9: Killtaculars | T9: Killtrocities | U9: Killamanjaros | V9: Killtastrophe | W9: Bulltrues | X9: Avengers | Y9: BallClears | Z9: CarrierKillAssists | AA9: Catches | AB9: FastBreaks | AC9: FirstStrikes | AD9: FirstTouches | AE9: GoalDefences | AF9: GoalKeepers | AG9: HammerKills | AH9: Interceptions | AI9: LongBombs | AJ9: NiceCatches | AK9: Rejections | AL9: SwordKills
A10: 36 total stats | B10: =SUM(C10:AL10) -> 127 | C10: 10 | D10: 4 | E10: 3 | F10: 2 | G10: 3 | H10: 6 | I10: 5 | J10: 0 | K10: 0 | L10: 1 | M10: 8 | N10: 6 | O10: 3 | P10: 7 | Q10: 8 | R10: 5 | S10: 3 | T10: 2 | U10: 2 | V10: 2 | W10: 4 | X10: 2 | Y10: 2 | Z10: 4 | AA10: 5 | AB10: 2 | AC10: 1 | AD10: 1 | AE10: 5 | AF10: 5 | AG10: 1 | AH10: 5 | AI10: 4 | AJ10: 2 | AK10: 3 | AL10: 1
B11: Weighting of 98 | G11: Goals | H11: Kills | I11: Assists | J11: Deaths | K11: Spread | L11: Streak | M11: Betrayals | N11: TimeAlive | O11: GameTime | P11: AverageLife | Q11: BombStops | R11: KillingSprees | S11: KillingFrenzies | T11: DoubleKills | U11: TripleKills | V11: Overkills | W11: Killtaculars | X11: Killtrocities | Y11: Killamanjaros | Z11: Killtastrophe | AA11: Bulltrues | AB11: Avengers | AC11: BallClears | AD11: CarrierKillAssists | AE11: Catches | AF11: FastBreaks | AG11: FirstStrikes | AH11: FirstTouches | AI11: GoalDefences | AJ11: GoalKeepers | AK11: HammerKills | AL11: Interceptions | AM11: LongBombs | AN11: NiceCatches | AO11: Rejections | AP11: SwordKills
C12: Bot | D12: =(MAX(F13:F57)-MIN(F13:F57)) -> 0 | E12: God LEVEL player | F12: =((((G12*C$10)+(H12*D$10)+(I12*E$10)+(J12*F$10)+(K12*G$10)+(L12*H$10)+(M12*I$10)+(N12*J$10)+(O12*K$10)+(P12*L$10)+(Q12*M$10)+(R12*N$10)+(S12*O$10)+(T12*P$10)+(U12*Q$10)+(V12*R$10)+(W12*S$10)+(X12*T$10)+(Y12*U$10)+(Z12*V$10)+(AA12*W$10)+(AB12*X$10)+(AC12*Y$10)+(AD12*Z$10)+(AE12*AA$10)+(AF12*AB$10)+(AG12*AC$10)+(AH12*AD$10)+(AI12*AE$10)+(AJ12*AF$10)+(AK12*AG$10)+(AL12*AH$10)+(AM12*AI$10)+(AN12*AJ$10)+(AO12*AK$10)+(AP12*AL$10)))) -> 117.8042 | G12: =((3.4/MassFormulaTesting!$B$16)*0.68)+0.3 -> 0.31441996 | H12: 0.98 | I12: 0.98 | J12: 0.98 | K12: 0.98 | L12: 0.98 | M12: 0.98 | N12: 0.98 | O12: 0.98 | P12: 0.98 | Q12: 0.98 | R12: 0.98 | S12: 0.98 | T12: 0.98 | U12: 0.98 | V12: 0.98 | W12: 0.98 | X12: 0.98 | Y12: 0.98 | Z12: 0.98 | AA12: 0.98 | AB12: 0.98 | AC12: 0.98 | AD12: 0.98 | AE12: 0.98 | AF12: 0.98 | AG12: 0.98 | AH12: 0.98 | AI12: 0.98 | AJ12: 0.98 | AK12: 0.98 | AL12: 0.98 | AM12: 0.98 | AN12: 0.98 | AO12: 0.98 | AP12: 0.98
C13: =MIN(F13:F57) -> 0.3 | D13: =(((F13-$C$13)/$D$12)*0.68)+0.3 -> #DIV/0! | E13: =TotalAverages!A5 | F13: =(IFERROR(((G13*C$10)+(H13*D$10)+(I13*E$10)+(J13*F$10)+(K13*G$10)+(L13*H$10)+(M13*I$10)+(N13*J$10)+(O13*K$10)+(P13*L$10)+(Q13*M$10)+(R13*N$10)+(S13*O$10)+(T13*P$10)+(U13*Q$10)+(V13*R$10)+(W13*S$10)+(X13*T$10)+(Y13*U$10)+(Z13*V$10)+(AA13*W$10)+(AB13*X$10)+(AC13*Y$10)+(AD13*Z$10)+(AE13*AA$10)+(AF13*AB$10)+(AG13*AC$10)+(AH13*AD$10)+(AI13*AE$10)+(AJ13*AF$10)+(AK13*AG$10)+(AL13*AH$10)+(AM13*AI$10)+(AN13*AJ$10)+(AO13*AK$10)+(AP13*AL$10))/F$12,"")*0.68)+0.3 -> 0.3 | G13: =((TotalAverages!D5/MassFormulaTesting!$B$16)*0.68)+0.3 -> 0.3 | H13: =((TotalAverages!E5/MassFormulaTesting!$B$18)*0.68)+0.3 -> 0.3 | I13: =((TotalAverages!F5/MassFormulaTesting!$B$20)*0.68)+0.3 -> 0.3 | J13: =(IFERROR(MassFormulaTesting!$C$22/TotalAverages!G5,"")*0.68)+0.3 -> 0.3 | K13: =(((TotalAverages!H5+118)/(MassFormulaTesting!$B$24+118))*0.68)+0.3 -> 0.93766887 | L13: =((TotalAverages!I5/MassFormulaTesting!$B$26)*0.68)+0.3 -> 0.3 | M13: =((0.98-(TotalAverages!J5/MassFormulaTesting!$B$28)*0.68)) -> 0.98 | N13: =((TotalAverages!K5/MassFormulaTesting!$B$30)*0.68)+0.3 -> 0.3 | O13: =((TotalAverages!L5/MassFormulaTesting!$B$32)*0.68)+0.3 -> 0.3 | P13: =((TotalAverages!M5/MassFormulaTesting!$B$34)*0.68)+0.3 -> 0.3 | Q13: =((TotalAverages!N5/MassFormulaTesting!$B$36)*0.68)+0.3 -> #DIV/0! | R13: =((TotalAverages!O5/MassFormulaTesting!$B$38)*0.68)+0.3 -> 0.3 | S13: =(IFERROR(TotalAverages!P5/MassFormulaTesting!$B$40,"")*0.68)+0.3 -> 0.3 | T13: =((TotalAverages!T5/MassFormulaTesting!$B$48)*0.68)+0.3 -> 0.3 | U13: =((TotalAverages!U5/MassFormulaTesting!$B$50)*0.68)+0.3 -> 0.3 | V13: =((TotalAverages!V5/MassFormulaTesting!$B$52)*0.68)+0.3 -> 0.3 | W13: =(IFERROR(TotalAverages!W5/MassFormulaTesting!$B$54,"")*0.68)+0.3 -> 0.3 | X13: =(IFERROR(TotalAverages!X5/MassFormulaTesting!$B$56,"")*0.68)+0.3 -> 0.3 | Y13: =(IFERROR(TotalAverages!Y5/MassFormulaTesting!$B$58,"")*0.68)+0.3 -> 0.3 | Z13: =(IFERROR(TotalAverages!Z5/MassFormulaTesting!$B$60,"")*0.68)+0.3 -> 0.3 | AA13: =((TotalAverages!AD5/MassFormulaTesting!$B$68)*0.68)+0.3 -> 0.3 | AB13: =((TotalAverages!AG5/MassFormulaTesting!$B$74)*0.68)+0.3 -> #DIV/0! | AC13: =((TotalAverages!AH5/MassFormulaTesting!$B$76)*0.68)+0.3 -> #DIV/0! | AD13: =((TotalAverages!AK5/MassFormulaTesting!$B$82)*0.68)+0.3 -> #DIV/0! | AE13: =((TotalAverages!AL5/MassFormulaTesting!$B$84)*0.68)+0.3 -> #DIV/0! | AF13: =((TotalAverages!AM5/MassFormulaTesting!$B$86)*0.68)+0.3 -> #DIV/0! | AG13: =((TotalAverages!AN5/MassFormulaTesting!$B$88)*0.68)+0.3 -> #DIV/0! | AH13: =((TotalAverages!AO5/MassFormulaTesting!$B$90)*0.68)+0.3 -> #DIV/0! | AI13: =((TotalAverages!AP5/MassFormulaTesting!$B$92)*0.68)+0.3 -> #DIV/0! | AJ13: =((TotalAverages!AQ5/MassFormulaTesting!$B$94)*0.68)+0.3 -> #DIV/0! | AK13: =((TotalAverages!AR5/MassFormulaTesting!$B$96)*0.68)+0.3 -> #DIV/0! | AL13: =((TotalAverages!AS5/MassFormulaTesting!$B$98)*0.68)+0.3 -> #DIV/0! | AM13: =((TotalAverages!AT5/MassFormulaTesting!$B$100)*0.68)+0.3 -> #DIV/0! | AN13: =((TotalAverages!AV5/MassFormulaTesting!$B$104)*0.68)+0.3 -> #DIV/0! | AO13: =((TotalAverages!AW5/MassFormulaTesting!$B$106)*0.68)+0.3 -> #DIV/0! | AP13: =((TotalAverages!AX5/MassFormulaTesting!$B$108)*0.68)+0.3 -> #DIV/0!
A14: Top/Lowest per stat: Raw Value | D14: =(((F14-$C$13)/$D$12)*0.68)+0.3 -> #DIV/0! | E14: =TotalAverages!A6 -> ADhillyy | F14: =((IFERROR((G14*C$10)+(H14*D$10)+(I14*E$10)+(J14*F$10)+(K14*G$10)+(L14*H$10)+(M14*I$10)+(N14*J$10)+(O14*K$10)+(P14*L$10)+(Q14*M$10)+(R14*N$10)+(S14*O$10)+(T14*P$10)+(U14*Q$10)+(V14*R$10)+(W14*S$10)+(X14*T$10)+(Y14*U$10)+(Z14*V$10)+(AA14*W$10)+(AB14*X$10)+(AC14*Y$10)+(AD14*Z$10)+(AE14*AA$10)+(AF14*AB$10)+(AG14*AC$10)+(AH14*AD$10)+(AI14*AE$10)+(AJ14*AF$10)+(AK14*AG$10)+(AL14*AH$10)+(AM14*AI$10)+(AN14*AJ$10)+(AO14*AK$10)+(AP14*AL$10),"")/F$12)*0.68)+0.3 -> 0.3 | G14: =((TotalAverages!D6/MassFormulaTesting!$B$16)*0.68)+0.3 -> 0.54629047 | H14: =((TotalAverages!E6/MassFormulaTesting!$B$18)*0.68)+0.3 -> 0.70567846 | I14: =((TotalAverages!F6/MassFormulaTesting!$B$20)*0.68)+0.3 -> -0.23119736 | J14: =(IFERROR(MassFormulaTesting!$C$22/TotalAverages!G6,"")*0.68)+0.3 -> 4.01875 | K14: =(((TotalAverages!H6+118)/(MassFormulaTesting!$B$24+118))*0.68)+0.3 -> 0.95619678 | L14: =((TotalAverages!I6/MassFormulaTesting!$B$26)*0.68)+0.3 -> 0.41657143 | M14: =((0.98-(TotalAverages!J6/MassFormulaTesting!$B$28)*0.68)) -> 0.65692496 | N14: =((TotalAverages!K6/MassFormulaTesting!$B$30)*0.68)+0.3 -> 0.65186126 | O14: =((TotalAverages!L6/MassFormulaTesting!$B$32)*0.68)+0.3 -> 0.47713459 | P14: =((TotalAverages!M6/MassFormulaTesting!$B$34)*0.68)+0.3 -> 0.30314766 | Q14: =((TotalAverages!N6/MassFormulaTesting!$B$36)*0.68)+0.3 -> #DIV/0! | R14: =((TotalAverages!O6/MassFormulaTesting!$B$38)*0.68)+0.3 -> 0.32428571 | S14: =(IFERROR(TotalAverages!P6/MassFormulaTesting!$B$40,"")*0.68)+0.3 -> 0.3 | T14: =((TotalAverages!T6/MassFormulaTesting!$B$48)*0.68)+0.3 -> 0.3 | U14: =((TotalAverages!U6/MassFormulaTesting!$B$50)*0.68)+0.3 -> 0.48082616 | V14: =((TotalAverages!V6/MassFormulaTesting!$B$52)*0.68)+0.3 -> 0.45338346 | W14: =(IFERROR(TotalAverages!W6/MassFormulaTesting!$B$54,"")*0.68)+0.3 -> 0.37915344 | X14: =(IFERROR(TotalAverages!X6/MassFormulaTesting!$B$56,"")*0.68)+0.3 -> 0.3 | Y14: =(IFERROR(TotalAverages!Y6/MassFormulaTesting!$B$58,"")*0.68)+0.3 -> 0.3 | Z14: =(IFERROR(TotalAverages!Z6/MassFormulaTesting!$B$60,"")*0.68)+0.3 -> 0.3 | AA14: =((TotalAverages!AD6/MassFormulaTesting!$B$68)*0.68)+0.3 -> 0.3 | AB14: =((TotalAverages!AG6/MassFormulaTesting!$B$74)*0.68)+0.3 -> #DIV/0! | AC14: =((TotalAverages!AH6/MassFormulaTesting!$B$76)*0.68)+0.3 -> #DIV/0! | AD14: =((TotalAverages!AK6/MassFormulaTesting!$B$82)*0.68)+0.3 -> #DIV/0! | AE14: =((TotalAverages!AL6/MassFormulaTesting!$B$84)*0.68)+0.3 -> #DIV/0! | AF14: =((TotalAverages!AM6/MassFormulaTesting!$B$86)*0.68)+0.3 -> #DIV/0! | AG14: =((TotalAverages!AN6/MassFormulaTesting!$B$88)*0.68)+0.3 -> #DIV/0! | AH14: =((TotalAverages!AO6/MassFormulaTesting!$B$90)*0.68)+0.3 -> #DIV/0! | AI14: =((TotalAverages!AP6/MassFormulaTesting!$B$92)*0.68)+0.3 -> #DIV/0! | AJ14: =((TotalAverages!AQ6/MassFormulaTesting!$B$94)*0.68)+0.3 -> #DIV/0! | AK14: =((TotalAverages!AR6/MassFormulaTesting!$B$96)*0.68)+0.3 -> #DIV/0! | AL14: =((TotalAverages!AS6/MassFormulaTesting!$B$98)*0.68)+0.3 -> #DIV/0! | AM14: =((TotalAverages!AT6/MassFormulaTesting!$B$100)*0.68)+0.3 -> #DIV/0! | AN14: =((TotalAverages!AV6/MassFormulaTesting!$B$104)*0.68)+0.3 -> #DIV/0! | AO14: =((TotalAverages!AW6/MassFormulaTesting!$B$106)*0.68)+0.3 -> #DIV/0! | AP14: =((TotalAverages!AX6/MassFormulaTesting!$B$108)*0.68)+0.3 -> #DIV/0!
A15: =IFERROR(__xludf.DUMMYFUNCTION("Query(TotalAverages!A:AV,""Select A,D where A<>'' Order by D Desc Limit 1"")"),"OVERALL") -> OVERALL | B15: =IFERROR(__xludf.DUMMYFUNCTION("""COMPUTED_VALUE"""),"avg Kills") -> avg Kills | D15: =(((F15-$C$13)/$D$12)*0.68)+0.3 -> #DIV/0! | E15: =TotalAverages!A7 -> ASpence501 | F15: =((IFERROR((G15*C$10)+(H15*D$10)+(I15*E$10)+(J15*F$10)+(K15*G$10)+(L15*H$10)+(M15*I$10)+(N15*J$10)+(O15*K$10)+(P15*L$10)+(Q15*M$10)+(R15*N$10)+(S15*O$10)+(T15*P$10)+(U15*Q$10)+(V15*R$10)+(W15*S$10)+(X15*T$10)+(Y15*U$10)+(Z15*V$10)+(AA15*W$10)+(AB15*X$10)+(AC15*Y$10)+(AD15*Z$10)+(AE15*AA$10)+(AF15*AB$10)+(AG15*AC$10)+(AH15*AD$10)+(AI15*AE$10)+(AJ15*AF$10)+(AK15*AG$10)+(AL15*AH$10)+(AM15*AI$10)+(AN15*AJ$10)+(AO15*AK$10)+(AP15*AL$10),"")/F$12)*0.68)+0.3 -> 0.3 | G15: =((TotalAverages!D7/MassFormulaTesting!$B$16)*0.68)+0.3 -> 0.72562135 | H15: =((TotalAverages!E7/MassFormulaTesting!$B$18)*0.68)+0.3 -> 0.79594862 | I15: =((TotalAverages!F7/MassFormulaTesting!$B$20)*0.68)+0.3 -> 0.28535521 | J15: =(IFERROR(MassFormulaTesting!$C$22/TotalAverages!G7,"")*0.68)+0.3 -> 2.383004 | K15: =(((TotalAverages!H7+118)/(MassFormulaTesting!$B$24+118))*0.68)+0.3 -> 0.96573467 | L15: =((TotalAverages!I7/MassFormulaTesting!$B$26)*0.68)+0.3 -> 0.41845161 | M15: =((0.98-(TotalAverages!J7/MassFormulaTesting!$B$28)*0.68)) -> 0.52734705 | N15: =((TotalAverages!K7/MassFormulaTesting!$B$30)*0.68)+0.3 -> 0.77014578 | O15: =((TotalAverages!L7/MassFormulaTesting!$B$32)*0.68)+0.3 -> 0.5108473 | P15: =((TotalAverages!M7/MassFormulaTesting!$B$34)*0.68)+0.3 -> 0.30917899 | Q15: =((TotalAverages!N7/MassFormulaTesting!$B$36)*0.68)+0.3 -> #DIV/0! | R15: =((TotalAverages!O7/MassFormulaTesting!$B$38)*0.68)+0.3 -> 0.53580645 | S15: =(IFERROR(TotalAverages!P7/MassFormulaTesting!$B$40,"")*0.68)+0.3 -> 0.3 | T15: =((TotalAverages!T7/MassFormulaTesting!$B$48)*0.68)+0.3 -> 0.3 | U15: =((TotalAverages!U7/MassFormulaTesting!$B$50)*0.68)+0.3 -> 0.68849592 | V15: =((TotalAverages!V7/MassFormulaTesting!$B$52)*0.68)+0.3 -> 0.60132428 | W15: =(IFERROR(TotalAverages!W7/MassFormulaTesting!$B$54,"")*0.68)+0.3 -> 0.550227 | X15: =(IFERROR(TotalAverages!X7/MassFormulaTesting!$B$56,"")*0.68)+0.3 -> 0.56322581 | Y15: =(IFERROR(TotalAverages!Y7/MassFormulaTesting!$B$58,"")*0.68)+0.3 -> 0.36580645 | Z15: =(IFERROR(TotalAverages!Z7/MassFormulaTesting!$B$60,"")*0.68)+0.3 -> 0.52666667 | AA15: =((TotalAverages!AD7/MassFormulaTesting!$B$68)*0.68)+0.3 -> 0.3 | AB15: =((TotalAverages!AG7/MassFormulaTesting!$B$74)*0.68)+0.3 -> #DIV/0! | AC15: =((TotalAverages!AH7/MassFormulaTesting!$B$76)*0.68)+0.3 -> #DIV/0! | AD15: =((TotalAverages!AK7/MassFormulaTesting!$B$82)*0.68)+0.3 -> #DIV/0! | AE15: =((TotalAverages!AL7/MassFormulaTesting!$B$84)*0.68)+0.3 -> #DIV/0! | AF15: =((TotalAverages!AM7/MassFormulaTesting!$B$86)*0.68)+0.3 -> #DIV/0! | AG15: =((TotalAverages!AN7/MassFormulaTesting!$B$88)*0.68)+0.3 -> #DIV/0! | AH15: =((TotalAverages!AO7/MassFormulaTesting!$B$90)*0.68)+0.3 -> #DIV/0! | AI15: =((TotalAverages!AP7/MassFormulaTesting!$B$92)*0.68)+0.3 -> #DIV/0! | AJ15: =((TotalAverages!AQ7/MassFormulaTesting!$B$94)*0.68)+0.3 -> #DIV/0! | AK15: =((TotalAverages!AR7/MassFormulaTesting!$B$96)*0.68)+0.3 -> #DIV/0! | AL15: =((TotalAverages!AS7/MassFormulaTesting!$B$98)*0.68)+0.3 -> #DIV/0! | AM15: =((TotalAverages!AT7/MassFormulaTesting!$B$100)*0.68)+0.3 -> #DIV/0! | AN15: =((TotalAverages!AV7/MassFormulaTesting!$B$104)*0.68)+0.3 -> #DIV/0! | AO15: =((TotalAverages!AW7/MassFormulaTesting!$B$106)*0.68)+0.3 -> #DIV/0! | AP15: =((TotalAverages!AX7/MassFormulaTesting!$B$108)*0.68)+0.3 -> #DIV/0!
A16: =IFERROR(__xludf.DUMMYFUNCTION("""COMPUTED_VALUE"""),"Judasey") -> Judasey | B16: =IFERROR(__xludf.DUMMYFUNCTION("""COMPUTED_VALUE"""),160.33333333333334) -> 160.33333 | D16: =(((F16-$C$13)/$D$12)*0.68)+0.3 -> #DIV/0! | E16: =TotalAverages!A8 -> ActiveHate | F16: =((IFERROR((G16*C$10)+(H16*D$10)+(I16*E$10)+(J16*F$10)+(K16*G$10)+(L16*H$10)+(M16*I$10)+(N16*J$10)+(O16*K$10)+(P16*L$10)+(Q16*M$10)+(R16*N$10)+(S16*O$10)+(T16*P$10)+(U16*Q$10)+(V16*R$10)+(W16*S$10)+(X16*T$10)+(Y16*U$10)+(Z16*V$10)+(AA16*W$10)+(AB16*X$10)+(AC16*Y$10)+(AD16*Z$10)+(AE16*AA$10)+(AF16*AB$10)+(AG16*AC$10)+(AH16*AD$10)+(AI16*AE$10)+(AJ16*AF$10)+(AK16*AG$10)+(AL16*AH$10)+(AM16*AI$10)+(AN16*AJ$10)+(AO16*AK$10)+(AP16*AL$10),"")/F$12)*0.68)+0.3 -> 0.3 | G16: =((TotalAverages!D8/MassFormulaTesting!$B$16)*0.68)+0.3 -> 0.74468607 | H16: =((TotalAverages!E8/MassFormulaTesting!$B$18)*0.68)+0.3 -> 0.97839818 | I16: =((TotalAverages!F8/MassFormulaTesting!$B$20)*0.68)+0.3 -> -0.42097688 | J16: =(IFERROR(MassFormulaTesting!$C$22/TotalAverages!G8,"")*0.68)+0.3 -> 2.4794872 | K16: =(((TotalAverages!H8+118)/(MassFormulaTesting!$B$24+118))*0.68)+0.3 -> 0.96306755 | L16: =((TotalAverages!I8/MassFormulaTesting!$B$26)*0.68)+0.3 -> 0.4122 | M16: =((0.98-(TotalAverages!J8/MassFormulaTesting!$B$28)*0.68)) -> 0.41957385 | N16: =((TotalAverages!K8/MassFormulaTesting!$B$30)*0.68)+0.3 -> 0.88906731 | O16: =((TotalAverages!L8/MassFormulaTesting!$B$32)*0.68)+0.3 -> 0.48864834 | P16: =((TotalAverages!M8/MassFormulaTesting!$B$34)*0.68)+0.3 -> 0.30166826 | Q16: =((TotalAverages!N8/MassFormulaTesting!$B$36)*0.68)+0.3 -> #DIV/0! | R16: =((TotalAverages!O8/MassFormulaTesting!$B$38)*0.68)+0.3 -> 0.4615 | S16: =(IFERROR(TotalAverages!P8/MassFormulaTesting!$B$40,"")*0.68)+0.3 -> 0.3 | T16: =((TotalAverages!T8/MassFormulaTesting!$B$48)*0.68)+0.3 -> 0.3 | U16: =((TotalAverages!U8/MassFormulaTesting!$B$50)*0.68)+0.3 -> 0.65146988 | V16: =((TotalAverages!V8/MassFormulaTesting!$B$52)*0.68)+0.3 -> 0.606 | W16: =(IFERROR(TotalAverages!W8/MassFormulaTesting!$B$54,"")*0.68)+0.3 -> 0.57703704 | X16: =(IFERROR(TotalAverages!X8/MassFormulaTesting!$B$56,"")*0.68)+0.3 -> 0.3 | Y16: =(IFERROR(TotalAverages!Y8/MassFormulaTesting!$B$58,"")*0.68)+0.3 -> 0.3 | Z16: =(IFERROR(TotalAverages!Z8/MassFormulaTesting!$B$60,"")*0.68)+0.3 -> 0.3 | AA16: =((TotalAverages!AD8/MassFormulaTesting!$B$68)*0.68)+0.3 -> 0.3 | AB16: =((TotalAverages!AG8/MassFormulaTesting!$B$74)*0.68)+0.3 -> #DIV/0! | AC16: =((TotalAverages!AH8/MassFormulaTesting!$B$76)*0.68)+0.3 -> #DIV/0! | AD16: =((TotalAverages!AK8/MassFormulaTesting!$B$82)*0.68)+0.3 -> #DIV/0! | AE16: =((TotalAverages!AL8/MassFormulaTesting!$B$84)*0.68)+0.3 -> #DIV/0! | AF16: =((TotalAverages!AM8/MassFormulaTesting!$B$86)*0.68)+0.3 -> #DIV/0! | AG16: =((TotalAverages!AN8/MassFormulaTesting!$B$88)*0.68)+0.3 -> #DIV/0! | AH16: =((TotalAverages!AO8/MassFormulaTesting!$B$90)*0.68)+0.3 -> #DIV/0! | AI16: =((TotalAverages!AP8/MassFormulaTesting!$B$92)*0.68)+0.3 -> #DIV/0! | AJ16: =((TotalAverages!AQ8/MassFormulaTesting!$B$94)*0.68)+0.3 -> #DIV/0! | AK16: =((TotalAverages!AR8/MassFormulaTesting!$B$96)*0.68)+0.3 -> #DIV/0! | AL16: =((TotalAverages!AS8/MassFormulaTesting!$B$98)*0.68)+0.3 -> #DIV/0! | AM16: =((TotalAverages!AT8/MassFormulaTesting!$B$100)*0.68)+0.3 -> #DIV/0! | AN16: =((TotalAverages!AV8/MassFormulaTesting!$B$104)*0.68)+0.3 -> #DIV/0! | AO16: =((TotalAverages!AW8/MassFormulaTesting!$B$106)*0.68)+0.3 -> #DIV/0! | AP16: =((TotalAverages!AX8/MassFormulaTesting!$B$108)*0.68)+0.3 -> #DIV/0!
A17: =IFERROR(__xludf.DUMMYFUNCTION("Query(TotalAverages!A:AV,""Select A,E where A<>'' Order by E Desc Limit 1"")"),"OVERALL") -> OVERALL | B17: =IFERROR(__xludf.DUMMYFUNCTION("""COMPUTED_VALUE"""),"avg Deaths") -> avg Deaths | D17: =(((F17-$C$13)/$D$12)*0.68)+0.3 -> #DIV/0! | E17: =TotalAverages!A9 -> Almighty Tycoon | F17: =((IFERROR((G17*C$10)+(H17*D$10)+(I17*E$10)+(J17*F$10)+(K17*G$10)+(L17*H$10)+(M17*I$10)+(N17*J$10)+(O17*K$10)+(P17*L$10)+(Q17*M$10)+(R17*N$10)+(S17*O$10)+(T17*P$10)+(U17*Q$10)+(V17*R$10)+(W17*S$10)+(X17*T$10)+(Y17*U$10)+(Z17*V$10)+(AA17*W$10)+(AB17*X$10)+(AC17*Y$10)+(AD17*Z$10)+(AE17*AA$10)+(AF17*AB$10)+(AG17*AC$10)+(AH17*AD$10)+(AI17*AE$10)+(AJ17*AF$10)+(AK17*AG$10)+(AL17*AH$10)+(AM17*AI$10)+(AN17*AJ$10)+(AO17*AK$10)+(AP17*AL$10),"")/F$12)*0.68)+0.3 -> 0.3 | G17: =((TotalAverages!D9/MassFormulaTesting!$B$16)*0.68)+0.3 -> 0.64325156 | H17: =((TotalAverages!E9/MassFormulaTesting!$B$18)*0.68)+0.3 -> 0.78466363 | I17: =((TotalAverages!F9/MassFormulaTesting!$B$20)*0.68)+0.3 -> -0.084809249 | J17: =(IFERROR(MassFormulaTesting!$C$22/TotalAverages!G9,"")*0.68)+0.3 -> 3.6552632 | K17: =(((TotalAverages!H9+118)/(MassFormulaTesting!$B$24+118))*0.68)+0.3 -> 0.96288742 | L17: =((TotalAverages!I9/MassFormulaTesting!$B$26)*0.68)+0.3 -> 0.4496 | M17: =((0.98-(TotalAverages!J9/MassFormulaTesting!$B$28)*0.68)) -> 0.50340489 | N17: =((TotalAverages!K9/MassFormulaTesting!$B$30)*0.68)+0.3 -> 0.78586538 | O17: =((TotalAverages!L9/MassFormulaTesting!$B$32)*0.68)+0.3 -> 0.52555137 | P17: =((TotalAverages!M9/MassFormulaTesting!$B$34)*0.68)+0.3 -> 0.3083518 | Q17: =((TotalAverages!N9/MassFormulaTesting!$B$36)*0.68)+0.3 -> #DIV/0! | R17: =((TotalAverages!O9/MassFormulaTesting!$B$38)*0.68)+0.3 -> 0.39066667 | S17: =(IFERROR(TotalAverages!P9/MassFormulaTesting!$B$40,"")*0.68)+0.3 -> 0.3 | T17: =((TotalAverages!T9/MassFormulaTesting!$B$48)*0.68)+0.3 -> 0.3 | U17: =((TotalAverages!U9/MassFormulaTesting!$B$50)*0.68)+0.3 -> 0.51301205 | V17: =((TotalAverages!V9/MassFormulaTesting!$B$52)*0.68)+0.3 -> 0.45747368 | W17: =(IFERROR(TotalAverages!W9/MassFormulaTesting!$B$54,"")*0.68)+0.3 -> 0.52162963 | X17: =(IFERROR(TotalAverages!X9/MassFormulaTesting!$B$56,"")*0.68)+0.3 -> 0.39066667 | Y17: =(IFERROR(TotalAverages!Y9/MassFormulaTesting!$B$58,"")*0.68)+0.3 -> 0.436 | Z17: =(IFERROR(TotalAverages!Z9/MassFormulaTesting!$B$60,"")*0.68)+0.3 -> 0.3 | AA17: =((TotalAverages!AD9/MassFormulaTesting!$B$68)*0.68)+0.3 -> 0.3 | AB17: =((TotalAverages!AG9/MassFormulaTesting!$B$74)*0.68)+0.3 -> #DIV/0! | AC17: =((TotalAverages!AH9/MassFormulaTesting!$B$76)*0.68)+0.3 -> #DIV/0! | AD17: =((TotalAverages!AK9/MassFormulaTesting!$B$82)*0.68)+0.3 -> #DIV/0! | AE17: =((TotalAverages!AL9/MassFormulaTesting!$B$84)*0.68)+0.3 -> #DIV/0! | AF17: =((TotalAverages!AM9/MassFormulaTesting!$B$86)*0.68)+0.3 -> #DIV/0! | AG17: =((TotalAverages!AN9/MassFormulaTesting!$B$88)*0.68)+0.3 -> #DIV/0! | AH17: =((TotalAverages!AO9/MassFormulaTesting!$B$90)*0.68)+0.3 -> #DIV/0! | AI17: =((TotalAverages!AP9/MassFormulaTesting!$B$92)*0.68)+0.3 -> #DIV/0! | AJ17: =((TotalAverages!AQ9/MassFormulaTesting!$B$94)*0.68)+0.3 -> #DIV/0! | AK17: =((TotalAverages!AR9/MassFormulaTesting!$B$96)*0.68)+0.3 -> #DIV/0! | AL17: =((TotalAverages!AS9/MassFormulaTesting!$B$98)*0.68)+0.3 -> #DIV/0! | AM17: =((TotalAverages!AT9/MassFormulaTesting!$B$100)*0.68)+0.3 -> #DIV/0! | AN17: =((TotalAverages!AV9/MassFormulaTesting!$B$104)*0.68)+0.3 -> #DIV/0! | AO17: =((TotalAverages!AW9/MassFormulaTesting!$B$106)*0.68)+0.3 -> #DIV/0! | AP17: =((TotalAverages!AX9/MassFormulaTesting!$B$108)*0.68)+0.3 -> #DIV/0!
A18: =IFERROR(__xludf.DUMMYFUNCTION("""COMPUTED_VALUE"""),"oh zilly") -> oh zilly | B18: =IFERROR(__xludf.DUMMYFUNCTION("""COMPUTED_VALUE"""),138.52631578947367) -> 138.52632 | D18: =(((F18-$C$13)/$D$12)*0.68)+0.3 -> #DIV/0! | E18: =TotalAverages!A10 -> AwareMosquito | F18: =((IFERROR((G18*C$10)+(H18*D$10)+(I18*E$10)+(J18*F$10)+(K18*G$10)+(L18*H$10)+(M18*I$10)+(N18*J$10)+(O18*K$10)+(P18*L$10)+(Q18*M$10)+(R18*N$10)+(S18*O$10)+(T18*P$10)+(U18*Q$10)+(V18*R$10)+(W18*S$10)+(X18*T$10)+(Y18*U$10)+(Z18*V$10)+(AA18*W$10)+(AB18*X$10)+(AC18*Y$10)+(AD18*Z$10)+(AE18*AA$10)+(AF18*AB$10)+(AG18*AC$10)+(AH18*AD$10)+(AI18*AE$10)+(AJ18*AF$10)+(AK18*AG$10)+(AL18*AH$10)+(AM18*AI$10)+(AN18*AJ$10)+(AO18*AK$10)+(AP18*AL$10),"")/F$12)*0.68)+0.3 -> 0.3 | G18: =((TotalAverages!D10/MassFormulaTesting!$B$16)*0.68)+0.3 -> 0.66049896 | H18: =((TotalAverages!E10/MassFormulaTesting!$B$18)*0.68)+0.3 -> 0.82769757 | I18: =((TotalAverages!F10/MassFormulaTesting!$B$20)*0.68)+0.3 -> -0.18641619 | J18: =(IFERROR(MassFormulaTesting!$C$22/TotalAverages!G10,"")*0.68)+0.3 -> 4.6870968 | K18: =(((TotalAverages!H10+118)/(MassFormulaTesting!$B$24+118))*0.68)+0.3 -> 0.95928477 | L18: =((TotalAverages!I10/MassFormulaTesting!$B$26)*0.68)+0.3 -> 0.3255 | M18: =((0.98-(TotalAverages!J10/MassFormulaTesting!$B$28)*0.68)) -> 0.53858903 | N18: =((TotalAverages!K10/MassFormulaTesting!$B$30)*0.68)+0.3 -> 0.77012019 | O18: =((TotalAverages!L10/MassFormulaTesting!$B$32)*0.68)+0.3 -> 0.48156295 | P18: =((TotalAverages!M10/MassFormulaTesting!$B$34)*0.68)+0.3 -> 0.36547138 | Q18: =((TotalAverages!N10/MassFormulaTesting!$B$36)*0.68)+0.3 -> #DIV/0! | R18: =((TotalAverages!O10/MassFormulaTesting!$B$38)*0.68)+0.3 -> 0.3425 | S18: =(IFERROR(TotalAverages!P10/MassFormulaTesting!$B$40,"")*0.68)+0.3 -> 0.3 | T18: =((TotalAverages!T10/MassFormulaTesting!$B$48)*0.68)+0.3 -> 0.3 | U18: =((TotalAverages!U10/MassFormulaTesting!$B$50)*0.68)+0.3 -> 0.51198795 | V18: =((TotalAverages!V10/MassFormulaTesting!$B$52)*0.68)+0.3 -> 0.42078947 | W18: =(IFERROR(TotalAverages!W10/MassFormulaTesting!$B$54,"")*0.68)+0.3 -> 0.36925926 | X18: =(IFERROR(TotalAverages!X10/MassFormulaTesting!$B$56,"")*0.68)+0.3 -> 0.3 | Y18: =(IFERROR(TotalAverages!Y10/MassFormulaTesting!$B$58,"")*0.68)+0.3 -> 0.3 | Z18: =(IFERROR(TotalAverages!Z10/MassFormulaTesting!$B$60,"")*0.68)+0.3 -> 0.3 | AA18: =((TotalAverages!AD10/MassFormulaTesting!$B$68)*0.68)+0.3 -> 0.3 | AB18: =((TotalAverages!AG10/MassFormulaTesting!$B$74)*0.68)+0.3 -> #DIV/0! | AC18: =((TotalAverages!AH10/MassFormulaTesting!$B$76)*0.68)+0.3 -> #DIV/0! | AD18: =((TotalAverages!AK10/MassFormulaTesting!$B$82)*0.68)+0.3 -> #DIV/0! | AE18: =((TotalAverages!AL10/MassFormulaTesting!$B$84)*0.68)+0.3 -> #DIV/0! | AF18: =((TotalAverages!AM10/MassFormulaTesting!$B$86)*0.68)+0.3 -> #DIV/0! | AG18: =((TotalAverages!AN10/MassFormulaTesting!$B$88)*0.68)+0.3 -> #DIV/0! | AH18: =((TotalAverages!AO10/MassFormulaTesting!$B$90)*0.68)+0.3 -> #DIV/0! | AI18: =((TotalAverages!AP10/MassFormulaTesting!$B$92)*0.68)+0.3 -> #DIV/0! | AJ18: =((TotalAverages!AQ10/MassFormulaTesting!$B$94)*0.68)+0.3 -> #DIV/0! | AK18: =((TotalAverages!AR10/MassFormulaTesting!$B$96)*0.68)+0.3 -> #DIV/0! | AL18: =((TotalAverages!AS10/MassFormulaTesting!$B$98)*0.68)+0.3 -> #DIV/0! | AM18: =((TotalAverages!AT10/MassFormulaTesting!$B$100)*0.68)+0.3 -> #DIV/0! | AN18: =((TotalAverages!AV10/MassFormulaTesting!$B$104)*0.68)+0.3 -> #DIV/0! | AO18: =((TotalAverages!AW10/MassFormulaTesting!$B$106)*0.68)+0.3 -> #DIV/0! | AP18: =((TotalAverages!AX10/MassFormulaTesting!$B$108)*0.68)+0.3 -> #DIV/0!
A19: =IFERROR(__xludf.DUMMYFUNCTION("Query(TotalAverages!A:AV,""Select A,F where A<>'' Order by F Desc Limit 1"")"),"OVERALL") -> OVERALL | B19: =IFERROR(__xludf.DUMMYFUNCTION("""COMPUTED_VALUE"""),"avg Spread") -> avg Spread | D19: =(((F19-$C$13)/$D$12)*0.68)+0.3 -> #DIV/0! | E19: =TotalAverages!A11 -> Beautytism | F19: =((IFERROR((G19*C$10)+(H19*D$10)+(I19*E$10)+(J19*F$10)+(K19*G$10)+(L19*H$10)+(M19*I$10)+(N19*J$10)+(O19*K$10)+(P19*L$10)+(Q19*M$10)+(R19*N$10)+(S19*O$10)+(T19*P$10)+(U19*Q$10)+(V19*R$10)+(W19*S$10)+(X19*T$10)+(Y19*U$10)+(Z19*V$10)+(AA19*W$10)+(AB19*X$10)+(AC19*Y$10)+(AD19*Z$10)+(AE19*AA$10)+(AF19*AB$10)+(AG19*AC$10)+(AH19*AD$10)+(AI19*AE$10)+(AJ19*AF$10)+(AK19*AG$10)+(AL19*AH$10)+(AM19*AI$10)+(AN19*AJ$10)+(AO19*AK$10)+(AP19*AL$10),"")/F$12)*0.68)+0.3 -> 0.3 | G19: =((TotalAverages!D11/MassFormulaTesting!$B$16)*0.68)+0.3 -> 0.63886902 | H19: =((TotalAverages!E11/MassFormulaTesting!$B$18)*0.68)+0.3 -> 0.63404483 | I19: =((TotalAverages!F11/MassFormulaTesting!$B$20)*0.68)+0.3 -> 0.55617919 | J19: =(IFERROR(MassFormulaTesting!$C$22/TotalAverages!G11,"")*0.68)+0.3 -> 2.6287671 | K19: =(((TotalAverages!H11+118)/(MassFormulaTesting!$B$24+118))*0.68)+0.3 -> 0.96901192 | L19: =((TotalAverages!I11/MassFormulaTesting!$B$26)*0.68)+0.3 -> 0.7182 | M19: =((0.98-(TotalAverages!J11/MassFormulaTesting!$B$28)*0.68)) -> 0.51803965 | N19: =((TotalAverages!K11/MassFormulaTesting!$B$30)*0.68)+0.3 -> 0.75292788 | O19: =((TotalAverages!L11/MassFormulaTesting!$B$32)*0.68)+0.3 -> 0.62592764 | P19: =((TotalAverages!M11/MassFormulaTesting!$B$34)*0.68)+0.3 -> 0.30689338 | Q19: =((TotalAverages!N11/MassFormulaTesting!$B$36)*0.68)+0.3 -> #DIV/0! | R19: =((TotalAverages!O11/MassFormulaTesting!$B$38)*0.68)+0.3 -> 0.6145 | S19: =(IFERROR(TotalAverages!P11/MassFormulaTesting!$B$40,"")*0.68)+0.3 -> 0.3 | T19: =((TotalAverages!T11/MassFormulaTesting!$B$48)*0.68)+0.3 -> 0.3 | U19: =((TotalAverages!U11/MassFormulaTesting!$B$50)*0.68)+0.3 -> 0.53472289 | V19: =((TotalAverages!V11/MassFormulaTesting!$B$52)*0.68)+0.3 -> 0.43421053 | W19: =(IFERROR(TotalAverages!W11/MassFormulaTesting!$B$54,"")*0.68)+0.3 -> 0.43851852 | X19: =(IFERROR(TotalAverages!X11/MassFormulaTesting!$B$56,"")*0.68)+0.3 -> 0.436 | Y19: =(IFERROR(TotalAverages!Y11/MassFormulaTesting!$B$58,"")*0.68)+0.3 -> 0.504 | Z19: =(IFERROR(TotalAverages!Z11/MassFormulaTesting!$B$60,"")*0.68)+0.3 -> 0.3 | AA19: =((TotalAverages!AD11/MassFormulaTesting!$B$68)*0.68)+0.3 -> 0.3 | AB19: =((TotalAverages!AG11/MassFormulaTesting!$B$74)*0.68)+0.3 -> #DIV/0! | AC19: =((TotalAverages!AH11/MassFormulaTesting!$B$76)*0.68)+0.3 -> #DIV/0! | AD19: =((TotalAverages!AK11/MassFormulaTesting!$B$82)*0.68)+0.3 -> #DIV/0! | AE19: =((TotalAverages!AL11/MassFormulaTesting!$B$84)*0.68)+0.3 -> #DIV/0! | AF19: =((TotalAverages!AM11/MassFormulaTesting!$B$86)*0.68)+0.3 -> #DIV/0! | AG19: =((TotalAverages!AN11/MassFormulaTesting!$B$88)*0.68)+0.3 -> #DIV/0! | AH19: =((TotalAverages!AO11/MassFormulaTesting!$B$90)*0.68)+0.3 -> #DIV/0! | AI19: =((TotalAverages!AP11/MassFormulaTesting!$B$92)*0.68)+0.3 -> #DIV/0! | AJ19: =((TotalAverages!AQ11/MassFormulaTesting!$B$94)*0.68)+0.3 -> #DIV/0! | AK19: =((TotalAverages!AR11/MassFormulaTesting!$B$96)*0.68)+0.3 -> #DIV/0! | AL19: =((TotalAverages!AS11/MassFormulaTesting!$B$98)*0.68)+0.3 -> #DIV/0! | AM19: =((TotalAverages!AT11/MassFormulaTesting!$B$100)*0.68)+0.3 -> #DIV/0! | AN19: =((TotalAverages!AV11/MassFormulaTesting!$B$104)*0.68)+0.3 -> #DIV/0! | AO19: =((TotalAverages!AW11/MassFormulaTesting!$B$106)*0.68)+0.3 -> #DIV/0! | AP19: =((TotalAverages!AX11/MassFormulaTesting!$B$108)*0.68)+0.3 -> #DIV/0!
A20: =IFERROR(__xludf.DUMMYFUNCTION("""COMPUTED_VALUE"""),"oDhmon") -> oDhmon | B20: =IFERROR(__xludf.DUMMYFUNCTION("""COMPUTED_VALUE"""),31.454545454545453) -> 31.454545 | D20: =(((F20-$C$13)/$D$12)*0.68)+0.3 -> #DIV/0! | E20: =TotalAverages!A12 -> CaptainSev004 | F20: =((IFERROR((G20*C$10)+(H20*D$10)+(I20*E$10)+(J20*F$10)+(K20*G$10)+(L20*H$10)+(M20*I$10)+(N20*J$10)+(O20*K$10)+(P20*L$10)+(Q20*M$10)+(R20*N$10)+(S20*O$10)+(T20*P$10)+(U20*Q$10)+(V20*R$10)+(W20*S$10)+(X20*T$10)+(Y20*U$10)+(Z20*V$10)+(AA20*W$10)+(AB20*X$10)+(AC20*Y$10)+(AD20*Z$10)+(AE20*AA$10)+(AF20*AB$10)+(AG20*AC$10)+(AH20*AD$10)+(AI20*AE$10)+(AJ20*AF$10)+(AK20*AG$10)+(AL20*AH$10)+(AM20*AI$10)+(AN20*AJ$10)+(AO20*AK$10)+(AP20*AL$10),"")/F$12)*0.68)+0.3 -> 0.3 | G20: =((TotalAverages!D12/MassFormulaTesting!$B$16)*0.68)+0.3 -> 0.63158193 | H20: =((TotalAverages!E12/MassFormulaTesting!$B$18)*0.68)+0.3 -> 0.76990743 | I20: =((TotalAverages!F12/MassFormulaTesting!$B$20)*0.68)+0.3 -> -0.079306358 | J20: =(IFERROR(MassFormulaTesting!$C$22/TotalAverages!G12,"")*0.68)+0.3 -> 3.8283019 | K20: =(((TotalAverages!H12+118)/(MassFormulaTesting!$B$24+118))*0.68)+0.3 -> 0.95977604 | L20: =((TotalAverages!I12/MassFormulaTesting!$B$26)*0.68)+0.3 -> 0.43909091 | M20: =((0.98-(TotalAverages!J12/MassFormulaTesting!$B$28)*0.68)) -> 0.50117683 | N20: =((TotalAverages!K12/MassFormulaTesting!$B$30)*0.68)+0.3 -> 0.78513986 | O20: =((TotalAverages!L12/MassFormulaTesting!$B$32)*0.68)+0.3 -> 0.53188528 | P20: =((TotalAverages!M12/MassFormulaTesting!$B$34)*0.68)+0.3 -> 0.30847007 | Q20: =((TotalAverages!N12/MassFormulaTesting!$B$36)*0.68)+0.3 -> #DIV/0! | R20: =((TotalAverages!O12/MassFormulaTesting!$B$38)*0.68)+0.3 -> 0.40818182 | S20: =(IFERROR(TotalAverages!P12/MassFormulaTesting!$B$40,"")*0.68)+0.3 -> 0.3 | T20: =((TotalAverages!T12/MassFormulaTesting!$B$48)*0.68)+0.3 -> 0.3 | U20: =((TotalAverages!U12/MassFormulaTesting!$B$50)*0.68)+0.3 -> 0.5256736 | V20: =((TotalAverages!V12/MassFormulaTesting!$B$52)*0.68)+0.3 -> 0.40736842 | W20: =(IFERROR(TotalAverages!W12/MassFormulaTesting!$B$54,"")*0.68)+0.3 -> 0.3 | X20: =(IFERROR(TotalAverages!X12/MassFormulaTesting!$B$56,"")*0.68)+0.3 -> 0.3 | Y20: =(IFERROR(TotalAverages!Y12/MassFormulaTesting!$B$58,"")*0.68)+0.3 -> 0.3 | Z20: =(IFERROR(TotalAverages!Z12/MassFormulaTesting!$B$60,"")*0.68)+0.3 -> 0.3 | AA20: =((TotalAverages!AD12/MassFormulaTesting!$B$68)*0.68)+0.3 -> 0.3 | AB20: =((TotalAverages!AG12/MassFormulaTesting!$B$74)*0.68)+0.3 -> #DIV/0! | AC20: =((TotalAverages!AH12/MassFormulaTesting!$B$76)*0.68)+0.3 -> #DIV/0! | AD20: =((TotalAverages!AK12/MassFormulaTesting!$B$82)*0.68)+0.3 -> #DIV/0! | AE20: =((TotalAverages!AL12/MassFormulaTesting!$B$84)*0.68)+0.3 -> #DIV/0! | AF20: =((TotalAverages!AM12/MassFormulaTesting!$B$86)*0.68)+0.3 -> #DIV/0! | AG20: =((TotalAverages!AN12/MassFormulaTesting!$B$88)*0.68)+0.3 -> #DIV/0! | AH20: =((TotalAverages!AO12/MassFormulaTesting!$B$90)*0.68)+0.3 -> #DIV/0! | AI20: =((TotalAverages!AP12/MassFormulaTesting!$B$92)*0.68)+0.3 -> #DIV/0! | AJ20: =((TotalAverages!AQ12/MassFormulaTesting!$B$94)*0.68)+0.3 -> #DIV/0! | AK20: =((TotalAverages!AR12/MassFormulaTesting!$B$96)*0.68)+0.3 -> #DIV/0! | AL20: =((TotalAverages!AS12/MassFormulaTesting!$B$98)*0.68)+0.3 -> #DIV/0! | AM20: =((TotalAverages!AT12/MassFormulaTesting!$B$100)*0.68)+0.3 -> #DIV/0! | AN20: =((TotalAverages!AV12/MassFormulaTesting!$B$104)*0.68)+0.3 -> #DIV/0! | AO20: =((TotalAverages!AW12/MassFormulaTesting!$B$106)*0.68)+0.3 -> #DIV/0! | AP20: =((TotalAverages!AX12/MassFormulaTesting!$B$108)*0.68)+0.3 -> #DIV/0!
A21: =IFERROR(__xludf.DUMMYFUNCTION("Query(TotalAverages!A:AV,""Select A,G where A<>'' Order by G Desc Limit 1"")"),"OVERALL") -> OVERALL | B21: =IFERROR(__xludf.DUMMYFUNCTION("""COMPUTED_VALUE"""),"avg Assists") -> avg Assists | C21: Lowest | D21: =(((F21-$C$13)/$D$12)*0.68)+0.3 -> #DIV/0! | E21: =TotalAverages!A13 -> Cell x2 | F21: =((IFERROR((G21*C$10)+(H21*D$10)+(I21*E$10)+(J21*F$10)+(K21*G$10)+(L21*H$10)+(M21*I$10)+(N21*J$10)+(O21*K$10)+(P21*L$10)+(Q21*M$10)+(R21*N$10)+(S21*O$10)+(T21*P$10)+(U21*Q$10)+(V21*R$10)+(W21*S$10)+(X21*T$10)+(Y21*U$10)+(Z21*V$10)+(AA21*W$10)+(AB21*X$10)+(AC21*Y$10)+(AD21*Z$10)+(AE21*AA$10)+(AF21*AB$10)+(AG21*AC$10)+(AH21*AD$10)+(AI21*AE$10)+(AJ21*AF$10)+(AK21*AG$10)+(AL21*AH$10)+(AM21*AI$10)+(AN21*AJ$10)+(AO21*AK$10)+(AP21*AL$10),"")/F$12)*0.68)+0.3 -> 0.3 | G21: =((TotalAverages!D13/MassFormulaTesting!$B$16)*0.68)+0.3 -> 0.61384615 | H21: =((TotalAverages!E13/MassFormulaTesting!$B$18)*0.68)+0.3 -> 0.68930676 | I21: =((TotalAverages!F13/MassFormulaTesting!$B$20)*0.68)+0.3 -> 0.18525567 | J21: =(IFERROR(MassFormulaTesting!$C$22/TotalAverages!G13,"")*0.68)+0.3 -> 3.8645161 | K21: =(((TotalAverages!H13+118)/(MassFormulaTesting!$B$24+118))*0.68)+0.3 -> 0.96261029 | L21: =((TotalAverages!I13/MassFormulaTesting!$B$26)*0.68)+0.3 -> 0.42553846 | M21: =((0.98-(TotalAverages!J13/MassFormulaTesting!$B$28)*0.68)) -> 0.59698325 | N21: =((TotalAverages!K13/MassFormulaTesting!$B$30)*0.68)+0.3 -> 0.69667899 | O21: =((TotalAverages!L13/MassFormulaTesting!$B$32)*0.68)+0.3 -> 0.52482467 | P21: =((TotalAverages!M13/MassFormulaTesting!$B$34)*0.68)+0.3 -> 0.37714194 | Q21: =((TotalAverages!N13/MassFormulaTesting!$B$36)*0.68)+0.3 -> #DIV/0! | R21: =((TotalAverages!O13/MassFormulaTesting!$B$38)*0.68)+0.3 -> 0.41769231 | S21: =(IFERROR(TotalAverages!P13/MassFormulaTesting!$B$40,"")*0.68)+0.3 -> 0.3 | T21: =((TotalAverages!T13/MassFormulaTesting!$B$48)*0.68)+0.3 -> 0.3 | U21: =((TotalAverages!U13/MassFormulaTesting!$B$50)*0.68)+0.3 -> 0.54956441 | V21: =((TotalAverages!V13/MassFormulaTesting!$B$52)*0.68)+0.3 -> 0.51473684 | W21: =(IFERROR(TotalAverages!W13/MassFormulaTesting!$B$54,"")*0.68)+0.3 -> 0.51310541 | X21: =(IFERROR(TotalAverages!X13/MassFormulaTesting!$B$56,"")*0.68)+0.3 -> 0.3 | Y21: =(IFERROR(TotalAverages!Y13/MassFormulaTesting!$B$58,"")*0.68)+0.3 -> 0.3 | Z21: =(IFERROR(TotalAverages!Z13/MassFormulaTesting!$B$60,"")*0.68)+0.3 -> 0.3 | AA21: =((TotalAverages!AD13/MassFormulaTesting!$B$68)*0.68)+0.3 -> 0.3 | AB21: =((TotalAverages!AG13/MassFormulaTesting!$B$74)*0.68)+0.3 -> #DIV/0! | AC21: =((TotalAverages!AH13/MassFormulaTesting!$B$76)*0.68)+0.3 -> #DIV/0! | AD21: =((TotalAverages!AK13/MassFormulaTesting!$B$82)*0.68)+0.3 -> #DIV/0! | AE21: =((TotalAverages!AL13/MassFormulaTesting!$B$84)*0.68)+0.3 -> #DIV/0! | AF21: =((TotalAverages!AM13/MassFormulaTesting!$B$86)*0.68)+0.3 -> #DIV/0! | AG21: =((TotalAverages!AN13/MassFormulaTesting!$B$88)*0.68)+0.3 -> #DIV/0! | AH21: =((TotalAverages!AO13/MassFormulaTesting!$B$90)*0.68)+0.3 -> #DIV/0! | AI21: =((TotalAverages!AP13/MassFormulaTesting!$B$92)*0.68)+0.3 -> #DIV/0! | AJ21: =((TotalAverages!AQ13/MassFormulaTesting!$B$94)*0.68)+0.3 -> #DIV/0! | AK21: =((TotalAverages!AR13/MassFormulaTesting!$B$96)*0.68)+0.3 -> #DIV/0! | AL21: =((TotalAverages!AS13/MassFormulaTesting!$B$98)*0.68)+0.3 -> #DIV/0! | AM21: =((TotalAverages!AT13/MassFormulaTesting!$B$100)*0.68)+0.3 -> #DIV/0! | AN21: =((TotalAverages!AV13/MassFormulaTesting!$B$104)*0.68)+0.3 -> #DIV/0! | AO21: =((TotalAverages!AW13/MassFormulaTesting!$B$106)*0.68)+0.3 -> #DIV/0! | AP21: =((TotalAverages!AX13/MassFormulaTesting!$B$108)*0.68)+0.3 -> #DIV/0!
A22: =IFERROR(__xludf.DUMMYFUNCTION("""COMPUTED_VALUE"""),"Judasey") -> Judasey | B22: =IFERROR(__xludf.DUMMYFUNCTION("""COMPUTED_VALUE"""),11.666666666666666) -> 11.666667 | C22: 25 | D22: =(((F22-$C$13)/$D$12)*0.68)+0.3 -> #DIV/0! | E22: =TotalAverages!A14 -> Dhlyn | F22: =((IFERROR((G22*C$10)+(H22*D$10)+(I22*E$10)+(J22*F$10)+(K22*G$10)+(L22*H$10)+(M22*I$10)+(N22*J$10)+(O22*K$10)+(P22*L$10)+(Q22*M$10)+(R22*N$10)+(S22*O$10)+(T22*P$10)+(U22*Q$10)+(V22*R$10)+(W22*S$10)+(X22*T$10)+(Y22*U$10)+(Z22*V$10)+(AA22*W$10)+(AB22*X$10)+(AC22*Y$10)+(AD22*Z$10)+(AE22*AA$10)+(AF22*AB$10)+(AG22*AC$10)+(AH22*AD$10)+(AI22*AE$10)+(AJ22*AF$10)+(AK22*AG$10)+(AL22*AH$10)+(AM22*AI$10)+(AN22*AJ$10)+(AO22*AK$10)+(AP22*AL$10),"")/F$12)*0.68)+0.3 -> 0.3 | G22: =((TotalAverages!D14/MassFormulaTesting!$B$16)*0.68)+0.3 -> 0.60735967 | H22: =((TotalAverages!E14/MassFormulaTesting!$B$18)*0.68)+0.3 -> 0.61589666 | I22: =((TotalAverages!F14/MassFormulaTesting!$B$20)*0.68)+0.3 -> 0.47549133 | J22: =(IFERROR(MassFormulaTesting!$C$22/TotalAverages!G14,"")*0.68)+0.3 -> 5.2827586 | K22: =(((TotalAverages!H14+118)/(MassFormulaTesting!$B$24+118))*0.68)+0.3 -> 0.97613245 | L22: =((TotalAverages!I14/MassFormulaTesting!$B$26)*0.68)+0.3 -> 0.408 | M22: =((0.98-(TotalAverages!J14/MassFormulaTesting!$B$28)*0.68)) -> 0.49256296 | N22: =((TotalAverages!K14/MassFormulaTesting!$B$30)*0.68)+0.3 -> 0.76946267 | O22: =((TotalAverages!L14/MassFormulaTesting!$B$32)*0.68)+0.3 -> 0.69490593 | P22: =((TotalAverages!M14/MassFormulaTesting!$B$34)*0.68)+0.3 -> 0.69019904 | Q22: =((TotalAverages!N14/MassFormulaTesting!$B$36)*0.68)+0.3 -> #DIV/0! | R22: =((TotalAverages!O14/MassFormulaTesting!$B$38)*0.68)+0.3 -> 0.67 | S22: =(IFERROR(TotalAverages!P14/MassFormulaTesting!$B$40,"")*0.68)+0.3 -> 0.98 | T22: =((TotalAverages!T14/MassFormulaTesting!$B$48)*0.68)+0.3 -> 0.3 | U22: =((TotalAverages!U14/MassFormulaTesting!$B$50)*0.68)+0.3 -> 0.55301205 | V22: =((TotalAverages!V14/MassFormulaTesting!$B$52)*0.68)+0.3 -> 0.49578947 | W22: =(IFERROR(TotalAverages!W14/MassFormulaTesting!$B$54,"")*0.68)+0.3 -> 0.56074074 | X22: =(IFERROR(TotalAverages!X14/MassFormulaTesting!$B$56,"")*0.68)+0.3 -> 0.54 | Y22: =(IFERROR(TotalAverages!Y14/MassFormulaTesting!$B$58,"")*0.68)+0.3 -> 0.3 | Z22: =(IFERROR(TotalAverages!Z14/MassFormulaTesting!$B$60,"")*0.68)+0.3 -> 0.3 | AA22: =((TotalAverages!AD14/MassFormulaTesting!$B$68)*0.68)+0.3 -> 0.3 | AB22: =((TotalAverages!AG14/MassFormulaTesting!$B$74)*0.68)+0.3 -> #DIV/0! | AC22: =((TotalAverages!AH14/MassFormulaTesting!$B$76)*0.68)+0.3 -> #DIV/0! | AD22: =((TotalAverages!AK14/MassFormulaTesting!$B$82)*0.68)+0.3 -> #DIV/0! | AE22: =((TotalAverages!AL14/MassFormulaTesting!$B$84)*0.68)+0.3 -> #DIV/0! | AF22: =((TotalAverages!AM14/MassFormulaTesting!$B$86)*0.68)+0.3 -> #DIV/0! | AG22: =((TotalAverages!AN14/MassFormulaTesting!$B$88)*0.68)+0.3 -> #DIV/0! | AH22: =((TotalAverages!AO14/MassFormulaTesting!$B$90)*0.68)+0.3 -> #DIV/0! | AI22: =((TotalAverages!AP14/MassFormulaTesting!$B$92)*0.68)+0.3 -> #DIV/0! | AJ22: =((TotalAverages!AQ14/MassFormulaTesting!$B$94)*0.68)+0.3 -> #DIV/0! | AK22: =((TotalAverages!AR14/MassFormulaTesting!$B$96)*0.68)+0.3 -> #DIV/0! | AL22: =((TotalAverages!AS14/MassFormulaTesting!$B$98)*0.68)+0.3 -> #DIV/0! | AM22: =((TotalAverages!AT14/MassFormulaTesting!$B$100)*0.68)+0.3 -> #DIV/0! | AN22: =((TotalAverages!AV14/MassFormulaTesting!$B$104)*0.68)+0.3 -> #DIV/0! | AO22: =((TotalAverages!AW14/MassFormulaTesting!$B$106)*0.68)+0.3 -> #DIV/0! | AP22: =((TotalAverages!AX14/MassFormulaTesting!$B$108)*0.68)+0.3 -> #DIV/0!
A23: =IFERROR(__xludf.DUMMYFUNCTION("Query(TotalAverages!A:AV,""Select A,H where A<>'' Order by H Desc Limit 1"")"),"OVERALL") -> OVERALL | B23: =IFERROR(__xludf.DUMMYFUNCTION("""COMPUTED_VALUE"""),"avg Streak") -> avg Streak | C23: Lowest | D23: =(((F23-$C$13)/$D$12)*0.68)+0.3 -> #DIV/0! | E23: =TotalAverages!A15 -> Dior Glori | F23: =((IFERROR((G23*C$10)+(H23*D$10)+(I23*E$10)+(J23*F$10)+(K23*G$10)+(L23*H$10)+(M23*I$10)+(N23*J$10)+(O23*K$10)+(P23*L$10)+(Q23*M$10)+(R23*N$10)+(S23*O$10)+(T23*P$10)+(U23*Q$10)+(V23*R$10)+(W23*S$10)+(X23*T$10)+(Y23*U$10)+(Z23*V$10)+(AA23*W$10)+(AB23*X$10)+(AC23*Y$10)+(AD23*Z$10)+(AE23*AA$10)+(AF23*AB$10)+(AG23*AC$10)+(AH23*AD$10)+(AI23*AE$10)+(AJ23*AF$10)+(AK23*AG$10)+(AL23*AH$10)+(AM23*AI$10)+(AN23*AJ$10)+(AO23*AK$10)+(AP23*AL$10),"")/F$12)*0.68)+0.3 -> 0.3 | G23: =((TotalAverages!D15/MassFormulaTesting!$B$16)*0.68)+0.3 -> 0.56840511 | H23: =((TotalAverages!E15/MassFormulaTesting!$B$18)*0.68)+0.3 -> 0.65553843 | I23: =((TotalAverages!F15/MassFormulaTesting!$B$20)*0.68)+0.3 -> 0.10234517 | J23: =(IFERROR(MassFormulaTesting!$C$22/TotalAverages!G15,"")*0.68)+0.3 -> 3.8 | K23: =(((TotalAverages!H15+118)/(MassFormulaTesting!$B$24+118))*0.68)+0.3 -> 0.96430274 | L23: =((TotalAverages!I15/MassFormulaTesting!$B$26)*0.68)+0.3 -> 0.53314286 | M23: =((0.98-(TotalAverages!J15/MassFormulaTesting!$B$28)*0.68)) -> 0.58663129 | N23: =((TotalAverages!K15/MassFormulaTesting!$B$30)*0.68)+0.3 -> 0.69918956 | O23: =((TotalAverages!L15/MassFormulaTesting!$B$32)*0.68)+0.3 -> 0.55304941 | P23: =((TotalAverages!M15/MassFormulaTesting!$B$34)*0.68)+0.3 -> 0.39042784 | Q23: =((TotalAverages!N15/MassFormulaTesting!$B$36)*0.68)+0.3 -> #DIV/0! | R23: =((TotalAverages!O15/MassFormulaTesting!$B$38)*0.68)+0.3 -> 0.39714286 | S23: =(IFERROR(TotalAverages!P15/MassFormulaTesting!$B$40,"")*0.68)+0.3 -> 0.3 | T23: =((TotalAverages!T15/MassFormulaTesting!$B$48)*0.68)+0.3 -> 0.3 | U23: =((TotalAverages!U15/MassFormulaTesting!$B$50)*0.68)+0.3 -> 0.48784854 | V23: =((TotalAverages!V15/MassFormulaTesting!$B$52)*0.68)+0.3 -> 0.39969925 | W23: =(IFERROR(TotalAverages!W15/MassFormulaTesting!$B$54,"")*0.68)+0.3 -> 0.33957672 | X23: =(IFERROR(TotalAverages!X15/MassFormulaTesting!$B$56,"")*0.68)+0.3 -> 0.3 | Y23: =(IFERROR(TotalAverages!Y15/MassFormulaTesting!$B$58,"")*0.68)+0.3 -> 0.3 | Z23: =(IFERROR(TotalAverages!Z15/MassFormulaTesting!$B$60,"")*0.68)+0.3 -> 0.3 | AA23: =((TotalAverages!AD15/MassFormulaTesting!$B$68)*0.68)+0.3 -> 0.3 | AB23: =((TotalAverages!AG15/MassFormulaTesting!$B$74)*0.68)+0.3 -> #DIV/0! | AC23: =((TotalAverages!AH15/MassFormulaTesting!$B$76)*0.68)+0.3 -> #DIV/0! | AD23: =((TotalAverages!AK15/MassFormulaTesting!$B$82)*0.68)+0.3 -> #DIV/0! | AE23: =((TotalAverages!AL15/MassFormulaTesting!$B$84)*0.68)+0.3 -> #DIV/0! | AF23: =((TotalAverages!AM15/MassFormulaTesting!$B$86)*0.68)+0.3 -> #DIV/0! | AG23: =((TotalAverages!AN15/MassFormulaTesting!$B$88)*0.68)+0.3 -> #DIV/0! | AH23: =((TotalAverages!AO15/MassFormulaTesting!$B$90)*0.68)+0.3 -> #DIV/0! | AI23: =((TotalAverages!AP15/MassFormulaTesting!$B$92)*0.68)+0.3 -> #DIV/0! | AJ23: =((TotalAverages!AQ15/MassFormulaTesting!$B$94)*0.68)+0.3 -> #DIV/0! | AK23: =((TotalAverages!AR15/MassFormulaTesting!$B$96)*0.68)+0.3 -> #DIV/0! | AL23: =((TotalAverages!AS15/MassFormulaTesting!$B$98)*0.68)+0.3 -> #DIV/0! | AM23: =((TotalAverages!AT15/MassFormulaTesting!$B$100)*0.68)+0.3 -> #DIV/0! | AN23: =((TotalAverages!AV15/MassFormulaTesting!$B$104)*0.68)+0.3 -> #DIV/0! | AO23: =((TotalAverages!AW15/MassFormulaTesting!$B$106)*0.68)+0.3 -> #DIV/0! | AP23: =((TotalAverages!AX15/MassFormulaTesting!$B$108)*0.68)+0.3 -> #DIV/0!
A24: =IFERROR(__xludf.DUMMYFUNCTION("""COMPUTED_VALUE"""),"yLuxe") -> yLuxe | B24: =IFERROR(__xludf.DUMMYFUNCTION("""COMPUTED_VALUE"""),7.833333333333333) -> 7.8333333 | C24: -118 | D24: =(((F24-$C$13)/$D$12)*0.68)+0.3 -> #DIV/0! | E24: =TotalAverages!A16 -> DlGITAL PAIN | F24: =((IFERROR((G24*C$10)+(H24*D$10)+(I24*E$10)+(J24*F$10)+(K24*G$10)+(L24*H$10)+(M24*I$10)+(N24*J$10)+(O24*K$10)+(P24*L$10)+(Q24*M$10)+(R24*N$10)+(S24*O$10)+(T24*P$10)+(U24*Q$10)+(V24*R$10)+(W24*S$10)+(X24*T$10)+(Y24*U$10)+(Z24*V$10)+(AA24*W$10)+(AB24*X$10)+(AC24*Y$10)+(AD24*Z$10)+(AE24*AA$10)+(AF24*AB$10)+(AG24*AC$10)+(AH24*AD$10)+(AI24*AE$10)+(AJ24*AF$10)+(AK24*AG$10)+(AL24*AH$10)+(AM24*AI$10)+(AN24*AJ$10)+(AO24*AK$10)+(AP24*AL$10),"")/F$12)*0.68)+0.3 -> 0.3 | G24: =((TotalAverages!D16/MassFormulaTesting!$B$16)*0.68)+0.3 -> 0.80675072 | H24: =((TotalAverages!E16/MassFormulaTesting!$B$18)*0.68)+0.3 -> 0.76396215 | I24: =((TotalAverages!F16/MassFormulaTesting!$B$20)*0.68)+0.3 -> 0.83976506 | J24: =(IFERROR(MassFormulaTesting!$C$22/TotalAverages!G16,"")*0.68)+0.3 -> 2.6738739 | K24: =(((TotalAverages!H16+118)/(MassFormulaTesting!$B$24+118))*0.68)+0.3 -> 0.97427644 | L24: =((TotalAverages!I16/MassFormulaTesting!$B$26)*0.68)+0.3 -> 0.47109677 | M24: =((0.98-(TotalAverages!J16/MassFormulaTesting!$B$28)*0.68)) -> 0.43424955 | N24: =((TotalAverages!K16/MassFormulaTesting!$B$30)*0.68)+0.3 -> 0.83995347 | O24: =((TotalAverages!L16/MassFormulaTesting!$B$32)*0.68)+0.3 -> 0.57484431 | P24: =((TotalAverages!M16/MassFormulaTesting!$B$34)*0.68)+0.3 -> 0.31614446 | Q24: =((TotalAverages!N16/MassFormulaTesting!$B$36)*0.68)+0.3 -> #DIV/0! | R24: =((TotalAverages!O16/MassFormulaTesting!$B$38)*0.68)+0.3 -> 0.80451613 | S24: =(IFERROR(TotalAverages!P16/MassFormulaTesting!$B$40,"")*0.68)+0.3 -> 0.44916129 | T24: =((TotalAverages!T16/MassFormulaTesting!$B$48)*0.68)+0.3 -> 0.3 | U24: =((TotalAverages!U16/MassFormulaTesting!$B$50)*0.68)+0.3 -> 0.80266615 | V24: =((TotalAverages!V16/MassFormulaTesting!$B$52)*0.68)+0.3 -> 0.69483871 | W24: =(IFERROR(TotalAverages!W16/MassFormulaTesting!$B$54,"")*0.68)+0.3 -> 0.71108722 | X24: =(IFERROR(TotalAverages!X16/MassFormulaTesting!$B$56,"")*0.68)+0.3 -> 0.73870968 | Y24: =(IFERROR(TotalAverages!Y16/MassFormulaTesting!$B$58,"")*0.68)+0.3 -> 0.69483871 | Z24: =(IFERROR(TotalAverages!Z16/MassFormulaTesting!$B$60,"")*0.68)+0.3 -> 0.98 | AA24: =((TotalAverages!AD16/MassFormulaTesting!$B$68)*0.68)+0.3 -> 0.98 | AB24: =((TotalAverages!AG16/MassFormulaTesting!$B$74)*0.68)+0.3 -> #DIV/0! | AC24: =((TotalAverages!AH16/MassFormulaTesting!$B$76)*0.68)+0.3 -> #DIV/0! | AD24: =((TotalAverages!AK16/MassFormulaTesting!$B$82)*0.68)+0.3 -> #DIV/0! | AE24: =((TotalAverages!AL16/MassFormulaTesting!$B$84)*0.68)+0.3 -> #DIV/0! | AF24: =((TotalAverages!AM16/MassFormulaTesting!$B$86)*0.68)+0.3 -> #DIV/0! | AG24: =((TotalAverages!AN16/MassFormulaTesting!$B$88)*0.68)+0.3 -> #DIV/0! | AH24: =((TotalAverages!AO16/MassFormulaTesting!$B$90)*0.68)+0.3 -> #DIV/0! | AI24: =((TotalAverages!AP16/MassFormulaTesting!$B$92)*0.68)+0.3 -> #DIV/0! | AJ24: =((TotalAverages!AQ16/MassFormulaTesting!$B$94)*0.68)+0.3 -> #DIV/0! | AK24: =((TotalAverages!AR16/MassFormulaTesting!$B$96)*0.68)+0.3 -> #DIV/0! | AL24: =((TotalAverages!AS16/MassFormulaTesting!$B$98)*0.68)+0.3 -> #DIV/0! | AM24: =((TotalAverages!AT16/MassFormulaTesting!$B$100)*0.68)+0.3 -> #DIV/0! | AN24: =((TotalAverages!AV16/MassFormulaTesting!$B$104)*0.68)+0.3 -> #DIV/0! | AO24: =((TotalAverages!AW16/MassFormulaTesting!$B$106)*0.68)+0.3 -> #DIV/0! | AP24: =((TotalAverages!AX16/MassFormulaTesting!$B$108)*0.68)+0.3 -> #DIV/0!
A25: =IFERROR(__xludf.DUMMYFUNCTION("Query(TotalAverages!A:AV,""Select A,I where A<>'' Order by I Desc Limit 1"")"),"OVERALL") -> OVERALL | B25: =IFERROR(__xludf.DUMMYFUNCTION("""COMPUTED_VALUE"""),"avg Betrayals") -> avg Betrayals | D25: =(((F25-$C$13)/$D$12)*0.68)+0.3 -> #DIV/0! | E25: =TotalAverages!A17 -> Doerstopper | F25: =((IFERROR((G25*C$10)+(H25*D$10)+(I25*E$10)+(J25*F$10)+(K25*G$10)+(L25*H$10)+(M25*I$10)+(N25*J$10)+(O25*K$10)+(P25*L$10)+(Q25*M$10)+(R25*N$10)+(S25*O$10)+(T25*P$10)+(U25*Q$10)+(V25*R$10)+(W25*S$10)+(X25*T$10)+(Y25*U$10)+(Z25*V$10)+(AA25*W$10)+(AB25*X$10)+(AC25*Y$10)+(AD25*Z$10)+(AE25*AA$10)+(AF25*AB$10)+(AG25*AC$10)+(AH25*AD$10)+(AI25*AE$10)+(AJ25*AF$10)+(AK25*AG$10)+(AL25*AH$10)+(AM25*AI$10)+(AN25*AJ$10)+(AO25*AK$10)+(AP25*AL$10),"")/F$12)*0.68)+0.3 -> 0.3 | G25: =((TotalAverages!D17/MassFormulaTesting!$B$16)*0.68)+0.3 -> 0.57544006 | H25: =((TotalAverages!E17/MassFormulaTesting!$B$18)*0.68)+0.3 -> 0.7848818 | I25: =((TotalAverages!F17/MassFormulaTesting!$B$20)*0.68)+0.3 -> -0.43142582 | J25: =(IFERROR(MassFormulaTesting!$C$22/TotalAverages!G17,"")*0.68)+0.3 -> 12.069231 | K25: =(((TotalAverages!H17+118)/(MassFormulaTesting!$B$24+118))*0.68)+0.3 -> 0.95808389 | L25: =((TotalAverages!I17/MassFormulaTesting!$B$26)*0.68)+0.3 -> 0.36233333 | M25: =((0.98-(TotalAverages!J17/MassFormulaTesting!$B$28)*0.68)) -> 0.44116568 | N25: =((TotalAverages!K17/MassFormulaTesting!$B$30)*0.68)+0.3 -> 0.83559295 | O25: =((TotalAverages!L17/MassFormulaTesting!$B$32)*0.68)+0.3 -> 0.59030391 | P25: =((TotalAverages!M17/MassFormulaTesting!$B$34)*0.68)+0.3 -> 0.67908347 | Q25: =((TotalAverages!N17/MassFormulaTesting!$B$36)*0.68)+0.3 -> #DIV/0! | R25: =((TotalAverages!O17/MassFormulaTesting!$B$38)*0.68)+0.3 -> 0.35666667 | S25: =(IFERROR(TotalAverages!P17/MassFormulaTesting!$B$40,"")*0.68)+0.3 -> 0.3 | T25: =((TotalAverages!T17/MassFormulaTesting!$B$48)*0.68)+0.3 -> 0.98 | U25: =((TotalAverages!U17/MassFormulaTesting!$B$50)*0.68)+0.3 -> 0.4324498 | V25: =((TotalAverages!V17/MassFormulaTesting!$B$52)*0.68)+0.3 -> 0.33578947 | W25: =(IFERROR(TotalAverages!W17/MassFormulaTesting!$B$54,"")*0.68)+0.3 -> 0.33078189 | X25: =(IFERROR(TotalAverages!X17/MassFormulaTesting!$B$56,"")*0.68)+0.3 -> 0.37555556 | Y25: =(IFERROR(TotalAverages!Y17/MassFormulaTesting!$B$58,"")*0.68)+0.3 -> 0.3 | Z25: =(IFERROR(TotalAverages!Z17/MassFormulaTesting!$B$60,"")*0.68)+0.3 -> 0.3 | AA25: =((TotalAverages!AD17/MassFormulaTesting!$B$68)*0.68)+0.3 -> 0.3 | AB25: =((TotalAverages!AG17/MassFormulaTesting!$B$74)*0.68)+0.3 -> #DIV/0! | AC25: =((TotalAverages!AH17/MassFormulaTesting!$B$76)*0.68)+0.3 -> #DIV/0! | AD25: =((TotalAverages!AK17/MassFormulaTesting!$B$82)*0.68)+0.3 -> #DIV/0! | AE25: =((TotalAverages!AL17/MassFormulaTesting!$B$84)*0.68)+0.3 -> #DIV/0! | AF25: =((TotalAverages!AM17/MassFormulaTesting!$B$86)*0.68)+0.3 -> #DIV/0! | AG25: =((TotalAverages!AN17/MassFormulaTesting!$B$88)*0.68)+0.3 -> #DIV/0! | AH25: =((TotalAverages!AO17/MassFormulaTesting!$B$90)*0.68)+0.3 -> #DIV/0! | AI25: =((TotalAverages!AP17/MassFormulaTesting!$B$92)*0.68)+0.3 -> #DIV/0! | AJ25: =((TotalAverages!AQ17/MassFormulaTesting!$B$94)*0.68)+0.3 -> #DIV/0! | AK25: =((TotalAverages!AR17/MassFormulaTesting!$B$96)*0.68)+0.3 -> #DIV/0! | AL25: =((TotalAverages!AS17/MassFormulaTesting!$B$98)*0.68)+0.3 -> #DIV/0! | AM25: =((TotalAverages!AT17/MassFormulaTesting!$B$100)*0.68)+0.3 -> #DIV/0! | AN25: =((TotalAverages!AV17/MassFormulaTesting!$B$104)*0.68)+0.3 -> #DIV/0! | AO25: =((TotalAverages!AW17/MassFormulaTesting!$B$106)*0.68)+0.3 -> #DIV/0! | AP25: =((TotalAverages!AX17/MassFormulaTesting!$B$108)*0.68)+0.3 -> #DIV/0!
A26: =IFERROR(__xludf.DUMMYFUNCTION("""COMPUTED_VALUE"""),"Judasey") -> Judasey | B26: =IFERROR(__xludf.DUMMYFUNCTION("""COMPUTED_VALUE"""),6.666666666666667) -> 6.6666667 | D26: =(((F26-$C$13)/$D$12)*0.68)+0.3 -> #DIV/0! | E26: =TotalAverages!A18 -> EllisGotMyPills | F26: =((IFERROR((G26*C$10)+(H26*D$10)+(I26*E$10)+(J26*F$10)+(K26*G$10)+(L26*H$10)+(M26*I$10)+(N26*J$10)+(O26*K$10)+(P26*L$10)+(Q26*M$10)+(R26*N$10)+(S26*O$10)+(T26*P$10)+(U26*Q$10)+(V26*R$10)+(W26*S$10)+(X26*T$10)+(Y26*U$10)+(Z26*V$10)+(AA26*W$10)+(AB26*X$10)+(AC26*Y$10)+(AD26*Z$10)+(AE26*AA$10)+(AF26*AB$10)+(AG26*AC$10)+(AH26*AD$10)+(AI26*AE$10)+(AJ26*AF$10)+(AK26*AG$10)+(AL26*AH$10)+(AM26*AI$10)+(AN26*AJ$10)+(AO26*AK$10)+(AP26*AL$10),"")/F$12)*0.68)+0.3 -> 0.3 | G26: =((TotalAverages!D18/MassFormulaTesting!$B$16)*0.68)+0.3 -> 0.56248094 | H26: =((TotalAverages!E18/MassFormulaTesting!$B$18)*0.68)+0.3 -> 0.53071429 | I26: =((TotalAverages!F18/MassFormulaTesting!$B$20)*0.68)+0.3 -> 0.6218754 | J26: =(IFERROR(MassFormulaTesting!$C$22/TotalAverages!G18,"")*0.68)+0.3 -> 6.8106383 | K26: =(((TotalAverages!H18+118)/(MassFormulaTesting!$B$24+118))*0.68)+0.3 -> 0.97429581 | L26: =((TotalAverages!I18/MassFormulaTesting!$B$26)*0.68)+0.3 -> 0.37366667 | M26: =((0.98-(TotalAverages!J18/MassFormulaTesting!$B$28)*0.68)) -> 0.3355242 | N26: =((TotalAverages!K18/MassFormulaTesting!$B$30)*0.68)+0.3 -> 0.87774038 | O26: =((TotalAverages!L18/MassFormulaTesting!$B$32)*0.68)+0.3 -> 0.98 | P26: =((TotalAverages!M18/MassFormulaTesting!$B$34)*0.68)+0.3 -> 0.98 | Q26: =((TotalAverages!N18/MassFormulaTesting!$B$36)*0.68)+0.3 -> #DIV/0! | R26: =((TotalAverages!O18/MassFormulaTesting!$B$38)*0.68)+0.3 -> 0.64 | S26: =(IFERROR(TotalAverages!P18/MassFormulaTesting!$B$40,"")*0.68)+0.3 -> 0.68533333 | T26: =((TotalAverages!T18/MassFormulaTesting!$B$48)*0.68)+0.3 -> 0.3 | U26: =((TotalAverages!U18/MassFormulaTesting!$B$50)*0.68)+0.3 -> 0.45702811 | V26: =((TotalAverages!V18/MassFormulaTesting!$B$52)*0.68)+0.3 -> 0.38947368 | W26: =(IFERROR(TotalAverages!W18/MassFormulaTesting!$B$54,"")*0.68)+0.3 -> 0.39234568 | X26: =(IFERROR(TotalAverages!X18/MassFormulaTesting!$B$56,"")*0.68)+0.3 -> 0.3 | Y26: =(IFERROR(TotalAverages!Y18/MassFormulaTesting!$B$58,"")*0.68)+0.3 -> 0.3 | Z26: =(IFERROR(TotalAverages!Z18/MassFormulaTesting!$B$60,"")*0.68)+0.3 -> 0.3 | AA26: =((TotalAverages!AD18/MassFormulaTesting!$B$68)*0.68)+0.3 -> 0.3 | AB26: =((TotalAverages!AG18/MassFormulaTesting!$B$74)*0.68)+0.3 -> #DIV/0! | AC26: =((TotalAverages!AH18/MassFormulaTesting!$B$76)*0.68)+0.3 -> #DIV/0! | AD26: =((TotalAverages!AK18/MassFormulaTesting!$B$82)*0.68)+0.3 -> #DIV/0! | AE26: =((TotalAverages!AL18/MassFormulaTesting!$B$84)*0.68)+0.3 -> #DIV/0! | AF26: =((TotalAverages!AM18/MassFormulaTesting!$B$86)*0.68)+0.3 -> #DIV/0! | AG26: =((TotalAverages!AN18/MassFormulaTesting!$B$88)*0.68)+0.3 -> #DIV/0! | AH26: =((TotalAverages!AO18/MassFormulaTesting!$B$90)*0.68)+0.3 -> #DIV/0! | AI26: =((TotalAverages!AP18/MassFormulaTesting!$B$92)*0.68)+0.3 -> #DIV/0! | AJ26: =((TotalAverages!AQ18/MassFormulaTesting!$B$94)*0.68)+0.3 -> #DIV/0! | AK26: =((TotalAverages!AR18/MassFormulaTesting!$B$96)*0.68)+0.3 -> #DIV/0! | AL26: =((TotalAverages!AS18/MassFormulaTesting!$B$98)*0.68)+0.3 -> #DIV/0! | AM26: =((TotalAverages!AT18/MassFormulaTesting!$B$100)*0.68)+0.3 -> #DIV/0! | AN26: =((TotalAverages!AV18/MassFormulaTesting!$B$104)*0.68)+0.3 -> #DIV/0! | AO26: =((TotalAverages!AW18/MassFormulaTesting!$B$106)*0.68)+0.3 -> #DIV/0! | AP26: =((TotalAverages!AX18/MassFormulaTesting!$B$108)*0.68)+0.3 -> #DIV/0!
A27: =IFERROR(__xludf.DUMMYFUNCTION("Query(TotalAverages!A:AV,""Select A,J where A<>'' Order by J Desc Limit 1"")"),"OVERALL") -> OVERALL | B27: =IFERROR(__xludf.DUMMYFUNCTION("""COMPUTED_VALUE"""),"avg Time Alive") -> avg Time Alive | C27: Lowest | D27: =(((F27-$C$13)/$D$12)*0.68)+0.3 -> #DIV/0! | E27: =TotalAverages!A19 -> Finesse God24 | F27: =((IFERROR((G27*C$10)+(H27*D$10)+(I27*E$10)+(J27*F$10)+(K27*G$10)+(L27*H$10)+(M27*I$10)+(N27*J$10)+(O27*K$10)+(P27*L$10)+(Q27*M$10)+(R27*N$10)+(S27*O$10)+(T27*P$10)+(U27*Q$10)+(V27*R$10)+(W27*S$10)+(X27*T$10)+(Y27*U$10)+(Z27*V$10)+(AA27*W$10)+(AB27*X$10)+(AC27*Y$10)+(AD27*Z$10)+(AE27*AA$10)+(AF27*AB$10)+(AG27*AC$10)+(AH27*AD$10)+(AI27*AE$10)+(AJ27*AF$10)+(AK27*AG$10)+(AL27*AH$10)+(AM27*AI$10)+(AN27*AJ$10)+(AO27*AK$10)+(AP27*AL$10),"")/F$12)*0.68)+0.3 -> 0.3 | G27: =((TotalAverages!D19/MassFormulaTesting!$B$16)*0.68)+0.3 -> 0.50428274 | H27: =((TotalAverages!E19/MassFormulaTesting!$B$18)*0.68)+0.3 -> 0.5814387 | I27: =((TotalAverages!F19/MassFormulaTesting!$B$20)*0.68)+0.3 -> 0.10183044 | J27: =(IFERROR(MassFormulaTesting!$C$22/TotalAverages!G19,"")*0.68)+0.3 -> 7.1 | K27: =(((TotalAverages!H19+118)/(MassFormulaTesting!$B$24+118))*0.68)+0.3 -> 0.95478146 | L27: =((TotalAverages!I19/MassFormulaTesting!$B$26)*0.68)+0.3 -> 0.402 | M27: =((0.98-(TotalAverages!J19/MassFormulaTesting!$B$28)*0.68)) -> 0.73764601 | N27: =((TotalAverages!K19/MassFormulaTesting!$B$30)*0.68)+0.3 -> 0.561875 | O27: =((TotalAverages!L19/MassFormulaTesting!$B$32)*0.68)+0.3 -> 0.49780029 | P27: =((TotalAverages!M19/MassFormulaTesting!$B$34)*0.68)+0.3 -> 0.30220336 | Q27: =((TotalAverages!N19/MassFormulaTesting!$B$36)*0.68)+0.3 -> #DIV/0! | R27: =((TotalAverages!O19/MassFormulaTesting!$B$38)*0.68)+0.3 -> 0.3 | S27: =(IFERROR(TotalAverages!P19/MassFormulaTesting!$B$40,"")*0.68)+0.3 -> 0.3 | T27: =((TotalAverages!T19/MassFormulaTesting!$B$48)*0.68)+0.3 -> 0.3 | U27: =((TotalAverages!U19/MassFormulaTesting!$B$50)*0.68)+0.3 -> 0.45156627 | V27: =((TotalAverages!V19/MassFormulaTesting!$B$52)*0.68)+0.3 -> 0.37157895 | W27: =(IFERROR(TotalAverages!W19/MassFormulaTesting!$B$54,"")*0.68)+0.3 -> 0.3 | X27: =(IFERROR(TotalAverages!X19/MassFormulaTesting!$B$56,"")*0.68)+0.3 -> 0.3 | Y27: =(IFERROR(TotalAverages!Y19/MassFormulaTesting!$B$58,"")*0.68)+0.3 -> 0.3 | Z27: =(IFERROR(TotalAverages!Z19/MassFormulaTesting!$B$60,"")*0.68)+0.3 -> 0.3 | AA27: =((TotalAverages!AD19/MassFormulaTesting!$B$68)*0.68)+0.3 -> 0.3 | AB27: =((TotalAverages!AG19/MassFormulaTesting!$B$74)*0.68)+0.3 -> #DIV/0! | AC27: =((TotalAverages!AH19/MassFormulaTesting!$B$76)*0.68)+0.3 -> #DIV/0! | AD27: =((TotalAverages!AK19/MassFormulaTesting!$B$82)*0.68)+0.3 -> #DIV/0! | AE27: =((TotalAverages!AL19/MassFormulaTesting!$B$84)*0.68)+0.3 -> #DIV/0! | AF27: =((TotalAverages!AM19/MassFormulaTesting!$B$86)*0.68)+0.3 -> #DIV/0! | AG27: =((TotalAverages!AN19/MassFormulaTesting!$B$88)*0.68)+0.3 -> #DIV/0! | AH27: =((TotalAverages!AO19/MassFormulaTesting!$B$90)*0.68)+0.3 -> #DIV/0! | AI27: =((TotalAverages!AP19/MassFormulaTesting!$B$92)*0.68)+0.3 -> #DIV/0! | AJ27: =((TotalAverages!AQ19/MassFormulaTesting!$B$94)*0.68)+0.3 -> #DIV/0! | AK27: =((TotalAverages!AR19/MassFormulaTesting!$B$96)*0.68)+0.3 -> #DIV/0! | AL27: =((TotalAverages!AS19/MassFormulaTesting!$B$98)*0.68)+0.3 -> #DIV/0! | AM27: =((TotalAverages!AT19/MassFormulaTesting!$B$100)*0.68)+0.3 -> #DIV/0! | AN27: =((TotalAverages!AV19/MassFormulaTesting!$B$104)*0.68)+0.3 -> #DIV/0! | AO27: =((TotalAverages!AW19/MassFormulaTesting!$B$106)*0.68)+0.3 -> #DIV/0! | AP27: =((TotalAverages!AX19/MassFormulaTesting!$B$108)*0.68)+0.3 -> #DIV/0!
A28: =IFERROR(__xludf.DUMMYFUNCTION("""COMPUTED_VALUE"""),"Judasey") -> Judasey | B28: =IFERROR(__xludf.DUMMYFUNCTION("""COMPUTED_VALUE"""),1866.3333333333333) -> 1866.3333 | C28: 0 | D28: =(((F28-$C$13)/$D$12)*0.68)+0.3 -> #DIV/0! | E28: =TotalAverages!A20 -> GodSnipezX | F28: =((IFERROR((G28*C$10)+(H28*D$10)+(I28*E$10)+(J28*F$10)+(K28*G$10)+(L28*H$10)+(M28*I$10)+(N28*J$10)+(O28*K$10)+(P28*L$10)+(Q28*M$10)+(R28*N$10)+(S28*O$10)+(T28*P$10)+(U28*Q$10)+(V28*R$10)+(W28*S$10)+(X28*T$10)+(Y28*U$10)+(Z28*V$10)+(AA28*W$10)+(AB28*X$10)+(AC28*Y$10)+(AD28*Z$10)+(AE28*AA$10)+(AF28*AB$10)+(AG28*AC$10)+(AH28*AD$10)+(AI28*AE$10)+(AJ28*AF$10)+(AK28*AG$10)+(AL28*AH$10)+(AM28*AI$10)+(AN28*AJ$10)+(AO28*AK$10)+(AP28*AL$10),"")/F$12)*0.68)+0.3 -> 0.3 | G28: =((TotalAverages!D20/MassFormulaTesting!$B$16)*0.68)+0.3 -> 0.67688528 | H28: =((TotalAverages!E20/MassFormulaTesting!$B$18)*0.68)+0.3 -> 0.74692526 | I28: =((TotalAverages!F20/MassFormulaTesting!$B$20)*0.68)+0.3 -> 0.25283237 | J28: =(IFERROR(MassFormulaTesting!$C$22/TotalAverages!G20,"")*0.68)+0.3 -> 3.3909091 | K28: =(((TotalAverages!H20+118)/(MassFormulaTesting!$B$24+118))*0.68)+0.3 -> 0.96689946 | L28: =((TotalAverages!I20/MassFormulaTesting!$B$26)*0.68)+0.3 -> 0.38345455 | M28: =((0.98-(TotalAverages!J20/MassFormulaTesting!$B$28)*0.68)) -> 0.54736658 | N28: =((TotalAverages!K20/MassFormulaTesting!$B$30)*0.68)+0.3 -> 0.74690559 | O28: =((TotalAverages!L20/MassFormulaTesting!$B$32)*0.68)+0.3 -> 0.52383371 | P28: =((TotalAverages!M20/MassFormulaTesting!$B$34)*0.68)+0.3 -> 0.31010113 | Q28: =((TotalAverages!N20/MassFormulaTesting!$B$36)*0.68)+0.3 -> #DIV/0! | R28: =((TotalAverages!O20/MassFormulaTesting!$B$38)*0.68)+0.3 -> 0.48545455 | S28: =(IFERROR(TotalAverages!P20/MassFormulaTesting!$B$40,"")*0.68)+0.3 -> 0.3 | T28: =((TotalAverages!T20/MassFormulaTesting!$B$48)*0.68)+0.3 -> 0.3 | U28: =((TotalAverages!U20/MassFormulaTesting!$B$50)*0.68)+0.3 -> 0.6116977 | V28: =((TotalAverages!V20/MassFormulaTesting!$B$52)*0.68)+0.3 -> 0.51473684 | W28: =(IFERROR(TotalAverages!W20/MassFormulaTesting!$B$54,"")*0.68)+0.3 -> 0.55185185 | X28: =(IFERROR(TotalAverages!X20/MassFormulaTesting!$B$56,"")*0.68)+0.3 -> 0.42363636 | Y28: =(IFERROR(TotalAverages!Y20/MassFormulaTesting!$B$58,"")*0.68)+0.3 -> 0.3 | Z28: =(IFERROR(TotalAverages!Z20/MassFormulaTesting!$B$60,"")*0.68)+0.3 -> 0.3 | AA28: =((TotalAverages!AD20/MassFormulaTesting!$B$68)*0.68)+0.3 -> 0.77909091 | AB28: =((TotalAverages!AG20/MassFormulaTesting!$B$74)*0.68)+0.3 -> #DIV/0! | AC28: =((TotalAverages!AH20/MassFormulaTesting!$B$76)*0.68)+0.3 -> #DIV/0! | AD28: =((TotalAverages!AK20/MassFormulaTesting!$B$82)*0.68)+0.3 -> #DIV/0! | AE28: =((TotalAverages!AL20/MassFormulaTesting!$B$84)*0.68)+0.3 -> #DIV/0! | AF28: =((TotalAverages!AM20/MassFormulaTesting!$B$86)*0.68)+0.3 -> #DIV/0! | AG28: =((TotalAverages!AN20/MassFormulaTesting!$B$88)*0.68)+0.3 -> #DIV/0! | AH28: =((TotalAverages!AO20/MassFormulaTesting!$B$90)*0.68)+0.3 -> #DIV/0! | AI28: =((TotalAverages!AP20/MassFormulaTesting!$B$92)*0.68)+0.3 -> #DIV/0! | AJ28: =((TotalAverages!AQ20/MassFormulaTesting!$B$94)*0.68)+0.3 -> #DIV/0! | AK28: =((TotalAverages!AR20/MassFormulaTesting!$B$96)*0.68)+0.3 -> #DIV/0! | AL28: =((TotalAverages!AS20/MassFormulaTesting!$B$98)*0.68)+0.3 -> #DIV/0! | AM28: =((TotalAverages!AT20/MassFormulaTesting!$B$100)*0.68)+0.3 -> #DIV/0! | AN28: =((TotalAverages!AV20/MassFormulaTesting!$B$104)*0.68)+0.3 -> #DIV/0! | AO28: =((TotalAverages!AW20/MassFormulaTesting!$B$106)*0.68)+0.3 -> #DIV/0! | AP28: =((TotalAverages!AX20/MassFormulaTesting!$B$108)*0.68)+0.3 -> #DIV/0!
A29: =IFERROR(__xludf.DUMMYFUNCTION("Query(TotalAverages!A:AV,""Select A,K where A<>'' Order by K Desc Limit 1"")"),"OVERALL") -> OVERALL | B29: =IFERROR(__xludf.DUMMYFUNCTION("""COMPUTED_VALUE"""),"avg Game Time") -> avg Game Time | D29: =(((F29-$C$13)/$D$12)*0.68)+0.3 -> #DIV/0! | E29: =TotalAverages!A21 -> Hells Angel cx | F29: =((IFERROR((G29*C$10)+(H29*D$10)+(I29*E$10)+(J29*F$10)+(K29*G$10)+(L29*H$10)+(M29*I$10)+(N29*J$10)+(O29*K$10)+(P29*L$10)+(Q29*M$10)+(R29*N$10)+(S29*O$10)+(T29*P$10)+(U29*Q$10)+(V29*R$10)+(W29*S$10)+(X29*T$10)+(Y29*U$10)+(Z29*V$10)+(AA29*W$10)+(AB29*X$10)+(AC29*Y$10)+(AD29*Z$10)+(AE29*AA$10)+(AF29*AB$10)+(AG29*AC$10)+(AH29*AD$10)+(AI29*AE$10)+(AJ29*AF$10)+(AK29*AG$10)+(AL29*AH$10)+(AM29*AI$10)+(AN29*AJ$10)+(AO29*AK$10)+(AP29*AL$10),"")/F$12)*0.68)+0.3 -> 0.3 | G29: =((TotalAverages!D21/MassFormulaTesting!$B$16)*0.68)+0.3 -> 0.59412474 | H29: =((TotalAverages!E21/MassFormulaTesting!$B$18)*0.68)+0.3 -> 0.64140805 | I29: =((TotalAverages!F21/MassFormulaTesting!$B$20)*0.68)+0.3 -> 0.2956763 | J29: =(IFERROR(MassFormulaTesting!$C$22/TotalAverages!G21,"")*0.68)+0.3 -> 3.7343434 | K29: =(((TotalAverages!H21+118)/(MassFormulaTesting!$B$24+118))*0.68)+0.3 -> 0.97117351 | L29: =((TotalAverages!I21/MassFormulaTesting!$B$26)*0.68)+0.3 -> 0.5244 | M29: =((0.98-(TotalAverages!J21/MassFormulaTesting!$B$28)*0.68)) -> 0.51896874 | N29: =((TotalAverages!K21/MassFormulaTesting!$B$30)*0.68)+0.3 -> 0.75292788 | O29: =((TotalAverages!L21/MassFormulaTesting!$B$32)*0.68)+0.3 -> 0.62592764 | P29: =((TotalAverages!M21/MassFormulaTesting!$B$34)*0.68)+0.3 -> 0.58722419 | Q29: =((TotalAverages!N21/MassFormulaTesting!$B$36)*0.68)+0.3 -> #DIV/0! | R29: =((TotalAverages!O21/MassFormulaTesting!$B$38)*0.68)+0.3 -> 0.504 | S29: =(IFERROR(TotalAverages!P21/MassFormulaTesting!$B$40,"")*0.68)+0.3 -> 0.6468 | T29: =((TotalAverages!T21/MassFormulaTesting!$B$48)*0.68)+0.3 -> 0.3 | U29: =((TotalAverages!U21/MassFormulaTesting!$B$50)*0.68)+0.3 -> 0.53595181 | V29: =((TotalAverages!V21/MassFormulaTesting!$B$52)*0.68)+0.3 -> 0.45568421 | W29: =(IFERROR(TotalAverages!W21/MassFormulaTesting!$B$54,"")*0.68)+0.3 -> 0.43851852 | X29: =(IFERROR(TotalAverages!X21/MassFormulaTesting!$B$56,"")*0.68)+0.3 -> 0.3 | Y29: =(IFERROR(TotalAverages!Y21/MassFormulaTesting!$B$58,"")*0.68)+0.3 -> 0.3 | Z29: =(IFERROR(TotalAverages!Z21/MassFormulaTesting!$B$60,"")*0.68)+0.3 -> 0.3 | AA29: =((TotalAverages!AD21/MassFormulaTesting!$B$68)*0.68)+0.3 -> 0.3 | AB29: =((TotalAverages!AG21/MassFormulaTesting!$B$74)*0.68)+0.3 -> #DIV/0! | AC29: =((TotalAverages!AH21/MassFormulaTesting!$B$76)*0.68)+0.3 -> #DIV/0! | AD29: =((TotalAverages!AK21/MassFormulaTesting!$B$82)*0.68)+0.3 -> #DIV/0! | AE29: =((TotalAverages!AL21/MassFormulaTesting!$B$84)*0.68)+0.3 -> #DIV/0! | AF29: =((TotalAverages!AM21/MassFormulaTesting!$B$86)*0.68)+0.3 -> #DIV/0! | AG29: =((TotalAverages!AN21/MassFormulaTesting!$B$88)*0.68)+0.3 -> #DIV/0! | AH29: =((TotalAverages!AO21/MassFormulaTesting!$B$90)*0.68)+0.3 -> #DIV/0! | AI29: =((TotalAverages!AP21/MassFormulaTesting!$B$92)*0.68)+0.3 -> #DIV/0! | AJ29: =((TotalAverages!AQ21/MassFormulaTesting!$B$94)*0.68)+0.3 -> #DIV/0! | AK29: =((TotalAverages!AR21/MassFormulaTesting!$B$96)*0.68)+0.3 -> #DIV/0! | AL29: =((TotalAverages!AS21/MassFormulaTesting!$B$98)*0.68)+0.3 -> #DIV/0! | AM29: =((TotalAverages!AT21/MassFormulaTesting!$B$100)*0.68)+0.3 -> #DIV/0! | AN29: =((TotalAverages!AV21/MassFormulaTesting!$B$104)*0.68)+0.3 -> #DIV/0! | AO29: =((TotalAverages!AW21/MassFormulaTesting!$B$106)*0.68)+0.3 -> #DIV/0! | AP29: =((TotalAverages!AX21/MassFormulaTesting!$B$108)*0.68)+0.3 -> #DIV/0!
A30: =IFERROR(__xludf.DUMMYFUNCTION("""COMPUTED_VALUE"""),"Judasey") -> Judasey | B30: =IFERROR(__xludf.DUMMYFUNCTION("""COMPUTED_VALUE"""),2357.3333333333335) -> 2357.3333 | D30: =(((F30-$C$13)/$D$12)*0.68)+0.3 -> #DIV/0! | E30: =TotalAverages!A22 -> InfiniteRainge | F30: =((IFERROR((G30*C$10)+(H30*D$10)+(I30*E$10)+(J30*F$10)+(K30*G$10)+(L30*H$10)+(M30*I$10)+(N30*J$10)+(O30*K$10)+(P30*L$10)+(Q30*M$10)+(R30*N$10)+(S30*O$10)+(T30*P$10)+(U30*Q$10)+(V30*R$10)+(W30*S$10)+(X30*T$10)+(Y30*U$10)+(Z30*V$10)+(AA30*W$10)+(AB30*X$10)+(AC30*Y$10)+(AD30*Z$10)+(AE30*AA$10)+(AF30*AB$10)+(AG30*AC$10)+(AH30*AD$10)+(AI30*AE$10)+(AJ30*AF$10)+(AK30*AG$10)+(AL30*AH$10)+(AM30*AI$10)+(AN30*AJ$10)+(AO30*AK$10)+(AP30*AL$10),"")/F$12)*0.68)+0.3 -> 0.3 | G30: =((TotalAverages!D22/MassFormulaTesting!$B$16)*0.68)+0.3 -> 0.76599792 | H30: =((TotalAverages!E22/MassFormulaTesting!$B$18)*0.68)+0.3 -> 0.78290464 | I30: =((TotalAverages!F22/MassFormulaTesting!$B$20)*0.68)+0.3 -> 0.54861272 | J30: =(IFERROR(MassFormulaTesting!$C$22/TotalAverages!G22,"")*0.68)+0.3 -> 2.5295082 | K30: =(((TotalAverages!H22+118)/(MassFormulaTesting!$B$24+118))*0.68)+0.3 -> 0.96772848 | L30: =((TotalAverages!I22/MassFormulaTesting!$B$26)*0.68)+0.3 -> 0.4785 | M30: =((0.98-(TotalAverages!J22/MassFormulaTesting!$B$28)*0.68)) -> 0.46366941 | N30: =((TotalAverages!K22/MassFormulaTesting!$B$30)*0.68)+0.3 -> 0.81805889 | O30: =((TotalAverages!L22/MassFormulaTesting!$B$32)*0.68)+0.3 -> 0.53581042 | P30: =((TotalAverages!M22/MassFormulaTesting!$B$34)*0.68)+0.3 -> 0.30428869 | Q30: =((TotalAverages!N22/MassFormulaTesting!$B$36)*0.68)+0.3 -> #DIV/0! | R30: =((TotalAverages!O22/MassFormulaTesting!$B$38)*0.68)+0.3 -> 0.66125 | S30: =(IFERROR(TotalAverages!P22/MassFormulaTesting!$B$40,"")*0.68)+0.3 -> 0.3 | T30: =((TotalAverages!T22/MassFormulaTesting!$B$48)*0.68)+0.3 -> 0.3 | U30: =((TotalAverages!U22/MassFormulaTesting!$B$50)*0.68)+0.3 -> 0.73319277 | V30: =((TotalAverages!V22/MassFormulaTesting!$B$52)*0.68)+0.3 -> 0.64894737 | W30: =(IFERROR(TotalAverages!W22/MassFormulaTesting!$B$54,"")*0.68)+0.3 -> 0.78481481 | X30: =(IFERROR(TotalAverages!X22/MassFormulaTesting!$B$56,"")*0.68)+0.3 -> 0.64 | Y30: =(IFERROR(TotalAverages!Y22/MassFormulaTesting!$B$58,"")*0.68)+0.3 -> 0.4275 | Z30: =(IFERROR(TotalAverages!Z22/MassFormulaTesting!$B$60,"")*0.68)+0.3 -> 0.3 | AA30: =((TotalAverages!AD22/MassFormulaTesting!$B$68)*0.68)+0.3 -> 0.3 | AB30: =((TotalAverages!AG22/MassFormulaTesting!$B$74)*0.68)+0.3 -> #DIV/0! | AC30: =((TotalAverages!AH22/MassFormulaTesting!$B$76)*0.68)+0.3 -> #DIV/0! | AD30: =((TotalAverages!AK22/MassFormulaTesting!$B$82)*0.68)+0.3 -> #DIV/0! | AE30: =((TotalAverages!AL22/MassFormulaTesting!$B$84)*0.68)+0.3 -> #DIV/0! | AF30: =((TotalAverages!AM22/MassFormulaTesting!$B$86)*0.68)+0.3 -> #DIV/0! | AG30: =((TotalAverages!AN22/MassFormulaTesting!$B$88)*0.68)+0.3 -> #DIV/0! | AH30: =((TotalAverages!AO22/MassFormulaTesting!$B$90)*0.68)+0.3 -> #DIV/0! | AI30: =((TotalAverages!AP22/MassFormulaTesting!$B$92)*0.68)+0.3 -> #DIV/0! | AJ30: =((TotalAverages!AQ22/MassFormulaTesting!$B$94)*0.68)+0.3 -> #DIV/0! | AK30: =((TotalAverages!AR22/MassFormulaTesting!$B$96)*0.68)+0.3 -> #DIV/0! | AL30: =((TotalAverages!AS22/MassFormulaTesting!$B$98)*0.68)+0.3 -> #DIV/0! | AM30: =((TotalAverages!AT22/MassFormulaTesting!$B$100)*0.68)+0.3 -> #DIV/0! | AN30: =((TotalAverages!AV22/MassFormulaTesting!$B$104)*0.68)+0.3 -> #DIV/0! | AO30: =((TotalAverages!AW22/MassFormulaTesting!$B$106)*0.68)+0.3 -> #DIV/0! | AP30: =((TotalAverages!AX22/MassFormulaTesting!$B$108)*0.68)+0.3 -> #DIV/0!
A31: =IFERROR(__xludf.DUMMYFUNCTION("Query(TotalAverages!A:AV,""Select A,L where A<>'' Order by L Desc Limit 1"")"),"OVERALL") -> OVERALL | B31: =IFERROR(__xludf.DUMMYFUNCTION("""COMPUTED_VALUE"""),"avg Average Life") -> avg Average Life | D31: =(((F31-$C$13)/$D$12)*0.68)+0.3 -> #DIV/0! | E31: =TotalAverages!A23 -> Itzreelz | F31: =((IFERROR((G31*C$10)+(H31*D$10)+(I31*E$10)+(J31*F$10)+(K31*G$10)+(L31*H$10)+(M31*I$10)+(N31*J$10)+(O31*K$10)+(P31*L$10)+(Q31*M$10)+(R31*N$10)+(S31*O$10)+(T31*P$10)+(U31*Q$10)+(V31*R$10)+(W31*S$10)+(X31*T$10)+(Y31*U$10)+(Z31*V$10)+(AA31*W$10)+(AB31*X$10)+(AC31*Y$10)+(AD31*Z$10)+(AE31*AA$10)+(AF31*AB$10)+(AG31*AC$10)+(AH31*AD$10)+(AI31*AE$10)+(AJ31*AF$10)+(AK31*AG$10)+(AL31*AH$10)+(AM31*AI$10)+(AN31*AJ$10)+(AO31*AK$10)+(AP31*AL$10),"")/F$12)*0.68)+0.3 -> 0.3 | G31: =((TotalAverages!D23/MassFormulaTesting!$B$16)*0.68)+0.3 -> 0.75997354 | H31: =((TotalAverages!E23/MassFormulaTesting!$B$18)*0.68)+0.3 -> 0.73376071 | I31: =((TotalAverages!F23/MassFormulaTesting!$B$20)*0.68)+0.3 -> 0.73433526 | J31: =(IFERROR(MassFormulaTesting!$C$22/TotalAverages!G23,"")*0.68)+0.3 -> 2.8793103 | K31: =(((TotalAverages!H23+118)/(MassFormulaTesting!$B$24+118))*0.68)+0.3 -> 0.97353161 | L31: =((TotalAverages!I23/MassFormulaTesting!$B$26)*0.68)+0.3 -> 0.42054545 | M31: =((0.98-(TotalAverages!J23/MassFormulaTesting!$B$28)*0.68)) -> 0.48572505 | N31: =((TotalAverages!K23/MassFormulaTesting!$B$30)*0.68)+0.3 -> 0.79494755 | O31: =((TotalAverages!L23/MassFormulaTesting!$B$32)*0.68)+0.3 -> 0.56570188 | P31: =((TotalAverages!M23/MassFormulaTesting!$B$34)*0.68)+0.3 -> 0.35139274 | Q31: =((TotalAverages!N23/MassFormulaTesting!$B$36)*0.68)+0.3 -> #DIV/0! | R31: =((TotalAverages!O23/MassFormulaTesting!$B$38)*0.68)+0.3 -> 0.80227273 | S31: =(IFERROR(TotalAverages!P23/MassFormulaTesting!$B$40,"")*0.68)+0.3 -> 0.51018182 | T31: =((TotalAverages!T23/MassFormulaTesting!$B$48)*0.68)+0.3 -> 0.3 | U31: =((TotalAverages!U23/MassFormulaTesting!$B$50)*0.68)+0.3 -> 0.73458927 | V31: =((TotalAverages!V23/MassFormulaTesting!$B$52)*0.68)+0.3 -> 0.74899522 | W31: =(IFERROR(TotalAverages!W23/MassFormulaTesting!$B$54,"")*0.68)+0.3 -> 0.98 | X31: =(IFERROR(TotalAverages!X23/MassFormulaTesting!$B$56,"")*0.68)+0.3 -> 0.98 | Y31: =(IFERROR(TotalAverages!Y23/MassFormulaTesting!$B$58,"")*0.68)+0.3 -> 0.48545455 | Z31: =(IFERROR(TotalAverages!Z23/MassFormulaTesting!$B$60,"")*0.68)+0.3 -> 0.3 | AA31: =((TotalAverages!AD23/MassFormulaTesting!$B$68)*0.68)+0.3 -> 0.77909091 | AB31: =((TotalAverages!AG23/MassFormulaTesting!$B$74)*0.68)+0.3 -> #DIV/0! | AC31: =((TotalAverages!AH23/MassFormulaTesting!$B$76)*0.68)+0.3 -> #DIV/0! | AD31: =((TotalAverages!AK23/MassFormulaTesting!$B$82)*0.68)+0.3 -> #DIV/0! | AE31: =((TotalAverages!AL23/MassFormulaTesting!$B$84)*0.68)+0.3 -> #DIV/0! | AF31: =((TotalAverages!AM23/MassFormulaTesting!$B$86)*0.68)+0.3 -> #DIV/0! | AG31: =((TotalAverages!AN23/MassFormulaTesting!$B$88)*0.68)+0.3 -> #DIV/0! | AH31: =((TotalAverages!AO23/MassFormulaTesting!$B$90)*0.68)+0.3 -> #DIV/0! | AI31: =((TotalAverages!AP23/MassFormulaTesting!$B$92)*0.68)+0.3 -> #DIV/0! | AJ31: =((TotalAverages!AQ23/MassFormulaTesting!$B$94)*0.68)+0.3 -> #DIV/0! | AK31: =((TotalAverages!AR23/MassFormulaTesting!$B$96)*0.68)+0.3 -> #DIV/0! | AL31: =((TotalAverages!AS23/MassFormulaTesting!$B$98)*0.68)+0.3 -> #DIV/0! | AM31: =((TotalAverages!AT23/MassFormulaTesting!$B$100)*0.68)+0.3 -> #DIV/0! | AN31: =((TotalAverages!AV23/MassFormulaTesting!$B$104)*0.68)+0.3 -> #DIV/0! | AO31: =((TotalAverages!AW23/MassFormulaTesting!$B$106)*0.68)+0.3 -> #DIV/0! | AP31: =((TotalAverages!AX23/MassFormulaTesting!$B$108)*0.68)+0.3 -> #DIV/0!
A32: =IFERROR(__xludf.DUMMYFUNCTION("""COMPUTED_VALUE"""),"EllisGotMyPills") -> EllisGotMyPills | B32: =IFERROR(__xludf.DUMMYFUNCTION("""COMPUTED_VALUE"""),38.388888888888886) -> 38.388889 | D32: =(((F32-$C$13)/$D$12)*0.68)+0.3 -> #DIV/0! | E32: =TotalAverages!A24 -> Judasey | F32: =((IFERROR((G32*C$10)+(H32*D$10)+(I32*E$10)+(J32*F$10)+(K32*G$10)+(L32*H$10)+(M32*I$10)+(N32*J$10)+(O32*K$10)+(P32*L$10)+(Q32*M$10)+(R32*N$10)+(S32*O$10)+(T32*P$10)+(U32*Q$10)+(V32*R$10)+(W32*S$10)+(X32*T$10)+(Y32*U$10)+(Z32*V$10)+(AA32*W$10)+(AB32*X$10)+(AC32*Y$10)+(AD32*Z$10)+(AE32*AA$10)+(AF32*AB$10)+(AG32*AC$10)+(AH32*AD$10)+(AI32*AE$10)+(AJ32*AF$10)+(AK32*AG$10)+(AL32*AH$10)+(AM32*AI$10)+(AN32*AJ$10)+(AO32*AK$10)+(AP32*AL$10),"")/F$12)*0.68)+0.3 -> 0.3 | G32: =((TotalAverages!D24/MassFormulaTesting!$B$16)*0.68)+0.3 -> 0.98 | H32: =((TotalAverages!E24/MassFormulaTesting!$B$18)*0.68)+0.3 -> 0.9610537 | I32: =((TotalAverages!F24/MassFormulaTesting!$B$20)*0.68)+0.3 -> 0.85487476 | J32: =(IFERROR(MassFormulaTesting!$C$22/TotalAverages!G24,"")*0.68)+0.3 -> 1.7571429 | K32: =(((TotalAverages!H24+118)/(MassFormulaTesting!$B$24+118))*0.68)+0.3 -> 0.97189404 | L32: =((TotalAverages!I24/MassFormulaTesting!$B$26)*0.68)+0.3 -> 0.98 | M32: =((0.98-(TotalAverages!J24/MassFormulaTesting!$B$28)*0.68)) -> 0.3 | N32: =((TotalAverages!K24/MassFormulaTesting!$B$30)*0.68)+0.3 -> 0.98 | O32: =((TotalAverages!L24/MassFormulaTesting!$B$32)*0.68)+0.3 -> 0.53617945 | P32: =((TotalAverages!M24/MassFormulaTesting!$B$34)*0.68)+0.3 -> 0.30944299 | Q32: =((TotalAverages!N24/MassFormulaTesting!$B$36)*0.68)+0.3 -> #DIV/0! | R32: =((TotalAverages!O24/MassFormulaTesting!$B$38)*0.68)+0.3 -> 0.98 | S32: =(IFERROR(TotalAverages!P24/MassFormulaTesting!$B$40,"")*0.68)+0.3 -> 0.3 | T32: =((TotalAverages!T24/MassFormulaTesting!$B$48)*0.68)+0.3 -> 0.3 | U32: =((TotalAverages!U24/MassFormulaTesting!$B$50)*0.68)+0.3 -> 0.98 | V32: =((TotalAverages!V24/MassFormulaTesting!$B$52)*0.68)+0.3 -> 0.98 | W32: =(IFERROR(TotalAverages!W24/MassFormulaTesting!$B$54,"")*0.68)+0.3 -> 0.85407407 | X32: =(IFERROR(TotalAverages!X24/MassFormulaTesting!$B$56,"")*0.68)+0.3 -> 0.75333333 | Y32: =(IFERROR(TotalAverages!Y24/MassFormulaTesting!$B$58,"")*0.68)+0.3 -> 0.98 | Z32: =(IFERROR(TotalAverages!Z24/MassFormulaTesting!$B$60,"")*0.68)+0.3 -> 0.3 | AA32: =((TotalAverages!AD24/MassFormulaTesting!$B$68)*0.68)+0.3 -> 0.3 | AB32: =((TotalAverages!AG24/MassFormulaTesting!$B$74)*0.68)+0.3 -> #DIV/0! | AC32: =((TotalAverages!AH24/MassFormulaTesting!$B$76)*0.68)+0.3 -> #DIV/0! | AD32: =((TotalAverages!AK24/MassFormulaTesting!$B$82)*0.68)+0.3 -> #DIV/0! | AE32: =((TotalAverages!AL24/MassFormulaTesting!$B$84)*0.68)+0.3 -> #DIV/0! | AF32: =((TotalAverages!AM24/MassFormulaTesting!$B$86)*0.68)+0.3 -> #DIV/0! | AG32: =((TotalAverages!AN24/MassFormulaTesting!$B$88)*0.68)+0.3 -> #DIV/0! | AH32: =((TotalAverages!AO24/MassFormulaTesting!$B$90)*0.68)+0.3 -> #DIV/0! | AI32: =((TotalAverages!AP24/MassFormulaTesting!$B$92)*0.68)+0.3 -> #DIV/0! | AJ32: =((TotalAverages!AQ24/MassFormulaTesting!$B$94)*0.68)+0.3 -> #DIV/0! | AK32: =((TotalAverages!AR24/MassFormulaTesting!$B$96)*0.68)+0.3 -> #DIV/0! | AL32: =((TotalAverages!AS24/MassFormulaTesting!$B$98)*0.68)+0.3 -> #DIV/0! | AM32: =((TotalAverages!AT24/MassFormulaTesting!$B$100)*0.68)+0.3 -> #DIV/0! | AN32: =((TotalAverages!AV24/MassFormulaTesting!$B$104)*0.68)+0.3 -> #DIV/0! | AO32: =((TotalAverages!AW24/MassFormulaTesting!$B$106)*0.68)+0.3 -> #DIV/0! | AP32: =((TotalAverages!AX24/MassFormulaTesting!$B$108)*0.68)+0.3 -> #DIV/0!
A33: =IFERROR(__xludf.DUMMYFUNCTION("Query(TotalAverages!A:AV,""Select A,M where A<>'' Order by M Desc Limit 1"")"),"OVERALL") -> OVERALL | B33: =IFERROR(__xludf.DUMMYFUNCTION("""COMPUTED_VALUE"""),"avg Carry Time") -> avg Carry Time | D33: =(((F33-$C$13)/$D$12)*0.68)+0.3 -> #DIV/0! | E33: =TotalAverages!A25 -> L0RNA SHORE | F33: =((IFERROR((G33*C$10)+(H33*D$10)+(I33*E$10)+(J33*F$10)+(K33*G$10)+(L33*H$10)+(M33*I$10)+(N33*J$10)+(O33*K$10)+(P33*L$10)+(Q33*M$10)+(R33*N$10)+(S33*O$10)+(T33*P$10)+(U33*Q$10)+(V33*R$10)+(W33*S$10)+(X33*T$10)+(Y33*U$10)+(Z33*V$10)+(AA33*W$10)+(AB33*X$10)+(AC33*Y$10)+(AD33*Z$10)+(AE33*AA$10)+(AF33*AB$10)+(AG33*AC$10)+(AH33*AD$10)+(AI33*AE$10)+(AJ33*AF$10)+(AK33*AG$10)+(AL33*AH$10)+(AM33*AI$10)+(AN33*AJ$10)+(AO33*AK$10)+(AP33*AL$10),"")/F$12)*0.68)+0.3 -> 0.3 | G33: =((TotalAverages!D25/MassFormulaTesting!$B$16)*0.68)+0.3 -> 0.54386694 | H33: =((TotalAverages!E25/MassFormulaTesting!$B$18)*0.68)+0.3 -> 0.55689463 | I33: =((TotalAverages!F25/MassFormulaTesting!$B$20)*0.68)+0.3 -> 0.41169557 | J33: =(IFERROR(MassFormulaTesting!$C$22/TotalAverages!G25,"")*0.68)+0.3 -> 4.3263158 | K33: =(((TotalAverages!H25+118)/(MassFormulaTesting!$B$24+118))*0.68)+0.3 -> 0.97189404 | L33: =((TotalAverages!I25/MassFormulaTesting!$B$26)*0.68)+0.3 -> 0.53233333 | M33: =((0.98-(TotalAverages!J25/MassFormulaTesting!$B$28)*0.68)) -> 0.55083527 | N33: =((TotalAverages!K25/MassFormulaTesting!$B$30)*0.68)+0.3 -> 0.71019231 | O33: =((TotalAverages!L25/MassFormulaTesting!$B$32)*0.68)+0.3 -> 0.75759768 | P33: =((TotalAverages!M25/MassFormulaTesting!$B$34)*0.68)+0.3 -> 0.57678445 | Q33: =((TotalAverages!N25/MassFormulaTesting!$B$36)*0.68)+0.3 -> #DIV/0! | R33: =((TotalAverages!O25/MassFormulaTesting!$B$38)*0.68)+0.3 -> 0.47944444 | S33: =(IFERROR(TotalAverages!P25/MassFormulaTesting!$B$40,"")*0.68)+0.3 -> 0.42844444 | T33: =((TotalAverages!T25/MassFormulaTesting!$B$48)*0.68)+0.3 -> 0.3 | U33: =((TotalAverages!U25/MassFormulaTesting!$B$50)*0.68)+0.3 -> 0.49389558 | V33: =((TotalAverages!V25/MassFormulaTesting!$B$52)*0.68)+0.3 -> 0.41929825 | W33: =(IFERROR(TotalAverages!W25/MassFormulaTesting!$B$54,"")*0.68)+0.3 -> 0.36156379 | X33: =(IFERROR(TotalAverages!X25/MassFormulaTesting!$B$56,"")*0.68)+0.3 -> 0.37555556 | Y33: =(IFERROR(TotalAverages!Y25/MassFormulaTesting!$B$58,"")*0.68)+0.3 -> 0.3 | Z33: =(IFERROR(TotalAverages!Z25/MassFormulaTesting!$B$60,"")*0.68)+0.3 -> 0.3 | AA33: =((TotalAverages!AD25/MassFormulaTesting!$B$68)*0.68)+0.3 -> 0.3 | AB33: =((TotalAverages!AG25/MassFormulaTesting!$B$74)*0.68)+0.3 -> #DIV/0! | AC33: =((TotalAverages!AH25/MassFormulaTesting!$B$76)*0.68)+0.3 -> #DIV/0! | AD33: =((TotalAverages!AK25/MassFormulaTesting!$B$82)*0.68)+0.3 -> #DIV/0! | AE33: =((TotalAverages!AL25/MassFormulaTesting!$B$84)*0.68)+0.3 -> #DIV/0! | AF33: =((TotalAverages!AM25/MassFormulaTesting!$B$86)*0.68)+0.3 -> #DIV/0! | AG33: =((TotalAverages!AN25/MassFormulaTesting!$B$88)*0.68)+0.3 -> #DIV/0! | AH33: =((TotalAverages!AO25/MassFormulaTesting!$B$90)*0.68)+0.3 -> #DIV/0! | AI33: =((TotalAverages!AP25/MassFormulaTesting!$B$92)*0.68)+0.3 -> #DIV/0! | AJ33: =((TotalAverages!AQ25/MassFormulaTesting!$B$94)*0.68)+0.3 -> #DIV/0! | AK33: =((TotalAverages!AR25/MassFormulaTesting!$B$96)*0.68)+0.3 -> #DIV/0! | AL33: =((TotalAverages!AS25/MassFormulaTesting!$B$98)*0.68)+0.3 -> #DIV/0! | AM33: =((TotalAverages!AT25/MassFormulaTesting!$B$100)*0.68)+0.3 -> #DIV/0! | AN33: =((TotalAverages!AV25/MassFormulaTesting!$B$104)*0.68)+0.3 -> #DIV/0! | AO33: =((TotalAverages!AW25/MassFormulaTesting!$B$106)*0.68)+0.3 -> #DIV/0! | AP33: =((TotalAverages!AX25/MassFormulaTesting!$B$108)*0.68)+0.3 -> #DIV/0!
A34: =IFERROR(__xludf.DUMMYFUNCTION("""COMPUTED_VALUE"""),"EllisGotMyPills") -> EllisGotMyPills | B34: =IFERROR(__xludf.DUMMYFUNCTION("""COMPUTED_VALUE"""),1080.1666666666667) -> 1080.1667 | D34: =(((F34-$C$13)/$D$12)*0.68)+0.3 -> #DIV/0! | E34: =TotalAverages!A26 -> L1ght5aber | F34: =((IFERROR((G34*C$10)+(H34*D$10)+(I34*E$10)+(J34*F$10)+(K34*G$10)+(L34*H$10)+(M34*I$10)+(N34*J$10)+(O34*K$10)+(P34*L$10)+(Q34*M$10)+(R34*N$10)+(S34*O$10)+(T34*P$10)+(U34*Q$10)+(V34*R$10)+(W34*S$10)+(X34*T$10)+(Y34*U$10)+(Z34*V$10)+(AA34*W$10)+(AB34*X$10)+(AC34*Y$10)+(AD34*Z$10)+(AE34*AA$10)+(AF34*AB$10)+(AG34*AC$10)+(AH34*AD$10)+(AI34*AE$10)+(AJ34*AF$10)+(AK34*AG$10)+(AL34*AH$10)+(AM34*AI$10)+(AN34*AJ$10)+(AO34*AK$10)+(AP34*AL$10),"")/F$12)*0.68)+0.3 -> 0.3 | G34: =((TotalAverages!D26/MassFormulaTesting!$B$16)*0.68)+0.3 -> 0.69471102 | H34: =((TotalAverages!E26/MassFormulaTesting!$B$18)*0.68)+0.3 -> 0.8056079 | I34: =((TotalAverages!F26/MassFormulaTesting!$B$20)*0.68)+0.3 -> 0.085256262 | J34: =(IFERROR(MassFormulaTesting!$C$22/TotalAverages!G26,"")*0.68)+0.3 -> 2.9020408 | K34: =(((TotalAverages!H26+118)/(MassFormulaTesting!$B$24+118))*0.68)+0.3 -> 0.96360795 | L34: =((TotalAverages!I26/MassFormulaTesting!$B$26)*0.68)+0.3 -> 0.5176 | M34: =((0.98-(TotalAverages!J26/MassFormulaTesting!$B$28)*0.68)) -> 0.45018539 | N34: =((TotalAverages!K26/MassFormulaTesting!$B$30)*0.68)+0.3 -> 0.83342308 | O34: =((TotalAverages!L26/MassFormulaTesting!$B$32)*0.68)+0.3 -> 0.53736035 | P34: =((TotalAverages!M26/MassFormulaTesting!$B$34)*0.68)+0.3 -> 0.30906527 | Q34: =((TotalAverages!N26/MassFormulaTesting!$B$36)*0.68)+0.3 -> #DIV/0! | R34: =((TotalAverages!O26/MassFormulaTesting!$B$38)*0.68)+0.3 -> 0.51533333 | S34: =(IFERROR(TotalAverages!P26/MassFormulaTesting!$B$40,"")*0.68)+0.3 -> 0.3 | T34: =((TotalAverages!T26/MassFormulaTesting!$B$48)*0.68)+0.3 -> 0.3 | U34: =((TotalAverages!U26/MassFormulaTesting!$B$50)*0.68)+0.3 -> 0.56544578 | V34: =((TotalAverages!V26/MassFormulaTesting!$B$52)*0.68)+0.3 -> 0.50042105 | W34: =(IFERROR(TotalAverages!W26/MassFormulaTesting!$B$54,"")*0.68)+0.3 -> 0.48469136 | X34: =(IFERROR(TotalAverages!X26/MassFormulaTesting!$B$56,"")*0.68)+0.3 -> 0.48133333 | Y34: =(IFERROR(TotalAverages!Y26/MassFormulaTesting!$B$58,"")*0.68)+0.3 -> 0.436 | Z34: =(IFERROR(TotalAverages!Z26/MassFormulaTesting!$B$60,"")*0.68)+0.3 -> 0.3 | AA34: =((TotalAverages!AD26/MassFormulaTesting!$B$68)*0.68)+0.3 -> 0.3 | AB34: =((TotalAverages!AG26/MassFormulaTesting!$B$74)*0.68)+0.3 -> #DIV/0! | AC34: =((TotalAverages!AH26/MassFormulaTesting!$B$76)*0.68)+0.3 -> #DIV/0! | AD34: =((TotalAverages!AK26/MassFormulaTesting!$B$82)*0.68)+0.3 -> #DIV/0! | AE34: =((TotalAverages!AL26/MassFormulaTesting!$B$84)*0.68)+0.3 -> #DIV/0! | AF34: =((TotalAverages!AM26/MassFormulaTesting!$B$86)*0.68)+0.3 -> #DIV/0! | AG34: =((TotalAverages!AN26/MassFormulaTesting!$B$88)*0.68)+0.3 -> #DIV/0! | AH34: =((TotalAverages!AO26/MassFormulaTesting!$B$90)*0.68)+0.3 -> #DIV/0! | AI34: =((TotalAverages!AP26/MassFormulaTesting!$B$92)*0.68)+0.3 -> #DIV/0! | AJ34: =((TotalAverages!AQ26/MassFormulaTesting!$B$94)*0.68)+0.3 -> #DIV/0! | AK34: =((TotalAverages!AR26/MassFormulaTesting!$B$96)*0.68)+0.3 -> #DIV/0! | AL34: =((TotalAverages!AS26/MassFormulaTesting!$B$98)*0.68)+0.3 -> #DIV/0! | AM34: =((TotalAverages!AT26/MassFormulaTesting!$B$100)*0.68)+0.3 -> #DIV/0! | AN34: =((TotalAverages!AV26/MassFormulaTesting!$B$104)*0.68)+0.3 -> #DIV/0! | AO34: =((TotalAverages!AW26/MassFormulaTesting!$B$106)*0.68)+0.3 -> #DIV/0! | AP34: =((TotalAverages!AX26/MassFormulaTesting!$B$108)*0.68)+0.3 -> #DIV/0!
A35: =IFERROR(__xludf.DUMMYFUNCTION("Query(TotalAverages!A:AV,""Select A,N where A<>'' Order by N Desc Limit 1"")"),"OVERALL") -> OVERALL | B35: =IFERROR(__xludf.DUMMYFUNCTION("""COMPUTED_VALUE"""),"avg Bomb Stops") -> avg Bomb Stops | D35: =(((F35-$C$13)/$D$12)*0.68)+0.3 -> #DIV/0! | E35: =TotalAverages!A27 -> Lane Uppy | F35: =((IFERROR((G35*C$10)+(H35*D$10)+(I35*E$10)+(J35*F$10)+(K35*G$10)+(L35*H$10)+(M35*I$10)+(N35*J$10)+(O35*K$10)+(P35*L$10)+(Q35*M$10)+(R35*N$10)+(S35*O$10)+(T35*P$10)+(U35*Q$10)+(V35*R$10)+(W35*S$10)+(X35*T$10)+(Y35*U$10)+(Z35*V$10)+(AA35*W$10)+(AB35*X$10)+(AC35*Y$10)+(AD35*Z$10)+(AE35*AA$10)+(AF35*AB$10)+(AG35*AC$10)+(AH35*AD$10)+(AI35*AE$10)+(AJ35*AF$10)+(AK35*AG$10)+(AL35*AH$10)+(AM35*AI$10)+(AN35*AJ$10)+(AO35*AK$10)+(AP35*AL$10),"")/F$12)*0.68)+0.3 -> 0.3 | G35: =((TotalAverages!D27/MassFormulaTesting!$B$16)*0.68)+0.3 -> 0.62282744 | H35: =((TotalAverages!E27/MassFormulaTesting!$B$18)*0.68)+0.3 -> 0.72129179 | I35: =((TotalAverages!F27/MassFormulaTesting!$B$20)*0.68)+0.3 -> 0.09017341 | J35: =(IFERROR(MassFormulaTesting!$C$22/TotalAverages!G27,"")*0.68)+0.3 -> 2.7285714 | K35: =(((TotalAverages!H27+118)/(MassFormulaTesting!$B$24+118))*0.68)+0.3 -> 0.96309934 | L35: =((TotalAverages!I27/MassFormulaTesting!$B$26)*0.68)+0.3 -> 0.444 | M35: =((0.98-(TotalAverages!J27/MassFormulaTesting!$B$28)*0.68)) -> 0.51579568 | N35: =((TotalAverages!K27/MassFormulaTesting!$B$30)*0.68)+0.3 -> 0.76946267 | O35: =((TotalAverages!L27/MassFormulaTesting!$B$32)*0.68)+0.3 -> 0.5584081 | P35: =((TotalAverages!M27/MassFormulaTesting!$B$34)*0.68)+0.3 -> 0.31014658 | Q35: =((TotalAverages!N27/MassFormulaTesting!$B$36)*0.68)+0.3 -> #DIV/0! | R35: =((TotalAverages!O27/MassFormulaTesting!$B$38)*0.68)+0.3 -> 0.46 | S35: =(IFERROR(TotalAverages!P27/MassFormulaTesting!$B$40,"")*0.68)+0.3 -> 0.3 | T35: =((TotalAverages!T27/MassFormulaTesting!$B$48)*0.68)+0.3 -> 0.3 | U35: =((TotalAverages!U27/MassFormulaTesting!$B$50)*0.68)+0.3 -> 0.56457831 | V35: =((TotalAverages!V27/MassFormulaTesting!$B$52)*0.68)+0.3 -> 0.47684211 | W35: =(IFERROR(TotalAverages!W27/MassFormulaTesting!$B$54,"")*0.68)+0.3 -> 0.36518519 | X35: =(IFERROR(TotalAverages!X27/MassFormulaTesting!$B$56,"")*0.68)+0.3 -> 0.38 | Y35: =(IFERROR(TotalAverages!Y27/MassFormulaTesting!$B$58,"")*0.68)+0.3 -> 0.3 | Z35: =(IFERROR(TotalAverages!Z27/MassFormulaTesting!$B$60,"")*0.68)+0.3 -> 0.3 | AA35: =((TotalAverages!AD27/MassFormulaTesting!$B$68)*0.68)+0.3 -> 0.3 | AB35: =((TotalAverages!AG27/MassFormulaTesting!$B$74)*0.68)+0.3 -> #DIV/0! | AC35: =((TotalAverages!AH27/MassFormulaTesting!$B$76)*0.68)+0.3 -> #DIV/0! | AD35: =((TotalAverages!AK27/MassFormulaTesting!$B$82)*0.68)+0.3 -> #DIV/0! | AE35: =((TotalAverages!AL27/MassFormulaTesting!$B$84)*0.68)+0.3 -> #DIV/0! | AF35: =((TotalAverages!AM27/MassFormulaTesting!$B$86)*0.68)+0.3 -> #DIV/0! | AG35: =((TotalAverages!AN27/MassFormulaTesting!$B$88)*0.68)+0.3 -> #DIV/0! | AH35: =((TotalAverages!AO27/MassFormulaTesting!$B$90)*0.68)+0.3 -> #DIV/0! | AI35: =((TotalAverages!AP27/MassFormulaTesting!$B$92)*0.68)+0.3 -> #DIV/0! | AJ35: =((TotalAverages!AQ27/MassFormulaTesting!$B$94)*0.68)+0.3 -> #DIV/0! | AK35: =((TotalAverages!AR27/MassFormulaTesting!$B$96)*0.68)+0.3 -> #DIV/0! | AL35: =((TotalAverages!AS27/MassFormulaTesting!$B$98)*0.68)+0.3 -> #DIV/0! | AM35: =((TotalAverages!AT27/MassFormulaTesting!$B$100)*0.68)+0.3 -> #DIV/0! | AN35: =((TotalAverages!AV27/MassFormulaTesting!$B$104)*0.68)+0.3 -> #DIV/0! | AO35: =((TotalAverages!AW27/MassFormulaTesting!$B$106)*0.68)+0.3 -> #DIV/0! | AP35: =((TotalAverages!AX27/MassFormulaTesting!$B$108)*0.68)+0.3 -> #DIV/0!
A36: =IFERROR(__xludf.DUMMYFUNCTION("""COMPUTED_VALUE"""),"Avg Player") -> Avg Player | B36: =IFERROR(__xludf.DUMMYFUNCTION("""COMPUTED_VALUE"""),0.0) -> 0 | D36: =(((F36-$C$13)/$D$12)*0.68)+0.3 -> #DIV/0! | E36: =TotalAverages!A28 -> Laser Wins | F36: =((IFERROR((G36*C$10)+(H36*D$10)+(I36*E$10)+(J36*F$10)+(K36*G$10)+(L36*H$10)+(M36*I$10)+(N36*J$10)+(O36*K$10)+(P36*L$10)+(Q36*M$10)+(R36*N$10)+(S36*O$10)+(T36*P$10)+(U36*Q$10)+(V36*R$10)+(W36*S$10)+(X36*T$10)+(Y36*U$10)+(Z36*V$10)+(AA36*W$10)+(AB36*X$10)+(AC36*Y$10)+(AD36*Z$10)+(AE36*AA$10)+(AF36*AB$10)+(AG36*AC$10)+(AH36*AD$10)+(AI36*AE$10)+(AJ36*AF$10)+(AK36*AG$10)+(AL36*AH$10)+(AM36*AI$10)+(AN36*AJ$10)+(AO36*AK$10)+(AP36*AL$10),"")/F$12)*0.68)+0.3 -> 0.3 | G36: =((TotalAverages!D28/MassFormulaTesting!$B$16)*0.68)+0.3 -> 0.52720523 | H36: =((TotalAverages!E28/MassFormulaTesting!$B$18)*0.68)+0.3 -> 0.68335504 | I36: =((TotalAverages!F28/MassFormulaTesting!$B$20)*0.68)+0.3 -> -0.23016791 | J36: =(IFERROR(MassFormulaTesting!$C$22/TotalAverages!G28,"")*0.68)+0.3 -> 6.4551724 | K36: =(((TotalAverages!H28+118)/(MassFormulaTesting!$B$24+118))*0.68)+0.3 -> 0.96005676 | L36: =((TotalAverages!I28/MassFormulaTesting!$B$26)*0.68)+0.3 -> 0.368 | M36: =((0.98-(TotalAverages!J28/MassFormulaTesting!$B$28)*0.68)) -> 0.39802771 | N36: =((TotalAverages!K28/MassFormulaTesting!$B$30)*0.68)+0.3 -> 0.85335165 | O36: =((TotalAverages!L28/MassFormulaTesting!$B$32)*0.68)+0.3 -> 0.69222659 | P36: =((TotalAverages!M28/MassFormulaTesting!$B$34)*0.68)+0.3 -> 0.74561906 | Q36: =((TotalAverages!N28/MassFormulaTesting!$B$36)*0.68)+0.3 -> #DIV/0! | R36: =((TotalAverages!O28/MassFormulaTesting!$B$38)*0.68)+0.3 -> 0.37285714 | S36: =(IFERROR(TotalAverages!P28/MassFormulaTesting!$B$40,"")*0.68)+0.3 -> 0.3 | T36: =((TotalAverages!T28/MassFormulaTesting!$B$48)*0.68)+0.3 -> 0.3 | U36: =((TotalAverages!U28/MassFormulaTesting!$B$50)*0.68)+0.3 -> 0.40533563 | V36: =((TotalAverages!V28/MassFormulaTesting!$B$52)*0.68)+0.3 -> 0.34601504 | W36: =(IFERROR(TotalAverages!W28/MassFormulaTesting!$B$54,"")*0.68)+0.3 -> 0.32638448 | X36: =(IFERROR(TotalAverages!X28/MassFormulaTesting!$B$56,"")*0.68)+0.3 -> 0.3 | Y36: =(IFERROR(TotalAverages!Y28/MassFormulaTesting!$B$58,"")*0.68)+0.3 -> 0.3 | Z36: =(IFERROR(TotalAverages!Z28/MassFormulaTesting!$B$60,"")*0.68)+0.3 -> 0.3 | AA36: =((TotalAverages!AD28/MassFormulaTesting!$B$68)*0.68)+0.3 -> 0.3 | AB36: =((TotalAverages!AG28/MassFormulaTesting!$B$74)*0.68)+0.3 -> #DIV/0! | AC36: =((TotalAverages!AH28/MassFormulaTesting!$B$76)*0.68)+0.3 -> #DIV/0! | AD36: =((TotalAverages!AK28/MassFormulaTesting!$B$82)*0.68)+0.3 -> #DIV/0! | AE36: =((TotalAverages!AL28/MassFormulaTesting!$B$84)*0.68)+0.3 -> #DIV/0! | AF36: =((TotalAverages!AM28/MassFormulaTesting!$B$86)*0.68)+0.3 -> #DIV/0! | AG36: =((TotalAverages!AN28/MassFormulaTesting!$B$88)*0.68)+0.3 -> #DIV/0! | AH36: =((TotalAverages!AO28/MassFormulaTesting!$B$90)*0.68)+0.3 -> #DIV/0! | AI36: =((TotalAverages!AP28/MassFormulaTesting!$B$92)*0.68)+0.3 -> #DIV/0! | AJ36: =((TotalAverages!AQ28/MassFormulaTesting!$B$94)*0.68)+0.3 -> #DIV/0! | AK36: =((TotalAverages!AR28/MassFormulaTesting!$B$96)*0.68)+0.3 -> #DIV/0! | AL36: =((TotalAverages!AS28/MassFormulaTesting!$B$98)*0.68)+0.3 -> #DIV/0! | AM36: =((TotalAverages!AT28/MassFormulaTesting!$B$100)*0.68)+0.3 -> #DIV/0! | AN36: =((TotalAverages!AV28/MassFormulaTesting!$B$104)*0.68)+0.3 -> #DIV/0! | AO36: =((TotalAverages!AW28/MassFormulaTesting!$B$106)*0.68)+0.3 -> #DIV/0! | AP36: =((TotalAverages!AX28/MassFormulaTesting!$B$108)*0.68)+0.3 -> #DIV/0!
A37: =IFERROR(__xludf.DUMMYFUNCTION("Query(TotalAverages!A:AV,""Select A,O where A<>'' Order by O Desc Limit 1"")"),"OVERALL") -> OVERALL | B37: =IFERROR(__xludf.DUMMYFUNCTION("""COMPUTED_VALUE"""),"avg Killing Sprees") -> avg Killing Sprees | D37: =(((F37-$C$13)/$D$12)*0.68)+0.3 -> #DIV/0! | E37: =TotalAverages!A29 -> Luner Panda | F37: =((IFERROR((G37*C$10)+(H37*D$10)+(I37*E$10)+(J37*F$10)+(K37*G$10)+(L37*H$10)+(M37*I$10)+(N37*J$10)+(O37*K$10)+(P37*L$10)+(Q37*M$10)+(R37*N$10)+(S37*O$10)+(T37*P$10)+(U37*Q$10)+(V37*R$10)+(W37*S$10)+(X37*T$10)+(Y37*U$10)+(Z37*V$10)+(AA37*W$10)+(AB37*X$10)+(AC37*Y$10)+(AD37*Z$10)+(AE37*AA$10)+(AF37*AB$10)+(AG37*AC$10)+(AH37*AD$10)+(AI37*AE$10)+(AJ37*AF$10)+(AK37*AG$10)+(AL37*AH$10)+(AM37*AI$10)+(AN37*AJ$10)+(AO37*AK$10)+(AP37*AL$10),"")/F$12)*0.68)+0.3 -> 0.3 | G37: =((TotalAverages!D29/MassFormulaTesting!$B$16)*0.68)+0.3 -> 0.56325512 | H37: =((TotalAverages!E29/MassFormulaTesting!$B$18)*0.68)+0.3 -> 0.70953539 | I37: =((TotalAverages!F29/MassFormulaTesting!$B$20)*0.68)+0.3 -> -0.16170933 | J37: =(IFERROR(MassFormulaTesting!$C$22/TotalAverages!G29,"")*0.68)+0.3 -> 6.9111111 | K37: =(((TotalAverages!H29+118)/(MassFormulaTesting!$B$24+118))*0.68)+0.3 -> 0.96082876 | L37: =((TotalAverages!I29/MassFormulaTesting!$B$26)*0.68)+0.3 -> 0.37285714 | M37: =((0.98-(TotalAverages!J29/MassFormulaTesting!$B$28)*0.68)) -> 0.59883704 | N37: =((TotalAverages!K29/MassFormulaTesting!$B$30)*0.68)+0.3 -> 0.69918956 | O37: =((TotalAverages!L29/MassFormulaTesting!$B$32)*0.68)+0.3 -> 0.51888774 | P37: =((TotalAverages!M29/MassFormulaTesting!$B$34)*0.68)+0.3 -> 0.40418763 | Q37: =((TotalAverages!N29/MassFormulaTesting!$B$36)*0.68)+0.3 -> #DIV/0! | R37: =((TotalAverages!O29/MassFormulaTesting!$B$38)*0.68)+0.3 -> 0.385 | S37: =(IFERROR(TotalAverages!P29/MassFormulaTesting!$B$40,"")*0.68)+0.3 -> 0.3 | T37: =((TotalAverages!T29/MassFormulaTesting!$B$48)*0.68)+0.3 -> 0.3 | U37: =((TotalAverages!U29/MassFormulaTesting!$B$50)*0.68)+0.3 -> 0.45975904 | V37: =((TotalAverages!V29/MassFormulaTesting!$B$52)*0.68)+0.3 -> 0.3843609 | W37: =(IFERROR(TotalAverages!W29/MassFormulaTesting!$B$54,"")*0.68)+0.3 -> 0.37915344 | X37: =(IFERROR(TotalAverages!X29/MassFormulaTesting!$B$56,"")*0.68)+0.3 -> 0.49428571 | Y37: =(IFERROR(TotalAverages!Y29/MassFormulaTesting!$B$58,"")*0.68)+0.3 -> 0.44571429 | Z37: =(IFERROR(TotalAverages!Z29/MassFormulaTesting!$B$60,"")*0.68)+0.3 -> 0.3 | AA37: =((TotalAverages!AD29/MassFormulaTesting!$B$68)*0.68)+0.3 -> 0.3 | AB37: =((TotalAverages!AG29/MassFormulaTesting!$B$74)*0.68)+0.3 -> #DIV/0! | AC37: =((TotalAverages!AH29/MassFormulaTesting!$B$76)*0.68)+0.3 -> #DIV/0! | AD37: =((TotalAverages!AK29/MassFormulaTesting!$B$82)*0.68)+0.3 -> #DIV/0! | AE37: =((TotalAverages!AL29/MassFormulaTesting!$B$84)*0.68)+0.3 -> #DIV/0! | AF37: =((TotalAverages!AM29/MassFormulaTesting!$B$86)*0.68)+0.3 -> #DIV/0! | AG37: =((TotalAverages!AN29/MassFormulaTesting!$B$88)*0.68)+0.3 -> #DIV/0! | AH37: =((TotalAverages!AO29/MassFormulaTesting!$B$90)*0.68)+0.3 -> #DIV/0! | AI37: =((TotalAverages!AP29/MassFormulaTesting!$B$92)*0.68)+0.3 -> #DIV/0! | AJ37: =((TotalAverages!AQ29/MassFormulaTesting!$B$94)*0.68)+0.3 -> #DIV/0! | AK37: =((TotalAverages!AR29/MassFormulaTesting!$B$96)*0.68)+0.3 -> #DIV/0! | AL37: =((TotalAverages!AS29/MassFormulaTesting!$B$98)*0.68)+0.3 -> #DIV/0! | AM37: =((TotalAverages!AT29/MassFormulaTesting!$B$100)*0.68)+0.3 -> #DIV/0! | AN37: =((TotalAverages!AV29/MassFormulaTesting!$B$104)*0.68)+0.3 -> #DIV/0! | AO37: =((TotalAverages!AW29/MassFormulaTesting!$B$106)*0.68)+0.3 -> #DIV/0! | AP37: =((TotalAverages!AX29/MassFormulaTesting!$B$108)*0.68)+0.3 -> #DIV/0!
A38: =IFERROR(__xludf.DUMMYFUNCTION("""COMPUTED_VALUE"""),"Judasey") -> Judasey | B38: =IFERROR(__xludf.DUMMYFUNCTION("""COMPUTED_VALUE"""),4.0) -> 4 | D38: =(((F38-$C$13)/$D$12)*0.68)+0.3 -> #DIV/0! | E38: =TotalAverages!A30 -> Mavbrid | F38: =((IFERROR((G38*C$10)+(H38*D$10)+(I38*E$10)+(J38*F$10)+(K38*G$10)+(L38*H$10)+(M38*I$10)+(N38*J$10)+(O38*K$10)+(P38*L$10)+(Q38*M$10)+(R38*N$10)+(S38*O$10)+(T38*P$10)+(U38*Q$10)+(V38*R$10)+(W38*S$10)+(X38*T$10)+(Y38*U$10)+(Z38*V$10)+(AA38*W$10)+(AB38*X$10)+(AC38*Y$10)+(AD38*Z$10)+(AE38*AA$10)+(AF38*AB$10)+(AG38*AC$10)+(AH38*AD$10)+(AI38*AE$10)+(AJ38*AF$10)+(AK38*AG$10)+(AL38*AH$10)+(AM38*AI$10)+(AN38*AJ$10)+(AO38*AK$10)+(AP38*AL$10),"")/F$12)*0.68)+0.3 -> 0.3 | G38: =((TotalAverages!D30/MassFormulaTesting!$B$16)*0.68)+0.3 -> 0.59468779 | H38: =((TotalAverages!E30/MassFormulaTesting!$B$18)*0.68)+0.3 -> 0.62973692 | I38: =((TotalAverages!F30/MassFormulaTesting!$B$20)*0.68)+0.3 -> 0.34994618 | J38: =(IFERROR(MassFormulaTesting!$C$22/TotalAverages!G30,"")*0.68)+0.3 -> 3.9518519 | K38: =(((TotalAverages!H30+118)/(MassFormulaTesting!$B$24+118))*0.68)+0.3 -> 0.97605572 | L38: =((TotalAverages!I30/MassFormulaTesting!$B$26)*0.68)+0.3 -> 0.38793103 | M38: =((0.98-(TotalAverages!J30/MassFormulaTesting!$B$28)*0.68)) -> 0.4403965 | N38: =((TotalAverages!K30/MassFormulaTesting!$B$30)*0.68)+0.3 -> 0.81091512 | O38: =((TotalAverages!L30/MassFormulaTesting!$B$32)*0.68)+0.3 -> 0.72329058 | P38: =((TotalAverages!M30/MassFormulaTesting!$B$34)*0.68)+0.3 -> 0.65553389 | Q38: =((TotalAverages!N30/MassFormulaTesting!$B$36)*0.68)+0.3 -> #DIV/0! | R38: =((TotalAverages!O30/MassFormulaTesting!$B$38)*0.68)+0.3 -> 0.55206897 | S38: =(IFERROR(TotalAverages!P30/MassFormulaTesting!$B$40,"")*0.68)+0.3 -> 0.61889655 | T38: =((TotalAverages!T30/MassFormulaTesting!$B$48)*0.68)+0.3 -> 0.3 | U38: =((TotalAverages!U30/MassFormulaTesting!$B$50)*0.68)+0.3 -> 0.51103448 | V38: =((TotalAverages!V30/MassFormulaTesting!$B$52)*0.68)+0.3 -> 0.42588022 | W38: =(IFERROR(TotalAverages!W30/MassFormulaTesting!$B$54,"")*0.68)+0.3 -> 0.33821201 | X38: =(IFERROR(TotalAverages!X30/MassFormulaTesting!$B$56,"")*0.68)+0.3 -> 0.34689655 | Y38: =(IFERROR(TotalAverages!Y30/MassFormulaTesting!$B$58,"")*0.68)+0.3 -> 0.37034483 | Z38: =(IFERROR(TotalAverages!Z30/MassFormulaTesting!$B$60,"")*0.68)+0.3 -> 0.54229885 | AA38: =((TotalAverages!AD30/MassFormulaTesting!$B$68)*0.68)+0.3 -> 0.3 | AB38: =((TotalAverages!AG30/MassFormulaTesting!$B$74)*0.68)+0.3 -> #DIV/0! | AC38: =((TotalAverages!AH30/MassFormulaTesting!$B$76)*0.68)+0.3 -> #DIV/0! | AD38: =((TotalAverages!AK30/MassFormulaTesting!$B$82)*0.68)+0.3 -> #DIV/0! | AE38: =((TotalAverages!AL30/MassFormulaTesting!$B$84)*0.68)+0.3 -> #DIV/0! | AF38: =((TotalAverages!AM30/MassFormulaTesting!$B$86)*0.68)+0.3 -> #DIV/0! | AG38: =((TotalAverages!AN30/MassFormulaTesting!$B$88)*0.68)+0.3 -> #DIV/0! | AH38: =((TotalAverages!AO30/MassFormulaTesting!$B$90)*0.68)+0.3 -> #DIV/0! | AI38: =((TotalAverages!AP30/MassFormulaTesting!$B$92)*0.68)+0.3 -> #DIV/0! | AJ38: =((TotalAverages!AQ30/MassFormulaTesting!$B$94)*0.68)+0.3 -> #DIV/0! | AK38: =((TotalAverages!AR30/MassFormulaTesting!$B$96)*0.68)+0.3 -> #DIV/0! | AL38: =((TotalAverages!AS30/MassFormulaTesting!$B$98)*0.68)+0.3 -> #DIV/0! | AM38: =((TotalAverages!AT30/MassFormulaTesting!$B$100)*0.68)+0.3 -> #DIV/0! | AN38: =((TotalAverages!AV30/MassFormulaTesting!$B$104)*0.68)+0.3 -> #DIV/0! | AO38: =((TotalAverages!AW30/MassFormulaTesting!$B$106)*0.68)+0.3 -> #DIV/0! | AP38: =((TotalAverages!AX30/MassFormulaTesting!$B$108)*0.68)+0.3 -> #DIV/0!
A39: =IFERROR(__xludf.DUMMYFUNCTION("Query(TotalAverages!A:AV,""Select A,P where A<>'' Order by P Desc Limit 1"")"),"OVERALL") -> OVERALL | B39: =IFERROR(__xludf.DUMMYFUNCTION("""COMPUTED_VALUE"""),"avg Killing Frenzies") -> avg Killing Frenzies | D39: =(((F39-$C$13)/$D$12)*0.68)+0.3 -> #DIV/0! | E39: =TotalAverages!A31 -> MealyKitten0 | F39: =((IFERROR((G39*C$10)+(H39*D$10)+(I39*E$10)+(J39*F$10)+(K39*G$10)+(L39*H$10)+(M39*I$10)+(N39*J$10)+(O39*K$10)+(P39*L$10)+(Q39*M$10)+(R39*N$10)+(S39*O$10)+(T39*P$10)+(U39*Q$10)+(V39*R$10)+(W39*S$10)+(X39*T$10)+(Y39*U$10)+(Z39*V$10)+(AA39*W$10)+(AB39*X$10)+(AC39*Y$10)+(AD39*Z$10)+(AE39*AA$10)+(AF39*AB$10)+(AG39*AC$10)+(AH39*AD$10)+(AI39*AE$10)+(AJ39*AF$10)+(AK39*AG$10)+(AL39*AH$10)+(AM39*AI$10)+(AN39*AJ$10)+(AO39*AK$10)+(AP39*AL$10),"")/F$12)*0.68)+0.3 -> 0.3 | G39: =((TotalAverages!D31/MassFormulaTesting!$B$16)*0.68)+0.3 -> 0.64292842 | H39: =((TotalAverages!E31/MassFormulaTesting!$B$18)*0.68)+0.3 -> 0.74249457 | I39: =((TotalAverages!F31/MassFormulaTesting!$B$20)*0.68)+0.3 -> 0.099256813 | J39: =(IFERROR(MassFormulaTesting!$C$22/TotalAverages!G31,"")*0.68)+0.3 -> 3.3909091 | K39: =(((TotalAverages!H31+118)/(MassFormulaTesting!$B$24+118))*0.68)+0.3 -> 0.95889877 | L39: =((TotalAverages!I31/MassFormulaTesting!$B$26)*0.68)+0.3 -> 0.657 | M39: =((0.98-(TotalAverages!J31/MassFormulaTesting!$B$28)*0.68)) -> 0.60557753 | N39: =((TotalAverages!K31/MassFormulaTesting!$B$30)*0.68)+0.3 -> 0.69918956 | O39: =((TotalAverages!L31/MassFormulaTesting!$B$32)*0.68)+0.3 -> 0.48978706 | P39: =((TotalAverages!M31/MassFormulaTesting!$B$34)*0.68)+0.3 -> 0.31609804 | Q39: =((TotalAverages!N31/MassFormulaTesting!$B$36)*0.68)+0.3 -> #DIV/0! | R39: =((TotalAverages!O31/MassFormulaTesting!$B$38)*0.68)+0.3 -> 0.34857143 | S39: =(IFERROR(TotalAverages!P31/MassFormulaTesting!$B$40,"")*0.68)+0.3 -> 0.3 | T39: =((TotalAverages!T31/MassFormulaTesting!$B$48)*0.68)+0.3 -> 0.3 | U39: =((TotalAverages!U31/MassFormulaTesting!$B$50)*0.68)+0.3 -> 0.56685026 | V39: =((TotalAverages!V31/MassFormulaTesting!$B$52)*0.68)+0.3 -> 0.4993985 | W39: =(IFERROR(TotalAverages!W31/MassFormulaTesting!$B$54,"")*0.68)+0.3 -> 0.45830688 | X39: =(IFERROR(TotalAverages!X31/MassFormulaTesting!$B$56,"")*0.68)+0.3 -> 0.39714286 | Y39: =(IFERROR(TotalAverages!Y31/MassFormulaTesting!$B$58,"")*0.68)+0.3 -> 0.3 | Z39: =(IFERROR(TotalAverages!Z31/MassFormulaTesting!$B$60,"")*0.68)+0.3 -> 0.3 | AA39: =((TotalAverages!AD31/MassFormulaTesting!$B$68)*0.68)+0.3 -> 0.3 | AB39: =((TotalAverages!AG31/MassFormulaTesting!$B$74)*0.68)+0.3 -> #DIV/0! | AC39: =((TotalAverages!AH31/MassFormulaTesting!$B$76)*0.68)+0.3 -> #DIV/0! | AD39: =((TotalAverages!AK31/MassFormulaTesting!$B$82)*0.68)+0.3 -> #DIV/0! | AE39: =((TotalAverages!AL31/MassFormulaTesting!$B$84)*0.68)+0.3 -> #DIV/0! | AF39: =((TotalAverages!AM31/MassFormulaTesting!$B$86)*0.68)+0.3 -> #DIV/0! | AG39: =((TotalAverages!AN31/MassFormulaTesting!$B$88)*0.68)+0.3 -> #DIV/0! | AH39: =((TotalAverages!AO31/MassFormulaTesting!$B$90)*0.68)+0.3 -> #DIV/0! | AI39: =((TotalAverages!AP31/MassFormulaTesting!$B$92)*0.68)+0.3 -> #DIV/0! | AJ39: =((TotalAverages!AQ31/MassFormulaTesting!$B$94)*0.68)+0.3 -> #DIV/0! | AK39: =((TotalAverages!AR31/MassFormulaTesting!$B$96)*0.68)+0.3 -> #DIV/0! | AL39: =((TotalAverages!AS31/MassFormulaTesting!$B$98)*0.68)+0.3 -> #DIV/0! | AM39: =((TotalAverages!AT31/MassFormulaTesting!$B$100)*0.68)+0.3 -> #DIV/0! | AN39: =((TotalAverages!AV31/MassFormulaTesting!$B$104)*0.68)+0.3 -> #DIV/0! | AO39: =((TotalAverages!AW31/MassFormulaTesting!$B$106)*0.68)+0.3 -> #DIV/0! | AP39: =((TotalAverages!AX31/MassFormulaTesting!$B$108)*0.68)+0.3 -> #DIV/0!
A40: =IFERROR(__xludf.DUMMYFUNCTION("""COMPUTED_VALUE"""),"Dhlyn") -> Dhlyn | B40: =IFERROR(__xludf.DUMMYFUNCTION("""COMPUTED_VALUE"""),0.29411764705882354) -> 0.29411765 | D40: =(((F40-$C$13)/$D$12)*0.68)+0.3 -> #DIV/0! | E40: =TotalAverages!A32 -> Mhurcy | F40: =((IFERROR((G40*C$10)+(H40*D$10)+(I40*E$10)+(J40*F$10)+(K40*G$10)+(L40*H$10)+(M40*I$10)+(N40*J$10)+(O40*K$10)+(P40*L$10)+(Q40*M$10)+(R40*N$10)+(S40*O$10)+(T40*P$10)+(U40*Q$10)+(V40*R$10)+(W40*S$10)+(X40*T$10)+(Y40*U$10)+(Z40*V$10)+(AA40*W$10)+(AB40*X$10)+(AC40*Y$10)+(AD40*Z$10)+(AE40*AA$10)+(AF40*AB$10)+(AG40*AC$10)+(AH40*AD$10)+(AI40*AE$10)+(AJ40*AF$10)+(AK40*AG$10)+(AL40*AH$10)+(AM40*AI$10)+(AN40*AJ$10)+(AO40*AK$10)+(AP40*AL$10),"")/F$12)*0.68)+0.3 -> 0.3 | G40: =((TotalAverages!D32/MassFormulaTesting!$B$16)*0.68)+0.3 -> 0.5608316 | H40: =((TotalAverages!E32/MassFormulaTesting!$B$18)*0.68)+0.3 -> 0.64326639 | I40: =((TotalAverages!F32/MassFormulaTesting!$B$20)*0.68)+0.3 -> 0.11778695 | J40: =(IFERROR(MassFormulaTesting!$C$22/TotalAverages!G32,"")*0.68)+0.3 -> 4.2016393 | K40: =(((TotalAverages!H32+118)/(MassFormulaTesting!$B$24+118))*0.68)+0.3 -> 0.96237275 | L40: =((TotalAverages!I32/MassFormulaTesting!$B$26)*0.68)+0.3 -> 0.44571429 | M40: =((0.98-(TotalAverages!J32/MassFormulaTesting!$B$28)*0.68)) -> 0.64209068 | N40: =((TotalAverages!K32/MassFormulaTesting!$B$30)*0.68)+0.3 -> 0.65186126 | O40: =((TotalAverages!L32/MassFormulaTesting!$B$32)*0.68)+0.3 -> 0.53027496 | P40: =((TotalAverages!M32/MassFormulaTesting!$B$34)*0.68)+0.3 -> 0.31965041 | Q40: =((TotalAverages!N32/MassFormulaTesting!$B$36)*0.68)+0.3 -> #DIV/0! | R40: =((TotalAverages!O32/MassFormulaTesting!$B$38)*0.68)+0.3 -> 0.385 | S40: =(IFERROR(TotalAverages!P32/MassFormulaTesting!$B$40,"")*0.68)+0.3 -> 0.3 | T40: =((TotalAverages!T32/MassFormulaTesting!$B$48)*0.68)+0.3 -> 0.3 | U40: =((TotalAverages!U32/MassFormulaTesting!$B$50)*0.68)+0.3 -> 0.51769363 | V40: =((TotalAverages!V32/MassFormulaTesting!$B$52)*0.68)+0.3 -> 0.45338346 | W40: =(IFERROR(TotalAverages!W32/MassFormulaTesting!$B$54,"")*0.68)+0.3 -> 0.4978836 | X40: =(IFERROR(TotalAverages!X32/MassFormulaTesting!$B$56,"")*0.68)+0.3 -> 0.3 | Y40: =(IFERROR(TotalAverages!Y32/MassFormulaTesting!$B$58,"")*0.68)+0.3 -> 0.3 | Z40: =(IFERROR(TotalAverages!Z32/MassFormulaTesting!$B$60,"")*0.68)+0.3 -> 0.3 | AA40: =((TotalAverages!AD32/MassFormulaTesting!$B$68)*0.68)+0.3 -> 0.3 | AB40: =((TotalAverages!AG32/MassFormulaTesting!$B$74)*0.68)+0.3 -> #DIV/0! | AC40: =((TotalAverages!AH32/MassFormulaTesting!$B$76)*0.68)+0.3 -> #DIV/0! | AD40: =((TotalAverages!AK32/MassFormulaTesting!$B$82)*0.68)+0.3 -> #DIV/0! | AE40: =((TotalAverages!AL32/MassFormulaTesting!$B$84)*0.68)+0.3 -> #DIV/0! | AF40: =((TotalAverages!AM32/MassFormulaTesting!$B$86)*0.68)+0.3 -> #DIV/0! | AG40: =((TotalAverages!AN32/MassFormulaTesting!$B$88)*0.68)+0.3 -> #DIV/0! | AH40: =((TotalAverages!AO32/MassFormulaTesting!$B$90)*0.68)+0.3 -> #DIV/0! | AI40: =((TotalAverages!AP32/MassFormulaTesting!$B$92)*0.68)+0.3 -> #DIV/0! | AJ40: =((TotalAverages!AQ32/MassFormulaTesting!$B$94)*0.68)+0.3 -> #DIV/0! | AK40: =((TotalAverages!AR32/MassFormulaTesting!$B$96)*0.68)+0.3 -> #DIV/0! | AL40: =((TotalAverages!AS32/MassFormulaTesting!$B$98)*0.68)+0.3 -> #DIV/0! | AM40: =((TotalAverages!AT32/MassFormulaTesting!$B$100)*0.68)+0.3 -> #DIV/0! | AN40: =((TotalAverages!AV32/MassFormulaTesting!$B$104)*0.68)+0.3 -> #DIV/0! | AO40: =((TotalAverages!AW32/MassFormulaTesting!$B$106)*0.68)+0.3 -> #DIV/0! | AP40: =((TotalAverages!AX32/MassFormulaTesting!$B$108)*0.68)+0.3 -> #DIV/0!
A41: =IFERROR(__xludf.DUMMYFUNCTION("Query(TotalAverages!A:AV,""Select A,Q where A<>'' Order by Q Desc Limit 1"")"),"OVERALL") -> OVERALL | B41: =IFERROR(__xludf.DUMMYFUNCTION("""COMPUTED_VALUE"""),"avg Running Riots") -> avg Running Riots | D41: =(((F41-$C$13)/$D$12)*0.68)+0.3 -> #DIV/0! | E41: =TotalAverages!A33 -> MoldyVolts | F41: =((IFERROR((G41*C$10)+(H41*D$10)+(I41*E$10)+(J41*F$10)+(K41*G$10)+(L41*H$10)+(M41*I$10)+(N41*J$10)+(O41*K$10)+(P41*L$10)+(Q41*M$10)+(R41*N$10)+(S41*O$10)+(T41*P$10)+(U41*Q$10)+(V41*R$10)+(W41*S$10)+(X41*T$10)+(Y41*U$10)+(Z41*V$10)+(AA41*W$10)+(AB41*X$10)+(AC41*Y$10)+(AD41*Z$10)+(AE41*AA$10)+(AF41*AB$10)+(AG41*AC$10)+(AH41*AD$10)+(AI41*AE$10)+(AJ41*AF$10)+(AK41*AG$10)+(AL41*AH$10)+(AM41*AI$10)+(AN41*AJ$10)+(AO41*AK$10)+(AP41*AL$10),"")/F$12)*0.68)+0.3 -> 0.3 | G41: =((TotalAverages!D33/MassFormulaTesting!$B$16)*0.68)+0.3 -> 0.63183454 | H41: =((TotalAverages!E33/MassFormulaTesting!$B$18)*0.68)+0.3 -> 0.81034745 | I41: =((TotalAverages!F33/MassFormulaTesting!$B$20)*0.68)+0.3 -> -0.2561172 | J41: =(IFERROR(MassFormulaTesting!$C$22/TotalAverages!G33,"")*0.68)+0.3 -> 2.6932039 | K41: =(((TotalAverages!H33+118)/(MassFormulaTesting!$B$24+118))*0.68)+0.3 -> 0.96114821 | L41: =((TotalAverages!I33/MassFormulaTesting!$B$26)*0.68)+0.3 -> 0.504 | M41: =((0.98-(TotalAverages!J33/MassFormulaTesting!$B$28)*0.68)) -> 0.47943229 | N41: =((TotalAverages!K33/MassFormulaTesting!$B$30)*0.68)+0.3 -> 0.81162135 | O41: =((TotalAverages!L33/MassFormulaTesting!$B$32)*0.68)+0.3 -> 0.5259993 | P41: =((TotalAverages!M33/MassFormulaTesting!$B$34)*0.68)+0.3 -> 0.3097469 | Q41: =((TotalAverages!N33/MassFormulaTesting!$B$36)*0.68)+0.3 -> #DIV/0! | R41: =((TotalAverages!O33/MassFormulaTesting!$B$38)*0.68)+0.3 -> 0.39965517 | S41: =(IFERROR(TotalAverages!P33/MassFormulaTesting!$B$40,"")*0.68)+0.3 -> 0.3 | T41: =((TotalAverages!T33/MassFormulaTesting!$B$48)*0.68)+0.3 -> 0.3 | U41: =((TotalAverages!U33/MassFormulaTesting!$B$50)*0.68)+0.3 -> 0.5237474 | V41: =((TotalAverages!V33/MassFormulaTesting!$B$52)*0.68)+0.3 -> 0.4369873 | W41: =(IFERROR(TotalAverages!W33/MassFormulaTesting!$B$54,"")*0.68)+0.3 -> 0.49106003 | X41: =(IFERROR(TotalAverages!X33/MassFormulaTesting!$B$56,"")*0.68)+0.3 -> 0.34689655 | Y41: =(IFERROR(TotalAverages!Y33/MassFormulaTesting!$B$58,"")*0.68)+0.3 -> 0.3 | Z41: =(IFERROR(TotalAverages!Z33/MassFormulaTesting!$B$60,"")*0.68)+0.3 -> 0.3 | AA41: =((TotalAverages!AD33/MassFormulaTesting!$B$68)*0.68)+0.3 -> 0.3 | AB41: =((TotalAverages!AG33/MassFormulaTesting!$B$74)*0.68)+0.3 -> #DIV/0! | AC41: =((TotalAverages!AH33/MassFormulaTesting!$B$76)*0.68)+0.3 -> #DIV/0! | AD41: =((TotalAverages!AK33/MassFormulaTesting!$B$82)*0.68)+0.3 -> #DIV/0! | AE41: =((TotalAverages!AL33/MassFormulaTesting!$B$84)*0.68)+0.3 -> #DIV/0! | AF41: =((TotalAverages!AM33/MassFormulaTesting!$B$86)*0.68)+0.3 -> #DIV/0! | AG41: =((TotalAverages!AN33/MassFormulaTesting!$B$88)*0.68)+0.3 -> #DIV/0! | AH41: =((TotalAverages!AO33/MassFormulaTesting!$B$90)*0.68)+0.3 -> #DIV/0! | AI41: =((TotalAverages!AP33/MassFormulaTesting!$B$92)*0.68)+0.3 -> #DIV/0! | AJ41: =((TotalAverages!AQ33/MassFormulaTesting!$B$94)*0.68)+0.3 -> #DIV/0! | AK41: =((TotalAverages!AR33/MassFormulaTesting!$B$96)*0.68)+0.3 -> #DIV/0! | AL41: =((TotalAverages!AS33/MassFormulaTesting!$B$98)*0.68)+0.3 -> #DIV/0! | AM41: =((TotalAverages!AT33/MassFormulaTesting!$B$100)*0.68)+0.3 -> #DIV/0! | AN41: =((TotalAverages!AV33/MassFormulaTesting!$B$104)*0.68)+0.3 -> #DIV/0! | AO41: =((TotalAverages!AW33/MassFormulaTesting!$B$106)*0.68)+0.3 -> #DIV/0! | AP41: =((TotalAverages!AX33/MassFormulaTesting!$B$108)*0.68)+0.3 -> #DIV/0!
A42: =IFERROR(__xludf.DUMMYFUNCTION("""COMPUTED_VALUE"""),"yLuxe") -> yLuxe | B42: =IFERROR(__xludf.DUMMYFUNCTION("""COMPUTED_VALUE"""),0.08333333333333333) -> 0.083333333 | D42: =(((F42-$C$13)/$D$12)*0.68)+0.3 -> #DIV/0! | E42: =TotalAverages!A34 -> MuNgO PuNgO | F42: =((IFERROR((G42*C$10)+(H42*D$10)+(I42*E$10)+(J42*F$10)+(K42*G$10)+(L42*H$10)+(M42*I$10)+(N42*J$10)+(O42*K$10)+(P42*L$10)+(Q42*M$10)+(R42*N$10)+(S42*O$10)+(T42*P$10)+(U42*Q$10)+(V42*R$10)+(W42*S$10)+(X42*T$10)+(Y42*U$10)+(Z42*V$10)+(AA42*W$10)+(AB42*X$10)+(AC42*Y$10)+(AD42*Z$10)+(AE42*AA$10)+(AF42*AB$10)+(AG42*AC$10)+(AH42*AD$10)+(AI42*AE$10)+(AJ42*AF$10)+(AK42*AG$10)+(AL42*AH$10)+(AM42*AI$10)+(AN42*AJ$10)+(AO42*AK$10)+(AP42*AL$10),"")/F$12)*0.68)+0.3 -> 0.3 | G42: =((TotalAverages!D34/MassFormulaTesting!$B$16)*0.68)+0.3 -> 0.53114345 | H42: =((TotalAverages!E34/MassFormulaTesting!$B$18)*0.68)+0.3 -> 0.78597264 | I42: =((TotalAverages!F34/MassFormulaTesting!$B$20)*0.68)+0.3 -> -0.66202312 | J42: =(IFERROR(MassFormulaTesting!$C$22/TotalAverages!G34,"")*0.68)+0.3 -> 5.9666667 | K42: =(((TotalAverages!H34+118)/(MassFormulaTesting!$B$24+118))*0.68)+0.3 -> 0.95388079 | L42: =((TotalAverages!I34/MassFormulaTesting!$B$26)*0.68)+0.3 -> 0.402 | M42: =((0.98-(TotalAverages!J34/MassFormulaTesting!$B$28)*0.68)) -> 0.65372388 | N42: =((TotalAverages!K34/MassFormulaTesting!$B$30)*0.68)+0.3 -> 0.66576923 | O42: =((TotalAverages!L34/MassFormulaTesting!$B$32)*0.68)+0.3 -> 0.4505644 | P42: =((TotalAverages!M34/MassFormulaTesting!$B$34)*0.68)+0.3 -> 0.30598056 | Q42: =((TotalAverages!N34/MassFormulaTesting!$B$36)*0.68)+0.3 -> #DIV/0! | R42: =((TotalAverages!O34/MassFormulaTesting!$B$38)*0.68)+0.3 -> 0.3 | S42: =(IFERROR(TotalAverages!P34/MassFormulaTesting!$B$40,"")*0.68)+0.3 -> 0.3 | T42: =((TotalAverages!T34/MassFormulaTesting!$B$48)*0.68)+0.3 -> 0.3 | U42: =((TotalAverages!U34/MassFormulaTesting!$B$50)*0.68)+0.3 -> 0.43518072 | V42: =((TotalAverages!V34/MassFormulaTesting!$B$52)*0.68)+0.3 -> 0.46105263 | W42: =(IFERROR(TotalAverages!W34/MassFormulaTesting!$B$54,"")*0.68)+0.3 -> 0.3 | X42: =(IFERROR(TotalAverages!X34/MassFormulaTesting!$B$56,"")*0.68)+0.3 -> 0.3 | Y42: =(IFERROR(TotalAverages!Y34/MassFormulaTesting!$B$58,"")*0.68)+0.3 -> 0.3 | Z42: =(IFERROR(TotalAverages!Z34/MassFormulaTesting!$B$60,"")*0.68)+0.3 -> 0.3 | AA42: =((TotalAverages!AD34/MassFormulaTesting!$B$68)*0.68)+0.3 -> 0.3 | AB42: =((TotalAverages!AG34/MassFormulaTesting!$B$74)*0.68)+0.3 -> #DIV/0! | AC42: =((TotalAverages!AH34/MassFormulaTesting!$B$76)*0.68)+0.3 -> #DIV/0! | AD42: =((TotalAverages!AK34/MassFormulaTesting!$B$82)*0.68)+0.3 -> #DIV/0! | AE42: =((TotalAverages!AL34/MassFormulaTesting!$B$84)*0.68)+0.3 -> #DIV/0! | AF42: =((TotalAverages!AM34/MassFormulaTesting!$B$86)*0.68)+0.3 -> #DIV/0! | AG42: =((TotalAverages!AN34/MassFormulaTesting!$B$88)*0.68)+0.3 -> #DIV/0! | AH42: =((TotalAverages!AO34/MassFormulaTesting!$B$90)*0.68)+0.3 -> #DIV/0! | AI42: =((TotalAverages!AP34/MassFormulaTesting!$B$92)*0.68)+0.3 -> #DIV/0! | AJ42: =((TotalAverages!AQ34/MassFormulaTesting!$B$94)*0.68)+0.3 -> #DIV/0! | AK42: =((TotalAverages!AR34/MassFormulaTesting!$B$96)*0.68)+0.3 -> #DIV/0! | AL42: =((TotalAverages!AS34/MassFormulaTesting!$B$98)*0.68)+0.3 -> #DIV/0! | AM42: =((TotalAverages!AT34/MassFormulaTesting!$B$100)*0.68)+0.3 -> #DIV/0! | AN42: =((TotalAverages!AV34/MassFormulaTesting!$B$104)*0.68)+0.3 -> #DIV/0! | AO42: =((TotalAverages!AW34/MassFormulaTesting!$B$106)*0.68)+0.3 -> #DIV/0! | AP42: =((TotalAverages!AX34/MassFormulaTesting!$B$108)*0.68)+0.3 -> #DIV/0!
A43: =IFERROR(__xludf.DUMMYFUNCTION("Query(TotalAverages!A:AV,""Select A,R where A<>'' Order by R Desc Limit 1"")"),"OVERALL") -> OVERALL | B43: =IFERROR(__xludf.DUMMYFUNCTION("""COMPUTED_VALUE"""),"avg Rampages") -> avg Rampages | D43: =(((F43-$C$13)/$D$12)*0.68)+0.3 -> #DIV/0! | E43: =TotalAverages!A35 -> MysticalNovice | F43: =((IFERROR((G43*C$10)+(H43*D$10)+(I43*E$10)+(J43*F$10)+(K43*G$10)+(L43*H$10)+(M43*I$10)+(N43*J$10)+(O43*K$10)+(P43*L$10)+(Q43*M$10)+(R43*N$10)+(S43*O$10)+(T43*P$10)+(U43*Q$10)+(V43*R$10)+(W43*S$10)+(X43*T$10)+(Y43*U$10)+(Z43*V$10)+(AA43*W$10)+(AB43*X$10)+(AC43*Y$10)+(AD43*Z$10)+(AE43*AA$10)+(AF43*AB$10)+(AG43*AC$10)+(AH43*AD$10)+(AI43*AE$10)+(AJ43*AF$10)+(AK43*AG$10)+(AL43*AH$10)+(AM43*AI$10)+(AN43*AJ$10)+(AO43*AK$10)+(AP43*AL$10),"")/F$12)*0.68)+0.3 -> 0.3 | G43: =((TotalAverages!D35/MassFormulaTesting!$B$16)*0.68)+0.3 -> 0.80076032 | H43: =((TotalAverages!E35/MassFormulaTesting!$B$18)*0.68)+0.3 -> 0.92832827 | I43: =((TotalAverages!F35/MassFormulaTesting!$B$20)*0.68)+0.3 -> 0.085359207 | J43: =(IFERROR(MassFormulaTesting!$C$22/TotalAverages!G35,"")*0.68)+0.3 -> 3.3318471 | K43: =(((TotalAverages!H35+118)/(MassFormulaTesting!$B$24+118))*0.68)+0.3 -> 0.96179376 | L43: =((TotalAverages!I35/MassFormulaTesting!$B$26)*0.68)+0.3 -> 0.46028571 | M43: =((0.98-(TotalAverages!J35/MassFormulaTesting!$B$28)*0.68)) -> 0.50665629 | N43: =((TotalAverages!K35/MassFormulaTesting!$B$30)*0.68)+0.3 -> 0.81084478 | O43: =((TotalAverages!L35/MassFormulaTesting!$B$32)*0.68)+0.3 -> 0.47017573 | P43: =((TotalAverages!M35/MassFormulaTesting!$B$34)*0.68)+0.3 -> 0.31011749 | Q43: =((TotalAverages!N35/MassFormulaTesting!$B$36)*0.68)+0.3 -> #DIV/0! | R43: =((TotalAverages!O35/MassFormulaTesting!$B$38)*0.68)+0.3 -> 0.43964286 | S43: =(IFERROR(TotalAverages!P35/MassFormulaTesting!$B$40,"")*0.68)+0.3 -> 0.3 | T43: =((TotalAverages!T35/MassFormulaTesting!$B$48)*0.68)+0.3 -> 0.3 | U43: =((TotalAverages!U35/MassFormulaTesting!$B$50)*0.68)+0.3 -> 0.81175559 | V43: =((TotalAverages!V35/MassFormulaTesting!$B$52)*0.68)+0.3 -> 0.7524812 | W43: =(IFERROR(TotalAverages!W35/MassFormulaTesting!$B$54,"")*0.68)+0.3 -> 0.71555556 | X43: =(IFERROR(TotalAverages!X35/MassFormulaTesting!$B$56,"")*0.68)+0.3 -> 0.49428571 | Y43: =(IFERROR(TotalAverages!Y35/MassFormulaTesting!$B$58,"")*0.68)+0.3 -> 0.3 | Z43: =(IFERROR(TotalAverages!Z35/MassFormulaTesting!$B$60,"")*0.68)+0.3 -> 0.3 | AA43: =((TotalAverages!AD35/MassFormulaTesting!$B$68)*0.68)+0.3 -> 0.3 | AB43: =((TotalAverages!AG35/MassFormulaTesting!$B$74)*0.68)+0.3 -> #DIV/0! | AC43: =((TotalAverages!AH35/MassFormulaTesting!$B$76)*0.68)+0.3 -> #DIV/0! | AD43: =((TotalAverages!AK35/MassFormulaTesting!$B$82)*0.68)+0.3 -> #DIV/0! | AE43: =((TotalAverages!AL35/MassFormulaTesting!$B$84)*0.68)+0.3 -> #DIV/0! | AF43: =((TotalAverages!AM35/MassFormulaTesting!$B$86)*0.68)+0.3 -> #DIV/0! | AG43: =((TotalAverages!AN35/MassFormulaTesting!$B$88)*0.68)+0.3 -> #DIV/0! | AH43: =((TotalAverages!AO35/MassFormulaTesting!$B$90)*0.68)+0.3 -> #DIV/0! | AI43: =((TotalAverages!AP35/MassFormulaTesting!$B$92)*0.68)+0.3 -> #DIV/0! | AJ43: =((TotalAverages!AQ35/MassFormulaTesting!$B$94)*0.68)+0.3 -> #DIV/0! | AK43: =((TotalAverages!AR35/MassFormulaTesting!$B$96)*0.68)+0.3 -> #DIV/0! | AL43: =((TotalAverages!AS35/MassFormulaTesting!$B$98)*0.68)+0.3 -> #DIV/0! | AM43: =((TotalAverages!AT35/MassFormulaTesting!$B$100)*0.68)+0.3 -> #DIV/0! | AN43: =((TotalAverages!AV35/MassFormulaTesting!$B$104)*0.68)+0.3 -> #DIV/0! | AO43: =((TotalAverages!AW35/MassFormulaTesting!$B$106)*0.68)+0.3 -> #DIV/0! | AP43: =((TotalAverages!AX35/MassFormulaTesting!$B$108)*0.68)+0.3 -> #DIV/0!
A44: =IFERROR(__xludf.DUMMYFUNCTION("""COMPUTED_VALUE"""),"yLuxe") -> yLuxe | B44: =IFERROR(__xludf.DUMMYFUNCTION("""COMPUTED_VALUE"""),0.041666666666666664) -> 0.041666667 | D44: =(((F44-$C$13)/$D$12)*0.68)+0.3 -> #DIV/0! | E44: =TotalAverages!A36 -> SPANKTR0N | F44: =((IFERROR((G44*C$10)+(H44*D$10)+(I44*E$10)+(J44*F$10)+(K44*G$10)+(L44*H$10)+(M44*I$10)+(N44*J$10)+(O44*K$10)+(P44*L$10)+(Q44*M$10)+(R44*N$10)+(S44*O$10)+(T44*P$10)+(U44*Q$10)+(V44*R$10)+(W44*S$10)+(X44*T$10)+(Y44*U$10)+(Z44*V$10)+(AA44*W$10)+(AB44*X$10)+(AC44*Y$10)+(AD44*Z$10)+(AE44*AA$10)+(AF44*AB$10)+(AG44*AC$10)+(AH44*AD$10)+(AI44*AE$10)+(AJ44*AF$10)+(AK44*AG$10)+(AL44*AH$10)+(AM44*AI$10)+(AN44*AJ$10)+(AO44*AK$10)+(AP44*AL$10),"")/F$12)*0.68)+0.3 -> 0.3 | G44: =((TotalAverages!D36/MassFormulaTesting!$B$16)*0.68)+0.3 -> 0.65811331 | H44: =((TotalAverages!E36/MassFormulaTesting!$B$18)*0.68)+0.3 -> 0.73350969 | I44: =((TotalAverages!F36/MassFormulaTesting!$B$20)*0.68)+0.3 -> 0.21622832 | J44: =(IFERROR(MassFormulaTesting!$C$22/TotalAverages!G36,"")*0.68)+0.3 -> 3.02 | K44: =(((TotalAverages!H36+118)/(MassFormulaTesting!$B$24+118))*0.68)+0.3 -> 0.96840397 | L44: =((TotalAverages!I36/MassFormulaTesting!$B$26)*0.68)+0.3 -> 0.446625 | M44: =((0.98-(TotalAverages!J36/MassFormulaTesting!$B$28)*0.68)) -> 0.50912216 | N44: =((TotalAverages!K36/MassFormulaTesting!$B$30)*0.68)+0.3 -> 0.77581731 | O44: =((TotalAverages!L36/MassFormulaTesting!$B$32)*0.68)+0.3 -> 0.55463097 | P44: =((TotalAverages!M36/MassFormulaTesting!$B$34)*0.68)+0.3 -> 0.30208533 | Q44: =((TotalAverages!N36/MassFormulaTesting!$B$36)*0.68)+0.3 -> #DIV/0! | R44: =((TotalAverages!O36/MassFormulaTesting!$B$38)*0.68)+0.3 -> 0.586875 | S44: =(IFERROR(TotalAverages!P36/MassFormulaTesting!$B$40,"")*0.68)+0.3 -> 0.589 | T44: =((TotalAverages!T36/MassFormulaTesting!$B$48)*0.68)+0.3 -> 0.3 | U44: =((TotalAverages!U36/MassFormulaTesting!$B$50)*0.68)+0.3 -> 0.59493976 | V44: =((TotalAverages!V36/MassFormulaTesting!$B$52)*0.68)+0.3 -> 0.58855263 | W44: =(IFERROR(TotalAverages!W36/MassFormulaTesting!$B$54,"")*0.68)+0.3 -> 0.8887037 | X44: =(IFERROR(TotalAverages!X36/MassFormulaTesting!$B$56,"")*0.68)+0.3 -> 0.64 | Y44: =(IFERROR(TotalAverages!Y36/MassFormulaTesting!$B$58,"")*0.68)+0.3 -> 0.555 | Z44: =(IFERROR(TotalAverages!Z36/MassFormulaTesting!$B$60,"")*0.68)+0.3 -> 0.3 | AA44: =((TotalAverages!AD36/MassFormulaTesting!$B$68)*0.68)+0.3 -> 0.3 | AB44: =((TotalAverages!AG36/MassFormulaTesting!$B$74)*0.68)+0.3 -> #DIV/0! | AC44: =((TotalAverages!AH36/MassFormulaTesting!$B$76)*0.68)+0.3 -> #DIV/0! | AD44: =((TotalAverages!AK36/MassFormulaTesting!$B$82)*0.68)+0.3 -> #DIV/0! | AE44: =((TotalAverages!AL36/MassFormulaTesting!$B$84)*0.68)+0.3 -> #DIV/0! | AF44: =((TotalAverages!AM36/MassFormulaTesting!$B$86)*0.68)+0.3 -> #DIV/0! | AG44: =((TotalAverages!AN36/MassFormulaTesting!$B$88)*0.68)+0.3 -> #DIV/0! | AH44: =((TotalAverages!AO36/MassFormulaTesting!$B$90)*0.68)+0.3 -> #DIV/0! | AI44: =((TotalAverages!AP36/MassFormulaTesting!$B$92)*0.68)+0.3 -> #DIV/0! | AJ44: =((TotalAverages!AQ36/MassFormulaTesting!$B$94)*0.68)+0.3 -> #DIV/0! | AK44: =((TotalAverages!AR36/MassFormulaTesting!$B$96)*0.68)+0.3 -> #DIV/0! | AL44: =((TotalAverages!AS36/MassFormulaTesting!$B$98)*0.68)+0.3 -> #DIV/0! | AM44: =((TotalAverages!AT36/MassFormulaTesting!$B$100)*0.68)+0.3 -> #DIV/0! | AN44: =((TotalAverages!AV36/MassFormulaTesting!$B$104)*0.68)+0.3 -> #DIV/0! | AO44: =((TotalAverages!AW36/MassFormulaTesting!$B$106)*0.68)+0.3 -> #DIV/0! | AP44: =((TotalAverages!AX36/MassFormulaTesting!$B$108)*0.68)+0.3 -> #DIV/0!
A45: =IFERROR(__xludf.DUMMYFUNCTION("Query(TotalAverages!A:AV,""Select A,S where A<>'' Order by S Desc Limit 1"")"),"OVERALL") -> OVERALL | B45: =IFERROR(__xludf.DUMMYFUNCTION("""COMPUTED_VALUE"""),"avg Hammer Sprees") -> avg Hammer Sprees | D45: =(((F45-$C$13)/$D$12)*0.68)+0.3 -> #DIV/0! | E45: =TotalAverages!A37 -> Scullen cx | F45: =((IFERROR((G45*C$10)+(H45*D$10)+(I45*E$10)+(J45*F$10)+(K45*G$10)+(L45*H$10)+(M45*I$10)+(N45*J$10)+(O45*K$10)+(P45*L$10)+(Q45*M$10)+(R45*N$10)+(S45*O$10)+(T45*P$10)+(U45*Q$10)+(V45*R$10)+(W45*S$10)+(X45*T$10)+(Y45*U$10)+(Z45*V$10)+(AA45*W$10)+(AB45*X$10)+(AC45*Y$10)+(AD45*Z$10)+(AE45*AA$10)+(AF45*AB$10)+(AG45*AC$10)+(AH45*AD$10)+(AI45*AE$10)+(AJ45*AF$10)+(AK45*AG$10)+(AL45*AH$10)+(AM45*AI$10)+(AN45*AJ$10)+(AO45*AK$10)+(AP45*AL$10),"")/F$12)*0.68)+0.3 -> 0.3 | G45: =((TotalAverages!D37/MassFormulaTesting!$B$16)*0.68)+0.3 -> 0.62423701 | H45: =((TotalAverages!E37/MassFormulaTesting!$B$18)*0.68)+0.3 -> 0.80069909 | I45: =((TotalAverages!F37/MassFormulaTesting!$B$20)*0.68)+0.3 -> -0.2523526 | J45: =(IFERROR(MassFormulaTesting!$C$22/TotalAverages!G37,"")*0.68)+0.3 -> 3.2059829 | K45: =(((TotalAverages!H37+118)/(MassFormulaTesting!$B$24+118))*0.68)+0.3 -> 0.96090596 | L45: =((TotalAverages!I37/MassFormulaTesting!$B$26)*0.68)+0.3 -> 0.5091 | M45: =((0.98-(TotalAverages!J37/MassFormulaTesting!$B$28)*0.68)) -> 0.55472977 | N45: =((TotalAverages!K37/MassFormulaTesting!$B$30)*0.68)+0.3 -> 0.75292788 | O45: =((TotalAverages!L37/MassFormulaTesting!$B$32)*0.68)+0.3 -> 0.4930767 | P45: =((TotalAverages!M37/MassFormulaTesting!$B$34)*0.68)+0.3 -> 0.31809906 | Q45: =((TotalAverages!N37/MassFormulaTesting!$B$36)*0.68)+0.3 -> #DIV/0! | R45: =((TotalAverages!O37/MassFormulaTesting!$B$38)*0.68)+0.3 -> 0.3935 | S45: =(IFERROR(TotalAverages!P37/MassFormulaTesting!$B$40,"")*0.68)+0.3 -> 0.3 | T45: =((TotalAverages!T37/MassFormulaTesting!$B$48)*0.68)+0.3 -> 0.3 | U45: =((TotalAverages!U37/MassFormulaTesting!$B$50)*0.68)+0.3 -> 0.5826506 | V45: =((TotalAverages!V37/MassFormulaTesting!$B$52)*0.68)+0.3 -> 0.49863158 | W45: =(IFERROR(TotalAverages!W37/MassFormulaTesting!$B$54,"")*0.68)+0.3 -> 0.46622222 | X45: =(IFERROR(TotalAverages!X37/MassFormulaTesting!$B$56,"")*0.68)+0.3 -> 0.436 | Y45: =(IFERROR(TotalAverages!Y37/MassFormulaTesting!$B$58,"")*0.68)+0.3 -> 0.402 | Z45: =(IFERROR(TotalAverages!Z37/MassFormulaTesting!$B$60,"")*0.68)+0.3 -> 0.3 | AA45: =((TotalAverages!AD37/MassFormulaTesting!$B$68)*0.68)+0.3 -> 0.3 | AB45: =((TotalAverages!AG37/MassFormulaTesting!$B$74)*0.68)+0.3 -> #DIV/0! | AC45: =((TotalAverages!AH37/MassFormulaTesting!$B$76)*0.68)+0.3 -> #DIV/0! | AD45: =((TotalAverages!AK37/MassFormulaTesting!$B$82)*0.68)+0.3 -> #DIV/0! | AE45: =((TotalAverages!AL37/MassFormulaTesting!$B$84)*0.68)+0.3 -> #DIV/0! | AF45: =((TotalAverages!AM37/MassFormulaTesting!$B$86)*0.68)+0.3 -> #DIV/0! | AG45: =((TotalAverages!AN37/MassFormulaTesting!$B$88)*0.68)+0.3 -> #DIV/0! | AH45: =((TotalAverages!AO37/MassFormulaTesting!$B$90)*0.68)+0.3 -> #DIV/0! | AI45: =((TotalAverages!AP37/MassFormulaTesting!$B$92)*0.68)+0.3 -> #DIV/0! | AJ45: =((TotalAverages!AQ37/MassFormulaTesting!$B$94)*0.68)+0.3 -> #DIV/0! | AK45: =((TotalAverages!AR37/MassFormulaTesting!$B$96)*0.68)+0.3 -> #DIV/0! | AL45: =((TotalAverages!AS37/MassFormulaTesting!$B$98)*0.68)+0.3 -> #DIV/0! | AM45: =((TotalAverages!AT37/MassFormulaTesting!$B$100)*0.68)+0.3 -> #DIV/0! | AN45: =((TotalAverages!AV37/MassFormulaTesting!$B$104)*0.68)+0.3 -> #DIV/0! | AO45: =((TotalAverages!AW37/MassFormulaTesting!$B$106)*0.68)+0.3 -> #DIV/0! | AP45: =((TotalAverages!AX37/MassFormulaTesting!$B$108)*0.68)+0.3 -> #DIV/0!
A46: =IFERROR(__xludf.DUMMYFUNCTION("""COMPUTED_VALUE"""),"Judasey") -> Judasey | B46: =IFERROR(__xludf.DUMMYFUNCTION("""COMPUTED_VALUE"""),4.0) -> 4 | D46: =(((F46-$C$13)/$D$12)*0.68)+0.3 -> #DIV/0! | E46: =TotalAverages!A38 -> Solace VIII | F46: =((IFERROR((G46*C$10)+(H46*D$10)+(I46*E$10)+(J46*F$10)+(K46*G$10)+(L46*H$10)+(M46*I$10)+(N46*J$10)+(O46*K$10)+(P46*L$10)+(Q46*M$10)+(R46*N$10)+(S46*O$10)+(T46*P$10)+(U46*Q$10)+(V46*R$10)+(W46*S$10)+(X46*T$10)+(Y46*U$10)+(Z46*V$10)+(AA46*W$10)+(AB46*X$10)+(AC46*Y$10)+(AD46*Z$10)+(AE46*AA$10)+(AF46*AB$10)+(AG46*AC$10)+(AH46*AD$10)+(AI46*AE$10)+(AJ46*AF$10)+(AK46*AG$10)+(AL46*AH$10)+(AM46*AI$10)+(AN46*AJ$10)+(AO46*AK$10)+(AP46*AL$10),"")/F$12)*0.68)+0.3 -> 0.3 | G46: =((TotalAverages!D38/MassFormulaTesting!$B$16)*0.68)+0.3 -> 0.83612172 | H46: =((TotalAverages!E38/MassFormulaTesting!$B$18)*0.68)+0.3 -> 0.8551423 | I46: =((TotalAverages!F38/MassFormulaTesting!$B$20)*0.68)+0.3 -> 0.58791908 | J46: =(IFERROR(MassFormulaTesting!$C$22/TotalAverages!G38,"")*0.68)+0.3 -> 2.278836 | K46: =(((TotalAverages!H38+118)/(MassFormulaTesting!$B$24+118))*0.68)+0.3 -> 0.967882 | L46: =((TotalAverages!I38/MassFormulaTesting!$B$26)*0.68)+0.3 -> 0.41127273 | M46: =((0.98-(TotalAverages!J38/MassFormulaTesting!$B$28)*0.68)) -> 0.42514345 | N46: =((TotalAverages!K38/MassFormulaTesting!$B$30)*0.68)+0.3 -> 0.86057255 | O46: =((TotalAverages!L38/MassFormulaTesting!$B$32)*0.68)+0.3 -> 0.53430075 | P46: =((TotalAverages!M38/MassFormulaTesting!$B$34)*0.68)+0.3 -> 0.31156051 | Q46: =((TotalAverages!N38/MassFormulaTesting!$B$36)*0.68)+0.3 -> #DIV/0! | R46: =((TotalAverages!O38/MassFormulaTesting!$B$38)*0.68)+0.3 -> 0.73272727 | S46: =(IFERROR(TotalAverages!P38/MassFormulaTesting!$B$40,"")*0.68)+0.3 -> 0.3 | T46: =((TotalAverages!T38/MassFormulaTesting!$B$48)*0.68)+0.3 -> 0.3 | U46: =((TotalAverages!U38/MassFormulaTesting!$B$50)*0.68)+0.3 -> 0.77927711 | V46: =((TotalAverages!V38/MassFormulaTesting!$B$52)*0.68)+0.3 -> 0.65626794 | W46: =(IFERROR(TotalAverages!W38/MassFormulaTesting!$B$54,"")*0.68)+0.3 -> 0.70296296 | X46: =(IFERROR(TotalAverages!X38/MassFormulaTesting!$B$56,"")*0.68)+0.3 -> 0.54727273 | Y46: =(IFERROR(TotalAverages!Y38/MassFormulaTesting!$B$58,"")*0.68)+0.3 -> 0.39272727 | Z46: =(IFERROR(TotalAverages!Z38/MassFormulaTesting!$B$60,"")*0.68)+0.3 -> 0.3 | AA46: =((TotalAverages!AD38/MassFormulaTesting!$B$68)*0.68)+0.3 -> 0.3 | AB46: =((TotalAverages!AG38/MassFormulaTesting!$B$74)*0.68)+0.3 -> #DIV/0! | AC46: =((TotalAverages!AH38/MassFormulaTesting!$B$76)*0.68)+0.3 -> #DIV/0! | AD46: =((TotalAverages!AK38/MassFormulaTesting!$B$82)*0.68)+0.3 -> #DIV/0! | AE46: =((TotalAverages!AL38/MassFormulaTesting!$B$84)*0.68)+0.3 -> #DIV/0! | AF46: =((TotalAverages!AM38/MassFormulaTesting!$B$86)*0.68)+0.3 -> #DIV/0! | AG46: =((TotalAverages!AN38/MassFormulaTesting!$B$88)*0.68)+0.3 -> #DIV/0! | AH46: =((TotalAverages!AO38/MassFormulaTesting!$B$90)*0.68)+0.3 -> #DIV/0! | AI46: =((TotalAverages!AP38/MassFormulaTesting!$B$92)*0.68)+0.3 -> #DIV/0! | AJ46: =((TotalAverages!AQ38/MassFormulaTesting!$B$94)*0.68)+0.3 -> #DIV/0! | AK46: =((TotalAverages!AR38/MassFormulaTesting!$B$96)*0.68)+0.3 -> #DIV/0! | AL46: =((TotalAverages!AS38/MassFormulaTesting!$B$98)*0.68)+0.3 -> #DIV/0! | AM46: =((TotalAverages!AT38/MassFormulaTesting!$B$100)*0.68)+0.3 -> #DIV/0! | AN46: =((TotalAverages!AV38/MassFormulaTesting!$B$104)*0.68)+0.3 -> #DIV/0! | AO46: =((TotalAverages!AW38/MassFormulaTesting!$B$106)*0.68)+0.3 -> #DIV/0! | AP46: =((TotalAverages!AX38/MassFormulaTesting!$B$108)*0.68)+0.3 -> #DIV/0!
A47: =IFERROR(__xludf.DUMMYFUNCTION("Query(TotalAverages!A:AV,""Select A,T where A<>'' Order by T Desc Limit 1"")"),"OVERALL") -> OVERALL | B47: =IFERROR(__xludf.DUMMYFUNCTION("""COMPUTED_VALUE"""),"avg Sword Sprees") -> avg Sword Sprees | D47: =(((F47-$C$13)/$D$12)*0.68)+0.3 -> #DIV/0! | E47: =TotalAverages!A39 -> TommyWstSide | F47: =((IFERROR((G47*C$10)+(H47*D$10)+(I47*E$10)+(J47*F$10)+(K47*G$10)+(L47*H$10)+(M47*I$10)+(N47*J$10)+(O47*K$10)+(P47*L$10)+(Q47*M$10)+(R47*N$10)+(S47*O$10)+(T47*P$10)+(U47*Q$10)+(V47*R$10)+(W47*S$10)+(X47*T$10)+(Y47*U$10)+(Z47*V$10)+(AA47*W$10)+(AB47*X$10)+(AC47*Y$10)+(AD47*Z$10)+(AE47*AA$10)+(AF47*AB$10)+(AG47*AC$10)+(AH47*AD$10)+(AI47*AE$10)+(AJ47*AF$10)+(AK47*AG$10)+(AL47*AH$10)+(AM47*AI$10)+(AN47*AJ$10)+(AO47*AK$10)+(AP47*AL$10),"")/F$12)*0.68)+0.3 -> 0.3 | G47: =((TotalAverages!D39/MassFormulaTesting!$B$16)*0.68)+0.3 -> 0.63060885 | H47: =((TotalAverages!E39/MassFormulaTesting!$B$18)*0.68)+0.3 -> 0.80888045 | I47: =((TotalAverages!F39/MassFormulaTesting!$B$20)*0.68)+0.3 -> -0.25590421 | J47: =(IFERROR(MassFormulaTesting!$C$22/TotalAverages!G39,"")*0.68)+0.3 -> 4.9973684 | K47: =(((TotalAverages!H39+118)/(MassFormulaTesting!$B$24+118))*0.68)+0.3 -> 0.95851277 | L47: =((TotalAverages!I39/MassFormulaTesting!$B$26)*0.68)+0.3 -> 0.38257143 | M47: =((0.98-(TotalAverages!J39/MassFormulaTesting!$B$28)*0.68)) -> 0.53200469 | N47: =((TotalAverages!K39/MassFormulaTesting!$B$30)*0.68)+0.3 -> 0.77342033 | O47: =((TotalAverages!L39/MassFormulaTesting!$B$32)*0.68)+0.3 -> 0.50075253 | P47: =((TotalAverages!M39/MassFormulaTesting!$B$34)*0.68)+0.3 -> 0.3049763 | Q47: =((TotalAverages!N39/MassFormulaTesting!$B$36)*0.68)+0.3 -> #DIV/0! | R47: =((TotalAverages!O39/MassFormulaTesting!$B$38)*0.68)+0.3 -> 0.32428571 | S47: =(IFERROR(TotalAverages!P39/MassFormulaTesting!$B$40,"")*0.68)+0.3 -> 0.3 | T47: =((TotalAverages!T39/MassFormulaTesting!$B$48)*0.68)+0.3 -> 0.3 | U47: =((TotalAverages!U39/MassFormulaTesting!$B$50)*0.68)+0.3 -> 0.52003442 | V47: =((TotalAverages!V39/MassFormulaTesting!$B$52)*0.68)+0.3 -> 0.39203008 | W47: =(IFERROR(TotalAverages!W39/MassFormulaTesting!$B$54,"")*0.68)+0.3 -> 0.45830688 | X47: =(IFERROR(TotalAverages!X39/MassFormulaTesting!$B$56,"")*0.68)+0.3 -> 0.3 | Y47: =(IFERROR(TotalAverages!Y39/MassFormulaTesting!$B$58,"")*0.68)+0.3 -> 0.3 | Z47: =(IFERROR(TotalAverages!Z39/MassFormulaTesting!$B$60,"")*0.68)+0.3 -> 0.3 | AA47: =((TotalAverages!AD39/MassFormulaTesting!$B$68)*0.68)+0.3 -> 0.3 | AB47: =((TotalAverages!AG39/MassFormulaTesting!$B$74)*0.68)+0.3 -> #DIV/0! | AC47: =((TotalAverages!AH39/MassFormulaTesting!$B$76)*0.68)+0.3 -> #DIV/0! | AD47: =((TotalAverages!AK39/MassFormulaTesting!$B$82)*0.68)+0.3 -> #DIV/0! | AE47: =((TotalAverages!AL39/MassFormulaTesting!$B$84)*0.68)+0.3 -> #DIV/0! | AF47: =((TotalAverages!AM39/MassFormulaTesting!$B$86)*0.68)+0.3 -> #DIV/0! | AG47: =((TotalAverages!AN39/MassFormulaTesting!$B$88)*0.68)+0.3 -> #DIV/0! | AH47: =((TotalAverages!AO39/MassFormulaTesting!$B$90)*0.68)+0.3 -> #DIV/0! | AI47: =((TotalAverages!AP39/MassFormulaTesting!$B$92)*0.68)+0.3 -> #DIV/0! | AJ47: =((TotalAverages!AQ39/MassFormulaTesting!$B$94)*0.68)+0.3 -> #DIV/0! | AK47: =((TotalAverages!AR39/MassFormulaTesting!$B$96)*0.68)+0.3 -> #DIV/0! | AL47: =((TotalAverages!AS39/MassFormulaTesting!$B$98)*0.68)+0.3 -> #DIV/0! | AM47: =((TotalAverages!AT39/MassFormulaTesting!$B$100)*0.68)+0.3 -> #DIV/0! | AN47: =((TotalAverages!AV39/MassFormulaTesting!$B$104)*0.68)+0.3 -> #DIV/0! | AO47: =((TotalAverages!AW39/MassFormulaTesting!$B$106)*0.68)+0.3 -> #DIV/0! | AP47: =((TotalAverages!AX39/MassFormulaTesting!$B$108)*0.68)+0.3 -> #DIV/0!
A48: =IFERROR(__xludf.DUMMYFUNCTION("""COMPUTED_VALUE"""),"Doerstopper") -> Doerstopper | B48: =IFERROR(__xludf.DUMMYFUNCTION("""COMPUTED_VALUE"""),0.05555555555555555) -> 0.055555556 | D48: =(((F48-$C$13)/$D$12)*0.68)+0.3 -> #DIV/0! | E48: =TotalAverages!A40 -> ixGingy | F48: =((IFERROR((G48*C$10)+(H48*D$10)+(I48*E$10)+(J48*F$10)+(K48*G$10)+(L48*H$10)+(M48*I$10)+(N48*J$10)+(O48*K$10)+(P48*L$10)+(Q48*M$10)+(R48*N$10)+(S48*O$10)+(T48*P$10)+(U48*Q$10)+(V48*R$10)+(W48*S$10)+(X48*T$10)+(Y48*U$10)+(Z48*V$10)+(AA48*W$10)+(AB48*X$10)+(AC48*Y$10)+(AD48*Z$10)+(AE48*AA$10)+(AF48*AB$10)+(AG48*AC$10)+(AH48*AD$10)+(AI48*AE$10)+(AJ48*AF$10)+(AK48*AG$10)+(AL48*AH$10)+(AM48*AI$10)+(AN48*AJ$10)+(AO48*AK$10)+(AP48*AL$10),"")/F$12)*0.68)+0.3 -> 0.3 | G48: =((TotalAverages!D40/MassFormulaTesting!$B$16)*0.68)+0.3 -> 0.74065696 | H48: =((TotalAverages!E40/MassFormulaTesting!$B$18)*0.68)+0.3 -> 0.76596922 | I48: =((TotalAverages!F40/MassFormulaTesting!$B$20)*0.68)+0.3 -> 0.49402601 | J48: =(IFERROR(MassFormulaTesting!$C$22/TotalAverages!G40,"")*0.68)+0.3 -> 2.7908425 | K48: =(((TotalAverages!H40+118)/(MassFormulaTesting!$B$24+118))*0.68)+0.3 -> 0.97184901 | L48: =((TotalAverages!I40/MassFormulaTesting!$B$26)*0.68)+0.3 -> 0.4887 | M48: =((0.98-(TotalAverages!J40/MassFormulaTesting!$B$28)*0.68)) -> 0.45235631 | N48: =((TotalAverages!K40/MassFormulaTesting!$B$30)*0.68)+0.3 -> 0.82503606 | O48: =((TotalAverages!L40/MassFormulaTesting!$B$32)*0.68)+0.3 -> 0.58740087 | P48: =((TotalAverages!M40/MassFormulaTesting!$B$34)*0.68)+0.3 -> 0.4577451 | Q48: =((TotalAverages!N40/MassFormulaTesting!$B$36)*0.68)+0.3 -> #DIV/0! | R48: =((TotalAverages!O40/MassFormulaTesting!$B$38)*0.68)+0.3 -> 0.657 | S48: =(IFERROR(TotalAverages!P40/MassFormulaTesting!$B$40,"")*0.68)+0.3 -> 0.4734 | T48: =((TotalAverages!T40/MassFormulaTesting!$B$48)*0.68)+0.3 -> 0.3 | U48: =((TotalAverages!U40/MassFormulaTesting!$B$50)*0.68)+0.3 -> 0.67359036 | V48: =((TotalAverages!V40/MassFormulaTesting!$B$52)*0.68)+0.3 -> 0.59794737 | W48: =(IFERROR(TotalAverages!W40/MassFormulaTesting!$B$54,"")*0.68)+0.3 -> 0.66014815 | X48: =(IFERROR(TotalAverages!X40/MassFormulaTesting!$B$56,"")*0.68)+0.3 -> 0.47 | Y48: =(IFERROR(TotalAverages!Y40/MassFormulaTesting!$B$58,"")*0.68)+0.3 -> 0.3 | Z48: =(IFERROR(TotalAverages!Z40/MassFormulaTesting!$B$60,"")*0.68)+0.3 -> 0.3 | AA48: =((TotalAverages!AD40/MassFormulaTesting!$B$68)*0.68)+0.3 -> 0.3 | AB48: =((TotalAverages!AG40/MassFormulaTesting!$B$74)*0.68)+0.3 -> #DIV/0! | AC48: =((TotalAverages!AH40/MassFormulaTesting!$B$76)*0.68)+0.3 -> #DIV/0! | AD48: =((TotalAverages!AK40/MassFormulaTesting!$B$82)*0.68)+0.3 -> #DIV/0! | AE48: =((TotalAverages!AL40/MassFormulaTesting!$B$84)*0.68)+0.3 -> #DIV/0! | AF48: =((TotalAverages!AM40/MassFormulaTesting!$B$86)*0.68)+0.3 -> #DIV/0! | AG48: =((TotalAverages!AN40/MassFormulaTesting!$B$88)*0.68)+0.3 -> #DIV/0! | AH48: =((TotalAverages!AO40/MassFormulaTesting!$B$90)*0.68)+0.3 -> #DIV/0! | AI48: =((TotalAverages!AP40/MassFormulaTesting!$B$92)*0.68)+0.3 -> #DIV/0! | AJ48: =((TotalAverages!AQ40/MassFormulaTesting!$B$94)*0.68)+0.3 -> #DIV/0! | AK48: =((TotalAverages!AR40/MassFormulaTesting!$B$96)*0.68)+0.3 -> #DIV/0! | AL48: =((TotalAverages!AS40/MassFormulaTesting!$B$98)*0.68)+0.3 -> #DIV/0! | AM48: =((TotalAverages!AT40/MassFormulaTesting!$B$100)*0.68)+0.3 -> #DIV/0! | AN48: =((TotalAverages!AV40/MassFormulaTesting!$B$104)*0.68)+0.3 -> #DIV/0! | AO48: =((TotalAverages!AW40/MassFormulaTesting!$B$106)*0.68)+0.3 -> #DIV/0! | AP48: =((TotalAverages!AX40/MassFormulaTesting!$B$108)*0.68)+0.3 -> #DIV/0!
A49: =IFERROR(__xludf.DUMMYFUNCTION("Query(TotalAverages!A:AV,""Select A,U where A<>'' Order by U Desc Limit 1"")"),"OVERALL") -> OVERALL | B49: =IFERROR(__xludf.DUMMYFUNCTION("""COMPUTED_VALUE"""),"avg Double Kills") -> avg Double Kills | D49: =(((F49-$C$13)/$D$12)*0.68)+0.3 -> #DIV/0! | E49: =TotalAverages!A41 -> oDhmon | F49: =((IFERROR((G49*C$10)+(H49*D$10)+(I49*E$10)+(J49*F$10)+(K49*G$10)+(L49*H$10)+(M49*I$10)+(N49*J$10)+(O49*K$10)+(P49*L$10)+(Q49*M$10)+(R49*N$10)+(S49*O$10)+(T49*P$10)+(U49*Q$10)+(V49*R$10)+(W49*S$10)+(X49*T$10)+(Y49*U$10)+(Z49*V$10)+(AA49*W$10)+(AB49*X$10)+(AC49*Y$10)+(AD49*Z$10)+(AE49*AA$10)+(AF49*AB$10)+(AG49*AC$10)+(AH49*AD$10)+(AI49*AE$10)+(AJ49*AF$10)+(AK49*AG$10)+(AL49*AH$10)+(AM49*AI$10)+(AN49*AJ$10)+(AO49*AK$10)+(AP49*AL$10),"")/F$12)*0.68)+0.3 -> 0.3 | G49: =((TotalAverages!D41/MassFormulaTesting!$B$16)*0.68)+0.3 -> 0.84518239 | H49: =((TotalAverages!E41/MassFormulaTesting!$B$18)*0.68)+0.3 -> 0.77660127 | I49: =((TotalAverages!F41/MassFormulaTesting!$B$20)*0.68)+0.3 -> 0.98 | J49: =(IFERROR(MassFormulaTesting!$C$22/TotalAverages!G41,"")*0.68)+0.3 -> 2.8442177 | K49: =(((TotalAverages!H41+118)/(MassFormulaTesting!$B$24+118))*0.68)+0.3 -> 0.97156653 | L49: =((TotalAverages!I41/MassFormulaTesting!$B$26)*0.68)+0.3 -> 0.47154545 | M49: =((0.98-(TotalAverages!J41/MassFormulaTesting!$B$28)*0.68)) -> 0.38521392 | N49: =((TotalAverages!K41/MassFormulaTesting!$B$30)*0.68)+0.3 -> 0.87997815 | O49: =((TotalAverages!L41/MassFormulaTesting!$B$32)*0.68)+0.3 -> 0.59388238 | P49: =((TotalAverages!M41/MassFormulaTesting!$B$34)*0.68)+0.3 -> 0.34592726 | Q49: =((TotalAverages!N41/MassFormulaTesting!$B$36)*0.68)+0.3 -> #DIV/0! | R49: =((TotalAverages!O41/MassFormulaTesting!$B$38)*0.68)+0.3 -> 0.82545455 | S49: =(IFERROR(TotalAverages!P41/MassFormulaTesting!$B$40,"")*0.68)+0.3 -> 0.3 | T49: =((TotalAverages!T41/MassFormulaTesting!$B$48)*0.68)+0.3 -> 0.3 | U49: =((TotalAverages!U41/MassFormulaTesting!$B$50)*0.68)+0.3 -> 0.82731654 | V49: =((TotalAverages!V41/MassFormulaTesting!$B$52)*0.68)+0.3 -> 0.65626794 | W49: =(IFERROR(TotalAverages!W41/MassFormulaTesting!$B$54,"")*0.68)+0.3 -> 0.62740741 | X49: =(IFERROR(TotalAverages!X41/MassFormulaTesting!$B$56,"")*0.68)+0.3 -> 0.48545455 | Y49: =(IFERROR(TotalAverages!Y41/MassFormulaTesting!$B$58,"")*0.68)+0.3 -> 0.48545455 | Z49: =(IFERROR(TotalAverages!Z41/MassFormulaTesting!$B$60,"")*0.68)+0.3 -> 0.61939394 | AA49: =((TotalAverages!AD41/MassFormulaTesting!$B$68)*0.68)+0.3 -> 0.3 | AB49: =((TotalAverages!AG41/MassFormulaTesting!$B$74)*0.68)+0.3 -> #DIV/0! | AC49: =((TotalAverages!AH41/MassFormulaTesting!$B$76)*0.68)+0.3 -> #DIV/0! | AD49: =((TotalAverages!AK41/MassFormulaTesting!$B$82)*0.68)+0.3 -> #DIV/0! | AE49: =((TotalAverages!AL41/MassFormulaTesting!$B$84)*0.68)+0.3 -> #DIV/0! | AF49: =((TotalAverages!AM41/MassFormulaTesting!$B$86)*0.68)+0.3 -> #DIV/0! | AG49: =((TotalAverages!AN41/MassFormulaTesting!$B$88)*0.68)+0.3 -> #DIV/0! | AH49: =((TotalAverages!AO41/MassFormulaTesting!$B$90)*0.68)+0.3 -> #DIV/0! | AI49: =((TotalAverages!AP41/MassFormulaTesting!$B$92)*0.68)+0.3 -> #DIV/0! | AJ49: =((TotalAverages!AQ41/MassFormulaTesting!$B$94)*0.68)+0.3 -> #DIV/0! | AK49: =((TotalAverages!AR41/MassFormulaTesting!$B$96)*0.68)+0.3 -> #DIV/0! | AL49: =((TotalAverages!AS41/MassFormulaTesting!$B$98)*0.68)+0.3 -> #DIV/0! | AM49: =((TotalAverages!AT41/MassFormulaTesting!$B$100)*0.68)+0.3 -> #DIV/0! | AN49: =((TotalAverages!AV41/MassFormulaTesting!$B$104)*0.68)+0.3 -> #DIV/0! | AO49: =((TotalAverages!AW41/MassFormulaTesting!$B$106)*0.68)+0.3 -> #DIV/0! | AP49: =((TotalAverages!AX41/MassFormulaTesting!$B$108)*0.68)+0.3 -> #DIV/0!
A50: =IFERROR(__xludf.DUMMYFUNCTION("""COMPUTED_VALUE"""),"Judasey") -> Judasey | B50: =IFERROR(__xludf.DUMMYFUNCTION("""COMPUTED_VALUE"""),27.666666666666668) -> 27.666667 | D50: =(((F50-$C$13)/$D$12)*0.68)+0.3 -> #DIV/0! | E50: =TotalAverages!A42 -> oh zilly | F50: =((IFERROR((G50*C$10)+(H50*D$10)+(I50*E$10)+(J50*F$10)+(K50*G$10)+(L50*H$10)+(M50*I$10)+(N50*J$10)+(O50*K$10)+(P50*L$10)+(Q50*M$10)+(R50*N$10)+(S50*O$10)+(T50*P$10)+(U50*Q$10)+(V50*R$10)+(W50*S$10)+(X50*T$10)+(Y50*U$10)+(Z50*V$10)+(AA50*W$10)+(AB50*X$10)+(AC50*Y$10)+(AD50*Z$10)+(AE50*AA$10)+(AF50*AB$10)+(AG50*AC$10)+(AH50*AD$10)+(AI50*AE$10)+(AJ50*AF$10)+(AK50*AG$10)+(AL50*AH$10)+(AM50*AI$10)+(AN50*AJ$10)+(AO50*AK$10)+(AP50*AL$10),"")/F$12)*0.68)+0.3 -> 0.3 | G50: =((TotalAverages!D42/MassFormulaTesting!$B$16)*0.68)+0.3 -> 0.79867163 | H50: =((TotalAverages!E42/MassFormulaTesting!$B$18)*0.68)+0.3 -> 0.98 | I50: =((TotalAverages!F42/MassFormulaTesting!$B$20)*0.68)+0.3 -> -0.15285062 | J50: =(IFERROR(MassFormulaTesting!$C$22/TotalAverages!G42,"")*0.68)+0.3 -> 2.31875 | K50: =(((TotalAverages!H42+118)/(MassFormulaTesting!$B$24+118))*0.68)+0.3 -> 0.9641199 | L50: =((TotalAverages!I42/MassFormulaTesting!$B$26)*0.68)+0.3 -> 0.55231579 | M50: =((0.98-(TotalAverages!J42/MassFormulaTesting!$B$28)*0.68)) -> 0.4485081 | N50: =((TotalAverages!K42/MassFormulaTesting!$B$30)*0.68)+0.3 -> 0.86623482 | O50: =((TotalAverages!L42/MassFormulaTesting!$B$32)*0.68)+0.3 -> 0.48179602 | P50: =((TotalAverages!M42/MassFormulaTesting!$B$34)*0.68)+0.3 -> 0.33661228 | Q50: =((TotalAverages!N42/MassFormulaTesting!$B$36)*0.68)+0.3 -> #DIV/0! | R50: =((TotalAverages!O42/MassFormulaTesting!$B$38)*0.68)+0.3 -> 0.46105263 | S50: =(IFERROR(TotalAverages!P42/MassFormulaTesting!$B$40,"")*0.68)+0.3 -> 0.3 | T50: =((TotalAverages!T42/MassFormulaTesting!$B$48)*0.68)+0.3 -> 0.3 | U50: =((TotalAverages!U42/MassFormulaTesting!$B$50)*0.68)+0.3 -> 0.74240964 | V50: =((TotalAverages!V42/MassFormulaTesting!$B$52)*0.68)+0.3 -> 0.65601108 | W50: =(IFERROR(TotalAverages!W42/MassFormulaTesting!$B$54,"")*0.68)+0.3 -> 0.70826511 | X50: =(IFERROR(TotalAverages!X42/MassFormulaTesting!$B$56,"")*0.68)+0.3 -> 0.44315789 | Y50: =(IFERROR(TotalAverages!Y42/MassFormulaTesting!$B$58,"")*0.68)+0.3 -> 0.3 | Z50: =(IFERROR(TotalAverages!Z42/MassFormulaTesting!$B$60,"")*0.68)+0.3 -> 0.3 | AA50: =((TotalAverages!AD42/MassFormulaTesting!$B$68)*0.68)+0.3 -> 0.3 | AB50: =((TotalAverages!AG42/MassFormulaTesting!$B$74)*0.68)+0.3 -> #DIV/0! | AC50: =((TotalAverages!AH42/MassFormulaTesting!$B$76)*0.68)+0.3 -> #DIV/0! | AD50: =((TotalAverages!AK42/MassFormulaTesting!$B$82)*0.68)+0.3 -> #DIV/0! | AE50: =((TotalAverages!AL42/MassFormulaTesting!$B$84)*0.68)+0.3 -> #DIV/0! | AF50: =((TotalAverages!AM42/MassFormulaTesting!$B$86)*0.68)+0.3 -> #DIV/0! | AG50: =((TotalAverages!AN42/MassFormulaTesting!$B$88)*0.68)+0.3 -> #DIV/0! | AH50: =((TotalAverages!AO42/MassFormulaTesting!$B$90)*0.68)+0.3 -> #DIV/0! | AI50: =((TotalAverages!AP42/MassFormulaTesting!$B$92)*0.68)+0.3 -> #DIV/0! | AJ50: =((TotalAverages!AQ42/MassFormulaTesting!$B$94)*0.68)+0.3 -> #DIV/0! | AK50: =((TotalAverages!AR42/MassFormulaTesting!$B$96)*0.68)+0.3 -> #DIV/0! | AL50: =((TotalAverages!AS42/MassFormulaTesting!$B$98)*0.68)+0.3 -> #DIV/0! | AM50: =((TotalAverages!AT42/MassFormulaTesting!$B$100)*0.68)+0.3 -> #DIV/0! | AN50: =((TotalAverages!AV42/MassFormulaTesting!$B$104)*0.68)+0.3 -> #DIV/0! | AO50: =((TotalAverages!AW42/MassFormulaTesting!$B$106)*0.68)+0.3 -> #DIV/0! | AP50: =((TotalAverages!AX42/MassFormulaTesting!$B$108)*0.68)+0.3 -> #DIV/0!
A51: =IFERROR(__xludf.DUMMYFUNCTION("Query(TotalAverages!A:AV,""Select A,V where A<>'' Order by V Desc Limit 1"")"),"OVERALL") -> OVERALL | B51: =IFERROR(__xludf.DUMMYFUNCTION("""COMPUTED_VALUE"""),"avg Triple Kills") -> avg Triple Kills | D51: =(((F51-$C$13)/$D$12)*0.68)+0.3 -> #DIV/0! | E51: =TotalAverages!A43 -> yLuxe | F51: =((IFERROR((G51*C$10)+(H51*D$10)+(I51*E$10)+(J51*F$10)+(K51*G$10)+(L51*H$10)+(M51*I$10)+(N51*J$10)+(O51*K$10)+(P51*L$10)+(Q51*M$10)+(R51*N$10)+(S51*O$10)+(T51*P$10)+(U51*Q$10)+(V51*R$10)+(W51*S$10)+(X51*T$10)+(Y51*U$10)+(Z51*V$10)+(AA51*W$10)+(AB51*X$10)+(AC51*Y$10)+(AD51*Z$10)+(AE51*AA$10)+(AF51*AB$10)+(AG51*AC$10)+(AH51*AD$10)+(AI51*AE$10)+(AJ51*AF$10)+(AK51*AG$10)+(AL51*AH$10)+(AM51*AI$10)+(AN51*AJ$10)+(AO51*AK$10)+(AP51*AL$10),"")/F$12)*0.68)+0.3 -> 0.3 | G51: =((TotalAverages!D43/MassFormulaTesting!$B$16)*0.68)+0.3 -> 0.61013514 | H51: =((TotalAverages!E43/MassFormulaTesting!$B$18)*0.68)+0.3 -> 0.57223468 | I51: =((TotalAverages!F43/MassFormulaTesting!$B$20)*0.68)+0.3 -> 0.68192678 | J51: =(IFERROR(MassFormulaTesting!$C$22/TotalAverages!G43,"")*0.68)+0.3 -> 7.4578947 | K51: =(((TotalAverages!H43+118)/(MassFormulaTesting!$B$24+118))*0.68)+0.3 -> 0.98 | L51: =((TotalAverages!I43/MassFormulaTesting!$B$26)*0.68)+0.3 -> 0.44875 | M51: =((0.98-(TotalAverages!J43/MassFormulaTesting!$B$28)*0.68)) -> 0.49980086 | N51: =((TotalAverages!K43/MassFormulaTesting!$B$30)*0.68)+0.3 -> 0.75170673 | O51: =((TotalAverages!L43/MassFormulaTesting!$B$32)*0.68)+0.3 -> 0.74136035 | P51: =((TotalAverages!M43/MassFormulaTesting!$B$34)*0.68)+0.3 -> 0.69419225 | Q51: =((TotalAverages!N43/MassFormulaTesting!$B$36)*0.68)+0.3 -> #DIV/0! | R51: =((TotalAverages!O43/MassFormulaTesting!$B$38)*0.68)+0.3 -> 0.725 | S51: =(IFERROR(TotalAverages!P43/MassFormulaTesting!$B$40,"")*0.68)+0.3 -> 0.878 | T51: =((TotalAverages!T43/MassFormulaTesting!$B$48)*0.68)+0.3 -> 0.3 | U51: =((TotalAverages!U43/MassFormulaTesting!$B$50)*0.68)+0.3 -> 0.5273494 | V51: =((TotalAverages!V43/MassFormulaTesting!$B$52)*0.68)+0.3 -> 0.54605263 | W51: =(IFERROR(TotalAverages!W43/MassFormulaTesting!$B$54,"")*0.68)+0.3 -> 0.60012346 | X51: =(IFERROR(TotalAverages!X43/MassFormulaTesting!$B$56,"")*0.68)+0.3 -> 0.47 | Y51: =(IFERROR(TotalAverages!Y43/MassFormulaTesting!$B$58,"")*0.68)+0.3 -> 0.47 | Z51: =(IFERROR(TotalAverages!Z43/MassFormulaTesting!$B$60,"")*0.68)+0.3 -> 0.59277778 | AA51: =((TotalAverages!AD43/MassFormulaTesting!$B$68)*0.68)+0.3 -> 0.73916667 | AB51: =((TotalAverages!AG43/MassFormulaTesting!$B$74)*0.68)+0.3 -> #DIV/0! | AC51: =((TotalAverages!AH43/MassFormulaTesting!$B$76)*0.68)+0.3 -> #DIV/0! | AD51: =((TotalAverages!AK43/MassFormulaTesting!$B$82)*0.68)+0.3 -> #DIV/0! | AE51: =((TotalAverages!AL43/MassFormulaTesting!$B$84)*0.68)+0.3 -> #DIV/0! | AF51: =((TotalAverages!AM43/MassFormulaTesting!$B$86)*0.68)+0.3 -> #DIV/0! | AG51: =((TotalAverages!AN43/MassFormulaTesting!$B$88)*0.68)+0.3 -> #DIV/0! | AH51: =((TotalAverages!AO43/MassFormulaTesting!$B$90)*0.68)+0.3 -> #DIV/0! | AI51: =((TotalAverages!AP43/MassFormulaTesting!$B$92)*0.68)+0.3 -> #DIV/0! | AJ51: =((TotalAverages!AQ43/MassFormulaTesting!$B$94)*0.68)+0.3 -> #DIV/0! | AK51: =((TotalAverages!AR43/MassFormulaTesting!$B$96)*0.68)+0.3 -> #DIV/0! | AL51: =((TotalAverages!AS43/MassFormulaTesting!$B$98)*0.68)+0.3 -> #DIV/0! | AM51: =((TotalAverages!AT43/MassFormulaTesting!$B$100)*0.68)+0.3 -> #DIV/0! | AN51: =((TotalAverages!AV43/MassFormulaTesting!$B$104)*0.68)+0.3 -> #DIV/0! | AO51: =((TotalAverages!AW43/MassFormulaTesting!$B$106)*0.68)+0.3 -> #DIV/0! | AP51: =((TotalAverages!AX43/MassFormulaTesting!$B$108)*0.68)+0.3 -> #DIV/0!
A52: =IFERROR(__xludf.DUMMYFUNCTION("""COMPUTED_VALUE"""),"Judasey") -> Judasey | B52: =IFERROR(__xludf.DUMMYFUNCTION("""COMPUTED_VALUE"""),6.333333333333333) -> 6.3333333 | D52: =(((F52-$C$13)/$D$12)*0.68)+0.3 -> #DIV/0! | E52: =TotalAverages!A44 | F52: =((IFERROR((G52*C$10)+(H52*D$10)+(I52*E$10)+(J52*F$10)+(K52*G$10)+(L52*H$10)+(M52*I$10)+(N52*J$10)+(O52*K$10)+(P52*L$10)+(Q52*M$10)+(R52*N$10)+(S52*O$10)+(T52*P$10)+(U52*Q$10)+(V52*R$10)+(W52*S$10)+(X52*T$10)+(Y52*U$10)+(Z52*V$10)+(AA52*W$10)+(AB52*X$10)+(AC52*Y$10)+(AD52*Z$10)+(AE52*AA$10)+(AF52*AB$10)+(AG52*AC$10)+(AH52*AD$10)+(AI52*AE$10)+(AJ52*AF$10)+(AK52*AG$10)+(AL52*AH$10)+(AM52*AI$10)+(AN52*AJ$10)+(AO52*AK$10)+(AP52*AL$10),"")/F$12)*0.68)+0.3 -> 0.3 | G52: =((TotalAverages!D44/MassFormulaTesting!$B$16)*0.68)+0.3 -> 0.3 | H52: =((TotalAverages!E44/MassFormulaTesting!$B$18)*0.68)+0.3 -> 0.3 | I52: =((TotalAverages!F44/MassFormulaTesting!$B$20)*0.68)+0.3 -> 0.3 | J52: =(IFERROR(MassFormulaTesting!$C$22/TotalAverages!G44,"")*0.68)+0.3 -> 0.3 | K52: =(((TotalAverages!H44+118)/(MassFormulaTesting!$B$24+118))*0.68)+0.3 -> 0.93766887 | L52: =((TotalAverages!I44/MassFormulaTesting!$B$26)*0.68)+0.3 -> 0.3 | M52: =((0.98-(TotalAverages!J44/MassFormulaTesting!$B$28)*0.68)) -> 0.98 | N52: =((TotalAverages!K44/MassFormulaTesting!$B$30)*0.68)+0.3 -> 0.3 | O52: =((TotalAverages!L44/MassFormulaTesting!$B$32)*0.68)+0.3 -> 0.3 | P52: =((TotalAverages!M44/MassFormulaTesting!$B$34)*0.68)+0.3 -> 0.3 | Q52: =((TotalAverages!N44/MassFormulaTesting!$B$36)*0.68)+0.3 -> #DIV/0! | R52: =((TotalAverages!O44/MassFormulaTesting!$B$38)*0.68)+0.3 -> 0.3 | S52: =(IFERROR(TotalAverages!P44/MassFormulaTesting!$B$40,"")*0.68)+0.3 -> 0.3 | T52: =((TotalAverages!T44/MassFormulaTesting!$B$48)*0.68)+0.3 -> 0.3 | U52: =((TotalAverages!U44/MassFormulaTesting!$B$50)*0.68)+0.3 -> 0.3 | V52: =((TotalAverages!V44/MassFormulaTesting!$B$52)*0.68)+0.3 -> 0.3 | W52: =(IFERROR(TotalAverages!W44/MassFormulaTesting!$B$54,"")*0.68)+0.3 -> 0.3 | X52: =(IFERROR(TotalAverages!X44/MassFormulaTesting!$B$56,"")*0.68)+0.3 -> 0.3 | Y52: =(IFERROR(TotalAverages!Y44/MassFormulaTesting!$B$58,"")*0.68)+0.3 -> 0.3 | Z52: =(IFERROR(TotalAverages!Z44/MassFormulaTesting!$B$60,"")*0.68)+0.3 -> 0.3 | AA52: =((TotalAverages!AD44/MassFormulaTesting!$B$68)*0.68)+0.3 -> 0.3 | AB52: =((TotalAverages!AG44/MassFormulaTesting!$B$74)*0.68)+0.3 -> #DIV/0! | AC52: =((TotalAverages!AH44/MassFormulaTesting!$B$76)*0.68)+0.3 -> #DIV/0! | AD52: =((TotalAverages!AK44/MassFormulaTesting!$B$82)*0.68)+0.3 -> #DIV/0! | AE52: =((TotalAverages!AL44/MassFormulaTesting!$B$84)*0.68)+0.3 -> #DIV/0! | AF52: =((TotalAverages!AM44/MassFormulaTesting!$B$86)*0.68)+0.3 -> #DIV/0! | AG52: =((TotalAverages!AN44/MassFormulaTesting!$B$88)*0.68)+0.3 -> #DIV/0! | AH52: =((TotalAverages!AO44/MassFormulaTesting!$B$90)*0.68)+0.3 -> #DIV/0! | AI52: =((TotalAverages!AP44/MassFormulaTesting!$B$92)*0.68)+0.3 -> #DIV/0! | AJ52: =((TotalAverages!AQ44/MassFormulaTesting!$B$94)*0.68)+0.3 -> #DIV/0! | AK52: =((TotalAverages!AR44/MassFormulaTesting!$B$96)*0.68)+0.3 -> #DIV/0! | AL52: =((TotalAverages!AS44/MassFormulaTesting!$B$98)*0.68)+0.3 -> #DIV/0! | AM52: =((TotalAverages!AT44/MassFormulaTesting!$B$100)*0.68)+0.3 -> #DIV/0! | AN52: =((TotalAverages!AV44/MassFormulaTesting!$B$104)*0.68)+0.3 -> #DIV/0! | AO52: =((TotalAverages!AW44/MassFormulaTesting!$B$106)*0.68)+0.3 -> #DIV/0! | AP52: =((TotalAverages!AX44/MassFormulaTesting!$B$108)*0.68)+0.3 -> #DIV/0!
A53: =IFERROR(__xludf.DUMMYFUNCTION("Query(TotalAverages!A:AV,""Select A,W where A<>'' Order by W Desc Limit 1"")"),"OVERALL") -> OVERALL | B53: =IFERROR(__xludf.DUMMYFUNCTION("""COMPUTED_VALUE"""),"avg Overkills") -> avg Overkills | D53: =(((F53-$C$13)/$D$12)*0.68)+0.3 -> #DIV/0! | E53: =TotalAverages!A45 | F53: =((IFERROR((G53*C$10)+(H53*D$10)+(I53*E$10)+(J53*F$10)+(K53*G$10)+(L53*H$10)+(M53*I$10)+(N53*J$10)+(O53*K$10)+(P53*L$10)+(Q53*M$10)+(R53*N$10)+(S53*O$10)+(T53*P$10)+(U53*Q$10)+(V53*R$10)+(W53*S$10)+(X53*T$10)+(Y53*U$10)+(Z53*V$10)+(AA53*W$10)+(AB53*X$10)+(AC53*Y$10)+(AD53*Z$10)+(AE53*AA$10)+(AF53*AB$10)+(AG53*AC$10)+(AH53*AD$10)+(AI53*AE$10)+(AJ53*AF$10)+(AK53*AG$10)+(AL53*AH$10)+(AM53*AI$10)+(AN53*AJ$10)+(AO53*AK$10)+(AP53*AL$10),"")/F$12)*0.68)+0.3 -> 0.3 | G53: =((TotalAverages!D45/MassFormulaTesting!$B$16)*0.68)+0.3 -> 0.3 | H53: =((TotalAverages!E45/MassFormulaTesting!$B$18)*0.68)+0.3 -> 0.3 | I53: =((TotalAverages!F45/MassFormulaTesting!$B$20)*0.68)+0.3 -> 0.3 | J53: =(IFERROR(MassFormulaTesting!$C$22/TotalAverages!G45,"")*0.68)+0.3 -> 0.3 | K53: =(((TotalAverages!H45+118)/(MassFormulaTesting!$B$24+118))*0.68)+0.3 -> 0.93766887 | L53: =((TotalAverages!I45/MassFormulaTesting!$B$26)*0.68)+0.3 -> 0.3 | M53: =((0.98-(TotalAverages!J45/MassFormulaTesting!$B$28)*0.68)) -> 0.98 | N53: =((TotalAverages!K45/MassFormulaTesting!$B$30)*0.68)+0.3 -> 0.3 | O53: =((TotalAverages!L45/MassFormulaTesting!$B$32)*0.68)+0.3 -> 0.3 | P53: =((TotalAverages!M45/MassFormulaTesting!$B$34)*0.68)+0.3 -> 0.3 | Q53: =((TotalAverages!N45/MassFormulaTesting!$B$36)*0.68)+0.3 -> #DIV/0! | R53: =((TotalAverages!O45/MassFormulaTesting!$B$38)*0.68)+0.3 -> 0.3 | S53: =(IFERROR(TotalAverages!P45/MassFormulaTesting!$B$40,"")*0.68)+0.3 -> 0.3 | T53: =((TotalAverages!T45/MassFormulaTesting!$B$48)*0.68)+0.3 -> 0.3 | U53: =((TotalAverages!U45/MassFormulaTesting!$B$50)*0.68)+0.3 -> 0.3 | V53: =((TotalAverages!V45/MassFormulaTesting!$B$52)*0.68)+0.3 -> 0.3 | W53: =(IFERROR(TotalAverages!W45/MassFormulaTesting!$B$54,"")*0.68)+0.3 -> 0.3 | X53: =(IFERROR(TotalAverages!X45/MassFormulaTesting!$B$56,"")*0.68)+0.3 -> 0.3 | Y53: =(IFERROR(TotalAverages!Y45/MassFormulaTesting!$B$58,"")*0.68)+0.3 -> 0.3 | Z53: =(IFERROR(TotalAverages!Z45/MassFormulaTesting!$B$60,"")*0.68)+0.3 -> 0.3 | AA53: =((TotalAverages!AD45/MassFormulaTesting!$B$68)*0.68)+0.3 -> 0.3 | AB53: =((TotalAverages!AG45/MassFormulaTesting!$B$74)*0.68)+0.3 -> #DIV/0! | AC53: =((TotalAverages!AH45/MassFormulaTesting!$B$76)*0.68)+0.3 -> #DIV/0! | AD53: =((TotalAverages!AK45/MassFormulaTesting!$B$82)*0.68)+0.3 -> #DIV/0! | AE53: =((TotalAverages!AL45/MassFormulaTesting!$B$84)*0.68)+0.3 -> #DIV/0! | AF53: =((TotalAverages!AM45/MassFormulaTesting!$B$86)*0.68)+0.3 -> #DIV/0! | AG53: =((TotalAverages!AN45/MassFormulaTesting!$B$88)*0.68)+0.3 -> #DIV/0! | AH53: =((TotalAverages!AO45/MassFormulaTesting!$B$90)*0.68)+0.3 -> #DIV/0! | AI53: =((TotalAverages!AP45/MassFormulaTesting!$B$92)*0.68)+0.3 -> #DIV/0! | AJ53: =((TotalAverages!AQ45/MassFormulaTesting!$B$94)*0.68)+0.3 -> #DIV/0! | AK53: =((TotalAverages!AR45/MassFormulaTesting!$B$96)*0.68)+0.3 -> #DIV/0! | AL53: =((TotalAverages!AS45/MassFormulaTesting!$B$98)*0.68)+0.3 -> #DIV/0! | AM53: =((TotalAverages!AT45/MassFormulaTesting!$B$100)*0.68)+0.3 -> #DIV/0! | AN53: =((TotalAverages!AV45/MassFormulaTesting!$B$104)*0.68)+0.3 -> #DIV/0! | AO53: =((TotalAverages!AW45/MassFormulaTesting!$B$106)*0.68)+0.3 -> #DIV/0! | AP53: =((TotalAverages!AX45/MassFormulaTesting!$B$108)*0.68)+0.3 -> #DIV/0!
A54: =IFERROR(__xludf.DUMMYFUNCTION("""COMPUTED_VALUE"""),"Itzreelz") -> Itzreelz | B54: =IFERROR(__xludf.DUMMYFUNCTION("""COMPUTED_VALUE"""),1.2272727272727273) -> 1.2272727 | D54: =(((F54-$C$13)/$D$12)*0.68)+0.3 -> #DIV/0! | E54: =TotalAverages!A46 | F54: =((IFERROR((G54*C$10)+(H54*D$10)+(I54*E$10)+(J54*F$10)+(K54*G$10)+(L54*H$10)+(M54*I$10)+(N54*J$10)+(O54*K$10)+(P54*L$10)+(Q54*M$10)+(R54*N$10)+(S54*O$10)+(T54*P$10)+(U54*Q$10)+(V54*R$10)+(W54*S$10)+(X54*T$10)+(Y54*U$10)+(Z54*V$10)+(AA54*W$10)+(AB54*X$10)+(AC54*Y$10)+(AD54*Z$10)+(AE54*AA$10)+(AF54*AB$10)+(AG54*AC$10)+(AH54*AD$10)+(AI54*AE$10)+(AJ54*AF$10)+(AK54*AG$10)+(AL54*AH$10)+(AM54*AI$10)+(AN54*AJ$10)+(AO54*AK$10)+(AP54*AL$10),"")/F$12)*0.68)+0.3 -> 0.3 | G54: =((TotalAverages!D46/MassFormulaTesting!$B$16)*0.68)+0.3 -> 0.3 | H54: =((TotalAverages!E46/MassFormulaTesting!$B$18)*0.68)+0.3 -> 0.3 | I54: =((TotalAverages!F46/MassFormulaTesting!$B$20)*0.68)+0.3 -> 0.3 | J54: =(IFERROR(MassFormulaTesting!$C$22/TotalAverages!G46,"")*0.68)+0.3 -> 0.3 | K54: =(((TotalAverages!H46+118)/(MassFormulaTesting!$B$24+118))*0.68)+0.3 -> 0.93766887 | L54: =((TotalAverages!I46/MassFormulaTesting!$B$26)*0.68)+0.3 -> 0.3 | M54: =((0.98-(TotalAverages!J46/MassFormulaTesting!$B$28)*0.68)) -> 0.98 | N54: =((TotalAverages!K46/MassFormulaTesting!$B$30)*0.68)+0.3 -> 0.3 | O54: =((TotalAverages!L46/MassFormulaTesting!$B$32)*0.68)+0.3 -> 0.3 | P54: =((TotalAverages!M46/MassFormulaTesting!$B$34)*0.68)+0.3 -> 0.3 | Q54: =((TotalAverages!N46/MassFormulaTesting!$B$36)*0.68)+0.3 -> #DIV/0! | R54: =((TotalAverages!O46/MassFormulaTesting!$B$38)*0.68)+0.3 -> 0.3 | S54: =(IFERROR(TotalAverages!P46/MassFormulaTesting!$B$40,"")*0.68)+0.3 -> 0.3 | T54: =((TotalAverages!T46/MassFormulaTesting!$B$48)*0.68)+0.3 -> 0.3 | U54: =((TotalAverages!U46/MassFormulaTesting!$B$50)*0.68)+0.3 -> 0.3 | V54: =((TotalAverages!V46/MassFormulaTesting!$B$52)*0.68)+0.3 -> 0.3 | W54: =(IFERROR(TotalAverages!W46/MassFormulaTesting!$B$54,"")*0.68)+0.3 -> 0.3 | X54: =(IFERROR(TotalAverages!X46/MassFormulaTesting!$B$56,"")*0.68)+0.3 -> 0.3 | Y54: =(IFERROR(TotalAverages!Y46/MassFormulaTesting!$B$58,"")*0.68)+0.3 -> 0.3 | Z54: =(IFERROR(TotalAverages!Z46/MassFormulaTesting!$B$60,"")*0.68)+0.3 -> 0.3 | AA54: =((TotalAverages!AD46/MassFormulaTesting!$B$68)*0.68)+0.3 -> 0.3 | AB54: =((TotalAverages!AG46/MassFormulaTesting!$B$74)*0.68)+0.3 -> #DIV/0! | AC54: =((TotalAverages!AH46/MassFormulaTesting!$B$76)*0.68)+0.3 -> #DIV/0! | AD54: =((TotalAverages!AK46/MassFormulaTesting!$B$82)*0.68)+0.3 -> #DIV/0! | AE54: =((TotalAverages!AL46/MassFormulaTesting!$B$84)*0.68)+0.3 -> #DIV/0! | AF54: =((TotalAverages!AM46/MassFormulaTesting!$B$86)*0.68)+0.3 -> #DIV/0! | AG54: =((TotalAverages!AN46/MassFormulaTesting!$B$88)*0.68)+0.3 -> #DIV/0! | AH54: =((TotalAverages!AO46/MassFormulaTesting!$B$90)*0.68)+0.3 -> #DIV/0! | AI54: =((TotalAverages!AP46/MassFormulaTesting!$B$92)*0.68)+0.3 -> #DIV/0! | AJ54: =((TotalAverages!AQ46/MassFormulaTesting!$B$94)*0.68)+0.3 -> #DIV/0! | AK54: =((TotalAverages!AR46/MassFormulaTesting!$B$96)*0.68)+0.3 -> #DIV/0! | AL54: =((TotalAverages!AS46/MassFormulaTesting!$B$98)*0.68)+0.3 -> #DIV/0! | AM54: =((TotalAverages!AT46/MassFormulaTesting!$B$100)*0.68)+0.3 -> #DIV/0! | AN54: =((TotalAverages!AV46/MassFormulaTesting!$B$104)*0.68)+0.3 -> #DIV/0! | AO54: =((TotalAverages!AW46/MassFormulaTesting!$B$106)*0.68)+0.3 -> #DIV/0! | AP54: =((TotalAverages!AX46/MassFormulaTesting!$B$108)*0.68)+0.3 -> #DIV/0!
A55: =IFERROR(__xludf.DUMMYFUNCTION("Query(TotalAverages!A:AV,""Select A,X where A<>'' Order by X Desc Limit 1"")"),"OVERALL") -> OVERALL | B55: =IFERROR(__xludf.DUMMYFUNCTION("""COMPUTED_VALUE"""),"avg Killtaculars") -> avg Killtaculars | D55: =(((F55-$C$13)/$D$12)*0.68)+0.3 -> #DIV/0! | E55: =TotalAverages!A47 | F55: =((IFERROR((G55*C$10)+(H55*D$10)+(I55*E$10)+(J55*F$10)+(K55*G$10)+(L55*H$10)+(M55*I$10)+(N55*J$10)+(O55*K$10)+(P55*L$10)+(Q55*M$10)+(R55*N$10)+(S55*O$10)+(T55*P$10)+(U55*Q$10)+(V55*R$10)+(W55*S$10)+(X55*T$10)+(Y55*U$10)+(Z55*V$10)+(AA55*W$10)+(AB55*X$10)+(AC55*Y$10)+(AD55*Z$10)+(AE55*AA$10)+(AF55*AB$10)+(AG55*AC$10)+(AH55*AD$10)+(AI55*AE$10)+(AJ55*AF$10)+(AK55*AG$10)+(AL55*AH$10)+(AM55*AI$10)+(AN55*AJ$10)+(AO55*AK$10)+(AP55*AL$10),"")/F$12)*0.68)+0.3 -> 0.3 | G55: =((TotalAverages!D47/MassFormulaTesting!$B$16)*0.68)+0.3 -> 0.3 | H55: =((TotalAverages!E47/MassFormulaTesting!$B$18)*0.68)+0.3 -> 0.3 | I55: =((TotalAverages!F47/MassFormulaTesting!$B$20)*0.68)+0.3 -> 0.3 | J55: =(IFERROR(MassFormulaTesting!$C$22/TotalAverages!G47,"")*0.68)+0.3 -> 0.3 | K55: =(((TotalAverages!H47+118)/(MassFormulaTesting!$B$24+118))*0.68)+0.3 -> 0.93766887 | L55: =((TotalAverages!I47/MassFormulaTesting!$B$26)*0.68)+0.3 -> 0.3 | M55: =((0.98-(TotalAverages!J47/MassFormulaTesting!$B$28)*0.68)) -> 0.98 | N55: =((TotalAverages!K47/MassFormulaTesting!$B$30)*0.68)+0.3 -> 0.3 | O55: =((TotalAverages!L47/MassFormulaTesting!$B$32)*0.68)+0.3 -> 0.3 | P55: =((TotalAverages!M47/MassFormulaTesting!$B$34)*0.68)+0.3 -> 0.3 | Q55: =((TotalAverages!N47/MassFormulaTesting!$B$36)*0.68)+0.3 -> #DIV/0! | R55: =((TotalAverages!O47/MassFormulaTesting!$B$38)*0.68)+0.3 -> 0.3 | S55: =(IFERROR(TotalAverages!P47/MassFormulaTesting!$B$40,"")*0.68)+0.3 -> 0.3 | T55: =((TotalAverages!T47/MassFormulaTesting!$B$48)*0.68)+0.3 -> 0.3 | U55: =((TotalAverages!U47/MassFormulaTesting!$B$50)*0.68)+0.3 -> 0.3 | V55: =((TotalAverages!V47/MassFormulaTesting!$B$52)*0.68)+0.3 -> 0.3 | W55: =(IFERROR(TotalAverages!W47/MassFormulaTesting!$B$54,"")*0.68)+0.3 -> 0.3 | X55: =(IFERROR(TotalAverages!X47/MassFormulaTesting!$B$56,"")*0.68)+0.3 -> 0.3 | Y55: =(IFERROR(TotalAverages!Y47/MassFormulaTesting!$B$58,"")*0.68)+0.3 -> 0.3 | Z55: =(IFERROR(TotalAverages!Z47/MassFormulaTesting!$B$60,"")*0.68)+0.3 -> 0.3 | AA55: =((TotalAverages!AD47/MassFormulaTesting!$B$68)*0.68)+0.3 -> 0.3 | AB55: =((TotalAverages!AG47/MassFormulaTesting!$B$74)*0.68)+0.3 -> #DIV/0! | AC55: =((TotalAverages!AH47/MassFormulaTesting!$B$76)*0.68)+0.3 -> #DIV/0! | AD55: =((TotalAverages!AK47/MassFormulaTesting!$B$82)*0.68)+0.3 -> #DIV/0! | AE55: =((TotalAverages!AL47/MassFormulaTesting!$B$84)*0.68)+0.3 -> #DIV/0! | AF55: =((TotalAverages!AM47/MassFormulaTesting!$B$86)*0.68)+0.3 -> #DIV/0! | AG55: =((TotalAverages!AN47/MassFormulaTesting!$B$88)*0.68)+0.3 -> #DIV/0! | AH55: =((TotalAverages!AO47/MassFormulaTesting!$B$90)*0.68)+0.3 -> #DIV/0! | AI55: =((TotalAverages!AP47/MassFormulaTesting!$B$92)*0.68)+0.3 -> #DIV/0! | AJ55: =((TotalAverages!AQ47/MassFormulaTesting!$B$94)*0.68)+0.3 -> #DIV/0! | AK55: =((TotalAverages!AR47/MassFormulaTesting!$B$96)*0.68)+0.3 -> #DIV/0! | AL55: =((TotalAverages!AS47/MassFormulaTesting!$B$98)*0.68)+0.3 -> #DIV/0! | AM55: =((TotalAverages!AT47/MassFormulaTesting!$B$100)*0.68)+0.3 -> #DIV/0! | AN55: =((TotalAverages!AV47/MassFormulaTesting!$B$104)*0.68)+0.3 -> #DIV/0! | AO55: =((TotalAverages!AW47/MassFormulaTesting!$B$106)*0.68)+0.3 -> #DIV/0! | AP55: =((TotalAverages!AX47/MassFormulaTesting!$B$108)*0.68)+0.3 -> #DIV/0!
A56: =IFERROR(__xludf.DUMMYFUNCTION("""COMPUTED_VALUE"""),"Itzreelz") -> Itzreelz | B56: =IFERROR(__xludf.DUMMYFUNCTION("""COMPUTED_VALUE"""),0.5) -> 0.5 | D56: =(((F56-$C$13)/$D$12)*0.68)+0.3 -> #DIV/0! | E56: =TotalAverages!A48 | F56: =((IFERROR((G56*C$10)+(H56*D$10)+(I56*E$10)+(J56*F$10)+(K56*G$10)+(L56*H$10)+(M56*I$10)+(N56*J$10)+(O56*K$10)+(P56*L$10)+(Q56*M$10)+(R56*N$10)+(S56*O$10)+(T56*P$10)+(U56*Q$10)+(V56*R$10)+(W56*S$10)+(X56*T$10)+(Y56*U$10)+(Z56*V$10)+(AA56*W$10)+(AB56*X$10)+(AC56*Y$10)+(AD56*Z$10)+(AE56*AA$10)+(AF56*AB$10)+(AG56*AC$10)+(AH56*AD$10)+(AI56*AE$10)+(AJ56*AF$10)+(AK56*AG$10)+(AL56*AH$10)+(AM56*AI$10)+(AN56*AJ$10)+(AO56*AK$10)+(AP56*AL$10),"")/F$12)*0.68)+0.3 -> 0.3 | G56: =((TotalAverages!D48/MassFormulaTesting!$B$16)*0.68)+0.3 -> 0.3 | H56: =((TotalAverages!E48/MassFormulaTesting!$B$18)*0.68)+0.3 -> 0.3 | I56: =((TotalAverages!F48/MassFormulaTesting!$B$20)*0.68)+0.3 -> 0.3 | J56: =(IFERROR(MassFormulaTesting!$C$22/TotalAverages!G48,"")*0.68)+0.3 -> 0.3 | K56: =(((TotalAverages!H48+118)/(MassFormulaTesting!$B$24+118))*0.68)+0.3 -> 0.93766887 | L56: =((TotalAverages!I48/MassFormulaTesting!$B$26)*0.68)+0.3 -> 0.3 | M56: =((0.98-(TotalAverages!J48/MassFormulaTesting!$B$28)*0.68)) -> 0.98 | N56: =((TotalAverages!K48/MassFormulaTesting!$B$30)*0.68)+0.3 -> 0.3 | O56: =((TotalAverages!L48/MassFormulaTesting!$B$32)*0.68)+0.3 -> 0.3 | P56: =((TotalAverages!M48/MassFormulaTesting!$B$34)*0.68)+0.3 -> 0.3 | Q56: =((TotalAverages!N48/MassFormulaTesting!$B$36)*0.68)+0.3 -> #DIV/0! | R56: =((TotalAverages!O48/MassFormulaTesting!$B$38)*0.68)+0.3 -> 0.3 | S56: =(IFERROR(TotalAverages!P48/MassFormulaTesting!$B$40,"")*0.68)+0.3 -> 0.3 | T56: =((TotalAverages!T48/MassFormulaTesting!$B$48)*0.68)+0.3 -> 0.3 | U56: =((TotalAverages!U48/MassFormulaTesting!$B$50)*0.68)+0.3 -> 0.3 | V56: =((TotalAverages!V48/MassFormulaTesting!$B$52)*0.68)+0.3 -> 0.3 | W56: =(IFERROR(TotalAverages!W48/MassFormulaTesting!$B$54,"")*0.68)+0.3 -> 0.3 | X56: =(IFERROR(TotalAverages!X48/MassFormulaTesting!$B$56,"")*0.68)+0.3 -> 0.3 | Y56: =(IFERROR(TotalAverages!Y48/MassFormulaTesting!$B$58,"")*0.68)+0.3 -> 0.3 | Z56: =(IFERROR(TotalAverages!Z48/MassFormulaTesting!$B$60,"")*0.68)+0.3 -> 0.3 | AA56: =((TotalAverages!AD48/MassFormulaTesting!$B$68)*0.68)+0.3 -> 0.3 | AB56: =((TotalAverages!AG48/MassFormulaTesting!$B$74)*0.68)+0.3 -> #DIV/0! | AC56: =((TotalAverages!AH48/MassFormulaTesting!$B$76)*0.68)+0.3 -> #DIV/0! | AD56: =((TotalAverages!AK48/MassFormulaTesting!$B$82)*0.68)+0.3 -> #DIV/0! | AE56: =((TotalAverages!AL48/MassFormulaTesting!$B$84)*0.68)+0.3 -> #DIV/0! | AF56: =((TotalAverages!AM48/MassFormulaTesting!$B$86)*0.68)+0.3 -> #DIV/0! | AG56: =((TotalAverages!AN48/MassFormulaTesting!$B$88)*0.68)+0.3 -> #DIV/0! | AH56: =((TotalAverages!AO48/MassFormulaTesting!$B$90)*0.68)+0.3 -> #DIV/0! | AI56: =((TotalAverages!AP48/MassFormulaTesting!$B$92)*0.68)+0.3 -> #DIV/0! | AJ56: =((TotalAverages!AQ48/MassFormulaTesting!$B$94)*0.68)+0.3 -> #DIV/0! | AK56: =((TotalAverages!AR48/MassFormulaTesting!$B$96)*0.68)+0.3 -> #DIV/0! | AL56: =((TotalAverages!AS48/MassFormulaTesting!$B$98)*0.68)+0.3 -> #DIV/0! | AM56: =((TotalAverages!AT48/MassFormulaTesting!$B$100)*0.68)+0.3 -> #DIV/0! | AN56: =((TotalAverages!AV48/MassFormulaTesting!$B$104)*0.68)+0.3 -> #DIV/0! | AO56: =((TotalAverages!AW48/MassFormulaTesting!$B$106)*0.68)+0.3 -> #DIV/0! | AP56: =((TotalAverages!AX48/MassFormulaTesting!$B$108)*0.68)+0.3 -> #DIV/0!
A57: =IFERROR(__xludf.DUMMYFUNCTION("Query(TotalAverages!A:AV,""Select A,Y where A<>'' Order by Y Desc Limit 1"")"),"OVERALL") -> OVERALL | B57: =IFERROR(__xludf.DUMMYFUNCTION("""COMPUTED_VALUE"""),"avg Killtrocities") -> avg Killtrocities
A58: =IFERROR(__xludf.DUMMYFUNCTION("""COMPUTED_VALUE"""),"Judasey") -> Judasey | B58: =IFERROR(__xludf.DUMMYFUNCTION("""COMPUTED_VALUE"""),0.3333333333333333) -> 0.33333333
A59: =IFERROR(__xludf.DUMMYFUNCTION("Query(TotalAverages!A:AV,""Select A,Z where A<>'' Order by Z Desc Limit 1"")"),"OVERALL") -> OVERALL | B59: =IFERROR(__xludf.DUMMYFUNCTION("""COMPUTED_VALUE"""),"avg Killamanjaros") -> avg Killamanjaros
A60: =IFERROR(__xludf.DUMMYFUNCTION("""COMPUTED_VALUE"""),"DlGITAL PAIN") -> DlGITAL PAIN | B60: =IFERROR(__xludf.DUMMYFUNCTION("""COMPUTED_VALUE"""),0.0967741935483871) -> 0.096774194
A61: =IFERROR(__xludf.DUMMYFUNCTION("Query(TotalAverages!A:AV,""Select A,AA where A<>'' Order by AA Desc Limit 1"")"),"OVERALL") -> OVERALL | B61: =IFERROR(__xludf.DUMMYFUNCTION("""COMPUTED_VALUE"""),"avg Killtastrophe") -> avg Killtastrophe
A62: =IFERROR(__xludf.DUMMYFUNCTION("""COMPUTED_VALUE"""),"yLuxe") -> yLuxe | B62: =IFERROR(__xludf.DUMMYFUNCTION("""COMPUTED_VALUE"""),0.041666666666666664) -> 0.041666667
A63: =IFERROR(__xludf.DUMMYFUNCTION("Query(TotalAverages!A:AV,""Select A,AB where A<>'' Order by AB Desc Limit 1"")"),"OVERALL") -> OVERALL | B63: =IFERROR(__xludf.DUMMYFUNCTION("""COMPUTED_VALUE"""),"avg Killpocalypses") -> avg Killpocalypses
A64: =IFERROR(__xludf.DUMMYFUNCTION("""COMPUTED_VALUE"""),"yLuxe") -> yLuxe | B64: =IFERROR(__xludf.DUMMYFUNCTION("""COMPUTED_VALUE"""),0.041666666666666664) -> 0.041666667
A65: =IFERROR(__xludf.DUMMYFUNCTION("Query(TotalAverages!A:AV,""Select A,AC where A<>'' Order by AC Desc Limit 1"")"),"OVERALL") -> OVERALL | B65: =IFERROR(__xludf.DUMMYFUNCTION("""COMPUTED_VALUE"""),"avg Killionaire") -> avg Killionaire
A66: =IFERROR(__xludf.DUMMYFUNCTION("""COMPUTED_VALUE"""),"Avg Player") -> Avg Player | B66: =IFERROR(__xludf.DUMMYFUNCTION("""COMPUTED_VALUE"""),0.0) -> 0
A67: =IFERROR(__xludf.DUMMYFUNCTION("Query(TotalAverages!A:AV,""Select A,AD where A<>'' Order by AD Desc Limit 1"")"),"OVERALL") -> OVERALL | B67: =IFERROR(__xludf.DUMMYFUNCTION("""COMPUTED_VALUE"""),"avg Exterms") -> avg Exterms
A68: =IFERROR(__xludf.DUMMYFUNCTION("""COMPUTED_VALUE"""),"DlGITAL PAIN") -> DlGITAL PAIN | B68: =IFERROR(__xludf.DUMMYFUNCTION("""COMPUTED_VALUE"""),0.06451612903225806) -> 0.064516129
A69: =IFERROR(__xludf.DUMMYFUNCTION("Query(TotalAverages!A:AV,""Select A,AE where A<>'' Order by AE Desc Limit 1"")"),"OVERALL") -> OVERALL | B69: =IFERROR(__xludf.DUMMYFUNCTION("""COMPUTED_VALUE"""),"avg Bulltrues") -> avg Bulltrues
A70: =IFERROR(__xludf.DUMMYFUNCTION("""COMPUTED_VALUE"""),"oDhmon") -> oDhmon | B70: =IFERROR(__xludf.DUMMYFUNCTION("""COMPUTED_VALUE"""),10.045454545454545) -> 10.045455
A71: =IFERROR(__xludf.DUMMYFUNCTION("Query(TotalAverages!A:AV,""Select A,AF where A<>'' Order by AF Desc Limit 1"")"),"OVERALL") -> OVERALL | B71: =IFERROR(__xludf.DUMMYFUNCTION("""COMPUTED_VALUE"""),"")
A72: =IFERROR(__xludf.DUMMYFUNCTION("""COMPUTED_VALUE"""),"Avg Player") -> Avg Player
A73: =IFERROR(__xludf.DUMMYFUNCTION("Query(TotalAverages!A:AV,""Select A,AG where A<>'' Order by AG Desc Limit 1"")"),"OVERALL") -> OVERALL | B73: =IFERROR(__xludf.DUMMYFUNCTION("""COMPUTED_VALUE"""),"")
A74: =IFERROR(__xludf.DUMMYFUNCTION("""COMPUTED_VALUE"""),"Avg Player") -> Avg Player
A75: =IFERROR(__xludf.DUMMYFUNCTION("Query(TotalAverages!A:AV,""Select A,AH where A<>'' Order by AH Desc Limit 1"")"),"OVERALL") -> OVERALL | B75: =IFERROR(__xludf.DUMMYFUNCTION("""COMPUTED_VALUE"""),"")
A76: =IFERROR(__xludf.DUMMYFUNCTION("""COMPUTED_VALUE"""),"Avg Player") -> Avg Player
A77: =IFERROR(__xludf.DUMMYFUNCTION("Query(TotalAverages!A:AV,""Select A,AI where A<>'' Order by AI Desc Limit 1"")"),"OVERALL") -> OVERALL | B77: =IFERROR(__xludf.DUMMYFUNCTION("""COMPUTED_VALUE"""),"")
A78: =IFERROR(__xludf.DUMMYFUNCTION("""COMPUTED_VALUE"""),"Avg Player") -> Avg Player
A79: =IFERROR(__xludf.DUMMYFUNCTION("Query(TotalAverages!A:AV,""Select A,AJ where A<>'' Order by AJ Desc Limit 1"")"),"OVERALL") -> OVERALL | B79: =IFERROR(__xludf.DUMMYFUNCTION("""COMPUTED_VALUE"""),"")
A80: =IFERROR(__xludf.DUMMYFUNCTION("""COMPUTED_VALUE"""),"Avg Player") -> Avg Player
A81: =IFERROR(__xludf.DUMMYFUNCTION("Query(TotalAverages!A:AV,""Select A,AK where A<>'' Order by AK Desc Limit 1"")"),"OVERALL") -> OVERALL | B81: =IFERROR(__xludf.DUMMYFUNCTION("""COMPUTED_VALUE"""),"")
A82: =IFERROR(__xludf.DUMMYFUNCTION("""COMPUTED_VALUE"""),"Avg Player") -> Avg Player
A83: =IFERROR(__xludf.DUMMYFUNCTION("Query(TotalAverages!A:AV,""Select A,AL where A<>'' Order by AL Desc Limit 1"")"),"OVERALL") -> OVERALL | B83: =IFERROR(__xludf.DUMMYFUNCTION("""COMPUTED_VALUE"""),"")
A84: =IFERROR(__xludf.DUMMYFUNCTION("""COMPUTED_VALUE"""),"Avg Player") -> Avg Player
A85: =IFERROR(__xludf.DUMMYFUNCTION("Query(TotalAverages!A:AV,""Select A,AM where A<>'' Order by AM Desc Limit 1"")"),"OVERALL") -> OVERALL | B85: =IFERROR(__xludf.DUMMYFUNCTION("""COMPUTED_VALUE"""),"")
A86: =IFERROR(__xludf.DUMMYFUNCTION("""COMPUTED_VALUE"""),"Avg Player") -> Avg Player
A87: =IFERROR(__xludf.DUMMYFUNCTION("Query(TotalAverages!A:AV,""Select A,AN where A<>'' Order by AN Desc Limit 1"")"),"OVERALL") -> OVERALL | B87: =IFERROR(__xludf.DUMMYFUNCTION("""COMPUTED_VALUE"""),"")
A88: =IFERROR(__xludf.DUMMYFUNCTION("""COMPUTED_VALUE"""),"Avg Player") -> Avg Player
A89: =IFERROR(__xludf.DUMMYFUNCTION("Query(TotalAverages!A:AV,""Select A,AO where A<>'' Order by AO Desc Limit 1"")"),"OVERALL") -> OVERALL | B89: =IFERROR(__xludf.DUMMYFUNCTION("""COMPUTED_VALUE"""),"")
A90: =IFERROR(__xludf.DUMMYFUNCTION("""COMPUTED_VALUE"""),"Avg Player") -> Avg Player
A91: =IFERROR(__xludf.DUMMYFUNCTION("Query(TotalAverages!A:AV,""Select A,AP where A<>'' Order by AP Desc Limit 1"")"),"OVERALL") -> OVERALL | B91: =IFERROR(__xludf.DUMMYFUNCTION("""COMPUTED_VALUE"""),"")
A92: =IFERROR(__xludf.DUMMYFUNCTION("""COMPUTED_VALUE"""),"Avg Player") -> Avg Player
A93: =IFERROR(__xludf.DUMMYFUNCTION("Query(TotalAverages!A:AV,""Select A,AQ where A<>'' Order by AQ Desc Limit 1"")"),"OVERALL") -> OVERALL | B93: =IFERROR(__xludf.DUMMYFUNCTION("""COMPUTED_VALUE"""),"")
A94: =IFERROR(__xludf.DUMMYFUNCTION("""COMPUTED_VALUE"""),"Avg Player") -> Avg Player
A95: =IFERROR(__xludf.DUMMYFUNCTION("Query(TotalAverages!A:AV,""Select A,AR where A<>'' Order by AR Desc Limit 1"")"),"OVERALL") -> OVERALL | B95: =IFERROR(__xludf.DUMMYFUNCTION("""COMPUTED_VALUE"""),"")
A96: =IFERROR(__xludf.DUMMYFUNCTION("""COMPUTED_VALUE"""),"Avg Player") -> Avg Player
A97: =IFERROR(__xludf.DUMMYFUNCTION("Query(TotalAverages!A:AV,""Select A,AS where A<>'' Order by AS Desc Limit 1"")"),"OVERALL") -> OVERALL | B97: =IFERROR(__xludf.DUMMYFUNCTION("""COMPUTED_VALUE"""),"")
A98: =IFERROR(__xludf.DUMMYFUNCTION("""COMPUTED_VALUE"""),"Avg Player") -> Avg Player
A99: =IFERROR(__xludf.DUMMYFUNCTION("Query(TotalAverages!A:AV,""Select A,AT where A<>'' Order by AT Desc Limit 1"")"),"OVERALL") -> OVERALL | B99: =IFERROR(__xludf.DUMMYFUNCTION("""COMPUTED_VALUE"""),"")
A100: =IFERROR(__xludf.DUMMYFUNCTION("""COMPUTED_VALUE"""),"Avg Player") -> Avg Player
A101: =IFERROR(__xludf.DUMMYFUNCTION("Query(TotalAverages!A:AV,""Select A,AU where A<>'' Order by AU Desc Limit 1"")"),"OVERALL") -> OVERALL | B101: =IFERROR(__xludf.DUMMYFUNCTION("""COMPUTED_VALUE"""),"")
A102: =IFERROR(__xludf.DUMMYFUNCTION("""COMPUTED_VALUE"""),"Avg Player") -> Avg Player
A103: =IFERROR(__xludf.DUMMYFUNCTION("Query(TotalAverages!A:AV,""Select A,AV where A<>'' Order by AV Desc Limit 1"")"),"OVERALL") -> OVERALL | B103: =IFERROR(__xludf.DUMMYFUNCTION("""COMPUTED_VALUE"""),"")
...

Sheet HexaEquatCopy
A2: K-D Whores | B2: ('Kills'+'Assists'-'Deaths')/('Game Time'/60)
A3: Spree king | B3: ('Killing Sprees')/('Game Time'/60)
A4: Helping Hands | B4: ('Assists'+'Avengers')/('Game Time'/60)
A5: Overrated | B5: ('Triple Kills'+'Overkills'+'Killtaculars'+'Killtrocities'+'Killamanjaros'+'Killtastrophe')/'Kills'
A6: W Key Warrior | B6: ('Kills'+'Assists'+'Deaths')/('Game Time'/60)
A7: Sugar Daddies | B7: ('Killing Sprees'+'Killing Frenzies')/('Game Time'/60)
A8: Running Wild | B8: ('Double Kills'+'Triple Kills'+'Overkills'+'Killtaculars'+'Killtrocities'+'Killamanjaros'+'Killtastrophe')/('Game Time'/60)
A9: Betray Master | B9: ('Betrayals')/('Game Time'/60)
A10: Kills Per Betrayal | B10: ('Kills'/'Betrayals')
A11: 6-S HEXAS | B11: ('Goals'/'Games Played'/5)+('Kills'-'Deaths'+'Double Kills'+'Triple Kills'+'Overkills')/('Game Time'/60)
A12: Revenger | B12: ('Avengers'/)('Game Time'/60)
A13: Ball God | B13: ('Bomb Kills'+'Goals')/('Carry Time'/60)
A14: Comeback Kid | B14: ('Revenges')/('Game Time'/60)

Sheet SunSet-Leaderboards
A1: Top Achievements
C2: =IFERROR(__xludf.DUMMYFUNCTION("Query('Halo Reach Stats'!A:AK,""Select A, (F/G) Order By (F/G) Desc Limit 5 LABEL (F/G) 'Highest KD Ratio' "")"),"Player") -> Player | D2: =IFERROR(__xludf.DUMMYFUNCTION("""COMPUTED_VALUE"""),"Highest KD Ratio") -> Highest KD Ratio | H2: =IFERROR(__xludf.DUMMYFUNCTION("Query('Halo Reach Stats'!A:AK,""Select A,E where A<> '' Order by E Desc Limit 5 LABEL E 'Most Goals'"")"),"Player") -> Player | I2: =IFERROR(__xludf.DUMMYFUNCTION("""COMPUTED_VALUE"""),"Most Goals") -> Most Goals
B3: 1 | C3: =IFERROR(__xludf.DUMMYFUNCTION("""COMPUTED_VALUE"""),"EllisGotMyPills") -> EllisGotMyPills | D3: =IFERROR(__xludf.DUMMYFUNCTION("""COMPUTED_VALUE"""),0.30251346499102333) -> 0.30251346 | G3: 1 | H3: =IFERROR(__xludf.DUMMYFUNCTION("""COMPUTED_VALUE"""),"yLuxe") -> yLuxe | I3: =IFERROR(__xludf.DUMMYFUNCTION("""COMPUTED_VALUE"""),73.0) -> 73
B4: 2 | C4: =IFERROR(__xludf.DUMMYFUNCTION("""COMPUTED_VALUE"""),"yLuxe") -> yLuxe | D4: =IFERROR(__xludf.DUMMYFUNCTION("""COMPUTED_VALUE"""),0.25925925925925924) -> 0.25925926 | G4: 2 | H4: =IFERROR(__xludf.DUMMYFUNCTION("""COMPUTED_VALUE"""),"EllisGotMyPills") -> EllisGotMyPills | I4: =IFERROR(__xludf.DUMMYFUNCTION("""COMPUTED_VALUE"""),59.0) -> 59
B5: 3 | C5: =IFERROR(__xludf.DUMMYFUNCTION("""COMPUTED_VALUE"""),"Dhlyn") -> Dhlyn | D5: =IFERROR(__xludf.DUMMYFUNCTION("""COMPUTED_VALUE"""),0.21996753246753248) -> 0.21996753 | G5: 3 | H5: =IFERROR(__xludf.DUMMYFUNCTION("""COMPUTED_VALUE"""),"Hells Angel cx") -> Hells Angel cx | I5: =IFERROR(__xludf.DUMMYFUNCTION("""COMPUTED_VALUE"""),54.0) -> 54
B6: 4 | C6: =IFERROR(__xludf.DUMMYFUNCTION("""COMPUTED_VALUE"""),"Hells Angel cx") -> Hells Angel cx | D6: =IFERROR(__xludf.DUMMYFUNCTION("""COMPUTED_VALUE"""),0.20043258832011535) -> 0.20043259 | G6: 4 | H6: =IFERROR(__xludf.DUMMYFUNCTION("""COMPUTED_VALUE"""),"Mavbrid") -> Mavbrid | I6: =IFERROR(__xludf.DUMMYFUNCTION("""COMPUTED_VALUE"""),50.0) -> 50
B7: 5 | C7: =IFERROR(__xludf.DUMMYFUNCTION("""COMPUTED_VALUE"""),"Mavbrid") -> Mavbrid | D7: =IFERROR(__xludf.DUMMYFUNCTION("""COMPUTED_VALUE"""),0.17121588089330025) -> 0.17121588 | G7: 5 | H7: =IFERROR(__xludf.DUMMYFUNCTION("""COMPUTED_VALUE"""),"ixGingy") -> ixGingy | I7: =IFERROR(__xludf.DUMMYFUNCTION("""COMPUTED_VALUE"""),48.0) -> 48
C9: =IFERROR(__xludf.DUMMYFUNCTION("Query('Halo Reach Stats'!A:AK,""Select A,Q where A<> '' Order by Q Desc Limit 5 LABEL Q 'Most Sprees'"")"),"Player") -> Player | D9: =IFERROR(__xludf.DUMMYFUNCTION("""COMPUTED_VALUE"""),"Most Sprees") -> Most Sprees | H9: =IFERROR(__xludf.DUMMYFUNCTION("Query('Halo Reach Stats'!A:AK,""Select A,P where A<> '' Order by P Desc Limit 5 LABEL P 'Most Bomb Stops'"")"),"Player") -> Player | I9: =IFERROR(__xludf.DUMMYFUNCTION("""COMPUTED_VALUE"""),"Most Bomb Stops") -> Most Bomb Stops
B10: 1 | C10: =IFERROR(__xludf.DUMMYFUNCTION("""COMPUTED_VALUE"""),"ActiveHate") -> ActiveHate | D10: =IFERROR(__xludf.DUMMYFUNCTION("""COMPUTED_VALUE"""),0.0) -> 0 | G10: 1 | H10: =IFERROR(__xludf.DUMMYFUNCTION("""COMPUTED_VALUE"""),"EllisGotMyPills") -> EllisGotMyPills | I10: =IFERROR(__xludf.DUMMYFUNCTION("""COMPUTED_VALUE"""),19443.0) -> 19443 | M10: =IFERROR(__xludf.DUMMYFUNCTION("Query('Halo Reach Stats'!A:AK,""Select A,N where A<> '' Order By N Desc Limit 1 LABEL A 'Tom Brady Award: *Highest average life' "")"),"Tom Brady Award: *Highest average life") -> Tom Brady Award: *Highest average life
B11: 2 | C11: =IFERROR(__xludf.DUMMYFUNCTION("""COMPUTED_VALUE"""),"ADhillyy") -> ADhillyy | D11: =IFERROR(__xludf.DUMMYFUNCTION("""COMPUTED_VALUE"""),0.0) -> 0 | G11: 2 | H11: =IFERROR(__xludf.DUMMYFUNCTION("""COMPUTED_VALUE"""),"Mavbrid") -> Mavbrid | I11: =IFERROR(__xludf.DUMMYFUNCTION("""COMPUTED_VALUE"""),16378.0) -> 16378 | M11: =IFERROR(__xludf.DUMMYFUNCTION("""COMPUTED_VALUE"""),"ixGingy") -> ixGingy | N11: =IFERROR(__xludf.DUMMYFUNCTION("""COMPUTED_VALUE"""),72805.0) -> 72805 | O11: Seconds
B12: 3 | C12: =IFERROR(__xludf.DUMMYFUNCTION("""COMPUTED_VALUE"""),"Almighty Tycoon") -> Almighty Tycoon | D12: =IFERROR(__xludf.DUMMYFUNCTION("""COMPUTED_VALUE"""),0.0) -> 0 | G12: 3 | H12: =IFERROR(__xludf.DUMMYFUNCTION("""COMPUTED_VALUE"""),"yLuxe") -> yLuxe | I12: =IFERROR(__xludf.DUMMYFUNCTION("""COMPUTED_VALUE"""),15028.0) -> 15028
B13: 4 | C13: =IFERROR(__xludf.DUMMYFUNCTION("""COMPUTED_VALUE"""),"ASpence501") -> ASpence501 | D13: =IFERROR(__xludf.DUMMYFUNCTION("""COMPUTED_VALUE"""),0.0) -> 0 | G13: 4 | H13: =IFERROR(__xludf.DUMMYFUNCTION("""COMPUTED_VALUE"""),"Laser Wins") -> Laser Wins | I13: =IFERROR(__xludf.DUMMYFUNCTION("""COMPUTED_VALUE"""),14865.0) -> 14865 | M13: =IFERROR(__xludf.DUMMYFUNCTION("Query('Halo Reach Stats'!A:AK,""Select A,N where A<> '' Order By N Asc Limit 1 LABEL A 'ActiveHate Award: *Lowest average life' "")"),"ActiveHate Award: *Lowest average life") -> ActiveHate Award: *Lowest average life
B14: 5 | C14: =IFERROR(__xludf.DUMMYFUNCTION("""COMPUTED_VALUE"""),"AwareMosquito") -> AwareMosquito | D14: =IFERROR(__xludf.DUMMYFUNCTION("""COMPUTED_VALUE"""),0.0) -> 0 | G14: 5 | H14: =IFERROR(__xludf.DUMMYFUNCTION("""COMPUTED_VALUE"""),"Doerstopper") -> Doerstopper | I14: =IFERROR(__xludf.DUMMYFUNCTION("""COMPUTED_VALUE"""),10839.0) -> 10839 | M14: =IFERROR(__xludf.DUMMYFUNCTION("""COMPUTED_VALUE"""),"MuNgO PuNgO") -> MuNgO PuNgO | N14: =IFERROR(__xludf.DUMMYFUNCTION("""COMPUTED_VALUE"""),2536.0) -> 2536 | O14: Seconds
C17: =IFERROR(__xludf.DUMMYFUNCTION("Query(HEXASbaseINFO!A:AA,""Select A,T where A<>'' Order by T Desc Limit 10"")"),"Player") -> Player | D17: =IFERROR(__xludf.DUMMYFUNCTION("""COMPUTED_VALUE"""),"SUM of Killing Frenzies") -> SUM of Killing Frenzies | F17: =IFERROR(__xludf.DUMMYFUNCTION("Query(HEXASbaseINFO!A:Z,""Select A,U where A<>'' Order by U Desc Limit 10"")"),"Player") -> Player | G17: =IFERROR(__xludf.DUMMYFUNCTION("""COMPUTED_VALUE"""),"SUM of Double Kills") -> SUM of Double Kills | J17: =IFERROR(__xludf.DUMMYFUNCTION("Query(HEXASbaseINFO!A:AA,""Select A,V where A<>'' Order by V Desc Limit 10"")"),"Player") -> Player | K17: =IFERROR(__xludf.DUMMYFUNCTION("""COMPUTED_VALUE"""),"SUM of Triple Kills") -> SUM of Triple Kills | M17: =IFERROR(__xludf.DUMMYFUNCTION("Query(HEXASbaseINFO!A:Y,""Select A,Y where A<>'' Order by Y Desc Limit 10"")"),"Player") -> Player | N17: =IFERROR(__xludf.DUMMYFUNCTION("""COMPUTED_VALUE"""),"SUM of Killtrocities") -> SUM of Killtrocities
C18: =IFERROR(__xludf.DUMMYFUNCTION("""COMPUTED_VALUE"""),"yLuxe") -> yLuxe | D18: =IFERROR(__xludf.DUMMYFUNCTION("""COMPUTED_VALUE"""),6.0) -> 6 | F18: =IFERROR(__xludf.DUMMYFUNCTION("""COMPUTED_VALUE"""),"DlGITAL PAIN") -> DlGITAL PAIN | G18: =IFERROR(__xludf.DUMMYFUNCTION("""COMPUTED_VALUE"""),634.0) -> 634 | J18: =IFERROR(__xludf.DUMMYFUNCTION("""COMPUTED_VALUE"""),"MysticalNovice") -> MysticalNovice | K18: =IFERROR(__xludf.DUMMYFUNCTION("""COMPUTED_VALUE"""),118.0) -> 118 | M18: =IFERROR(__xludf.DUMMYFUNCTION("""COMPUTED_VALUE"""),"DlGITAL PAIN") -> DlGITAL PAIN | N18: =IFERROR(__xludf.DUMMYFUNCTION("""COMPUTED_VALUE"""),6.0) -> 6
C19: =IFERROR(__xludf.DUMMYFUNCTION("""COMPUTED_VALUE"""),"Dhlyn") -> Dhlyn | D19: =IFERROR(__xludf.DUMMYFUNCTION("""COMPUTED_VALUE"""),5.0) -> 5 | F19: =IFERROR(__xludf.DUMMYFUNCTION("""COMPUTED_VALUE"""),"ixGingy") -> ixGingy | G19: =IFERROR(__xludf.DUMMYFUNCTION("""COMPUTED_VALUE"""),608.0) -> 608 | J19: =IFERROR(__xludf.DUMMYFUNCTION("""COMPUTED_VALUE"""),"DlGITAL PAIN") -> DlGITAL PAIN | K19: =IFERROR(__xludf.DUMMYFUNCTION("""COMPUTED_VALUE"""),114.0) -> 114 | M19: =IFERROR(__xludf.DUMMYFUNCTION("""COMPUTED_VALUE"""),"Itzreelz") -> Itzreelz | N19: =IFERROR(__xludf.DUMMYFUNCTION("""COMPUTED_VALUE"""),2.0) -> 2
C20: =IFERROR(__xludf.DUMMYFUNCTION("""COMPUTED_VALUE"""),"Mavbrid") -> Mavbrid | D20: =IFERROR(__xludf.DUMMYFUNCTION("""COMPUTED_VALUE"""),4.0) -> 4 | F20: =IFERROR(__xludf.DUMMYFUNCTION("""COMPUTED_VALUE"""),"MysticalNovice") -> MysticalNovice | G20: =IFERROR(__xludf.DUMMYFUNCTION("""COMPUTED_VALUE"""),583.0) -> 583 | J20: =IFERROR(__xludf.DUMMYFUNCTION("""COMPUTED_VALUE"""),"ixGingy") -> ixGingy | K20: =IFERROR(__xludf.DUMMYFUNCTION("""COMPUTED_VALUE"""),111.0) -> 111 | M20: =IFERROR(__xludf.DUMMYFUNCTION("""COMPUTED_VALUE"""),"oDhmon") -> oDhmon | N20: =IFERROR(__xludf.DUMMYFUNCTION("""COMPUTED_VALUE"""),2.0) -> 2
C21: =IFERROR(__xludf.DUMMYFUNCTION("""COMPUTED_VALUE"""),"EllisGotMyPills") -> EllisGotMyPills | D21: =IFERROR(__xludf.DUMMYFUNCTION("""COMPUTED_VALUE"""),3.0) -> 3 | F21: =IFERROR(__xludf.DUMMYFUNCTION("""COMPUTED_VALUE"""),"ASpence501") -> ASpence501 | G21: =IFERROR(__xludf.DUMMYFUNCTION("""COMPUTED_VALUE"""),490.0) -> 490 | J21: =IFERROR(__xludf.DUMMYFUNCTION("""COMPUTED_VALUE"""),"Itzreelz") -> Itzreelz | K21: =IFERROR(__xludf.DUMMYFUNCTION("""COMPUTED_VALUE"""),92.0) -> 92 | M21: =IFERROR(__xludf.DUMMYFUNCTION("""COMPUTED_VALUE"""),"yLuxe") -> yLuxe | N21: =IFERROR(__xludf.DUMMYFUNCTION("""COMPUTED_VALUE"""),2.0) -> 2
C22: =IFERROR(__xludf.DUMMYFUNCTION("""COMPUTED_VALUE"""),"Hells Angel cx") -> Hells Angel cx | D22: =IFERROR(__xludf.DUMMYFUNCTION("""COMPUTED_VALUE"""),3.0) -> 3 | F22: =IFERROR(__xludf.DUMMYFUNCTION("""COMPUTED_VALUE"""),"oDhmon") -> oDhmon | G22: =IFERROR(__xludf.DUMMYFUNCTION("""COMPUTED_VALUE"""),472.0) -> 472 | J22: =IFERROR(__xludf.DUMMYFUNCTION("""COMPUTED_VALUE"""),"ASpence501") -> ASpence501 | K22: =IFERROR(__xludf.DUMMYFUNCTION("""COMPUTED_VALUE"""),87.0) -> 87 | M22: =IFERROR(__xludf.DUMMYFUNCTION("""COMPUTED_VALUE"""),"Almighty Tycoon") -> Almighty Tycoon | N22: =IFERROR(__xludf.DUMMYFUNCTION("""COMPUTED_VALUE"""),1.0) -> 1
C23: =IFERROR(__xludf.DUMMYFUNCTION("""COMPUTED_VALUE"""),"ixGingy") -> ixGingy | D23: =IFERROR(__xludf.DUMMYFUNCTION("""COMPUTED_VALUE"""),3.0) -> 3 | F23: =IFERROR(__xludf.DUMMYFUNCTION("""COMPUTED_VALUE"""),"Solace VIII") -> Solace VIII | G23: =IFERROR(__xludf.DUMMYFUNCTION("""COMPUTED_VALUE"""),429.0) -> 429 | J23: =IFERROR(__xludf.DUMMYFUNCTION("""COMPUTED_VALUE"""),"oDhmon") -> oDhmon | K23: =IFERROR(__xludf.DUMMYFUNCTION("""COMPUTED_VALUE"""),73.0) -> 73 | M23: =IFERROR(__xludf.DUMMYFUNCTION("""COMPUTED_VALUE"""),"ASpence501") -> ASpence501 | N23: =IFERROR(__xludf.DUMMYFUNCTION("""COMPUTED_VALUE"""),1.0) -> 1
C24: =IFERROR(__xludf.DUMMYFUNCTION("""COMPUTED_VALUE"""),"DlGITAL PAIN") -> DlGITAL PAIN | D24: =IFERROR(__xludf.DUMMYFUNCTION("""COMPUTED_VALUE"""),2.0) -> 2 | F24: =IFERROR(__xludf.DUMMYFUNCTION("""COMPUTED_VALUE"""),"Itzreelz") -> Itzreelz | G24: =IFERROR(__xludf.DUMMYFUNCTION("""COMPUTED_VALUE"""),389.0) -> 389 | J24: =IFERROR(__xludf.DUMMYFUNCTION("""COMPUTED_VALUE"""),"Solace VIII") -> Solace VIII | K24: =IFERROR(__xludf.DUMMYFUNCTION("""COMPUTED_VALUE"""),73.0) -> 73 | M24: =IFERROR(__xludf.DUMMYFUNCTION("""COMPUTED_VALUE"""),"InfiniteRainge") -> InfiniteRainge | N24: =IFERROR(__xludf.DUMMYFUNCTION("""COMPUTED_VALUE"""),1.0) -> 1
C25: =IFERROR(__xludf.DUMMYFUNCTION("""COMPUTED_VALUE"""),"Itzreelz") -> Itzreelz | D25: =IFERROR(__xludf.DUMMYFUNCTION("""COMPUTED_VALUE"""),2.0) -> 2 | F25: =IFERROR(__xludf.DUMMYFUNCTION("""COMPUTED_VALUE"""),"ActiveHate") -> ActiveHate | G25: =IFERROR(__xludf.DUMMYFUNCTION("""COMPUTED_VALUE"""),286.0) -> 286 | J25: =IFERROR(__xludf.DUMMYFUNCTION("""COMPUTED_VALUE"""),"ActiveHate") -> ActiveHate | K25: =IFERROR(__xludf.DUMMYFUNCTION("""COMPUTED_VALUE"""),57.0) -> 57 | M25: =IFERROR(__xludf.DUMMYFUNCTION("""COMPUTED_VALUE"""),"L1ght5aber") -> L1ght5aber | N25: =IFERROR(__xludf.DUMMYFUNCTION("""COMPUTED_VALUE"""),1.0) -> 1
C26: =IFERROR(__xludf.DUMMYFUNCTION("""COMPUTED_VALUE"""),"L0RNA SHORE") -> L0RNA SHORE | D26: =IFERROR(__xludf.DUMMYFUNCTION("""COMPUTED_VALUE"""),1.0) -> 1 | F26: =IFERROR(__xludf.DUMMYFUNCTION("""COMPUTED_VALUE"""),"InfiniteRainge") -> InfiniteRainge | G26: =IFERROR(__xludf.DUMMYFUNCTION("""COMPUTED_VALUE"""),282.0) -> 282 | J26: =IFERROR(__xludf.DUMMYFUNCTION("""COMPUTED_VALUE"""),"yLuxe") -> yLuxe | K26: =IFERROR(__xludf.DUMMYFUNCTION("""COMPUTED_VALUE"""),55.0) -> 55 | M26: =IFERROR(__xludf.DUMMYFUNCTION("""COMPUTED_VALUE"""),"Luner Panda") -> Luner Panda | N26: =IFERROR(__xludf.DUMMYFUNCTION("""COMPUTED_VALUE"""),1.0) -> 1
C27: =IFERROR(__xludf.DUMMYFUNCTION("""COMPUTED_VALUE"""),"ActiveHate") -> ActiveHate | D27: =IFERROR(__xludf.DUMMYFUNCTION("""COMPUTED_VALUE"""),0.0) -> 0 | F27: =IFERROR(__xludf.DUMMYFUNCTION("""COMPUTED_VALUE"""),"GodSnipezX") -> GodSnipezX | G27: =IFERROR(__xludf.DUMMYFUNCTION("""COMPUTED_VALUE"""),279.0) -> 279 | J27: =IFERROR(__xludf.DUMMYFUNCTION("""COMPUTED_VALUE"""),"InfiniteRainge") -> InfiniteRainge | K27: =IFERROR(__xludf.DUMMYFUNCTION("""COMPUTED_VALUE"""),52.0) -> 52 | M27: =IFERROR(__xludf.DUMMYFUNCTION("""COMPUTED_VALUE"""),"Mavbrid") -> Mavbrid | N27: =IFERROR(__xludf.DUMMYFUNCTION("""COMPUTED_VALUE"""),1.0) -> 1
C29: =IFERROR(__xludf.DUMMYFUNCTION("Query(HEXASbaseINFO!A:AB,""Select A,X where A<>'' Order by X Desc Limit 10"")"),"Player") -> Player | D29: =IFERROR(__xludf.DUMMYFUNCTION("""COMPUTED_VALUE"""),"SUM of Killtaculars") -> SUM of Killtaculars | F29: =IFERROR(__xludf.DUMMYFUNCTION("Query(HEXASbaseINFO!A:AB,""Select A,AB where A<>'' Order by AB Desc Limit 10"")"),"Player") -> Player | G29: =IFERROR(__xludf.DUMMYFUNCTION("""COMPUTED_VALUE"""),"SUM of Betrayals") -> SUM of Betrayals | J29: =IFERROR(__xludf.DUMMYFUNCTION("Query(HEXASbaseINFO!A:Y,""Select A,W where A<>'' Order by W Desc Limit 10"")"),"Player") -> Player | K29: =IFERROR(__xludf.DUMMYFUNCTION("""COMPUTED_VALUE"""),"SUM of Overkills") -> SUM of Overkills | M29: =IFERROR(__xludf.DUMMYFUNCTION("Query(HEXASbaseINFO!A:AA,""Select A,AA where A<>'' Order by AA Desc Limit 10"")"),"Player") -> Player | N29: =IFERROR(__xludf.DUMMYFUNCTION("""COMPUTED_VALUE"""),"SUM of Killtastrophe") -> SUM of Killtastrophe
C30: =IFERROR(__xludf.DUMMYFUNCTION("""COMPUTED_VALUE"""),"Itzreelz") -> Itzreelz | D30: =IFERROR(__xludf.DUMMYFUNCTION("""COMPUTED_VALUE"""),11.0) -> 11 | F30: =IFERROR(__xludf.DUMMYFUNCTION("""COMPUTED_VALUE"""),"ixGingy") -> ixGingy | G30: =IFERROR(__xludf.DUMMYFUNCTION("""COMPUTED_VALUE"""),74.0) -> 74 | J30: =IFERROR(__xludf.DUMMYFUNCTION("""COMPUTED_VALUE"""),"Itzreelz") -> Itzreelz | K30: =IFERROR(__xludf.DUMMYFUNCTION("""COMPUTED_VALUE"""),27.0) -> 27 | M30: =IFERROR(__xludf.DUMMYFUNCTION("""COMPUTED_VALUE"""),"yLuxe") -> yLuxe | N30: =IFERROR(__xludf.DUMMYFUNCTION("""COMPUTED_VALUE"""),1.0) -> 1
C31: =IFERROR(__xludf.DUMMYFUNCTION("""COMPUTED_VALUE"""),"DlGITAL PAIN") -> DlGITAL PAIN | D31: =IFERROR(__xludf.DUMMYFUNCTION("""COMPUTED_VALUE"""),10.0) -> 10 | F31: =IFERROR(__xludf.DUMMYFUNCTION("""COMPUTED_VALUE"""),"MoldyVolts") -> MoldyVolts | G31: =IFERROR(__xludf.DUMMYFUNCTION("""COMPUTED_VALUE"""),58.0) -> 58 | J31: =IFERROR(__xludf.DUMMYFUNCTION("""COMPUTED_VALUE"""),"ixGingy") -> ixGingy | K31: =IFERROR(__xludf.DUMMYFUNCTION("""COMPUTED_VALUE"""),26.0) -> 26 | M31: =IFERROR(__xludf.DUMMYFUNCTION("""COMPUTED_VALUE"""),"ActiveHate") -> ActiveHate | N31: =IFERROR(__xludf.DUMMYFUNCTION("""COMPUTED_VALUE"""),0.0) -> 0
C32: =IFERROR(__xludf.DUMMYFUNCTION("""COMPUTED_VALUE"""),"ASpence501") -> ASpence501 | D32: =IFERROR(__xludf.DUMMYFUNCTION("""COMPUTED_VALUE"""),6.0) -> 6 | F32: =IFERROR(__xludf.DUMMYFUNCTION("""COMPUTED_VALUE"""),"DlGITAL PAIN") -> DlGITAL PAIN | G32: =IFERROR(__xludf.DUMMYFUNCTION("""COMPUTED_VALUE"""),52.0) -> 52 | J32: =IFERROR(__xludf.DUMMYFUNCTION("""COMPUTED_VALUE"""),"DlGITAL PAIN") -> DlGITAL PAIN | K32: =IFERROR(__xludf.DUMMYFUNCTION("""COMPUTED_VALUE"""),23.0) -> 23 | M32: =IFERROR(__xludf.DUMMYFUNCTION("""COMPUTED_VALUE"""),"ADhillyy") -> ADhillyy | N32: =IFERROR(__xludf.DUMMYFUNCTION("""COMPUTED_VALUE"""),0.0) -> 0
C33: =IFERROR(__xludf.DUMMYFUNCTION("""COMPUTED_VALUE"""),"ixGingy") -> ixGingy | D33: =IFERROR(__xludf.DUMMYFUNCTION("""COMPUTED_VALUE"""),5.0) -> 5 | F33: =IFERROR(__xludf.DUMMYFUNCTION("""COMPUTED_VALUE"""),"MealyKitten0") -> MealyKitten0 | G33: =IFERROR(__xludf.DUMMYFUNCTION("""COMPUTED_VALUE"""),49.0) -> 49 | J33: =IFERROR(__xludf.DUMMYFUNCTION("""COMPUTED_VALUE"""),"MysticalNovice") -> MysticalNovice | K33: =IFERROR(__xludf.DUMMYFUNCTION("""COMPUTED_VALUE"""),21.0) -> 21 | M33: =IFERROR(__xludf.DUMMYFUNCTION("""COMPUTED_VALUE"""),"Almighty Tycoon") -> Almighty Tycoon | N33: =IFERROR(__xludf.DUMMYFUNCTION("""COMPUTED_VALUE"""),0.0) -> 0
C34: =IFERROR(__xludf.DUMMYFUNCTION("""COMPUTED_VALUE"""),"InfiniteRainge") -> InfiniteRainge | D34: =IFERROR(__xludf.DUMMYFUNCTION("""COMPUTED_VALUE"""),4.0) -> 4 | F34: =IFERROR(__xludf.DUMMYFUNCTION("""COMPUTED_VALUE"""),"Hells Angel cx") -> Hells Angel cx | G34: =IFERROR(__xludf.DUMMYFUNCTION("""COMPUTED_VALUE"""),44.0) -> 44 | J34: =IFERROR(__xludf.DUMMYFUNCTION("""COMPUTED_VALUE"""),"Solace VIII") -> Solace VIII | K34: =IFERROR(__xludf.DUMMYFUNCTION("""COMPUTED_VALUE"""),16.0) -> 16 | M34: =IFERROR(__xludf.DUMMYFUNCTION("""COMPUTED_VALUE"""),"ASpence501") -> ASpence501 | N34: =IFERROR(__xludf.DUMMYFUNCTION("""COMPUTED_VALUE"""),0.0) -> 0
C35: =IFERROR(__xludf.DUMMYFUNCTION("""COMPUTED_VALUE"""),"MysticalNovice") -> MysticalNovice | D35: =IFERROR(__xludf.DUMMYFUNCTION("""COMPUTED_VALUE"""),4.0) -> 4 | F35: =IFERROR(__xludf.DUMMYFUNCTION("""COMPUTED_VALUE"""),"MysticalNovice") -> MysticalNovice | G35: =IFERROR(__xludf.DUMMYFUNCTION("""COMPUTED_VALUE"""),44.0) -> 44 | J35: =IFERROR(__xludf.DUMMYFUNCTION("""COMPUTED_VALUE"""),"ASpence501") -> ASpence501 | K35: =IFERROR(__xludf.DUMMYFUNCTION("""COMPUTED_VALUE"""),14.0) -> 14 | M35: =IFERROR(__xludf.DUMMYFUNCTION("""COMPUTED_VALUE"""),"AwareMosquito") -> AwareMosquito | N35: =IFERROR(__xludf.DUMMYFUNCTION("""COMPUTED_VALUE"""),0.0) -> 0
C36: =IFERROR(__xludf.DUMMYFUNCTION("""COMPUTED_VALUE"""),"Solace VIII") -> Solace VIII | D36: =IFERROR(__xludf.DUMMYFUNCTION("""COMPUTED_VALUE"""),4.0) -> 4 | F36: =IFERROR(__xludf.DUMMYFUNCTION("""COMPUTED_VALUE"""),"L0RNA SHORE") -> L0RNA SHORE | G36: =IFERROR(__xludf.DUMMYFUNCTION("""COMPUTED_VALUE"""),41.0) -> 41 | J36: =IFERROR(__xludf.DUMMYFUNCTION("""COMPUTED_VALUE"""),"InfiniteRainge") -> InfiniteRainge | K36: =IFERROR(__xludf.DUMMYFUNCTION("""COMPUTED_VALUE"""),14.0) -> 14 | M36: =IFERROR(__xludf.DUMMYFUNCTION("""COMPUTED_VALUE"""),"CaptainSev004") -> CaptainSev004 | N36: =IFERROR(__xludf.DUMMYFUNCTION("""COMPUTED_VALUE"""),0.0) -> 0
C37: =IFERROR(__xludf.DUMMYFUNCTION("""COMPUTED_VALUE"""),"Dhlyn") -> Dhlyn | D37: =IFERROR(__xludf.DUMMYFUNCTION("""COMPUTED_VALUE"""),3.0) -> 3 | F37: =IFERROR(__xludf.DUMMYFUNCTION("""COMPUTED_VALUE"""),"Scullen cx") -> Scullen cx | G37: =IFERROR(__xludf.DUMMYFUNCTION("""COMPUTED_VALUE"""),41.0) -> 41 | J37: =IFERROR(__xludf.DUMMYFUNCTION("""COMPUTED_VALUE"""),"oDhmon") -> oDhmon | K37: =IFERROR(__xludf.DUMMYFUNCTION("""COMPUTED_VALUE"""),13.0) -> 13 | M37: =IFERROR(__xludf.DUMMYFUNCTION("""COMPUTED_VALUE"""),"Cell x2") -> Cell x2 | N37: =IFERROR(__xludf.DUMMYFUNCTION("""COMPUTED_VALUE"""),0.0) -> 0
C38: =IFERROR(__xludf.DUMMYFUNCTION("""COMPUTED_VALUE"""),"oDhmon") -> oDhmon | D38: =IFERROR(__xludf.DUMMYFUNCTION("""COMPUTED_VALUE"""),3.0) -> 3 | F38: =IFERROR(__xludf.DUMMYFUNCTION("""COMPUTED_VALUE"""),"oDhmon") -> oDhmon | G38: =IFERROR(__xludf.DUMMYFUNCTION("""COMPUTED_VALUE"""),37.0) -> 37 | J38: =IFERROR(__xludf.DUMMYFUNCTION("""COMPUTED_VALUE"""),"yLuxe") -> yLuxe | K38: =IFERROR(__xludf.DUMMYFUNCTION("""COMPUTED_VALUE"""),13.0) -> 13 | M38: =IFERROR(__xludf.DUMMYFUNCTION("""COMPUTED_VALUE"""),"Dhlyn") -> Dhlyn | N38: =IFERROR(__xludf.DUMMYFUNCTION("""COMPUTED_VALUE"""),0.0) -> 0
C39: =IFERROR(__xludf.DUMMYFUNCTION("""COMPUTED_VALUE"""),"yLuxe") -> yLuxe | D39: =IFERROR(__xludf.DUMMYFUNCTION("""COMPUTED_VALUE"""),3.0) -> 3 | F39: =IFERROR(__xludf.DUMMYFUNCTION("""COMPUTED_VALUE"""),"ASpence501") -> ASpence501 | G39: =IFERROR(__xludf.DUMMYFUNCTION("""COMPUTED_VALUE"""),36.0) -> 36 | J39: =IFERROR(__xludf.DUMMYFUNCTION("""COMPUTED_VALUE"""),"ActiveHate") -> ActiveHate | K39: =IFERROR(__xludf.DUMMYFUNCTION("""COMPUTED_VALUE"""),10.0) -> 10 | M39: =IFERROR(__xludf.DUMMYFUNCTION("""COMPUTED_VALUE"""),"Dior Glori") -> Dior Glori | N39: =IFERROR(__xludf.DUMMYFUNCTION("""COMPUTED_VALUE"""),0.0) -> 0
H41: =IFERROR(__xludf.DUMMYFUNCTION("Query(HEXASbaseINFO!A:Z,""Select A,Z where A<>'' Order by Z Desc Limit 10"")"),"Player") -> Player | I41: =IFERROR(__xludf.DUMMYFUNCTION("""COMPUTED_VALUE"""),"SUM of Killamanjaros") -> SUM of Killamanjaros
H42: =IFERROR(__xludf.DUMMYFUNCTION("""COMPUTED_VALUE"""),"DlGITAL PAIN") -> DlGITAL PAIN | I42: =IFERROR(__xludf.DUMMYFUNCTION("""COMPUTED_VALUE"""),3.0) -> 3 | M42: Compass
H43: =IFERROR(__xludf.DUMMYFUNCTION("""COMPUTED_VALUE"""),"ASpence501") -> ASpence501 | I43: =IFERROR(__xludf.DUMMYFUNCTION("""COMPUTED_VALUE"""),1.0) -> 1 | M43: K-D Whores | N43: (Kills+Assists-Deaths) per minute
H44: =IFERROR(__xludf.DUMMYFUNCTION("""COMPUTED_VALUE"""),"Mavbrid") -> Mavbrid | I44: =IFERROR(__xludf.DUMMYFUNCTION("""COMPUTED_VALUE"""),1.0) -> 1 | M44: Spree king | N44: sprees per minute
H45: =IFERROR(__xludf.DUMMYFUNCTION("""COMPUTED_VALUE"""),"oDhmon") -> oDhmon | I45: =IFERROR(__xludf.DUMMYFUNCTION("""COMPUTED_VALUE"""),1.0) -> 1 | M45: Helping Hands | N45: Assists per minute
H46: =IFERROR(__xludf.DUMMYFUNCTION("""COMPUTED_VALUE"""),"yLuxe") -> yLuxe | I46: =IFERROR(__xludf.DUMMYFUNCTION("""COMPUTED_VALUE"""),1.0) -> 1 | M46: Overrated | N46: (TripleKills+Overkills+Killtaculars+Killtrocities+Killamanjaros+Killtastrophe)/Kills
H47: =IFERROR(__xludf.DUMMYFUNCTION("""COMPUTED_VALUE"""),"ActiveHate") -> ActiveHate | I47: =IFERROR(__xludf.DUMMYFUNCTION("""COMPUTED_VALUE"""),0.0) -> 0
H48: =IFERROR(__xludf.DUMMYFUNCTION("""COMPUTED_VALUE"""),"ADhillyy") -> ADhillyy | I48: =IFERROR(__xludf.DUMMYFUNCTION("""COMPUTED_VALUE"""),0.0) -> 0 | M48: W Key Warrior | N48: (Kills+Assists+Deaths) per minutes
H49: =IFERROR(__xludf.DUMMYFUNCTION("""COMPUTED_VALUE"""),"Almighty Tycoon") -> Almighty Tycoon | I49: =IFERROR(__xludf.DUMMYFUNCTION("""COMPUTED_VALUE"""),0.0) -> 0 | M49: Sugar Daddies | N49: (KillingSprees+KillingFrenzies) per minute
H50: =IFERROR(__xludf.DUMMYFUNCTION("""COMPUTED_VALUE"""),"AwareMosquito") -> AwareMosquito | I50: =IFERROR(__xludf.DUMMYFUNCTION("""COMPUTED_VALUE"""),0.0) -> 0 | M50: Running Wild | N50: (DoubleKills+TripleKills+Overkills+Killtaculars+Killtrocities+Killamanjaros+Killtastrophe) per minute
H51: =IFERROR(__xludf.DUMMYFUNCTION("""COMPUTED_VALUE"""),"CaptainSev004") -> CaptainSev004 | I51: =IFERROR(__xludf.DUMMYFUNCTION("""COMPUTED_VALUE"""),0.0) -> 0 | M51: Average Life | N51: Average Life in seconds
M52: 6-S HEXAS | N52: (Goals/GamesPlayed/5)+(Kills-Deaths+BombStops+DoubleKills+TripleKills+Overkills) per minute

Sheet Draft Sheet
B2: Grifball World League Spring League 2023 Draft Sheet
B6: Team Name: | C6: Rated R | D6: British Beaters | E6: Tips N' Tricks | F6: TV Boys | G6: Do It Fart? | H6: Hammers N’ Roses | I6: Qwib Qwibs Ambition | J6: Yodie Gang | K6: Carry The Coach | L6: Like Clockwork (Season Winner)
B8: Captain: | C8: Mavbrid | D8: ADhillyy | E8: `ActiveHate | F8: Dior Glori | G8: Dhlyn | H8: Hells Angel cx | I8: InfiniteRainge | J8: oDhmon | K8: unbes | L8: yLuxe
B9: 1st Round: | C9: Judasey | D9: Finesse God24 | E9: DIGITAL PAIN | F9: Cell x2 | G9: Itzreelz | H9: Beautytism | I9: L1ght5aber | J9: ixGingy | K9: Impuritive | L9: Godsnipezx
B10: 2nd Round: | C10: MysticalNovice | D10: Mhurcy | E10: Solace VIII | F10: MealyKitten0 | G10: Lane Uppy | H10: Scullen cx | I10: CaptainSev004 | J10: so silly | K10: Zelynthia | L10: ASpence501
B11: 3rd Round: | C11: MoldyVolts | D11: L0rna Shore | E11: EllisGotMyPills | F11: Luner Panda | G11: SPANKTR0N | H11: TommyWstSide | I11: Doerstopper | J11: Laser Wins | K11: OhhMy Misery | L11: Almighty Tycoon
B12: Draft Pool | L12: Free Sub Pool
L13: AwareMosquito
B14: Gamertag | D14: Discord | E14: Region | F14: Stats: | G14: Past Gamertags | I14: Schedule: | L14: MuNgO PuNgO
B15: Almighty Tycoon | D15: Almighty_Tycoon#9599 | E15: US West | F15: E, 0.75 KD | G15: xBossTycoon | I15: Sundays, Fridays, Saturdays. 7-9PM EST | L15: SAVLDGE
B16: ASpence501 | D16: Ronald Raygun#9000 | E16: US East | F16: N/A | G16: Thunder4400 | I16: Fridays, Saturdays. 7-9PM EST
B17: AwareMosquito | D17: Matt419#4573 | E17: West Europe | F17: E, 0.73 KD | G17: N/A | I17: Everyday, 7-8PM EST
B18: CaptainSev004 | D18: Sev004#8599 | E18: West Europe | F18: N/A | G18: N/A | I18: Everyday, 7-9PM EST, Subject to Change. | L18: STANDINGS
B19: Cell x2 | D19: Cell x2#6519 | E19: US West | F19: N/A | G19: Cellbro, NoImNotm8, C311 | I19: Everyday, 8-10PM EST | L19: Team Name | M19: Wins | N19: Losses | O19: Goals
B20: DLGITAL PAIN | D20: DigitalPain#5416 | E20: US East | F20: N/A | G20: I have little time for customs or practice. | I20: Sundays, Thursdays, Fridays, 8-10PM EST | L20: Tips N' Tricks | M20: 13 | N20: 3 | O20: 65 | P20: 1st
B21: Doerstopper | D21: Doerstopper#1899 | E21: US North Central | F21: N/A | G21: N/A | I21: Everyday, 9-10PM EST | L21: Like Clockwork | M21: 10 | N21: 6 | O21: 68 | P21: 2nd
B22: EllisGotMyPills | D22: Ellis#3196 | E22: West Europe | F22: N/A | G22: N/A | I22: Mondays-Fridays, 7PM EST | L22: Do It Fart? | M22: 10 | N22: 6 | O22: 66 | P22: 3rd
B23: Finesse God24 | D23: ObeyTheRuler23#7243 | E23: US South Central | F23: B, 0.95 KD | G23: N/A | I23: Everyday, 7-10PM EST | L23: Rated R | M23: 9 | N23: 7 | O23: 60 | P23: 4th
B24: Beautytism | D24: ℰ𝓉𝒽𝑒𝓇𝑒𝒶𝓁#7922 | E24: US East | F24: A, 1.49 KD | G24: N/A | I24: Everyday, 7-10PM EST | L24: Yodie Gang | M24: 8 | N24: 8 | O24: 68 | P24: 5th
B25: Godsnipezx | D25: Snipezz#6975 | E25: US North Central | F25: A, 0.96 KD | G25: Sniperkidd | I25: Everyday, 7-9PM EST | L25: Hammers N' Roses | M25: 8 | N25: 8 | O25: 58 | P25: 6th
B26: Impuritive | D26: Akalxn#7773 | E26: West Europe | F26: C, 1.01 KD | G26: Frnzh | I26: Saturdays, Sundays, 7PM EST | L26: Qwib Qwibs Ambition | M26: 7 | N26: 9
B27: Itzreelz | D27: Andy#1270 | E27: US East | F27: A, 1.08 KD | G27: R6 x Aqua | I27: Everyday, 7-8PM EST | L27: TV Boys | M27: 6 | N27: 10
B28: ixGingy | D28: IxGingy#8121 | E28: US North Central | F28: N/A | G28: I am a runner in reach. Not a tank. | I28: Sundays, Wednesdays, Fridays, Saturdays, 7-8PM EST | L28: British Beaters | M28: 1 | N28: 15
B29: Judasey | D29: Judasey#7925 | E29: US East | F29: S, 1.26 KD | G29: Judasey, Innsightful | I29: Mondays-Thursdays, 7-10PM EST | L29: Carry The Coach | M29: 0 | N29: 0
B30: L0rna Shore | D30: Grif#3020 | E30: US East | F30: N/A | G30: Mzgik/GrifballTryhard/Grif 2the ball | I30: Sundays, Saturdays, 7-10PM EST
B31: L1ght5aber | D31: Saber#1562 | E31: US West | F31: C, 0.97 KD | G31: ParagonSaber | I31: Mondays-Saturdays, 8-10PM EST
B32: Lane Uppy | D32: downyinfusions#4362 | E32: US North Central | F32: E, 0.88 KD | G32: N/A | I32: Everyday, 10PM EST
B33: Laser Wins | D33: EscapeArtist619#7421 | E33: US West | F33: F, 0.62 KD | G33: EscapeArtist619 | I33: Sundays, Mondays, 10PM EST
B34: Luner Panda | D34: Luner Panda#0001 | E34: Canada | F34: C, 0.92 KD | G34: GrifballIsToxic | I34: Everyday, 7-10PM EST
B35: MealyKitten0 | D35: MealyKitten0#0699 | E35: US East | F35: C, 0.83 KD | G35: N/A | I35: Sundays, Fridays, Saturdays, 9PM EST
B36: Mhurcy | D36: Mhurcy#0714 | E36: US South Central | F36: B, 0.86 KD | G36: N/A | I36: Everyday, 7-10PM EST
B37: MoldyVolts | D37: MoldyVolts#1495 | E37: US North Central | F37: B, 0.79 KD | G37: N/A | I37: Everyday, 8-10PM EST
B38: MuNgO PuNgO | D38: MuNgO PuNgO#4032 | E38: US East | F38: N/A | G38: N/A | I38: Sundays, 7-10PM EST, Subject to Change.
B39: MysticalNovice | D39: MysticalNovice#2876 | E39: US West | F39: N/A | G39: N/A | I39: Sundays, Wednesdays-Saturdays, 10PM EST
B40: OhhMy Misery | D40: Cutasey#5950 | E40: US West | F40: N/A | G40: Hated Misery | I40: Tuesdays, Wednesdays, Thursdays, 7-10PM EST
B41: SAVLDGE | D41: Daynger#1546 | E41: US West | F41: N/A | G41: SHAD0W 2X, BULLETS X2, DayngerrDayne | I41: Everyday, 8-10PM EST
... B47: Zelynthia | D47: Zelynthia#8893 | E47: US West | F47: D, 0.75 KD | G47: N/A | I47: Everyday, 10PM EST

Sheet PrePlayoff Standings
F5: GWL'S TOP 5 RUNNERS | J5: GWL'S TOP 10 TANKS
F6: yLuxe | J6: oDhmon
F7: 2. EllisGotMyPills | J7: 2. DIGITAL PAIN
F8: 3. Hells Angel cx | J8: 3. Itzreelz
F9: 4. Dhlyn | J9: 4. ixGingy
F10: 5. L0rna Shore | J10: 5. Solace VIII
J11: 6. Beautytism
J12: 7. InfiniteRainge
J13: 8. ASpence501
J14: 9. L0rna Shore
J15: 10. Lane Uppy
F20: STANDINGS
F21: Tips N' Tricks 13-3
F22: 2. Do It Fart? 10-6
F23: 3. Like Clockwork 10-6
F24: 6. Rated R 9-7
F25: 5. Hammers N' Roses 8-8
F26: 6. Yodie Gang 8-8
F27: 7. Qwib Qwibs Ambition 7-9
F28: 8. TV Boys 6-10
F29: 9. British Beaters 1-15

Sheet What Each Means
A1: Compass
A2: K-D Whores | B2: (Kills+Assists-Deaths) per minute
A3: Spree king | B3: sprees per minute
A4: Helping Hands | B4: Assists per minute
A5: Overrated | B5: (TripleKills+Overkills+Killtaculars+Killtrocities+Killamanjaros+Killtastrophe)/Kills
A7: W Key Warrior | B7: (Kills+Assists+Deaths) per minutes
A8: Sugar Daddies | B8: (KillingSprees+KillingFrenzies) per minute
A9: Running Wild | B9: (DoubleKills+TripleKills+Overkills+Killtaculars+Killtrocities+Killamanjaros+Killtastrophe) per minute
A10: Ball God | B10: Bomb Kills+Goals per minute
A11: Avengers | B11: Avengers per minute
A12: Betray Master | B12: Betrayals per minute
A13: Kills Per Betrayal | B13: # of kills you get for each betrayal
A14: 6-S HEXAS | B14: (Goals/GamesPlayed/5)+(Kills+Assists-Deaths+DoubleKills+TripleKills+Overkills+Killtaculars+Killtrocities+Killamanjaros) per minute

Sheet Leaderboards
