Workbook

Sheet Addto
A1: Add
A2: To Halo 4 Stats | B2: Team name per player
B3: location per player
B4: system per player
A6: To Rounds | B6: Host location used for games
B7: color code team MvP
A9: in general | B9: Player grades
B10: match averages
B11: top stat players
B12: hexas stats
B13: color code match history for rounds
B14: top 10 players per stat/time average
B15: combined team stats
A17: https://challonge.com/Halo4FallSeriesEventTwo
A20: Team MVP =

Sheet MassFormulaTesting
E1: NOT ADJUSTED FOR THE TOURNAMENT
C4: 0.03 | D4: 0.05 | E4: 0.02 | F4: 0.05 | G4: 0.05 | H4: 0.04 | I4: 0.05 | J4: 0 | K4: 0 | L4: 0.05 | M4: 0.05 | N4: 0.05 | O4: 6 | P4: 0.05 | Q4: 0.05 | R4: 0.06 | S4: 0.07 | T4: 0.08 | U4: 0.09 | V4: 0.1 | W4: 0.04 | X4: 0.03 | Y4: 0.06 | Z4: 0.02 | AA4: 0.04 | AB4: 0.015 | AC4: 0.015 | AD4: 0.015 | AE4: 0.05 | AF4: 0.05 | AG4: 0.01 | AH4: 0.05 | AI4: 0.05 | AJ4: 0.05 | AK4: 0.06 | AL4: 0.02
M5: =98-(((TotalTournamentAverages!J6/MassFormulaTesting!$B$28)*0.68)+0.3) -> 97.639556
C6: 0.1 | D6: 0.04 | E6: 0.03 | F6: 0.02 | G6: 0.06 | H6: 0.03 | I6: 5 | J6: 0 | K6: 0 | L6: 0.01 | M6: 0.08 | N6: 0.06 | O6: 0.03 | P6: 0.07 | Q6: 0.08 | R6: 0.05 | S6: 0.03 | T6: 0.02 | U6: 0.02 | V6: 0.02 | W6: 0.04 | X6: 0.02 | Y6: 0.02 | Z6: 0.04 | AA6: 0.05 | AB6: 0.02 | AC6: 0.01 | AD6: 0.01 | AE6: 0.05 | AF6: 0.05 | AG6: 0.01 | AH6: 0.05 | AI6: 0.04 | AJ6: 0.02 | AK6: 0.03 | AL6: 0.01
K8: Weighting
B9: Weighting | C9: Goals | D9: Kills | E9: Assists | F9: Deaths | G9: Spread | H9: Streak | I9: Betrayals | J9: TimeAlive | K9: GameTime | L9: AverageLife | M9: BombStops | N9: KillingSprees | O9: KillingFrenzies | P9: DoubleKills | Q9: TripleKills | R9: Overkills | S9: Killtaculars | T9: Killtrocities | U9: Killamanjaros | V9: Killtastrophe | W9: Bulltrues | X9: Avengers | Y9: BallClears | Z9: CarrierKillAssists | AA9: Catches | AB9: FastBreaks | AC9: FirstStrikes | AD9: FirstTouches | AE9: GoalDefences | AF9: GoalKeepers | AG9: HammerKills | AH9: Interceptions | AI9: LongBombs | AJ9: NiceCatches | AK9: Rejections | AL9: SwordKills
A10: 36 total stats | B10: =SUM(C10:AL10) -> 127 | C10: 10 | D10: 4 | E10: 3 | F10: 2 | G10: 3 | H10: 6 | I10: 5 | J10: 0 | K10: 0 | L10: 1 | M10: 8 | N10: 6 | O10: 3 | P10: 7 | Q10: 8 | R10: 5 | S10: 3 | T10: 2 | U10: 2 | V10: 2 | W10: 4 | X10: 2 | Y10: 2 | Z10: 4 | AA10: 5 | AB10: 2 | AC10: 1 | AD10: 1 | AE10: 5 | AF10: 5 | AG10: 1 | AH10: 5 | AI10: 4 | AJ10: 2 | AK10: 3 | AL10: 1
B11: Weighting of 98 | G11: Goals | H11: Kills | I11: Assists | J11: Deaths | K11: Spread | L11: Streak | M11: Betrayals | N11: TimeAlive | O11: GameTime | P11: AverageLife | Q11: BombStops | R11: KillingSprees | S11: KillingFrenzies | T11: DoubleKills | U11: TripleKills | V11: Overkills | W11: Killtaculars | X11: Killtrocities | Y11: Killamanjaros | Z11: Killtastrophe | AA11: Bulltrues | AB11: Avengers | AC11: BallClears | AD11: CarrierKillAssists | AE11: Catches | AF11: FastBreaks | AG11: FirstStrikes | AH11: FirstTouches | AI11: GoalDefences | AJ11: GoalKeepers | AK11: HammerKills | AL11: Interceptions | AM11: LongBombs | AN11: NiceCatches | AO11: Rejections | AP11: SwordKills
C12: Bot | D12: =(MAX(F13:F57)-MIN(F13:F57)) -> 0 | E12: God LEVEL player | F12: =((((G12*C$10)+(H12*D$10)+(I12*E$10)+(J12*F$10)+(K12*G$10)+(L12*H$10)+(M12*I$10)+(N12*J$10)+(O12*K$10)+(P12*L$10)+(Q12*M$10)+(R12*N$10)+(S12*O$10)+(T12*P$10)+(U12*Q$10)+(V12*R$10)+(W12*S$10)+(X12*T$10)+(Y12*U$10)+(Z12*V$10)+(AA12*W$10)+(AB12*X$10)+(AC12*Y$10)+(AD12*Z$10)+(AE12*AA$10)+(AF12*AB$10)+(AG12*AC$10)+(AH12*AD$10)+(AI12*AE$10)+(AJ12*AF$10)+(AK12*AG$10)+(AL12*AH$10)+(AM12*AI$10)+(AN12*AJ$10)+(AO12*AK$10)+(AP12*AL$10)))) -> 124.26571 | G12: =((3.4/MassFormulaTesting!$B$16)*0.68)+0.3 -> 0.96057143 | H12: 0.98 | I12: 0.98 | J12: 0.98 | K12: 0.98 | L12: 0.98 | M12: 0.98 | N12: 0.98 | O12: 0.98 | P12: 0.98 | Q12: 0.98 | R12: 0.98 | S12: 0.98 | T12: 0.98 | U12: 0.98 | V12: 0.98 | W12: 0.98 | X12: 0.98 | Y12: 0.98 | Z12: 0.98 | AA12: 0.98 | AB12: 0.98 | AC12: 0.98 | AD12: 0.98 | AE12: 0.98 | AF12: 0.98 | AG12: 0.98 | AH12: 0.98 | AI12: 0.98 | AJ12: 0.98 | AK12: 0.98 | AL12: 0.98 | AM12: 0.98 | AN12: 0.98 | AO12: 0.98 | AP12: 0.98
C13: =MIN(F13:F57) -> 0.3 | D13: =(((F13-$C$13)/$D$12)*0.68)+0.3 -> #DIV/0! | E13: =TotalTournamentAverages!A5 | F13: =(IFERROR(((G13*C$10)+(H13*D$10)+(I13*E$10)+(J13*F$10)+(K13*G$10)+(L13*H$10)+(M13*I$10)+(N13*J$10)+(O13*K$10)+(P13*L$10)+(Q13*M$10)+(R13*N$10)+(S13*O$10)+(T13*P$10)+(U13*Q$10)+(V13*R$10)+(W13*S$10)+(X13*T$10)+(Y13*U$10)+(Z13*V$10)+(AA13*W$10)+(AB13*X$10)+(AC13*Y$10)+(AD13*Z$10)+(AE13*AA$10)+(AF13*AB$10)+(AG13*AC$10)+(AH13*AD$10)+(AI13*AE$10)+(AJ13*AF$10)+(AK13*AG$10)+(AL13*AH$10)+(AM13*AI$10)+(AN13*AJ$10)+(AO13*AK$10)+(AP13*AL$10))/F$12,"")*0.68)+0.3 -> 0.3 | G13: =((TotalTournamentAverages!D5/MassFormulaTesting!$B$16)*0.68)+0.3 -> 0.3 | H13: =((TotalTournamentAverages!E5/MassFormulaTesting!$B$18)*0.68)+0.3 -> 0.3 | I13: =((TotalTournamentAverages!F5/MassFormulaTesting!$B$20)*0.68)+0.3 -> 0.3 | J13: =(IFERROR(MassFormulaTesting!$C$22/TotalTournamentAverages!G5,"")*0.68)+0.3 -> 0.3 | K13: =(((TotalTournamentAverages!H5+118)/(MassFormulaTesting!$B$24+118))*0.68)+0.3 -> 0.82702791 | L13: =((TotalTournamentAverages!I5/MassFormulaTesting!$B$26)*0.68)+0.3 -> 0.3 | M13: =((0.98-(TotalTournamentAverages!J5/MassFormulaTesting!$B$28)*0.68)) -> 0.98 | N13: =((TotalTournamentAverages!K5/MassFormulaTesting!$B$30)*0.68)+0.3 -> 0.3 | O13: =((TotalTournamentAverages!L5/MassFormulaTesting!$B$32)*0.68)+0.3 -> 0.3 | P13: =((TotalTournamentAverages!M5/MassFormulaTesting!$B$34)*0.68)+0.3 -> 0.3 | Q13: =((TotalTournamentAverages!N5/MassFormulaTesting!$B$36)*0.68)+0.3 -> 0.3 | R13: =((TotalTournamentAverages!O5/MassFormulaTesting!$B$38)*0.68)+0.3 -> 0.3 | S13: =(IFERROR(TotalTournamentAverages!P5/MassFormulaTesting!$B$40,"")*0.68)+0.3 -> 0.3 | T13: =((TotalTournamentAverages!T5/MassFormulaTesting!$B$48)*0.68)+0.3 -> 0.3 | U13: =((TotalTournamentAverages!U5/MassFormulaTesting!$B$50)*0.68)+0.3 -> 0.3 | V13: =((TotalTournamentAverages!V5/MassFormulaTesting!$B$52)*0.68)+0.3 -> 0.3 | W13: =(IFERROR(TotalTournamentAverages!W5/MassFormulaTesting!$B$54,"")*0.68)+0.3 -> 0.3 | X13: =(IFERROR(TotalTournamentAverages!X5/MassFormulaTesting!$B$56,"")*0.68)+0.3 -> 0.3 | Y13: =(IFERROR(TotalTournamentAverages!Y5/MassFormulaTesting!$B$58,"")*0.68)+0.3 -> 0.3 | Z13: =(IFERROR(TotalTournamentAverages!Z5/MassFormulaTesting!$B$60,"")*0.68)+0.3 -> 0.3 | AA13: =((TotalTournamentAverages!AD5/MassFormulaTesting!$B$68)*0.68)+0.3 -> 0.3 | AB13: =((TotalTournamentAverages!AG5/MassFormulaTesting!$B$74)*0.68)+0.3 -> #DIV/0! | AC13: =((TotalTournamentAverages!AH5/MassFormulaTesting!$B$76)*0.68)+0.3 -> #DIV/0! | AD13: =((TotalTournamentAverages!AK5/MassFormulaTesting!$B$82)*0.68)+0.3 -> #DIV/0! | AE13: =((TotalTournamentAverages!AL5/MassFormulaTesting!$B$84)*0.68)+0.3 -> #DIV/0! | AF13: =((TotalTournamentAverages!AM5/MassFormulaTesting!$B$86)*0.68)+0.3 -> #DIV/0! | AG13: =((TotalTournamentAverages!AN5/MassFormulaTesting!$B$88)*0.68)+0.3 -> #DIV/0! | AH13: =((TotalTournamentAverages!AO5/MassFormulaTesting!$B$90)*0.68)+0.3 -> #DIV/0! | AI13: =((TotalTournamentAverages!AP5/MassFormulaTesting!$B$92)*0.68)+0.3 -> #DIV/0! | AJ13: =((TotalTournamentAverages!AQ5/MassFormulaTesting!$B$94)*0.68)+0.3 -> #DIV/0! | AK13: =((TotalTournamentAverages!AR5/MassFormulaTesting!$B$96)*0.68)+0.3 -> #DIV/0! | AL13: =((TotalTournamentAverages!AS5/MassFormulaTesting!$B$98)*0.68)+0.3 -> #DIV/0! | AM13: =((TotalTournamentAverages!AT5/MassFormulaTesting!$B$100)*0.68)+0.3 -> #DIV/0! | AN13: =((TotalTournamentAverages!AV5/MassFormulaTesting!$B$104)*0.68)+0.3 -> #DIV/0! | AO13: =((TotalTournamentAverages!AW5/MassFormulaTesting!$B$106)*0.68)+0.3 -> #DIV/0! | AP13: =((TotalTournamentAverages!AX5/MassFormulaTesting!$B$108)*0.68)+0.3 -> #DIV/0!
A14: Top/Lowest per stat: Raw Value | D14: =(((F14-$C$13)/$D$12)*0.68)+0.3 -> #DIV/0! | E14: =TotalTournamentAverages!A6 -> ACE B S1lentND1 | F14: =((IFERROR((G14*C$10)+(H14*D$10)+(I14*E$10)+(J14*F$10)+(K14*G$10)+(L14*H$10)+(M14*I$10)+(N14*J$10)+(O14*K$10)+(P14*L$10)+(Q14*M$10)+(R14*N$10)+(S14*O$10)+(T14*P$10)+(U14*Q$10)+(V14*R$10)+(W14*S$10)+(X14*T$10)+(Y14*U$10)+(Z14*V$10)+(AA14*W$10)+(AB14*X$10)+(AC14*Y$10)+(AD14*Z$10)+(AE14*AA$10)+(AF14*AB$10)+(AG14*AC$10)+(AH14*AD$10)+(AI14*AE$10)+(AJ14*AF$10)+(AK14*AG$10)+(AL14*AH$10)+(AM14*AI$10)+(AN14*AJ$10)+(AO14*AK$10)+(AP14*AL$10),"")/F$12)*0.68)+0.3 -> 0.3 | G14: =((TotalTournamentAverages!D6/MassFormulaTesting!$B$16)*0.68)+0.3 -> 0.49428571 | H14: =((TotalTournamentAverages!E6/MassFormulaTesting!$B$18)*0.68)+0.3 -> 0.747979 | I14: =((TotalTournamentAverages!F6/MassFormulaTesting!$B$20)*0.68)+0.3 -> 0.64 | J14: =(IFERROR(MassFormulaTesting!$C$22/TotalTournamentAverages!G6,"")*0.68)+0.3 -> 0.58651685 | K14: =(((TotalTournamentAverages!H6+118)/(MassFormulaTesting!$B$24+118))*0.68)+0.3 -> 0.93570881 | L14: =((TotalTournamentAverages!I6/MassFormulaTesting!$B$26)*0.68)+0.3 -> 0.74 | M14: =((0.98-(TotalTournamentAverages!J6/MassFormulaTesting!$B$28)*0.68)) -> 0.91955556 | N14: =((TotalTournamentAverages!K6/MassFormulaTesting!$B$30)*0.68)+0.3 -> 0.83426703 | O14: =((TotalTournamentAverages!L6/MassFormulaTesting!$B$32)*0.68)+0.3 -> 0.81915364 | P14: =((TotalTournamentAverages!M6/MassFormulaTesting!$B$34)*0.68)+0.3 -> 0.7189899 | Q14: =((TotalTournamentAverages!N6/MassFormulaTesting!$B$36)*0.68)+0.3 -> 0.85636364 | R14: =((TotalTournamentAverages!O6/MassFormulaTesting!$B$38)*0.68)+0.3 -> 0.52666667 | S14: =(IFERROR(TotalTournamentAverages!P6/MassFormulaTesting!$B$40,"")*0.68)+0.3 -> 0.3 | T14: =((TotalTournamentAverages!T6/MassFormulaTesting!$B$48)*0.68)+0.3 -> 0.56444444 | U14: =((TotalTournamentAverages!U6/MassFormulaTesting!$B$50)*0.68)+0.3 -> 0.47 | V14: =((TotalTournamentAverages!V6/MassFormulaTesting!$B$52)*0.68)+0.3 -> 0.52666667 | W14: =(IFERROR(TotalTournamentAverages!W6/MassFormulaTesting!$B$54,"")*0.68)+0.3 -> 0.3 | X14: =(IFERROR(TotalTournamentAverages!X6/MassFormulaTesting!$B$56,"")*0.68)+0.3 -> 0.3 | Y14: =(IFERROR(TotalTournamentAverages!Y6/MassFormulaTesting!$B$58,"")*0.68)+0.3 -> 0.3 | Z14: =(IFERROR(TotalTournamentAverages!Z6/MassFormulaTesting!$B$60,"")*0.68)+0.3 -> 0.3 | AA14: =((TotalTournamentAverages!AD6/MassFormulaTesting!$B$68)*0.68)+0.3 -> 0.3 | AB14: =((TotalTournamentAverages!AG6/MassFormulaTesting!$B$74)*0.68)+0.3 -> #DIV/0! | AC14: =((TotalTournamentAverages!AH6/MassFormulaTesting!$B$76)*0.68)+0.3 -> #DIV/0! | AD14: =((TotalTournamentAverages!AK6/MassFormulaTesting!$B$82)*0.68)+0.3 -> #DIV/0! | AE14: =((TotalTournamentAverages!AL6/MassFormulaTesting!$B$84)*0.68)+0.3 -> #DIV/0! | AF14: =((TotalTournamentAverages!AM6/MassFormulaTesting!$B$86)*0.68)+0.3 -> #DIV/0! | AG14: =((TotalTournamentAverages!AN6/MassFormulaTesting!$B$88)*0.68)+0.3 -> #DIV/0! | AH14: =((TotalTournamentAverages!AO6/MassFormulaTesting!$B$90)*0.68)+0.3 -> #DIV/0! | AI14: =((TotalTournamentAverages!AP6/MassFormulaTesting!$B$92)*0.68)+0.3 -> #DIV/0! | AJ14: =((TotalTournamentAverages!AQ6/MassFormulaTesting!$B$94)*0.68)+0.3 -> #DIV/0! | AK14: =((TotalTournamentAverages!AR6/MassFormulaTesting!$B$96)*0.68)+0.3 -> #DIV/0! | AL14: =((TotalTournamentAverages!AS6/MassFormulaTesting!$B$98)*0.68)+0.3 -> #DIV/0! | AM14: =((TotalTournamentAverages!AT6/MassFormulaTesting!$B$100)*0.68)+0.3 -> #DIV/0! | AN14: =((TotalTournamentAverages!AV6/MassFormulaTesting!$B$104)*0.68)+0.3 -> #DIV/0! | AO14: =((TotalTournamentAverages!AW6/MassFormulaTesting!$B$106)*0.68)+0.3 -> #DIV/0! | AP14: =((TotalTournamentAverages!AX6/MassFormulaTesting!$B$108)*0.68)+0.3 -> #DIV/0!
A15: =IFERROR(__xludf.DUMMYFUNCTION("Query(TotalTournamentAverages!A:AV,""Select A,D where A<>'' Order by D Desc Limit 1"")"),"OVERALL") -> OVERALL | B15: =IFERROR(__xludf.DUMMYFUNCTION("""COMPUTED_VALUE"""),"avg Goals") -> avg Goals | D15: =(((F15-$C$13)/$D$12)*0.68)+0.3 -> #DIV/0! | E15: =TotalTournamentAverages!A7 -> ADhillyy | F15: =((IFERROR((G15*C$10)+(H15*D$10)+(I15*E$10)+(J15*F$10)+(K15*G$10)+(L15*H$10)+(M15*I$10)+(N15*J$10)+(O15*K$10)+(P15*L$10)+(Q15*M$10)+(R15*N$10)+(S15*O$10)+(T15*P$10)+(U15*Q$10)+(V15*R$10)+(W15*S$10)+(X15*T$10)+(Y15*U$10)+(Z15*V$10)+(AA15*W$10)+(AB15*X$10)+(AC15*Y$10)+(AD15*Z$10)+(AE15*AA$10)+(AF15*AB$10)+(AG15*AC$10)+(AH15*AD$10)+(AI15*AE$10)+(AJ15*AF$10)+(AK15*AG$10)+(AL15*AH$10)+(AM15*AI$10)+(AN15*AJ$10)+(AO15*AK$10)+(AP15*AL$10),"")/F$12)*0.68)+0.3 -> 0.3 | G15: =((TotalTournamentAverages!D7/MassFormulaTesting!$B$16)*0.68)+0.3 -> 0.3 | H15: =((TotalTournamentAverages!E7/MassFormulaTesting!$B$18)*0.68)+0.3 -> 0.4311811 | I15: =((TotalTournamentAverages!F7/MassFormulaTesting!$B$20)*0.68)+0.3 -> 0.368 | J15: =(IFERROR(MassFormulaTesting!$C$22/TotalTournamentAverages!G7,"")*0.68)+0.3 -> 0.78571429 | K15: =(((TotalTournamentAverages!H7+118)/(MassFormulaTesting!$B$24+118))*0.68)+0.3 -> 0.78013136 | L15: =((TotalTournamentAverages!I7/MassFormulaTesting!$B$26)*0.68)+0.3 -> 0.48 | M15: =((0.98-(TotalTournamentAverages!J7/MassFormulaTesting!$B$28)*0.68)) -> 0.98 | N15: =((TotalTournamentAverages!K7/MassFormulaTesting!$B$30)*0.68)+0.3 -> 0.45698346 | O15: =((TotalTournamentAverages!L7/MassFormulaTesting!$B$32)*0.68)+0.3 -> 0.48425391 | P15: =((TotalTournamentAverages!M7/MassFormulaTesting!$B$34)*0.68)+0.3 -> 0.51636364 | Q15: =((TotalTournamentAverages!N7/MassFormulaTesting!$B$36)*0.68)+0.3 -> 0.3 | R15: =((TotalTournamentAverages!O7/MassFormulaTesting!$B$38)*0.68)+0.3 -> 0.3 | S15: =(IFERROR(TotalTournamentAverages!P7/MassFormulaTesting!$B$40,"")*0.68)+0.3 -> 0.3 | T15: =((TotalTournamentAverages!T7/MassFormulaTesting!$B$48)*0.68)+0.3 -> 0.35666667 | U15: =((TotalTournamentAverages!U7/MassFormulaTesting!$B$50)*0.68)+0.3 -> 0.3 | V15: =((TotalTournamentAverages!V7/MassFormulaTesting!$B$52)*0.68)+0.3 -> 0.3 | W15: =(IFERROR(TotalTournamentAverages!W7/MassFormulaTesting!$B$54,"")*0.68)+0.3 -> 0.3 | X15: =(IFERROR(TotalTournamentAverages!X7/MassFormulaTesting!$B$56,"")*0.68)+0.3 -> 0.3 | Y15: =(IFERROR(TotalTournamentAverages!Y7/MassFormulaTesting!$B$58,"")*0.68)+0.3 -> 0.3 | Z15: =(IFERROR(TotalTournamentAverages!Z7/MassFormulaTesting!$B$60,"")*0.68)+0.3 -> 0.3 | AA15: =((TotalTournamentAverages!AD7/MassFormulaTesting!$B$68)*0.68)+0.3 -> 0.3 | AB15: =((TotalTournamentAverages!AG7/MassFormulaTesting!$B$74)*0.68)+0.3 -> #DIV/0! | AC15: =((TotalTournamentAverages!AH7/MassFormulaTesting!$B$76)*0.68)+0.3 -> #DIV/0! | AD15: =((TotalTournamentAverages!AK7/MassFormulaTesting!$B$82)*0.68)+0.3 -> #DIV/0! | AE15: =((TotalTournamentAverages!AL7/MassFormulaTesting!$B$84)*0.68)+0.3 -> #DIV/0! | AF15: =((TotalTournamentAverages!AM7/MassFormulaTesting!$B$86)*0.68)+0.3 -> #DIV/0! | AG15: =((TotalTournamentAverages!AN7/MassFormulaTesting!$B$88)*0.68)+0.3 -> #DIV/0! | AH15: =((TotalTournamentAverages!AO7/MassFormulaTesting!$B$90)*0.68)+0.3 -> #DIV/0! | AI15: =((TotalTournamentAverages!AP7/MassFormulaTesting!$B$92)*0.68)+0.3 -> #DIV/0! | AJ15: =((TotalTournamentAverages!AQ7/MassFormulaTesting!$B$94)*0.68)+0.3 -> #DIV/0! | AK15: =((TotalTournamentAverages!AR7/MassFormulaTesting!$B$96)*0.68)+0.3 -> #DIV/0! | AL15: =((TotalTournamentAverages!AS7/MassFormulaTesting!$B$98)*0.68)+0.3 -> #DIV/0! | AM15: =((TotalTournamentAverages!AT7/MassFormulaTesting!$B$100)*0.68)+0.3 -> #DIV/0! | AN15: =((TotalTournamentAverages!AV7/MassFormulaTesting!$B$104)*0.68)+0.3 -> #DIV/0! | AO15: =((TotalTournamentAverages!AW7/MassFormulaTesting!$B$106)*0.68)+0.3 -> #DIV/0! | AP15: =((TotalTournamentAverages!AX7/MassFormulaTesting!$B$108)*0.68)+0.3 -> #DIV/0!
A16: =IFERROR(__xludf.DUMMYFUNCTION("""COMPUTED_VALUE"""),"yLuxe") -> yLuxe | B16: =IFERROR(__xludf.DUMMYFUNCTION("""COMPUTED_VALUE"""),3.5) -> 3.5 | D16: =(((F16-$C$13)/$D$12)*0.68)+0.3 -> #DIV/0! | E16: =TotalTournamentAverages!A8 -> Almighty Tycoon | F16: =((IFERROR((G16*C$10)+(H16*D$10)+(I16*E$10)+(J16*F$10)+(K16*G$10)+(L16*H$10)+(M16*I$10)+(N16*J$10)+(O16*K$10)+(P16*L$10)+(Q16*M$10)+(R16*N$10)+(S16*O$10)+(T16*P$10)+(U16*Q$10)+(V16*R$10)+(W16*S$10)+(X16*T$10)+(Y16*U$10)+(Z16*V$10)+(AA16*W$10)+(AB16*X$10)+(AC16*Y$10)+(AD16*Z$10)+(AE16*AA$10)+(AF16*AB$10)+(AG16*AC$10)+(AH16*AD$10)+(AI16*AE$10)+(AJ16*AF$10)+(AK16*AG$10)+(AL16*AH$10)+(AM16*AI$10)+(AN16*AJ$10)+(AO16*AK$10)+(AP16*AL$10),"")/F$12)*0.68)+0.3 -> 0.3 | G16: =((TotalTournamentAverages!D8/MassFormulaTesting!$B$16)*0.68)+0.3 -> 0.3 | H16: =((TotalTournamentAverages!E8/MassFormulaTesting!$B$18)*0.68)+0.3 -> 0.53023622 | I16: =((TotalTournamentAverages!F8/MassFormulaTesting!$B$20)*0.68)+0.3 -> 0.674 | J16: =(IFERROR(MassFormulaTesting!$C$22/TotalTournamentAverages!G8,"")*0.68)+0.3 -> 0.59824561 | K16: =(((TotalTournamentAverages!H8+118)/(MassFormulaTesting!$B$24+118))*0.68)+0.3 -> 0.76449918 | L16: =((TotalTournamentAverages!I8/MassFormulaTesting!$B$26)*0.68)+0.3 -> 0.51 | M16: =((0.98-(TotalTournamentAverages!J8/MassFormulaTesting!$B$28)*0.68)) -> 0.79866667 | N16: =((TotalTournamentAverages!K8/MassFormulaTesting!$B$30)*0.68)+0.3 -> 0.59689496 | O16: =((TotalTournamentAverages!L8/MassFormulaTesting!$B$32)*0.68)+0.3 -> 0.62244434 | P16: =((TotalTournamentAverages!M8/MassFormulaTesting!$B$34)*0.68)+0.3 -> 0.56787879 | Q16: =((TotalTournamentAverages!N8/MassFormulaTesting!$B$36)*0.68)+0.3 -> 0.3 | R16: =((TotalTournamentAverages!O8/MassFormulaTesting!$B$38)*0.68)+0.3 -> 0.3 | S16: =(IFERROR(TotalTournamentAverages!P8/MassFormulaTesting!$B$40,"")*0.68)+0.3 -> 0.3 | T16: =((TotalTournamentAverages!T8/MassFormulaTesting!$B$48)*0.68)+0.3 -> 0.35666667 | U16: =((TotalTournamentAverages!U8/MassFormulaTesting!$B$50)*0.68)+0.3 -> 0.3 | V16: =((TotalTournamentAverages!V8/MassFormulaTesting!$B$52)*0.68)+0.3 -> 0.3 | W16: =(IFERROR(TotalTournamentAverages!W8/MassFormulaTesting!$B$54,"")*0.68)+0.3 -> 0.3 | X16: =(IFERROR(TotalTournamentAverages!X8/MassFormulaTesting!$B$56,"")*0.68)+0.3 -> 0.3 | Y16: =(IFERROR(TotalTournamentAverages!Y8/MassFormulaTesting!$B$58,"")*0.68)+0.3 -> 0.3 | Z16: =(IFERROR(TotalTournamentAverages!Z8/MassFormulaTesting!$B$60,"")*0.68)+0.3 -> 0.3 | AA16: =((TotalTournamentAverages!AD8/MassFormulaTesting!$B$68)*0.68)+0.3 -> 0.3 | AB16: =((TotalTournamentAverages!AG8/MassFormulaTesting!$B$74)*0.68)+0.3 -> #DIV/0! | AC16: =((TotalTournamentAverages!AH8/MassFormulaTesting!$B$76)*0.68)+0.3 -> #DIV/0! | AD16: =((TotalTournamentAverages!AK8/MassFormulaTesting!$B$82)*0.68)+0.3 -> #DIV/0! | AE16: =((TotalTournamentAverages!AL8/MassFormulaTesting!$B$84)*0.68)+0.3 -> #DIV/0! | AF16: =((TotalTournamentAverages!AM8/MassFormulaTesting!$B$86)*0.68)+0.3 -> #DIV/0! | AG16: =((TotalTournamentAverages!AN8/MassFormulaTesting!$B$88)*0.68)+0.3 -> #DIV/0! | AH16: =((TotalTournamentAverages!AO8/MassFormulaTesting!$B$90)*0.68)+0.3 -> #DIV/0! | AI16: =((TotalTournamentAverages!AP8/MassFormulaTesting!$B$92)*0.68)+0.3 -> #DIV/0! | AJ16: =((TotalTournamentAverages!AQ8/MassFormulaTesting!$B$94)*0.68)+0.3 -> #DIV/0! | AK16: =((TotalTournamentAverages!AR8/MassFormulaTesting!$B$96)*0.68)+0.3 -> #DIV/0! | AL16: =((TotalTournamentAverages!AS8/MassFormulaTesting!$B$98)*0.68)+0.3 -> #DIV/0! | AM16: =((TotalTournamentAverages!AT8/MassFormulaTesting!$B$100)*0.68)+0.3 -> #DIV/0! | AN16: =((TotalTournamentAverages!AV8/MassFormulaTesting!$B$104)*0.68)+0.3 -> #DIV/0! | AO16: =((TotalTournamentAverages!AW8/MassFormulaTesting!$B$106)*0.68)+0.3 -> #DIV/0! | AP16: =((TotalTournamentAverages!AX8/MassFormulaTesting!$B$108)*0.68)+0.3 -> #DIV/0!
A17: =IFERROR(__xludf.DUMMYFUNCTION("Query(TotalTournamentAverages!A:AV,""Select A,E where A<>'' Order by E Desc Limit 1"")"),"OVERALL") -> OVERALL | B17: =IFERROR(__xludf.DUMMYFUNCTION("""COMPUTED_VALUE"""),"avg Kills") -> avg Kills | D17: =(((F17-$C$13)/$D$12)*0.68)+0.3 -> #DIV/0! | E17: =TotalTournamentAverages!A9 -> AwareMosquito | F17: =((IFERROR((G17*C$10)+(H17*D$10)+(I17*E$10)+(J17*F$10)+(K17*G$10)+(L17*H$10)+(M17*I$10)+(N17*J$10)+(O17*K$10)+(P17*L$10)+(Q17*M$10)+(R17*N$10)+(S17*O$10)+(T17*P$10)+(U17*Q$10)+(V17*R$10)+(W17*S$10)+(X17*T$10)+(Y17*U$10)+(Z17*V$10)+(AA17*W$10)+(AB17*X$10)+(AC17*Y$10)+(AD17*Z$10)+(AE17*AA$10)+(AF17*AB$10)+(AG17*AC$10)+(AH17*AD$10)+(AI17*AE$10)+(AJ17*AF$10)+(AK17*AG$10)+(AL17*AH$10)+(AM17*AI$10)+(AN17*AJ$10)+(AO17*AK$10)+(AP17*AL$10),"")/F$12)*0.68)+0.3 -> 0.3 | G17: =((TotalTournamentAverages!D9/MassFormulaTesting!$B$16)*0.68)+0.3 -> 0.3 | H17: =((TotalTournamentAverages!E9/MassFormulaTesting!$B$18)*0.68)+0.3 -> 0.69889764 | I17: =((TotalTournamentAverages!F9/MassFormulaTesting!$B$20)*0.68)+0.3 -> 0.436 | J17: =(IFERROR(MassFormulaTesting!$C$22/TotalTournamentAverages!G9,"")*0.68)+0.3 -> 0.46666667 | K17: =(((TotalTournamentAverages!H9+118)/(MassFormulaTesting!$B$24+118))*0.68)+0.3 -> 0.70420361 | L17: =((TotalTournamentAverages!I9/MassFormulaTesting!$B$26)*0.68)+0.3 -> 0.525 | M17: =((0.98-(TotalTournamentAverages!J9/MassFormulaTesting!$B$28)*0.68)) -> 0.88933333 | N17: =((TotalTournamentAverages!K9/MassFormulaTesting!$B$30)*0.68)+0.3 -> 0.75103309 | O17: =((TotalTournamentAverages!L9/MassFormulaTesting!$B$32)*0.68)+0.3 -> 0.79276646 | P17: =((TotalTournamentAverages!M9/MassFormulaTesting!$B$34)*0.68)+0.3 -> 0.51121212 | Q17: =((TotalTournamentAverages!N9/MassFormulaTesting!$B$36)*0.68)+0.3 -> 0.34636364 | R17: =((TotalTournamentAverages!O9/MassFormulaTesting!$B$38)*0.68)+0.3 -> 0.3 | S17: =(IFERROR(TotalTournamentAverages!P9/MassFormulaTesting!$B$40,"")*0.68)+0.3 -> 0.3 | T17: =((TotalTournamentAverages!T9/MassFormulaTesting!$B$48)*0.68)+0.3 -> 0.385 | U17: =((TotalTournamentAverages!U9/MassFormulaTesting!$B$50)*0.68)+0.3 -> 0.3 | V17: =((TotalTournamentAverages!V9/MassFormulaTesting!$B$52)*0.68)+0.3 -> 0.3 | W17: =(IFERROR(TotalTournamentAverages!W9/MassFormulaTesting!$B$54,"")*0.68)+0.3 -> 0.3 | X17: =(IFERROR(TotalTournamentAverages!X9/MassFormulaTesting!$B$56,"")*0.68)+0.3 -> 0.3 | Y17: =(IFERROR(TotalTournamentAverages!Y9/MassFormulaTesting!$B$58,"")*0.68)+0.3 -> 0.3 | Z17: =(IFERROR(TotalTournamentAverages!Z9/MassFormulaTesting!$B$60,"")*0.68)+0.3 -> 0.3 | AA17: =((TotalTournamentAverages!AD9/MassFormulaTesting!$B$68)*0.68)+0.3 -> 0.98 | AB17: =((TotalTournamentAverages!AG9/MassFormulaTesting!$B$74)*0.68)+0.3 -> #DIV/0! | AC17: =((TotalTournamentAverages!AH9/MassFormulaTesting!$B$76)*0.68)+0.3 -> #DIV/0! | AD17: =((TotalTournamentAverages!AK9/MassFormulaTesting!$B$82)*0.68)+0.3 -> #DIV/0! | AE17: =((TotalTournamentAverages!AL9/MassFormulaTesting!$B$84)*0.68)+0.3 -> #DIV/0! | AF17: =((TotalTournamentAverages!AM9/MassFormulaTesting!$B$86)*0.68)+0.3 -> #DIV/0! | AG17: =((TotalTournamentAverages!AN9/MassFormulaTesting!$B$88)*0.68)+0.3 -> #DIV/0! | AH17: =((TotalTournamentAverages!AO9/MassFormulaTesting!$B$90)*0.68)+0.3 -> #DIV/0! | AI17: =((TotalTournamentAverages!AP9/MassFormulaTesting!$B$92)*0.68)+0.3 -> #DIV/0! | AJ17: =((TotalTournamentAverages!AQ9/MassFormulaTesting!$B$94)*0.68)+0.3 -> #DIV/0! | AK17: =((TotalTournamentAverages!AR9/MassFormulaTesting!$B$96)*0.68)+0.3 -> #DIV/0! | AL17: =((TotalTournamentAverages!AS9/MassFormulaTesting!$B$98)*0.68)+0.3 -> #DIV/0! | AM17: =((TotalTournamentAverages!AT9/MassFormulaTesting!$B$100)*0.68)+0.3 -> #DIV/0! | AN17: =((TotalTournamentAverages!AV9/MassFormulaTesting!$B$104)*0.68)+0.3 -> #DIV/0! | AO17: =((TotalTournamentAverages!AW9/MassFormulaTesting!$B$106)*0.68)+0.3 -> #DIV/0! | AP17: =((TotalTournamentAverages!AX9/MassFormulaTesting!$B$108)*0.68)+0.3 -> #DIV/0!
A18: =IFERROR(__xludf.DUMMYFUNCTION("""COMPUTED_VALUE"""),"Yejis Aegyo") -> Yejis Aegyo | B18: =IFERROR(__xludf.DUMMYFUNCTION("""COMPUTED_VALUE"""),127.0) -> 127 | D18: =(((F18-$C$13)/$D$12)*0.68)+0.3 -> #DIV/0! | E18: =TotalTournamentAverages!A10 -> Dabb | F18: =((IFERROR((G18*C$10)+(H18*D$10)+(I18*E$10)+(J18*F$10)+(K18*G$10)+(L18*H$10)+(M18*I$10)+(N18*J$10)+(O18*K$10)+(P18*L$10)+(Q18*M$10)+(R18*N$10)+(S18*O$10)+(T18*P$10)+(U18*Q$10)+(V18*R$10)+(W18*S$10)+(X18*T$10)+(Y18*U$10)+(Z18*V$10)+(AA18*W$10)+(AB18*X$10)+(AC18*Y$10)+(AD18*Z$10)+(AE18*AA$10)+(AF18*AB$10)+(AG18*AC$10)+(AH18*AD$10)+(AI18*AE$10)+(AJ18*AF$10)+(AK18*AG$10)+(AL18*AH$10)+(AM18*AI$10)+(AN18*AJ$10)+(AO18*AK$10)+(AP18*AL$10),"")/F$12)*0.68)+0.3 -> 0.3 | G18: =((TotalTournamentAverages!D10/MassFormulaTesting!$B$16)*0.68)+0.3 -> 0.68857143 | H18: =((TotalTournamentAverages!E10/MassFormulaTesting!$B$18)*0.68)+0.3 -> 0.6016273 | I18: =((TotalTournamentAverages!F10/MassFormulaTesting!$B$20)*0.68)+0.3 -> 0.52666667 | J18: =(IFERROR(MassFormulaTesting!$C$22/TotalTournamentAverages!G10,"")*0.68)+0.3 -> 0.68059701 | K18: =(((TotalTournamentAverages!H10+118)/(MassFormulaTesting!$B$24+118))*0.68)+0.3 -> 0.87913519 | L18: =((TotalTournamentAverages!I10/MassFormulaTesting!$B$26)*0.68)+0.3 -> 0.88 | M18: =((0.98-(TotalTournamentAverages!J10/MassFormulaTesting!$B$28)*0.68)) -> 0.85911111 | N18: =((TotalTournamentAverages!K10/MassFormulaTesting!$B$30)*0.68)+0.3 -> 0.68774913 | O18: =((TotalTournamentAverages!L10/MassFormulaTesting!$B$32)*0.68)+0.3 -> 0.68450655 | P18: =((TotalTournamentAverages!M10/MassFormulaTesting!$B$34)*0.68)+0.3 -> 0.76020202 | Q18: =((TotalTournamentAverages!N10/MassFormulaTesting!$B$36)*0.68)+0.3 -> 0.79454545 | R18: =((TotalTournamentAverages!O10/MassFormulaTesting!$B$38)*0.68)+0.3 -> 0.75333333 | S18: =(IFERROR(TotalTournamentAverages!P10/MassFormulaTesting!$B$40,"")*0.68)+0.3 -> 0.3 | T18: =((TotalTournamentAverages!T10/MassFormulaTesting!$B$48)*0.68)+0.3 -> 0.45111111 | U18: =((TotalTournamentAverages!U10/MassFormulaTesting!$B$50)*0.68)+0.3 -> 0.3 | V18: =((TotalTournamentAverages!V10/MassFormulaTesting!$B$52)*0.68)+0.3 -> 0.3 | W18: =(IFERROR(TotalTournamentAverages!W10/MassFormulaTesting!$B$54,"")*0.68)+0.3 -> 0.3 | X18: =(IFERROR(TotalTournamentAverages!X10/MassFormulaTesting!$B$56,"")*0.68)+0.3 -> 0.3 | Y18: =(IFERROR(TotalTournamentAverages!Y10/MassFormulaTesting!$B$58,"")*0.68)+0.3 -> 0.3 | Z18: =(IFERROR(TotalTournamentAverages!Z10/MassFormulaTesting!$B$60,"")*0.68)+0.3 -> 0.3 | AA18: =((TotalTournamentAverages!AD10/MassFormulaTesting!$B$68)*0.68)+0.3 -> 0.3 | AB18: =((TotalTournamentAverages!AG10/MassFormulaTesting!$B$74)*0.68)+0.3 -> #DIV/0! | AC18: =((TotalTournamentAverages!AH10/MassFormulaTesting!$B$76)*0.68)+0.3 -> #DIV/0! | AD18: =((TotalTournamentAverages!AK10/MassFormulaTesting!$B$82)*0.68)+0.3 -> #DIV/0! | AE18: =((TotalTournamentAverages!AL10/MassFormulaTesting!$B$84)*0.68)+0.3 -> #DIV/0! | AF18: =((TotalTournamentAverages!AM10/MassFormulaTesting!$B$86)*0.68)+0.3 -> #DIV/0! | AG18: =((TotalTournamentAverages!AN10/MassFormulaTesting!$B$88)*0.68)+0.3 -> #DIV/0! | AH18: =((TotalTournamentAverages!AO10/MassFormulaTesting!$B$90)*0.68)+0.3 -> #DIV/0! | AI18: =((TotalTournamentAverages!AP10/MassFormulaTesting!$B$92)*0.68)+0.3 -> #DIV/0! | AJ18: =((TotalTournamentAverages!AQ10/MassFormulaTesting!$B$94)*0.68)+0.3 -> #DIV/0! | AK18: =((TotalTournamentAverages!AR10/MassFormulaTesting!$B$96)*0.68)+0.3 -> #DIV/0! | AL18: =((TotalTournamentAverages!AS10/MassFormulaTesting!$B$98)*0.68)+0.3 -> #DIV/0! | AM18: =((TotalTournamentAverages!AT10/MassFormulaTesting!$B$100)*0.68)+0.3 -> #DIV/0! | AN18: =((TotalTournamentAverages!AV10/MassFormulaTesting!$B$104)*0.68)+0.3 -> #DIV/0! | AO18: =((TotalTournamentAverages!AW10/MassFormulaTesting!$B$106)*0.68)+0.3 -> #DIV/0! | AP18: =((TotalTournamentAverages!AX10/MassFormulaTesting!$B$108)*0.68)+0.3 -> #DIV/0!
A19: =IFERROR(__xludf.DUMMYFUNCTION("Query(TotalTournamentAverages!A:AV,""Select A,F where A<>'' Order by F Desc Limit 1"")"),"OVERALL") -> OVERALL | B19: =IFERROR(__xludf.DUMMYFUNCTION("""COMPUTED_VALUE"""),"avg Assists") -> avg Assists | D19: =(((F19-$C$13)/$D$12)*0.68)+0.3 -> #DIV/0! | E19: =TotalTournamentAverages!A11 -> Dat Twinkie | F19: =((IFERROR((G19*C$10)+(H19*D$10)+(I19*E$10)+(J19*F$10)+(K19*G$10)+(L19*H$10)+(M19*I$10)+(N19*J$10)+(O19*K$10)+(P19*L$10)+(Q19*M$10)+(R19*N$10)+(S19*O$10)+(T19*P$10)+(U19*Q$10)+(V19*R$10)+(W19*S$10)+(X19*T$10)+(Y19*U$10)+(Z19*V$10)+(AA19*W$10)+(AB19*X$10)+(AC19*Y$10)+(AD19*Z$10)+(AE19*AA$10)+(AF19*AB$10)+(AG19*AC$10)+(AH19*AD$10)+(AI19*AE$10)+(AJ19*AF$10)+(AK19*AG$10)+(AL19*AH$10)+(AM19*AI$10)+(AN19*AJ$10)+(AO19*AK$10)+(AP19*AL$10),"")/F$12)*0.68)+0.3 -> 0.3 | G19: =((TotalTournamentAverages!D11/MassFormulaTesting!$B$16)*0.68)+0.3 -> 0.3 | H19: =((TotalTournamentAverages!E11/MassFormulaTesting!$B$18)*0.68)+0.3 -> 0.63464567 | I19: =((TotalTournamentAverages!F11/MassFormulaTesting!$B$20)*0.68)+0.3 -> 0.436 | J19: =(IFERROR(MassFormulaTesting!$C$22/TotalTournamentAverages!G11,"")*0.68)+0.3 -> 0.52368421 | K19: =(((TotalTournamentAverages!H11+118)/(MassFormulaTesting!$B$24+118))*0.68)+0.3 -> 0.76673235 | L19: =((TotalTournamentAverages!I11/MassFormulaTesting!$B$26)*0.68)+0.3 -> 0.63 | M19: =((0.98-(TotalTournamentAverages!J11/MassFormulaTesting!$B$28)*0.68)) -> 0.708 | N19: =((TotalTournamentAverages!K11/MassFormulaTesting!$B$30)*0.68)+0.3 -> 0.63005771 | O19: =((TotalTournamentAverages!L11/MassFormulaTesting!$B$32)*0.68)+0.3 -> 0.66641402 | P19: =((TotalTournamentAverages!M11/MassFormulaTesting!$B$34)*0.68)+0.3 -> 0.51636364 | Q19: =((TotalTournamentAverages!N11/MassFormulaTesting!$B$36)*0.68)+0.3 -> 0.76363636 | R19: =((TotalTournamentAverages!O11/MassFormulaTesting!$B$38)*0.68)+0.3 -> 0.3 | S19: =(IFERROR(TotalTournamentAverages!P11/MassFormulaTesting!$B$40,"")*0.68)+0.3 -> 0.3 | T19: =((TotalTournamentAverages!T11/MassFormulaTesting!$B$48)*0.68)+0.3 -> 0.52666667 | U19: =((TotalTournamentAverages!U11/MassFormulaTesting!$B$50)*0.68)+0.3 -> 0.3 | V19: =((TotalTournamentAverages!V11/MassFormulaTesting!$B$52)*0.68)+0.3 -> 0.3 | W19: =(IFERROR(TotalTournamentAverages!W11/MassFormulaTesting!$B$54,"")*0.68)+0.3 -> 0.3 | X19: =(IFERROR(TotalTournamentAverages!X11/MassFormulaTesting!$B$56,"")*0.68)+0.3 -> 0.3 | Y19: =(IFERROR(TotalTournamentAverages!Y11/MassFormulaTesting!$B$58,"")*0.68)+0.3 -> 0.3 | Z19: =(IFERROR(TotalTournamentAverages!Z11/MassFormulaTesting!$B$60,"")*0.68)+0.3 -> 0.3 | AA19: =((TotalTournamentAverages!AD11/MassFormulaTesting!$B$68)*0.68)+0.3 -> 0.3 | AB19: =((TotalTournamentAverages!AG11/MassFormulaTesting!$B$74)*0.68)+0.3 -> #DIV/0! | AC19: =((TotalTournamentAverages!AH11/MassFormulaTesting!$B$76)*0.68)+0.3 -> #DIV/0! | AD19: =((TotalTournamentAverages!AK11/MassFormulaTesting!$B$82)*0.68)+0.3 -> #DIV/0! | AE19: =((TotalTournamentAverages!AL11/MassFormulaTesting!$B$84)*0.68)+0.3 -> #DIV/0! | AF19: =((TotalTournamentAverages!AM11/MassFormulaTesting!$B$86)*0.68)+0.3 -> #DIV/0! | AG19: =((TotalTournamentAverages!AN11/MassFormulaTesting!$B$88)*0.68)+0.3 -> #DIV/0! | AH19: =((TotalTournamentAverages!AO11/MassFormulaTesting!$B$90)*0.68)+0.3 -> #DIV/0! | AI19: =((TotalTournamentAverages!AP11/MassFormulaTesting!$B$92)*0.68)+0.3 -> #DIV/0! | AJ19: =((TotalTournamentAverages!AQ11/MassFormulaTesting!$B$94)*0.68)+0.3 -> #DIV/0! | AK19: =((TotalTournamentAverages!AR11/MassFormulaTesting!$B$96)*0.68)+0.3 -> #DIV/0! | AL19: =((TotalTournamentAverages!AS11/MassFormulaTesting!$B$98)*0.68)+0.3 -> #DIV/0! | AM19: =((TotalTournamentAverages!AT11/MassFormulaTesting!$B$100)*0.68)+0.3 -> #DIV/0! | AN19: =((TotalTournamentAverages!AV11/MassFormulaTesting!$B$104)*0.68)+0.3 -> #DIV/0! | AO19: =((TotalTournamentAverages!AW11/MassFormulaTesting!$B$106)*0.68)+0.3 -> #DIV/0! | AP19: =((TotalTournamentAverages!AX11/MassFormulaTesting!$B$108)*0.68)+0.3 -> #DIV/0!
A20: =IFERROR(__xludf.DUMMYFUNCTION("""COMPUTED_VALUE"""),"L1ght5aber") -> L1ght5aber | B20: =IFERROR(__xludf.DUMMYFUNCTION("""COMPUTED_VALUE"""),10.0) -> 10 | D20: =(((F20-$C$13)/$D$12)*0.68)+0.3 -> #DIV/0! | E20: =TotalTournamentAverages!A12 -> Dhlyn | F20: =((IFERROR((G20*C$10)+(H20*D$10)+(I20*E$10)+(J20*F$10)+(K20*G$10)+(L20*H$10)+(M20*I$10)+(N20*J$10)+(O20*K$10)+(P20*L$10)+(Q20*M$10)+(R20*N$10)+(S20*O$10)+(T20*P$10)+(U20*Q$10)+(V20*R$10)+(W20*S$10)+(X20*T$10)+(Y20*U$10)+(Z20*V$10)+(AA20*W$10)+(AB20*X$10)+(AC20*Y$10)+(AD20*Z$10)+(AE20*AA$10)+(AF20*AB$10)+(AG20*AC$10)+(AH20*AD$10)+(AI20*AE$10)+(AJ20*AF$10)+(AK20*AG$10)+(AL20*AH$10)+(AM20*AI$10)+(AN20*AJ$10)+(AO20*AK$10)+(AP20*AL$10),"")/F$12)*0.68)+0.3 -> 0.3 | G20: =((TotalTournamentAverages!D12/MassFormulaTesting!$B$16)*0.68)+0.3 -> 0.3 | H20: =((TotalTournamentAverages!E12/MassFormulaTesting!$B$18)*0.68)+0.3 -> 0.52488189 | I20: =((TotalTournamentAverages!F12/MassFormulaTesting!$B$20)*0.68)+0.3 -> 0.538 | J20: =(IFERROR(MassFormulaTesting!$C$22/TotalTournamentAverages!G12,"")*0.68)+0.3 -> 0.60630631 | K20: =(((TotalTournamentAverages!H12+118)/(MassFormulaTesting!$B$24+118))*0.68)+0.3 -> 0.76673235 | L20: =((TotalTournamentAverages!I12/MassFormulaTesting!$B$26)*0.68)+0.3 -> 0.51 | M20: =((0.98-(TotalTournamentAverages!J12/MassFormulaTesting!$B$28)*0.68)) -> 0.88933333 | N20: =((TotalTournamentAverages!K12/MassFormulaTesting!$B$30)*0.68)+0.3 -> 0.56196614 | O20: =((TotalTournamentAverages!L12/MassFormulaTesting!$B$32)*0.68)+0.3 -> 0.58894363 | P20: =((TotalTournamentAverages!M12/MassFormulaTesting!$B$34)*0.68)+0.3 -> 0.54727273 | Q20: =((TotalTournamentAverages!N12/MassFormulaTesting!$B$36)*0.68)+0.3 -> 0.3 | R20: =((TotalTournamentAverages!O12/MassFormulaTesting!$B$38)*0.68)+0.3 -> 0.3 | S20: =(IFERROR(TotalTournamentAverages!P12/MassFormulaTesting!$B$40,"")*0.68)+0.3 -> 0.3 | T20: =((TotalTournamentAverages!T12/MassFormulaTesting!$B$48)*0.68)+0.3 -> 0.41333333 | U20: =((TotalTournamentAverages!U12/MassFormulaTesting!$B$50)*0.68)+0.3 -> 0.81 | V20: =((TotalTournamentAverages!V12/MassFormulaTesting!$B$52)*0.68)+0.3 -> 0.3 | W20: =(IFERROR(TotalTournamentAverages!W12/MassFormulaTesting!$B$54,"")*0.68)+0.3 -> 0.3 | X20: =(IFERROR(TotalTournamentAverages!X12/MassFormulaTesting!$B$56,"")*0.68)+0.3 -> 0.3 | Y20: =(IFERROR(TotalTournamentAverages!Y12/MassFormulaTesting!$B$58,"")*0.68)+0.3 -> 0.3 | Z20: =(IFERROR(TotalTournamentAverages!Z12/MassFormulaTesting!$B$60,"")*0.68)+0.3 -> 0.3 | AA20: =((TotalTournamentAverages!AD12/MassFormulaTesting!$B$68)*0.68)+0.3 -> 0.3 | AB20: =((TotalTournamentAverages!AG12/MassFormulaTesting!$B$74)*0.68)+0.3 -> #DIV/0! | AC20: =((TotalTournamentAverages!AH12/MassFormulaTesting!$B$76)*0.68)+0.3 -> #DIV/0! | AD20: =((TotalTournamentAverages!AK12/MassFormulaTesting!$B$82)*0.68)+0.3 -> #DIV/0! | AE20: =((TotalTournamentAverages!AL12/MassFormulaTesting!$B$84)*0.68)+0.3 -> #DIV/0! | AF20: =((TotalTournamentAverages!AM12/MassFormulaTesting!$B$86)*0.68)+0.3 -> #DIV/0! | AG20: =((TotalTournamentAverages!AN12/MassFormulaTesting!$B$88)*0.68)+0.3 -> #DIV/0! | AH20: =((TotalTournamentAverages!AO12/MassFormulaTesting!$B$90)*0.68)+0.3 -> #DIV/0! | AI20: =((TotalTournamentAverages!AP12/MassFormulaTesting!$B$92)*0.68)+0.3 -> #DIV/0! | AJ20: =((TotalTournamentAverages!AQ12/MassFormulaTesting!$B$94)*0.68)+0.3 -> #DIV/0! | AK20: =((TotalTournamentAverages!AR12/MassFormulaTesting!$B$96)*0.68)+0.3 -> #DIV/0! | AL20: =((TotalTournamentAverages!AS12/MassFormulaTesting!$B$98)*0.68)+0.3 -> #DIV/0! | AM20: =((TotalTournamentAverages!AT12/MassFormulaTesting!$B$100)*0.68)+0.3 -> #DIV/0! | AN20: =((TotalTournamentAverages!AV12/MassFormulaTesting!$B$104)*0.68)+0.3 -> #DIV/0! | AO20: =((TotalTournamentAverages!AW12/MassFormulaTesting!$B$106)*0.68)+0.3 -> #DIV/0! | AP20: =((TotalTournamentAverages!AX12/MassFormulaTesting!$B$108)*0.68)+0.3 -> #DIV/0!
A21: =IFERROR(__xludf.DUMMYFUNCTION("Query(TotalTournamentAverages!A:AV,""Select A,G where A<>'' Order by G Desc Limit 1"")"),"OVERALL") -> OVERALL | B21: =IFERROR(__xludf.DUMMYFUNCTION("""COMPUTED_VALUE"""),"avg Deaths") -> avg Deaths | C21: Lowest | D21: =(((F21-$C$13)/$D$12)*0.68)+0.3 -> #DIV/0! | E21: =TotalTournamentAverages!A13 -> Fanciest Pants | F21: =((IFERROR((G21*C$10)+(H21*D$10)+(I21*E$10)+(J21*F$10)+(K21*G$10)+(L21*H$10)+(M21*I$10)+(N21*J$10)+(O21*K$10)+(P21*L$10)+(Q21*M$10)+(R21*N$10)+(S21*O$10)+(T21*P$10)+(U21*Q$10)+(V21*R$10)+(W21*S$10)+(X21*T$10)+(Y21*U$10)+(Z21*V$10)+(AA21*W$10)+(AB21*X$10)+(AC21*Y$10)+(AD21*Z$10)+(AE21*AA$10)+(AF21*AB$10)+(AG21*AC$10)+(AH21*AD$10)+(AI21*AE$10)+(AJ21*AF$10)+(AK21*AG$10)+(AL21*AH$10)+(AM21*AI$10)+(AN21*AJ$10)+(AO21*AK$10)+(AP21*AL$10),"")/F$12)*0.68)+0.3 -> 0.3 | G21: =((TotalTournamentAverages!D13/MassFormulaTesting!$B$16)*0.68)+0.3 -> 0.3 | H21: =((TotalTournamentAverages!E13/MassFormulaTesting!$B$18)*0.68)+0.3 -> 0.6551706 | I21: =((TotalTournamentAverages!F13/MassFormulaTesting!$B$20)*0.68)+0.3 -> 0.61733333 | J21: =(IFERROR(MassFormulaTesting!$C$22/TotalTournamentAverages!G13,"")*0.68)+0.3 -> 0.50731707 | K21: =(((TotalTournamentAverages!H13+118)/(MassFormulaTesting!$B$24+118))*0.68)+0.3 -> 0.75705528 | L21: =((TotalTournamentAverages!I13/MassFormulaTesting!$B$26)*0.68)+0.3 -> 0.52 | M21: =((0.98-(TotalTournamentAverages!J13/MassFormulaTesting!$B$28)*0.68)) -> 0.79866667 | N21: =((TotalTournamentAverages!K13/MassFormulaTesting!$B$30)*0.68)+0.3 -> 0.64196229 | O21: =((TotalTournamentAverages!L13/MassFormulaTesting!$B$32)*0.68)+0.3 -> 0.68450655 | P21: =((TotalTournamentAverages!M13/MassFormulaTesting!$B$34)*0.68)+0.3 -> 0.50606061 | Q21: =((TotalTournamentAverages!N13/MassFormulaTesting!$B$36)*0.68)+0.3 -> 0.3 | R21: =((TotalTournamentAverages!O13/MassFormulaTesting!$B$38)*0.68)+0.3 -> 0.3 | S21: =(IFERROR(TotalTournamentAverages!P13/MassFormulaTesting!$B$40,"")*0.68)+0.3 -> 0.3 | T21: =((TotalTournamentAverages!T13/MassFormulaTesting!$B$48)*0.68)+0.3 -> 0.37555556 | U21: =((TotalTournamentAverages!U13/MassFormulaTesting!$B$50)*0.68)+0.3 -> 0.3 | V21: =((TotalTournamentAverages!V13/MassFormulaTesting!$B$52)*0.68)+0.3 -> 0.3 | W21: =(IFERROR(TotalTournamentAverages!W13/MassFormulaTesting!$B$54,"")*0.68)+0.3 -> 0.3 | X21: =(IFERROR(TotalTournamentAverages!X13/MassFormulaTesting!$B$56,"")*0.68)+0.3 -> 0.3 | Y21: =(IFERROR(TotalTournamentAverages!Y13/MassFormulaTesting!$B$58,"")*0.68)+0.3 -> 0.3 | Z21: =(IFERROR(TotalTournamentAverages!Z13/MassFormulaTesting!$B$60,"")*0.68)+0.3 -> 0.3 | AA21: =((TotalTournamentAverages!AD13/MassFormulaTesting!$B$68)*0.68)+0.3 -> 0.3 | AB21: =((TotalTournamentAverages!AG13/MassFormulaTesting!$B$74)*0.68)+0.3 -> #DIV/0! | AC21: =((TotalTournamentAverages!AH13/MassFormulaTesting!$B$76)*0.68)+0.3 -> #DIV/0! | AD21: =((TotalTournamentAverages!AK13/MassFormulaTesting!$B$82)*0.68)+0.3 -> #DIV/0! | AE21: =((TotalTournamentAverages!AL13/MassFormulaTesting!$B$84)*0.68)+0.3 -> #DIV/0! | AF21: =((TotalTournamentAverages!AM13/MassFormulaTesting!$B$86)*0.68)+0.3 -> #DIV/0! | AG21: =((TotalTournamentAverages!AN13/MassFormulaTesting!$B$88)*0.68)+0.3 -> #DIV/0! | AH21: =((TotalTournamentAverages!AO13/MassFormulaTesting!$B$90)*0.68)+0.3 -> #DIV/0! | AI21: =((TotalTournamentAverages!AP13/MassFormulaTesting!$B$92)*0.68)+0.3 -> #DIV/0! | AJ21: =((TotalTournamentAverages!AQ13/MassFormulaTesting!$B$94)*0.68)+0.3 -> #DIV/0! | AK21: =((TotalTournamentAverages!AR13/MassFormulaTesting!$B$96)*0.68)+0.3 -> #DIV/0! | AL21: =((TotalTournamentAverages!AS13/MassFormulaTesting!$B$98)*0.68)+0.3 -> #DIV/0! | AM21: =((TotalTournamentAverages!AT13/MassFormulaTesting!$B$100)*0.68)+0.3 -> #DIV/0! | AN21: =((TotalTournamentAverages!AV13/MassFormulaTesting!$B$104)*0.68)+0.3 -> #DIV/0! | AO21: =((TotalTournamentAverages!AW13/MassFormulaTesting!$B$106)*0.68)+0.3 -> #DIV/0! | AP21: =((TotalTournamentAverages!AX13/MassFormulaTesting!$B$108)*0.68)+0.3 -> #DIV/0!
A22: =IFERROR(__xludf.DUMMYFUNCTION("""COMPUTED_VALUE"""),"Yejis Aegyo") -> Yejis Aegyo | B22: =IFERROR(__xludf.DUMMYFUNCTION("""COMPUTED_VALUE"""),129.66666666666666) -> 129.66667 | C22: 25 | D22: =(((F22-$C$13)/$D$12)*0.68)+0.3 -> #DIV/0! | E22: =TotalTournamentAverages!A14 -> Finesse God24 | F22: =((IFERROR((G22*C$10)+(H22*D$10)+(I22*E$10)+(J22*F$10)+(K22*G$10)+(L22*H$10)+(M22*I$10)+(N22*J$10)+(O22*K$10)+(P22*L$10)+(Q22*M$10)+(R22*N$10)+(S22*O$10)+(T22*P$10)+(U22*Q$10)+(V22*R$10)+(W22*S$10)+(X22*T$10)+(Y22*U$10)+(Z22*V$10)+(AA22*W$10)+(AB22*X$10)+(AC22*Y$10)+(AD22*Z$10)+(AE22*AA$10)+(AF22*AB$10)+(AG22*AC$10)+(AH22*AD$10)+(AI22*AE$10)+(AJ22*AF$10)+(AK22*AG$10)+(AL22*AH$10)+(AM22*AI$10)+(AN22*AJ$10)+(AO22*AK$10)+(AP22*AL$10),"")/F$12)*0.68)+0.3 -> 0.3 | G22: =((TotalTournamentAverages!D14/MassFormulaTesting!$B$16)*0.68)+0.3 -> 0.3647619 | H22: =((TotalTournamentAverages!E14/MassFormulaTesting!$B$18)*0.68)+0.3 -> 0.66230971 | I22: =((TotalTournamentAverages!F14/MassFormulaTesting!$B$20)*0.68)+0.3 -> 0.61733333 | J22: =(IFERROR(MassFormulaTesting!$C$22/TotalTournamentAverages!G14,"")*0.68)+0.3 -> 0.53943662 | K22: =(((TotalTournamentAverages!H14+118)/(MassFormulaTesting!$B$24+118))*0.68)+0.3 -> 0.81214012 | L22: =((TotalTournamentAverages!I14/MassFormulaTesting!$B$26)*0.68)+0.3 -> 0.56 | M22: =((0.98-(TotalTournamentAverages!J14/MassFormulaTesting!$B$28)*0.68)) -> 0.98 | N22: =((TotalTournamentAverages!K14/MassFormulaTesting!$B$30)*0.68)+0.3 -> 0.59748365 | O22: =((TotalTournamentAverages!L14/MassFormulaTesting!$B$32)*0.68)+0.3 -> 0.63930207 | P22: =((TotalTournamentAverages!M14/MassFormulaTesting!$B$34)*0.68)+0.3 -> 0.50606061 | Q22: =((TotalTournamentAverages!N14/MassFormulaTesting!$B$36)*0.68)+0.3 -> 0.42363636 | R22: =((TotalTournamentAverages!O14/MassFormulaTesting!$B$38)*0.68)+0.3 -> 0.3 | S22: =(IFERROR(TotalTournamentAverages!P14/MassFormulaTesting!$B$40,"")*0.68)+0.3 -> 0.3 | T22: =((TotalTournamentAverages!T14/MassFormulaTesting!$B$48)*0.68)+0.3 -> 0.52666667 | U22: =((TotalTournamentAverages!U14/MassFormulaTesting!$B$50)*0.68)+0.3 -> 0.3 | V22: =((TotalTournamentAverages!V14/MassFormulaTesting!$B$52)*0.68)+0.3 -> 0.3 | W22: =(IFERROR(TotalTournamentAverages!W14/MassFormulaTesting!$B$54,"")*0.68)+0.3 -> 0.3 | X22: =(IFERROR(TotalTournamentAverages!X14/MassFormulaTesting!$B$56,"")*0.68)+0.3 -> 0.3 | Y22: =(IFERROR(TotalTournamentAverages!Y14/MassFormulaTesting!$B$58,"")*0.68)+0.3 -> 0.3 | Z22: =(IFERROR(TotalTournamentAverages!Z14/MassFormulaTesting!$B$60,"")*0.68)+0.3 -> 0.3 | AA22: =((TotalTournamentAverages!AD14/MassFormulaTesting!$B$68)*0.68)+0.3 -> 0.3 | AB22: =((TotalTournamentAverages!AG14/MassFormulaTesting!$B$74)*0.68)+0.3 -> #DIV/0! | AC22: =((TotalTournamentAverages!AH14/MassFormulaTesting!$B$76)*0.68)+0.3 -> #DIV/0! | AD22: =((TotalTournamentAverages!AK14/MassFormulaTesting!$B$82)*0.68)+0.3 -> #DIV/0! | AE22: =((TotalTournamentAverages!AL14/MassFormulaTesting!$B$84)*0.68)+0.3 -> #DIV/0! | AF22: =((TotalTournamentAverages!AM14/MassFormulaTesting!$B$86)*0.68)+0.3 -> #DIV/0! | AG22: =((TotalTournamentAverages!AN14/MassFormulaTesting!$B$88)*0.68)+0.3 -> #DIV/0! | AH22: =((TotalTournamentAverages!AO14/MassFormulaTesting!$B$90)*0.68)+0.3 -> #DIV/0! | AI22: =((TotalTournamentAverages!AP14/MassFormulaTesting!$B$92)*0.68)+0.3 -> #DIV/0! | AJ22: =((TotalTournamentAverages!AQ14/MassFormulaTesting!$B$94)*0.68)+0.3 -> #DIV/0! | AK22: =((TotalTournamentAverages!AR14/MassFormulaTesting!$B$96)*0.68)+0.3 -> #DIV/0! | AL22: =((TotalTournamentAverages!AS14/MassFormulaTesting!$B$98)*0.68)+0.3 -> #DIV/0! | AM22: =((TotalTournamentAverages!AT14/MassFormulaTesting!$B$100)*0.68)+0.3 -> #DIV/0! | AN22: =((TotalTournamentAverages!AV14/MassFormulaTesting!$B$104)*0.68)+0.3 -> #DIV/0! | AO22: =((TotalTournamentAverages!AW14/MassFormulaTesting!$B$106)*0.68)+0.3 -> #DIV/0! | AP22: =((TotalTournamentAverages!AX14/MassFormulaTesting!$B$108)*0.68)+0.3 -> #DIV/0!
A23: =IFERROR(__xludf.DUMMYFUNCTION("Query(TotalTournamentAverages!A:AV,""Select A,H where A<>'' Order by H Desc Limit 1"")"),"OVERALL") -> OVERALL | B23: =IFERROR(__xludf.DUMMYFUNCTION("""COMPUTED_VALUE"""),"avg Spread") -> avg Spread | C23: Lowest | D23: =(((F23-$C$13)/$D$12)*0.68)+0.3 -> #DIV/0! | E23: =TotalTournamentAverages!A15 -> Galvann | F23: =((IFERROR((G23*C$10)+(H23*D$10)+(I23*E$10)+(J23*F$10)+(K23*G$10)+(L23*H$10)+(M23*I$10)+(N23*J$10)+(O23*K$10)+(P23*L$10)+(Q23*M$10)+(R23*N$10)+(S23*O$10)+(T23*P$10)+(U23*Q$10)+(V23*R$10)+(W23*S$10)+(X23*T$10)+(Y23*U$10)+(Z23*V$10)+(AA23*W$10)+(AB23*X$10)+(AC23*Y$10)+(AD23*Z$10)+(AE23*AA$10)+(AF23*AB$10)+(AG23*AC$10)+(AH23*AD$10)+(AI23*AE$10)+(AJ23*AF$10)+(AK23*AG$10)+(AL23*AH$10)+(AM23*AI$10)+(AN23*AJ$10)+(AO23*AK$10)+(AP23*AL$10),"")/F$12)*0.68)+0.3 -> 0.3 | G23: =((TotalTournamentAverages!D15/MassFormulaTesting!$B$16)*0.68)+0.3 -> 0.3 | H23: =((TotalTournamentAverages!E15/MassFormulaTesting!$B$18)*0.68)+0.3 -> 0.70692913 | I23: =((TotalTournamentAverages!F15/MassFormulaTesting!$B$20)*0.68)+0.3 -> 0.844 | J23: =(IFERROR(MassFormulaTesting!$C$22/TotalTournamentAverages!G15,"")*0.68)+0.3 -> 0.57868852 | K23: =(((TotalTournamentAverages!H15+118)/(MassFormulaTesting!$B$24+118))*0.68)+0.3 -> 0.89402299 | L23: =((TotalTournamentAverages!I15/MassFormulaTesting!$B$26)*0.68)+0.3 -> 0.6 | M23: =((0.98-(TotalTournamentAverages!J15/MassFormulaTesting!$B$28)*0.68)) -> 0.61733333 | N23: =((TotalTournamentAverages!K15/MassFormulaTesting!$B$30)*0.68)+0.3 -> 0.56922663 | O23: =((TotalTournamentAverages!L15/MassFormulaTesting!$B$32)*0.68)+0.3 -> 0.60054003 | P23: =((TotalTournamentAverages!M15/MassFormulaTesting!$B$34)*0.68)+0.3 -> 0.52666667 | Q23: =((TotalTournamentAverages!N15/MassFormulaTesting!$B$36)*0.68)+0.3 -> 0.48545455 | R23: =((TotalTournamentAverages!O15/MassFormulaTesting!$B$38)*0.68)+0.3 -> 0.3 | S23: =(IFERROR(TotalTournamentAverages!P15/MassFormulaTesting!$B$40,"")*0.68)+0.3 -> 0.3 | T23: =((TotalTournamentAverages!T15/MassFormulaTesting!$B$48)*0.68)+0.3 -> 0.98 | U23: =((TotalTournamentAverages!U15/MassFormulaTesting!$B$50)*0.68)+0.3 -> 0.81 | V23: =((TotalTournamentAverages!V15/MassFormulaTesting!$B$52)*0.68)+0.3 -> 0.3 | W23: =(IFERROR(TotalTournamentAverages!W15/MassFormulaTesting!$B$54,"")*0.68)+0.3 -> 0.3 | X23: =(IFERROR(TotalTournamentAverages!X15/MassFormulaTesting!$B$56,"")*0.68)+0.3 -> 0.3 | Y23: =(IFERROR(TotalTournamentAverages!Y15/MassFormulaTesting!$B$58,"")*0.68)+0.3 -> 0.3 | Z23: =(IFERROR(TotalTournamentAverages!Z15/MassFormulaTesting!$B$60,"")*0.68)+0.3 -> 0.3 | AA23: =((TotalTournamentAverages!AD15/MassFormulaTesting!$B$68)*0.68)+0.3 -> 0.3 | AB23: =((TotalTournamentAverages!AG15/MassFormulaTesting!$B$74)*0.68)+0.3 -> #DIV/0! | AC23: =((TotalTournamentAverages!AH15/MassFormulaTesting!$B$76)*0.68)+0.3 -> #DIV/0! | AD23: =((TotalTournamentAverages!AK15/MassFormulaTesting!$B$82)*0.68)+0.3 -> #DIV/0! | AE23: =((TotalTournamentAverages!AL15/MassFormulaTesting!$B$84)*0.68)+0.3 -> #DIV/0! | AF23: =((TotalTournamentAverages!AM15/MassFormulaTesting!$B$86)*0.68)+0.3 -> #DIV/0! | AG23: =((TotalTournamentAverages!AN15/MassFormulaTesting!$B$88)*0.68)+0.3 -> #DIV/0! | AH23: =((TotalTournamentAverages!AO15/MassFormulaTesting!$B$90)*0.68)+0.3 -> #DIV/0! | AI23: =((TotalTournamentAverages!AP15/MassFormulaTesting!$B$92)*0.68)+0.3 -> #DIV/0! | AJ23: =((TotalTournamentAverages!AQ15/MassFormulaTesting!$B$94)*0.68)+0.3 -> #DIV/0! | AK23: =((TotalTournamentAverages!AR15/MassFormulaTesting!$B$96)*0.68)+0.3 -> #DIV/0! | AL23: =((TotalTournamentAverages!AS15/MassFormulaTesting!$B$98)*0.68)+0.3 -> #DIV/0! | AM23: =((TotalTournamentAverages!AT15/MassFormulaTesting!$B$100)*0.68)+0.3 -> #DIV/0! | AN23: =((TotalTournamentAverages!AV15/MassFormulaTesting!$B$104)*0.68)+0.3 -> #DIV/0! | AO23: =((TotalTournamentAverages!AW15/MassFormulaTesting!$B$106)*0.68)+0.3 -> #DIV/0! | AP23: =((TotalTournamentAverages!AX15/MassFormulaTesting!$B$108)*0.68)+0.3 -> #DIV/0!
A24: =IFERROR(__xludf.DUMMYFUNCTION("""COMPUTED_VALUE"""),"Genesiology") -> Genesiology | B24: =IFERROR(__xludf.DUMMYFUNCTION("""COMPUTED_VALUE"""),34.25) -> 34.25 | C24: -118 | D24: =(((F24-$C$13)/$D$12)*0.68)+0.3 -> #DIV/0! | E24: =TotalTournamentAverages!A16 -> Genesiology | F24: =((IFERROR((G24*C$10)+(H24*D$10)+(I24*E$10)+(J24*F$10)+(K24*G$10)+(L24*H$10)+(M24*I$10)+(N24*J$10)+(O24*K$10)+(P24*L$10)+(Q24*M$10)+(R24*N$10)+(S24*O$10)+(T24*P$10)+(U24*Q$10)+(V24*R$10)+(W24*S$10)+(X24*T$10)+(Y24*U$10)+(Z24*V$10)+(AA24*W$10)+(AB24*X$10)+(AC24*Y$10)+(AD24*Z$10)+(AE24*AA$10)+(AF24*AB$10)+(AG24*AC$10)+(AH24*AD$10)+(AI24*AE$10)+(AJ24*AF$10)+(AK24*AG$10)+(AL24*AH$10)+(AM24*AI$10)+(AN24*AJ$10)+(AO24*AK$10)+(AP24*AL$10),"")/F$12)*0.68)+0.3 -> 0.3 | G24: =((TotalTournamentAverages!D16/MassFormulaTesting!$B$16)*0.68)+0.3 -> 0.34857143 | H24: =((TotalTournamentAverages!E16/MassFormulaTesting!$B$18)*0.68)+0.3 -> 0.86086614 | I24: =((TotalTournamentAverages!F16/MassFormulaTesting!$B$20)*0.68)+0.3 -> 0.912 | J24: =(IFERROR(MassFormulaTesting!$C$22/TotalTournamentAverages!G16,"")*0.68)+0.3 -> 0.54113475 | K24: =(((TotalTournamentAverages!H16+118)/(MassFormulaTesting!$B$24+118))*0.68)+0.3 -> 0.98 | L24: =((TotalTournamentAverages!I16/MassFormulaTesting!$B$26)*0.68)+0.3 -> 0.675 | M24: =((0.98-(TotalTournamentAverages!J16/MassFormulaTesting!$B$28)*0.68)) -> 0.34533333 | N24: =((TotalTournamentAverages!K16/MassFormulaTesting!$B$30)*0.68)+0.3 -> 0.79135821 | O24: =((TotalTournamentAverages!L16/MassFormulaTesting!$B$32)*0.68)+0.3 -> 0.7973567 | P24: =((TotalTournamentAverages!M16/MassFormulaTesting!$B$34)*0.68)+0.3 -> 0.65545455 | Q24: =((TotalTournamentAverages!N16/MassFormulaTesting!$B$36)*0.68)+0.3 -> 0.94909091 | R24: =((TotalTournamentAverages!O16/MassFormulaTesting!$B$38)*0.68)+0.3 -> 0.3 | S24: =(IFERROR(TotalTournamentAverages!P16/MassFormulaTesting!$B$40,"")*0.68)+0.3 -> 0.3 | T24: =((TotalTournamentAverages!T16/MassFormulaTesting!$B$48)*0.68)+0.3 -> 0.64 | U24: =((TotalTournamentAverages!U16/MassFormulaTesting!$B$50)*0.68)+0.3 -> 0.81 | V24: =((TotalTournamentAverages!V16/MassFormulaTesting!$B$52)*0.68)+0.3 -> 0.64 | W24: =(IFERROR(TotalTournamentAverages!W16/MassFormulaTesting!$B$54,"")*0.68)+0.3 -> 0.81 | X24: =(IFERROR(TotalTournamentAverages!X16/MassFormulaTesting!$B$56,"")*0.68)+0.3 -> 0.3 | Y24: =(IFERROR(TotalTournamentAverages!Y16/MassFormulaTesting!$B$58,"")*0.68)+0.3 -> 0.3 | Z24: =(IFERROR(TotalTournamentAverages!Z16/MassFormulaTesting!$B$60,"")*0.68)+0.3 -> 0.3 | AA24: =((TotalTournamentAverages!AD16/MassFormulaTesting!$B$68)*0.68)+0.3 -> 0.3 | AB24: =((TotalTournamentAverages!AG16/MassFormulaTesting!$B$74)*0.68)+0.3 -> #DIV/0! | AC24: =((TotalTournamentAverages!AH16/MassFormulaTesting!$B$76)*0.68)+0.3 -> #DIV/0! | AD24: =((TotalTournamentAverages!AK16/MassFormulaTesting!$B$82)*0.68)+0.3 -> #DIV/0! | AE24: =((TotalTournamentAverages!AL16/MassFormulaTesting!$B$84)*0.68)+0.3 -> #DIV/0! | AF24: =((TotalTournamentAverages!AM16/MassFormulaTesting!$B$86)*0.68)+0.3 -> #DIV/0! | AG24: =((TotalTournamentAverages!AN16/MassFormulaTesting!$B$88)*0.68)+0.3 -> #DIV/0! | AH24: =((TotalTournamentAverages!AO16/MassFormulaTesting!$B$90)*0.68)+0.3 -> #DIV/0! | AI24: =((TotalTournamentAverages!AP16/MassFormulaTesting!$B$92)*0.68)+0.3 -> #DIV/0! | AJ24: =((TotalTournamentAverages!AQ16/MassFormulaTesting!$B$94)*0.68)+0.3 -> #DIV/0! | AK24: =((TotalTournamentAverages!AR16/MassFormulaTesting!$B$96)*0.68)+0.3 -> #DIV/0! | AL24: =((TotalTournamentAverages!AS16/MassFormulaTesting!$B$98)*0.68)+0.3 -> #DIV/0! | AM24: =((TotalTournamentAverages!AT16/MassFormulaTesting!$B$100)*0.68)+0.3 -> #DIV/0! | AN24: =((TotalTournamentAverages!AV16/MassFormulaTesting!$B$104)*0.68)+0.3 -> #DIV/0! | AO24: =((TotalTournamentAverages!AW16/MassFormulaTesting!$B$106)*0.68)+0.3 -> #DIV/0! | AP24: =((TotalTournamentAverages!AX16/MassFormulaTesting!$B$108)*0.68)+0.3 -> #DIV/0!
A25: =IFERROR(__xludf.DUMMYFUNCTION("Query(TotalTournamentAverages!A:AV,""Select A,I where A<>'' Order by I Desc Limit 1"")"),"OVERALL") -> OVERALL | B25: =IFERROR(__xludf.DUMMYFUNCTION("""COMPUTED_VALUE"""),"avg Streak") -> avg Streak | D25: =(((F25-$C$13)/$D$12)*0.68)+0.3 -> #DIV/0! | E25: =TotalTournamentAverages!A17 -> GodSnipezX | F25: =((IFERROR((G25*C$10)+(H25*D$10)+(I25*E$10)+(J25*F$10)+(K25*G$10)+(L25*H$10)+(M25*I$10)+(N25*J$10)+(O25*K$10)+(P25*L$10)+(Q25*M$10)+(R25*N$10)+(S25*O$10)+(T25*P$10)+(U25*Q$10)+(V25*R$10)+(W25*S$10)+(X25*T$10)+(Y25*U$10)+(Z25*V$10)+(AA25*W$10)+(AB25*X$10)+(AC25*Y$10)+(AD25*Z$10)+(AE25*AA$10)+(AF25*AB$10)+(AG25*AC$10)+(AH25*AD$10)+(AI25*AE$10)+(AJ25*AF$10)+(AK25*AG$10)+(AL25*AH$10)+(AM25*AI$10)+(AN25*AJ$10)+(AO25*AK$10)+(AP25*AL$10),"")/F$12)*0.68)+0.3 -> 0.3 | G25: =((TotalTournamentAverages!D17/MassFormulaTesting!$B$16)*0.68)+0.3 -> 0.34857143 | H25: =((TotalTournamentAverages!E17/MassFormulaTesting!$B$18)*0.68)+0.3 -> 0.96393701 | I25: =((TotalTournamentAverages!F17/MassFormulaTesting!$B$20)*0.68)+0.3 -> 0.81 | J25: =(IFERROR(MassFormulaTesting!$C$22/TotalTournamentAverages!G17,"")*0.68)+0.3 -> 0.43229572 | K25: =(((TotalTournamentAverages!H17+118)/(MassFormulaTesting!$B$24+118))*0.68)+0.3 -> 0.80692939 | L25: =((TotalTournamentAverages!I17/MassFormulaTesting!$B$26)*0.68)+0.3 -> 0.66 | M25: =((0.98-(TotalTournamentAverages!J17/MassFormulaTesting!$B$28)*0.68)) -> 0.75333333 | N25: =((TotalTournamentAverages!K17/MassFormulaTesting!$B$30)*0.68)+0.3 -> 0.79145633 | O25: =((TotalTournamentAverages!L17/MassFormulaTesting!$B$32)*0.68)+0.3 -> 0.85590242 | P25: =((TotalTournamentAverages!M17/MassFormulaTesting!$B$34)*0.68)+0.3 -> 0.50090909 | Q25: =((TotalTournamentAverages!N17/MassFormulaTesting!$B$36)*0.68)+0.3 -> 0.67090909 | R25: =((TotalTournamentAverages!O17/MassFormulaTesting!$B$38)*0.68)+0.3 -> 0.3 | S25: =(IFERROR(TotalTournamentAverages!P17/MassFormulaTesting!$B$40,"")*0.68)+0.3 -> 0.3 | T25: =((TotalTournamentAverages!T17/MassFormulaTesting!$B$48)*0.68)+0.3 -> 0.66833333 | U25: =((TotalTournamentAverages!U17/MassFormulaTesting!$B$50)*0.68)+0.3 -> 0.555 | V25: =((TotalTournamentAverages!V17/MassFormulaTesting!$B$52)*0.68)+0.3 -> 0.3 | W25: =(IFERROR(TotalTournamentAverages!W17/MassFormulaTesting!$B$54,"")*0.68)+0.3 -> 0.3 | X25: =(IFERROR(TotalTournamentAverages!X17/MassFormulaTesting!$B$56,"")*0.68)+0.3 -> 0.3 | Y25: =(IFERROR(TotalTournamentAverages!Y17/MassFormulaTesting!$B$58,"")*0.68)+0.3 -> 0.3 | Z25: =(IFERROR(TotalTournamentAverages!Z17/MassFormulaTesting!$B$60,"")*0.68)+0.3 -> 0.3 | AA25: =((TotalTournamentAverages!AD17/MassFormulaTesting!$B$68)*0.68)+0.3 -> 0.3 | AB25: =((TotalTournamentAverages!AG17/MassFormulaTesting!$B$74)*0.68)+0.3 -> #DIV/0! | AC25: =((TotalTournamentAverages!AH17/MassFormulaTesting!$B$76)*0.68)+0.3 -> #DIV/0! | AD25: =((TotalTournamentAverages!AK17/MassFormulaTesting!$B$82)*0.68)+0.3 -> #DIV/0! | AE25: =((TotalTournamentAverages!AL17/MassFormulaTesting!$B$84)*0.68)+0.3 -> #DIV/0! | AF25: =((TotalTournamentAverages!AM17/MassFormulaTesting!$B$86)*0.68)+0.3 -> #DIV/0! | AG25: =((TotalTournamentAverages!AN17/MassFormulaTesting!$B$88)*0.68)+0.3 -> #DIV/0! | AH25: =((TotalTournamentAverages!AO17/MassFormulaTesting!$B$90)*0.68)+0.3 -> #DIV/0! | AI25: =((TotalTournamentAverages!AP17/MassFormulaTesting!$B$92)*0.68)+0.3 -> #DIV/0! | AJ25: =((TotalTournamentAverages!AQ17/MassFormulaTesting!$B$94)*0.68)+0.3 -> #DIV/0! | AK25: =((TotalTournamentAverages!AR17/MassFormulaTesting!$B$96)*0.68)+0.3 -> #DIV/0! | AL25: =((TotalTournamentAverages!AS17/MassFormulaTesting!$B$98)*0.68)+0.3 -> #DIV/0! | AM25: =((TotalTournamentAverages!AT17/MassFormulaTesting!$B$100)*0.68)+0.3 -> #DIV/0! | AN25: =((TotalTournamentAverages!AV17/MassFormulaTesting!$B$104)*0.68)+0.3 -> #DIV/0! | AO25: =((TotalTournamentAverages!AW17/MassFormulaTesting!$B$106)*0.68)+0.3 -> #DIV/0! | AP25: =((TotalTournamentAverages!AX17/MassFormulaTesting!$B$108)*0.68)+0.3 -> #DIV/0!
A26: =IFERROR(__xludf.DUMMYFUNCTION("""COMPUTED_VALUE"""),"Vile") -> Vile | B26: =IFERROR(__xludf.DUMMYFUNCTION("""COMPUTED_VALUE"""),11.333333333333334) -> 11.333333 | D26: =(((F26-$C$13)/$D$12)*0.68)+0.3 -> #DIV/0! | E26: =TotalTournamentAverages!A18 -> Hells Angel cx | F26: =((IFERROR((G26*C$10)+(H26*D$10)+(I26*E$10)+(J26*F$10)+(K26*G$10)+(L26*H$10)+(M26*I$10)+(N26*J$10)+(O26*K$10)+(P26*L$10)+(Q26*M$10)+(R26*N$10)+(S26*O$10)+(T26*P$10)+(U26*Q$10)+(V26*R$10)+(W26*S$10)+(X26*T$10)+(Y26*U$10)+(Z26*V$10)+(AA26*W$10)+(AB26*X$10)+(AC26*Y$10)+(AD26*Z$10)+(AE26*AA$10)+(AF26*AB$10)+(AG26*AC$10)+(AH26*AD$10)+(AI26*AE$10)+(AJ26*AF$10)+(AK26*AG$10)+(AL26*AH$10)+(AM26*AI$10)+(AN26*AJ$10)+(AO26*AK$10)+(AP26*AL$10),"")/F$12)*0.68)+0.3 -> 0.3 | G26: =((TotalTournamentAverages!D18/MassFormulaTesting!$B$16)*0.68)+0.3 -> 0.73714286 | H26: =((TotalTournamentAverages!E18/MassFormulaTesting!$B$18)*0.68)+0.3 -> 0.71228346 | I26: =((TotalTournamentAverages!F18/MassFormulaTesting!$B$20)*0.68)+0.3 -> 0.623 | J26: =(IFERROR(MassFormulaTesting!$C$22/TotalTournamentAverages!G18,"")*0.68)+0.3 -> 0.51935484 | K26: =(((TotalTournamentAverages!H18+118)/(MassFormulaTesting!$B$24+118))*0.68)+0.3 -> 0.82479475 | L26: =((TotalTournamentAverages!I18/MassFormulaTesting!$B$26)*0.68)+0.3 -> 0.645 | M26: =((0.98-(TotalTournamentAverages!J18/MassFormulaTesting!$B$28)*0.68)) -> 0.3 | N26: =((TotalTournamentAverages!K18/MassFormulaTesting!$B$30)*0.68)+0.3 -> 0.78341093 | O26: =((TotalTournamentAverages!L18/MassFormulaTesting!$B$32)*0.68)+0.3 -> 0.7973567 | P26: =((TotalTournamentAverages!M18/MassFormulaTesting!$B$34)*0.68)+0.3 -> 0.60909091 | Q26: =((TotalTournamentAverages!N18/MassFormulaTesting!$B$36)*0.68)+0.3 -> 0.39272727 | R26: =((TotalTournamentAverages!O18/MassFormulaTesting!$B$38)*0.68)+0.3 -> 0.47 | S26: =(IFERROR(TotalTournamentAverages!P18/MassFormulaTesting!$B$40,"")*0.68)+0.3 -> 0.3 | T26: =((TotalTournamentAverages!T18/MassFormulaTesting!$B$48)*0.68)+0.3 -> 0.44166667 | U26: =((TotalTournamentAverages!U18/MassFormulaTesting!$B$50)*0.68)+0.3 -> 0.3 | V26: =((TotalTournamentAverages!V18/MassFormulaTesting!$B$52)*0.68)+0.3 -> 0.3 | W26: =(IFERROR(TotalTournamentAverages!W18/MassFormulaTesting!$B$54,"")*0.68)+0.3 -> 0.3 | X26: =(IFERROR(TotalTournamentAverages!X18/MassFormulaTesting!$B$56,"")*0.68)+0.3 -> 0.3 | Y26: =(IFERROR(TotalTournamentAverages!Y18/MassFormulaTesting!$B$58,"")*0.68)+0.3 -> 0.3 | Z26: =(IFERROR(TotalTournamentAverages!Z18/MassFormulaTesting!$B$60,"")*0.68)+0.3 -> 0.3 | AA26: =((TotalTournamentAverages!AD18/MassFormulaTesting!$B$68)*0.68)+0.3 -> 0.3 | AB26: =((TotalTournamentAverages!AG18/MassFormulaTesting!$B$74)*0.68)+0.3 -> #DIV/0! | AC26: =((TotalTournamentAverages!AH18/MassFormulaTesting!$B$76)*0.68)+0.3 -> #DIV/0! | AD26: =((TotalTournamentAverages!AK18/MassFormulaTesting!$B$82)*0.68)+0.3 -> #DIV/0! | AE26: =((TotalTournamentAverages!AL18/MassFormulaTesting!$B$84)*0.68)+0.3 -> #DIV/0! | AF26: =((TotalTournamentAverages!AM18/MassFormulaTesting!$B$86)*0.68)+0.3 -> #DIV/0! | AG26: =((TotalTournamentAverages!AN18/MassFormulaTesting!$B$88)*0.68)+0.3 -> #DIV/0! | AH26: =((TotalTournamentAverages!AO18/MassFormulaTesting!$B$90)*0.68)+0.3 -> #DIV/0! | AI26: =((TotalTournamentAverages!AP18/MassFormulaTesting!$B$92)*0.68)+0.3 -> #DIV/0! | AJ26: =((TotalTournamentAverages!AQ18/MassFormulaTesting!$B$94)*0.68)+0.3 -> #DIV/0! | AK26: =((TotalTournamentAverages!AR18/MassFormulaTesting!$B$96)*0.68)+0.3 -> #DIV/0! | AL26: =((TotalTournamentAverages!AS18/MassFormulaTesting!$B$98)*0.68)+0.3 -> #DIV/0! | AM26: =((TotalTournamentAverages!AT18/MassFormulaTesting!$B$100)*0.68)+0.3 -> #DIV/0! | AN26: =((TotalTournamentAverages!AV18/MassFormulaTesting!$B$104)*0.68)+0.3 -> #DIV/0! | AO26: =((TotalTournamentAverages!AW18/MassFormulaTesting!$B$106)*0.68)+0.3 -> #DIV/0! | AP26: =((TotalTournamentAverages!AX18/MassFormulaTesting!$B$108)*0.68)+0.3 -> #DIV/0!
A27: =IFERROR(__xludf.DUMMYFUNCTION("Query(TotalTournamentAverages!A:AV,""Select A,J where A<>'' Order by J Desc Limit 1"")"),"OVERALL") -> OVERALL | B27: =IFERROR(__xludf.DUMMYFUNCTION("""COMPUTED_VALUE"""),"avg Betrayals") -> avg Betrayals | C27: Lowest | D27: =(((F27-$C$13)/$D$12)*0.68)+0.3 -> #DIV/0! | E27: =TotalTournamentAverages!A19 -> HumanKite187 | F27: =((IFERROR((G27*C$10)+(H27*D$10)+(I27*E$10)+(J27*F$10)+(K27*G$10)+(L27*H$10)+(M27*I$10)+(N27*J$10)+(O27*K$10)+(P27*L$10)+(Q27*M$10)+(R27*N$10)+(S27*O$10)+(T27*P$10)+(U27*Q$10)+(V27*R$10)+(W27*S$10)+(X27*T$10)+(Y27*U$10)+(Z27*V$10)+(AA27*W$10)+(AB27*X$10)+(AC27*Y$10)+(AD27*Z$10)+(AE27*AA$10)+(AF27*AB$10)+(AG27*AC$10)+(AH27*AD$10)+(AI27*AE$10)+(AJ27*AF$10)+(AK27*AG$10)+(AL27*AH$10)+(AM27*AI$10)+(AN27*AJ$10)+(AO27*AK$10)+(AP27*AL$10),"")/F$12)*0.68)+0.3 -> 0.3 | G27: =((TotalTournamentAverages!D19/MassFormulaTesting!$B$16)*0.68)+0.3 -> 0.49428571 | H27: =((TotalTournamentAverages!E19/MassFormulaTesting!$B$18)*0.68)+0.3 -> 0.65874016 | I27: =((TotalTournamentAverages!F19/MassFormulaTesting!$B$20)*0.68)+0.3 -> 0.708 | J27: =(IFERROR(MassFormulaTesting!$C$22/TotalTournamentAverages!G19,"")*0.68)+0.3 -> 0.55 | K27: =(((TotalTournamentAverages!H19+118)/(MassFormulaTesting!$B$24+118))*0.68)+0.3 -> 0.82256158 | L27: =((TotalTournamentAverages!I19/MassFormulaTesting!$B$26)*0.68)+0.3 -> 0.72 | M27: =((0.98-(TotalTournamentAverages!J19/MassFormulaTesting!$B$28)*0.68)) -> 0.98 | N27: =((TotalTournamentAverages!K19/MassFormulaTesting!$B$30)*0.68)+0.3 -> 0.74622547 | O27: =((TotalTournamentAverages!L19/MassFormulaTesting!$B$32)*0.68)+0.3 -> 0.75612506 | P27: =((TotalTournamentAverages!M19/MassFormulaTesting!$B$34)*0.68)+0.3 -> 0.62969697 | Q27: =((TotalTournamentAverages!N19/MassFormulaTesting!$B$36)*0.68)+0.3 -> 0.67090909 | R27: =((TotalTournamentAverages!O19/MassFormulaTesting!$B$38)*0.68)+0.3 -> 0.3 | S27: =(IFERROR(TotalTournamentAverages!P19/MassFormulaTesting!$B$40,"")*0.68)+0.3 -> 0.3 | T27: =((TotalTournamentAverages!T19/MassFormulaTesting!$B$48)*0.68)+0.3 -> 0.52666667 | U27: =((TotalTournamentAverages!U19/MassFormulaTesting!$B$50)*0.68)+0.3 -> 0.3 | V27: =((TotalTournamentAverages!V19/MassFormulaTesting!$B$52)*0.68)+0.3 -> 0.3 | W27: =(IFERROR(TotalTournamentAverages!W19/MassFormulaTesting!$B$54,"")*0.68)+0.3 -> 0.3 | X27: =(IFERROR(TotalTournamentAverages!X19/MassFormulaTesting!$B$56,"")*0.68)+0.3 -> 0.3 | Y27: =(IFERROR(TotalTournamentAverages!Y19/MassFormulaTesting!$B$58,"")*0.68)+0.3 -> 0.3 | Z27: =(IFERROR(TotalTournamentAverages!Z19/MassFormulaTesting!$B$60,"")*0.68)+0.3 -> 0.3 | AA27: =((TotalTournamentAverages!AD19/MassFormulaTesting!$B$68)*0.68)+0.3 -> 0.3 | AB27: =((TotalTournamentAverages!AG19/MassFormulaTesting!$B$74)*0.68)+0.3 -> #DIV/0! | AC27: =((TotalTournamentAverages!AH19/MassFormulaTesting!$B$76)*0.68)+0.3 -> #DIV/0! | AD27: =((TotalTournamentAverages!AK19/MassFormulaTesting!$B$82)*0.68)+0.3 -> #DIV/0! | AE27: =((TotalTournamentAverages!AL19/MassFormulaTesting!$B$84)*0.68)+0.3 -> #DIV/0! | AF27: =((TotalTournamentAverages!AM19/MassFormulaTesting!$B$86)*0.68)+0.3 -> #DIV/0! | AG27: =((TotalTournamentAverages!AN19/MassFormulaTesting!$B$88)*0.68)+0.3 -> #DIV/0! | AH27: =((TotalTournamentAverages!AO19/MassFormulaTesting!$B$90)*0.68)+0.3 -> #DIV/0! | AI27: =((TotalTournamentAverages!AP19/MassFormulaTesting!$B$92)*0.68)+0.3 -> #DIV/0! | AJ27: =((TotalTournamentAverages!AQ19/MassFormulaTesting!$B$94)*0.68)+0.3 -> #DIV/0! | AK27: =((TotalTournamentAverages!AR19/MassFormulaTesting!$B$96)*0.68)+0.3 -> #DIV/0! | AL27: =((TotalTournamentAverages!AS19/MassFormulaTesting!$B$98)*0.68)+0.3 -> #DIV/0! | AM27: =((TotalTournamentAverages!AT19/MassFormulaTesting!$B$100)*0.68)+0.3 -> #DIV/0! | AN27: =((TotalTournamentAverages!AV19/MassFormulaTesting!$B$104)*0.68)+0.3 -> #DIV/0! | AO27: =((TotalTournamentAverages!AW19/MassFormulaTesting!$B$106)*0.68)+0.3 -> #DIV/0! | AP27: =((TotalTournamentAverages!AX19/MassFormulaTesting!$B$108)*0.68)+0.3 -> #DIV/0!
A28: =IFERROR(__xludf.DUMMYFUNCTION("""COMPUTED_VALUE"""),"Hells Angel cx") -> Hells Angel cx | B28: =IFERROR(__xludf.DUMMYFUNCTION("""COMPUTED_VALUE"""),3.75) -> 3.75 | C28: 0 | D28: =(((F28-$C$13)/$D$12)*0.68)+0.3 -> #DIV/0! | E28: =TotalTournamentAverages!A20 -> Impuritive | F28: =((IFERROR((G28*C$10)+(H28*D$10)+(I28*E$10)+(J28*F$10)+(K28*G$10)+(L28*H$10)+(M28*I$10)+(N28*J$10)+(O28*K$10)+(P28*L$10)+(Q28*M$10)+(R28*N$10)+(S28*O$10)+(T28*P$10)+(U28*Q$10)+(V28*R$10)+(W28*S$10)+(X28*T$10)+(Y28*U$10)+(Z28*V$10)+(AA28*W$10)+(AB28*X$10)+(AC28*Y$10)+(AD28*Z$10)+(AE28*AA$10)+(AF28*AB$10)+(AG28*AC$10)+(AH28*AD$10)+(AI28*AE$10)+(AJ28*AF$10)+(AK28*AG$10)+(AL28*AH$10)+(AM28*AI$10)+(AN28*AJ$10)+(AO28*AK$10)+(AP28*AL$10),"")/F$12)*0.68)+0.3 -> 0.3 | G28: =((TotalTournamentAverages!D20/MassFormulaTesting!$B$16)*0.68)+0.3 -> 0.81809524 | H28: =((TotalTournamentAverages!E20/MassFormulaTesting!$B$18)*0.68)+0.3 -> 0.56593176 | I28: =((TotalTournamentAverages!F20/MassFormulaTesting!$B$20)*0.68)+0.3 -> 0.41333333 | J28: =(IFERROR(MassFormulaTesting!$C$22/TotalTournamentAverages!G20,"")*0.68)+0.3 -> 0.64459459 | K28: =(((TotalTournamentAverages!H20+118)/(MassFormulaTesting!$B$24+118))*0.68)+0.3 -> 0.82851669 | L28: =((TotalTournamentAverages!I20/MassFormulaTesting!$B$26)*0.68)+0.3 -> 0.6 | M28: =((0.98-(TotalTournamentAverages!J20/MassFormulaTesting!$B$28)*0.68)) -> 0.73822222 | N28: =((TotalTournamentAverages!K20/MassFormulaTesting!$B$30)*0.68)+0.3 -> 0.6219469 | O28: =((TotalTournamentAverages!L20/MassFormulaTesting!$B$32)*0.68)+0.3 -> 0.63930207 | P28: =((TotalTournamentAverages!M20/MassFormulaTesting!$B$34)*0.68)+0.3 -> 0.65030303 | Q28: =((TotalTournamentAverages!N20/MassFormulaTesting!$B$36)*0.68)+0.3 -> 0.60909091 | R28: =((TotalTournamentAverages!O20/MassFormulaTesting!$B$38)*0.68)+0.3 -> 0.3 | S28: =(IFERROR(TotalTournamentAverages!P20/MassFormulaTesting!$B$40,"")*0.68)+0.3 -> 0.3 | T28: =((TotalTournamentAverages!T20/MassFormulaTesting!$B$48)*0.68)+0.3 -> 0.45111111 | U28: =((TotalTournamentAverages!U20/MassFormulaTesting!$B$50)*0.68)+0.3 -> 0.3 | V28: =((TotalTournamentAverages!V20/MassFormulaTesting!$B$52)*0.68)+0.3 -> 0.3 | W28: =(IFERROR(TotalTournamentAverages!W20/MassFormulaTesting!$B$54,"")*0.68)+0.3 -> 0.3 | X28: =(IFERROR(TotalTournamentAverages!X20/MassFormulaTesting!$B$56,"")*0.68)+0.3 -> 0.3 | Y28: =(IFERROR(TotalTournamentAverages!Y20/MassFormulaTesting!$B$58,"")*0.68)+0.3 -> 0.3 | Z28: =(IFERROR(TotalTournamentAverages!Z20/MassFormulaTesting!$B$60,"")*0.68)+0.3 -> 0.3 | AA28: =((TotalTournamentAverages!AD20/MassFormulaTesting!$B$68)*0.68)+0.3 -> 0.3 | AB28: =((TotalTournamentAverages!AG20/MassFormulaTesting!$B$74)*0.68)+0.3 -> #DIV/0! | AC28: =((TotalTournamentAverages!AH20/MassFormulaTesting!$B$76)*0.68)+0.3 -> #DIV/0! | AD28: =((TotalTournamentAverages!AK20/MassFormulaTesting!$B$82)*0.68)+0.3 -> #DIV/0! | AE28: =((TotalTournamentAverages!AL20/MassFormulaTesting!$B$84)*0.68)+0.3 -> #DIV/0! | AF28: =((TotalTournamentAverages!AM20/MassFormulaTesting!$B$86)*0.68)+0.3 -> #DIV/0! | AG28: =((TotalTournamentAverages!AN20/MassFormulaTesting!$B$88)*0.68)+0.3 -> #DIV/0! | AH28: =((TotalTournamentAverages!AO20/MassFormulaTesting!$B$90)*0.68)+0.3 -> #DIV/0! | AI28: =((TotalTournamentAverages!AP20/MassFormulaTesting!$B$92)*0.68)+0.3 -> #DIV/0! | AJ28: =((TotalTournamentAverages!AQ20/MassFormulaTesting!$B$94)*0.68)+0.3 -> #DIV/0! | AK28: =((TotalTournamentAverages!AR20/MassFormulaTesting!$B$96)*0.68)+0.3 -> #DIV/0! | AL28: =((TotalTournamentAverages!AS20/MassFormulaTesting!$B$98)*0.68)+0.3 -> #DIV/0! | AM28: =((TotalTournamentAverages!AT20/MassFormulaTesting!$B$100)*0.68)+0.3 -> #DIV/0! | AN28: =((TotalTournamentAverages!AV20/MassFormulaTesting!$B$104)*0.68)+0.3 -> #DIV/0! | AO28: =((TotalTournamentAverages!AW20/MassFormulaTesting!$B$106)*0.68)+0.3 -> #DIV/0! | AP28: =((TotalTournamentAverages!AX20/MassFormulaTesting!$B$108)*0.68)+0.3 -> #DIV/0!
A29: =IFERROR(__xludf.DUMMYFUNCTION("Query(TotalTournamentAverages!A:AV,""Select A,K where A<>'' Order by K Desc Limit 1"")"),"OVERALL") -> OVERALL | B29: =IFERROR(__xludf.DUMMYFUNCTION("""COMPUTED_VALUE"""),"avg TimeAlive") -> avg TimeAlive | D29: =(((F29-$C$13)/$D$12)*0.68)+0.3 -> #DIV/0! | E29: =TotalTournamentAverages!A21 -> InfiniteRainge | F29: =((IFERROR((G29*C$10)+(H29*D$10)+(I29*E$10)+(J29*F$10)+(K29*G$10)+(L29*H$10)+(M29*I$10)+(N29*J$10)+(O29*K$10)+(P29*L$10)+(Q29*M$10)+(R29*N$10)+(S29*O$10)+(T29*P$10)+(U29*Q$10)+(V29*R$10)+(W29*S$10)+(X29*T$10)+(Y29*U$10)+(Z29*V$10)+(AA29*W$10)+(AB29*X$10)+(AC29*Y$10)+(AD29*Z$10)+(AE29*AA$10)+(AF29*AB$10)+(AG29*AC$10)+(AH29*AD$10)+(AI29*AE$10)+(AJ29*AF$10)+(AK29*AG$10)+(AL29*AH$10)+(AM29*AI$10)+(AN29*AJ$10)+(AO29*AK$10)+(AP29*AL$10),"")/F$12)*0.68)+0.3 -> 0.3 | G29: =((TotalTournamentAverages!D21/MassFormulaTesting!$B$16)*0.68)+0.3 -> 0.49428571 | H29: =((TotalTournamentAverages!E21/MassFormulaTesting!$B$18)*0.68)+0.3 -> 0.53023622 | I29: =((TotalTournamentAverages!F21/MassFormulaTesting!$B$20)*0.68)+0.3 -> 0.572 | J29: =(IFERROR(MassFormulaTesting!$C$22/TotalTournamentAverages!G21,"")*0.68)+0.3 -> 0.71463415 | K29: =(((TotalTournamentAverages!H21+118)/(MassFormulaTesting!$B$24+118))*0.68)+0.3 -> 0.83596059 | L29: =((TotalTournamentAverages!I21/MassFormulaTesting!$B$26)*0.68)+0.3 -> 0.66 | M29: =((0.98-(TotalTournamentAverages!J21/MassFormulaTesting!$B$28)*0.68)) -> 0.61733333 | N29: =((TotalTournamentAverages!K21/MassFormulaTesting!$B$30)*0.68)+0.3 -> 0.54253944 | O29: =((TotalTournamentAverages!L21/MassFormulaTesting!$B$32)*0.68)+0.3 -> 0.56478446 | P29: =((TotalTournamentAverages!M21/MassFormulaTesting!$B$34)*0.68)+0.3 -> 0.60909091 | Q29: =((TotalTournamentAverages!N21/MassFormulaTesting!$B$36)*0.68)+0.3 -> 0.67090909 | R29: =((TotalTournamentAverages!O21/MassFormulaTesting!$B$38)*0.68)+0.3 -> 0.3 | S29: =(IFERROR(TotalTournamentAverages!P21/MassFormulaTesting!$B$40,"")*0.68)+0.3 -> 0.3 | T29: =((TotalTournamentAverages!T21/MassFormulaTesting!$B$48)*0.68)+0.3 -> 0.41333333 | U29: =((TotalTournamentAverages!U21/MassFormulaTesting!$B$50)*0.68)+0.3 -> 0.3 | V29: =((TotalTournamentAverages!V21/MassFormulaTesting!$B$52)*0.68)+0.3 -> 0.3 | W29: =(IFERROR(TotalTournamentAverages!W21/MassFormulaTesting!$B$54,"")*0.68)+0.3 -> 0.3 | X29: =(IFERROR(TotalTournamentAverages!X21/MassFormulaTesting!$B$56,"")*0.68)+0.3 -> 0.3 | Y29: =(IFERROR(TotalTournamentAverages!Y21/MassFormulaTesting!$B$58,"")*0.68)+0.3 -> 0.3 | Z29: =(IFERROR(TotalTournamentAverages!Z21/MassFormulaTesting!$B$60,"")*0.68)+0.3 -> 0.3 | AA29: =((TotalTournamentAverages!AD21/MassFormulaTesting!$B$68)*0.68)+0.3 -> 0.3 | AB29: =((TotalTournamentAverages!AG21/MassFormulaTesting!$B$74)*0.68)+0.3 -> #DIV/0! | AC29: =((TotalTournamentAverages!AH21/MassFormulaTesting!$B$76)*0.68)+0.3 -> #DIV/0! | AD29: =((TotalTournamentAverages!AK21/MassFormulaTesting!$B$82)*0.68)+0.3 -> #DIV/0! | AE29: =((TotalTournamentAverages!AL21/MassFormulaTesting!$B$84)*0.68)+0.3 -> #DIV/0! | AF29: =((TotalTournamentAverages!AM21/MassFormulaTesting!$B$86)*0.68)+0.3 -> #DIV/0! | AG29: =((TotalTournamentAverages!AN21/MassFormulaTesting!$B$88)*0.68)+0.3 -> #DIV/0! | AH29: =((TotalTournamentAverages!AO21/MassFormulaTesting!$B$90)*0.68)+0.3 -> #DIV/0! | AI29: =((TotalTournamentAverages!AP21/MassFormulaTesting!$B$92)*0.68)+0.3 -> #DIV/0! | AJ29: =((TotalTournamentAverages!AQ21/MassFormulaTesting!$B$94)*0.68)+0.3 -> #DIV/0! | AK29: =((TotalTournamentAverages!AR21/MassFormulaTesting!$B$96)*0.68)+0.3 -> #DIV/0! | AL29: =((TotalTournamentAverages!AS21/MassFormulaTesting!$B$98)*0.68)+0.3 -> #DIV/0! | AM29: =((TotalTournamentAverages!AT21/MassFormulaTesting!$B$100)*0.68)+0.3 -> #DIV/0! | AN29: =((TotalTournamentAverages!AV21/MassFormulaTesting!$B$104)*0.68)+0.3 -> #DIV/0! | AO29: =((TotalTournamentAverages!AW21/MassFormulaTesting!$B$106)*0.68)+0.3 -> #DIV/0! | AP29: =((TotalTournamentAverages!AX21/MassFormulaTesting!$B$108)*0.68)+0.3 -> #DIV/0!
A30: =IFERROR(__xludf.DUMMYFUNCTION("""COMPUTED_VALUE"""),"Vile") -> Vile | B30: =IFERROR(__xludf.DUMMYFUNCTION("""COMPUTED_VALUE"""),1732.6666666666667) -> 1732.6667 | D30: =(((F30-$C$13)/$D$12)*0.68)+0.3 -> #DIV/0! | E30: =TotalTournamentAverages!A22 -> Into Sublime | F30: =((IFERROR((G30*C$10)+(H30*D$10)+(I30*E$10)+(J30*F$10)+(K30*G$10)+(L30*H$10)+(M30*I$10)+(N30*J$10)+(O30*K$10)+(P30*L$10)+(Q30*M$10)+(R30*N$10)+(S30*O$10)+(T30*P$10)+(U30*Q$10)+(V30*R$10)+(W30*S$10)+(X30*T$10)+(Y30*U$10)+(Z30*V$10)+(AA30*W$10)+(AB30*X$10)+(AC30*Y$10)+(AD30*Z$10)+(AE30*AA$10)+(AF30*AB$10)+(AG30*AC$10)+(AH30*AD$10)+(AI30*AE$10)+(AJ30*AF$10)+(AK30*AG$10)+(AL30*AH$10)+(AM30*AI$10)+(AN30*AJ$10)+(AO30*AK$10)+(AP30*AL$10),"")/F$12)*0.68)+0.3 -> 0.3 | G30: =((TotalTournamentAverages!D22/MassFormulaTesting!$B$16)*0.68)+0.3 -> 0.68857143 | H30: =((TotalTournamentAverages!E22/MassFormulaTesting!$B$18)*0.68)+0.3 -> 0.37496063 | I30: =((TotalTournamentAverages!F22/MassFormulaTesting!$B$20)*0.68)+0.3 -> 0.334 | J30: =(IFERROR(MassFormulaTesting!$C$22/TotalTournamentAverages!G22,"")*0.68)+0.3 -> 0.96666667 | K30: =(((TotalTournamentAverages!H22+118)/(MassFormulaTesting!$B$24+118))*0.68)+0.3 -> 0.77566502 | L30: =((TotalTournamentAverages!I22/MassFormulaTesting!$B$26)*0.68)+0.3 -> 0.45 | M30: =((0.98-(TotalTournamentAverages!J22/MassFormulaTesting!$B$28)*0.68)) -> 0.88933333 | N30: =((TotalTournamentAverages!K22/MassFormulaTesting!$B$30)*0.68)+0.3 -> 0.46757984 | O30: =((TotalTournamentAverages!L22/MassFormulaTesting!$B$32)*0.68)+0.3 -> 0.48425391 | P30: =((TotalTournamentAverages!M22/MassFormulaTesting!$B$34)*0.68)+0.3 -> 0.60909091 | Q30: =((TotalTournamentAverages!N22/MassFormulaTesting!$B$36)*0.68)+0.3 -> 0.3 | R30: =((TotalTournamentAverages!O22/MassFormulaTesting!$B$38)*0.68)+0.3 -> 0.3 | S30: =(IFERROR(TotalTournamentAverages!P22/MassFormulaTesting!$B$40,"")*0.68)+0.3 -> 0.3 | T30: =((TotalTournamentAverages!T22/MassFormulaTesting!$B$48)*0.68)+0.3 -> 0.3 | U30: =((TotalTournamentAverages!U22/MassFormulaTesting!$B$50)*0.68)+0.3 -> 0.3 | V30: =((TotalTournamentAverages!V22/MassFormulaTesting!$B$52)*0.68)+0.3 -> 0.3 | W30: =(IFERROR(TotalTournamentAverages!W22/MassFormulaTesting!$B$54,"")*0.68)+0.3 -> 0.3 | X30: =(IFERROR(TotalTournamentAverages!X22/MassFormulaTesting!$B$56,"")*0.68)+0.3 -> 0.3 | Y30: =(IFERROR(TotalTournamentAverages!Y22/MassFormulaTesting!$B$58,"")*0.68)+0.3 -> 0.3 | Z30: =(IFERROR(TotalTournamentAverages!Z22/MassFormulaTesting!$B$60,"")*0.68)+0.3 -> 0.3 | AA30: =((TotalTournamentAverages!AD22/MassFormulaTesting!$B$68)*0.68)+0.3 -> 0.3 | AB30: =((TotalTournamentAverages!AG22/MassFormulaTesting!$B$74)*0.68)+0.3 -> #DIV/0! | AC30: =((TotalTournamentAverages!AH22/MassFormulaTesting!$B$76)*0.68)+0.3 -> #DIV/0! | AD30: =((TotalTournamentAverages!AK22/MassFormulaTesting!$B$82)*0.68)+0.3 -> #DIV/0! | AE30: =((TotalTournamentAverages!AL22/MassFormulaTesting!$B$84)*0.68)+0.3 -> #DIV/0! | AF30: =((TotalTournamentAverages!AM22/MassFormulaTesting!$B$86)*0.68)+0.3 -> #DIV/0! | AG30: =((TotalTournamentAverages!AN22/MassFormulaTesting!$B$88)*0.68)+0.3 -> #DIV/0! | AH30: =((TotalTournamentAverages!AO22/MassFormulaTesting!$B$90)*0.68)+0.3 -> #DIV/0! | AI30: =((TotalTournamentAverages!AP22/MassFormulaTesting!$B$92)*0.68)+0.3 -> #DIV/0! | AJ30: =((TotalTournamentAverages!AQ22/MassFormulaTesting!$B$94)*0.68)+0.3 -> #DIV/0! | AK30: =((TotalTournamentAverages!AR22/MassFormulaTesting!$B$96)*0.68)+0.3 -> #DIV/0! | AL30: =((TotalTournamentAverages!AS22/MassFormulaTesting!$B$98)*0.68)+0.3 -> #DIV/0! | AM30: =((TotalTournamentAverages!AT22/MassFormulaTesting!$B$100)*0.68)+0.3 -> #DIV/0! | AN30: =((TotalTournamentAverages!AV22/MassFormulaTesting!$B$104)*0.68)+0.3 -> #DIV/0! | AO30: =((TotalTournamentAverages!AW22/MassFormulaTesting!$B$106)*0.68)+0.3 -> #DIV/0! | AP30: =((TotalTournamentAverages!AX22/MassFormulaTesting!$B$108)*0.68)+0.3 -> #DIV/0!
A31: =IFERROR(__xludf.DUMMYFUNCTION("Query(TotalTournamentAverages!A:AV,""Select A,L where A<>'' Order by L Desc Limit 1"")"),"OVERALL") -> OVERALL | B31: =IFERROR(__xludf.DUMMYFUNCTION("""COMPUTED_VALUE"""),"avg GameTime") -> avg GameTime | D31: =(((F31-$C$13)/$D$12)*0.68)+0.3 -> #DIV/0! | E31: =TotalTournamentAverages!A23 -> Itzreelz | F31: =((IFERROR((G31*C$10)+(H31*D$10)+(I31*E$10)+(J31*F$10)+(K31*G$10)+(L31*H$10)+(M31*I$10)+(N31*J$10)+(O31*K$10)+(P31*L$10)+(Q31*M$10)+(R31*N$10)+(S31*O$10)+(T31*P$10)+(U31*Q$10)+(V31*R$10)+(W31*S$10)+(X31*T$10)+(Y31*U$10)+(Z31*V$10)+(AA31*W$10)+(AB31*X$10)+(AC31*Y$10)+(AD31*Z$10)+(AE31*AA$10)+(AF31*AB$10)+(AG31*AC$10)+(AH31*AD$10)+(AI31*AE$10)+(AJ31*AF$10)+(AK31*AG$10)+(AL31*AH$10)+(AM31*AI$10)+(AN31*AJ$10)+(AO31*AK$10)+(AP31*AL$10),"")/F$12)*0.68)+0.3 -> 0.3 | G31: =((TotalTournamentAverages!D23/MassFormulaTesting!$B$16)*0.68)+0.3 -> 0.49428571 | H31: =((TotalTournamentAverages!E23/MassFormulaTesting!$B$18)*0.68)+0.3 -> 0.63018373 | I31: =((TotalTournamentAverages!F23/MassFormulaTesting!$B$20)*0.68)+0.3 -> 0.68533333 | J31: =(IFERROR(MassFormulaTesting!$C$22/TotalTournamentAverages!G23,"")*0.68)+0.3 -> 0.59651163 | K31: =(((TotalTournamentAverages!H23+118)/(MassFormulaTesting!$B$24+118))*0.68)+0.3 -> 0.84638205 | L31: =((TotalTournamentAverages!I23/MassFormulaTesting!$B$26)*0.68)+0.3 -> 0.56 | M31: =((0.98-(TotalTournamentAverages!J23/MassFormulaTesting!$B$28)*0.68)) -> 0.73822222 | N31: =((TotalTournamentAverages!K23/MassFormulaTesting!$B$30)*0.68)+0.3 -> 0.6125279 | O31: =((TotalTournamentAverages!L23/MassFormulaTesting!$B$32)*0.68)+0.3 -> 0.63930207 | P31: =((TotalTournamentAverages!M23/MassFormulaTesting!$B$34)*0.68)+0.3 -> 0.57474747 | Q31: =((TotalTournamentAverages!N23/MassFormulaTesting!$B$36)*0.68)+0.3 -> 0.42363636 | R31: =((TotalTournamentAverages!O23/MassFormulaTesting!$B$38)*0.68)+0.3 -> 0.3 | S31: =(IFERROR(TotalTournamentAverages!P23/MassFormulaTesting!$B$40,"")*0.68)+0.3 -> 0.3 | T31: =((TotalTournamentAverages!T23/MassFormulaTesting!$B$48)*0.68)+0.3 -> 0.64 | U31: =((TotalTournamentAverages!U23/MassFormulaTesting!$B$50)*0.68)+0.3 -> 0.64 | V31: =((TotalTournamentAverages!V23/MassFormulaTesting!$B$52)*0.68)+0.3 -> 0.52666667 | W31: =(IFERROR(TotalTournamentAverages!W23/MassFormulaTesting!$B$54,"")*0.68)+0.3 -> 0.3 | X31: =(IFERROR(TotalTournamentAverages!X23/MassFormulaTesting!$B$56,"")*0.68)+0.3 -> 0.3 | Y31: =(IFERROR(TotalTournamentAverages!Y23/MassFormulaTesting!$B$58,"")*0.68)+0.3 -> 0.3 | Z31: =(IFERROR(TotalTournamentAverages!Z23/MassFormulaTesting!$B$60,"")*0.68)+0.3 -> 0.3 | AA31: =((TotalTournamentAverages!AD23/MassFormulaTesting!$B$68)*0.68)+0.3 -> 0.3 | AB31: =((TotalTournamentAverages!AG23/MassFormulaTesting!$B$74)*0.68)+0.3 -> #DIV/0! | AC31: =((TotalTournamentAverages!AH23/MassFormulaTesting!$B$76)*0.68)+0.3 -> #DIV/0! | AD31: =((TotalTournamentAverages!AK23/MassFormulaTesting!$B$82)*0.68)+0.3 -> #DIV/0! | AE31: =((TotalTournamentAverages!AL23/MassFormulaTesting!$B$84)*0.68)+0.3 -> #DIV/0! | AF31: =((TotalTournamentAverages!AM23/MassFormulaTesting!$B$86)*0.68)+0.3 -> #DIV/0! | AG31: =((TotalTournamentAverages!AN23/MassFormulaTesting!$B$88)*0.68)+0.3 -> #DIV/0! | AH31: =((TotalTournamentAverages!AO23/MassFormulaTesting!$B$90)*0.68)+0.3 -> #DIV/0! | AI31: =((TotalTournamentAverages!AP23/MassFormulaTesting!$B$92)*0.68)+0.3 -> #DIV/0! | AJ31: =((TotalTournamentAverages!AQ23/MassFormulaTesting!$B$94)*0.68)+0.3 -> #DIV/0! | AK31: =((TotalTournamentAverages!AR23/MassFormulaTesting!$B$96)*0.68)+0.3 -> #DIV/0! | AL31: =((TotalTournamentAverages!AS23/MassFormulaTesting!$B$98)*0.68)+0.3 -> #DIV/0! | AM31: =((TotalTournamentAverages!AT23/MassFormulaTesting!$B$100)*0.68)+0.3 -> #DIV/0! | AN31: =((TotalTournamentAverages!AV23/MassFormulaTesting!$B$104)*0.68)+0.3 -> #DIV/0! | AO31: =((TotalTournamentAverages!AW23/MassFormulaTesting!$B$106)*0.68)+0.3 -> #DIV/0! | AP31: =((TotalTournamentAverages!AX23/MassFormulaTesting!$B$108)*0.68)+0.3 -> #DIV/0!
A32: =IFERROR(__xludf.DUMMYFUNCTION("""COMPUTED_VALUE"""),"Yejis Aegyo") -> Yejis Aegyo | B32: =IFERROR(__xludf.DUMMYFUNCTION("""COMPUTED_VALUE"""),2111.0) -> 2111 | D32: =(((F32-$C$13)/$D$12)*0.68)+0.3 -> #DIV/0! | E32: =TotalTournamentAverages!A24 -> Judasey | F32: =((IFERROR((G32*C$10)+(H32*D$10)+(I32*E$10)+(J32*F$10)+(K32*G$10)+(L32*H$10)+(M32*I$10)+(N32*J$10)+(O32*K$10)+(P32*L$10)+(Q32*M$10)+(R32*N$10)+(S32*O$10)+(T32*P$10)+(U32*Q$10)+(V32*R$10)+(W32*S$10)+(X32*T$10)+(Y32*U$10)+(Z32*V$10)+(AA32*W$10)+(AB32*X$10)+(AC32*Y$10)+(AD32*Z$10)+(AE32*AA$10)+(AF32*AB$10)+(AG32*AC$10)+(AH32*AD$10)+(AI32*AE$10)+(AJ32*AF$10)+(AK32*AG$10)+(AL32*AH$10)+(AM32*AI$10)+(AN32*AJ$10)+(AO32*AK$10)+(AP32*AL$10),"")/F$12)*0.68)+0.3 -> 0.3 | G32: =((TotalTournamentAverages!D24/MassFormulaTesting!$B$16)*0.68)+0.3 -> 0.49428571 | H32: =((TotalTournamentAverages!E24/MassFormulaTesting!$B$18)*0.68)+0.3 -> 0.63062992 | I32: =((TotalTournamentAverages!F24/MassFormulaTesting!$B$20)*0.68)+0.3 -> 0.691 | J32: =(IFERROR(MassFormulaTesting!$C$22/TotalTournamentAverages!G24,"")*0.68)+0.3 -> 0.64693878 | K32: =(((TotalTournamentAverages!H24+118)/(MassFormulaTesting!$B$24+118))*0.68)+0.3 -> 0.88397373 | L32: =((TotalTournamentAverages!I24/MassFormulaTesting!$B$26)*0.68)+0.3 -> 0.57 | M32: =((0.98-(TotalTournamentAverages!J24/MassFormulaTesting!$B$28)*0.68)) -> 0.52666667 | N32: =((TotalTournamentAverages!K24/MassFormulaTesting!$B$30)*0.68)+0.3 -> 0.56481147 | O32: =((TotalTournamentAverages!L24/MassFormulaTesting!$B$32)*0.68)+0.3 -> 0.58974893 | P32: =((TotalTournamentAverages!M24/MassFormulaTesting!$B$34)*0.68)+0.3 -> 0.56787879 | Q32: =((TotalTournamentAverages!N24/MassFormulaTesting!$B$36)*0.68)+0.3 -> 0.43909091 | R32: =((TotalTournamentAverages!O24/MassFormulaTesting!$B$38)*0.68)+0.3 -> 0.3 | S32: =(IFERROR(TotalTournamentAverages!P24/MassFormulaTesting!$B$40,"")*0.68)+0.3 -> 0.3 | T32: =((TotalTournamentAverages!T24/MassFormulaTesting!$B$48)*0.68)+0.3 -> 0.725 | U32: =((TotalTournamentAverages!U24/MassFormulaTesting!$B$50)*0.68)+0.3 -> 0.6825 | V32: =((TotalTournamentAverages!V24/MassFormulaTesting!$B$52)*0.68)+0.3 -> 0.47 | W32: =(IFERROR(TotalTournamentAverages!W24/MassFormulaTesting!$B$54,"")*0.68)+0.3 -> 0.3 | X32: =(IFERROR(TotalTournamentAverages!X24/MassFormulaTesting!$B$56,"")*0.68)+0.3 -> 0.3 | Y32: =(IFERROR(TotalTournamentAverages!Y24/MassFormulaTesting!$B$58,"")*0.68)+0.3 -> 0.3 | Z32: =(IFERROR(TotalTournamentAverages!Z24/MassFormulaTesting!$B$60,"")*0.68)+0.3 -> 0.3 | AA32: =((TotalTournamentAverages!AD24/MassFormulaTesting!$B$68)*0.68)+0.3 -> 0.3 | AB32: =((TotalTournamentAverages!AG24/MassFormulaTesting!$B$74)*0.68)+0.3 -> #DIV/0! | AC32: =((TotalTournamentAverages!AH24/MassFormulaTesting!$B$76)*0.68)+0.3 -> #DIV/0! | AD32: =((TotalTournamentAverages!AK24/MassFormulaTesting!$B$82)*0.68)+0.3 -> #DIV/0! | AE32: =((TotalTournamentAverages!AL24/MassFormulaTesting!$B$84)*0.68)+0.3 -> #DIV/0! | AF32: =((TotalTournamentAverages!AM24/MassFormulaTesting!$B$86)*0.68)+0.3 -> #DIV/0! | AG32: =((TotalTournamentAverages!AN24/MassFormulaTesting!$B$88)*0.68)+0.3 -> #DIV/0! | AH32: =((TotalTournamentAverages!AO24/MassFormulaTesting!$B$90)*0.68)+0.3 -> #DIV/0! | AI32: =((TotalTournamentAverages!AP24/MassFormulaTesting!$B$92)*0.68)+0.3 -> #DIV/0! | AJ32: =((TotalTournamentAverages!AQ24/MassFormulaTesting!$B$94)*0.68)+0.3 -> #DIV/0! | AK32: =((TotalTournamentAverages!AR24/MassFormulaTesting!$B$96)*0.68)+0.3 -> #DIV/0! | AL32: =((TotalTournamentAverages!AS24/MassFormulaTesting!$B$98)*0.68)+0.3 -> #DIV/0! | AM32: =((TotalTournamentAverages!AT24/MassFormulaTesting!$B$100)*0.68)+0.3 -> #DIV/0! | AN32: =((TotalTournamentAverages!AV24/MassFormulaTesting!$B$104)*0.68)+0.3 -> #DIV/0! | AO32: =((TotalTournamentAverages!AW24/MassFormulaTesting!$B$106)*0.68)+0.3 -> #DIV/0! | AP32: =((TotalTournamentAverages!AX24/MassFormulaTesting!$B$108)*0.68)+0.3 -> #DIV/0!
A33: =IFERROR(__xludf.DUMMYFUNCTION("Query(TotalTournamentAverages!A:AV,""Select A,M where A<>'' Order by M Desc Limit 1"")"),"OVERALL") -> OVERALL | B33: =IFERROR(__xludf.DUMMYFUNCTION("""COMPUTED_VALUE"""),"avg AverageLife") -> avg AverageLife | D33: =(((F33-$C$13)/$D$12)*0.68)+0.3 -> #DIV/0! | E33: =TotalTournamentAverages!A25 -> Kgod Online | F33: =((IFERROR((G33*C$10)+(H33*D$10)+(I33*E$10)+(J33*F$10)+(K33*G$10)+(L33*H$10)+(M33*I$10)+(N33*J$10)+(O33*K$10)+(P33*L$10)+(Q33*M$10)+(R33*N$10)+(S33*O$10)+(T33*P$10)+(U33*Q$10)+(V33*R$10)+(W33*S$10)+(X33*T$10)+(Y33*U$10)+(Z33*V$10)+(AA33*W$10)+(AB33*X$10)+(AC33*Y$10)+(AD33*Z$10)+(AE33*AA$10)+(AF33*AB$10)+(AG33*AC$10)+(AH33*AD$10)+(AI33*AE$10)+(AJ33*AF$10)+(AK33*AG$10)+(AL33*AH$10)+(AM33*AI$10)+(AN33*AJ$10)+(AO33*AK$10)+(AP33*AL$10),"")/F$12)*0.68)+0.3 -> 0.3 | G33: =((TotalTournamentAverages!D25/MassFormulaTesting!$B$16)*0.68)+0.3 -> 0.3 | H33: =((TotalTournamentAverages!E25/MassFormulaTesting!$B$18)*0.68)+0.3 -> 0.5088189 | I33: =((TotalTournamentAverages!F25/MassFormulaTesting!$B$20)*0.68)+0.3 -> 0.436 | J33: =(IFERROR(MassFormulaTesting!$C$22/TotalTournamentAverages!G25,"")*0.68)+0.3 -> 0.53287671 | K33: =(((TotalTournamentAverages!H25+118)/(MassFormulaTesting!$B$24+118))*0.68)+0.3 -> 0.67517241 | L33: =((TotalTournamentAverages!I25/MassFormulaTesting!$B$26)*0.68)+0.3 -> 0.48 | M33: =((0.98-(TotalTournamentAverages!J25/MassFormulaTesting!$B$28)*0.68)) -> 0.61733333 | N33: =((TotalTournamentAverages!K25/MassFormulaTesting!$B$30)*0.68)+0.3 -> 0.50604078 | O33: =((TotalTournamentAverages!L25/MassFormulaTesting!$B$32)*0.68)+0.3 -> 0.56478446 | P33: =((TotalTournamentAverages!M25/MassFormulaTesting!$B$34)*0.68)+0.3 -> 0.44424242 | Q33: =((TotalTournamentAverages!N25/MassFormulaTesting!$B$36)*0.68)+0.3 -> 0.3 | R33: =((TotalTournamentAverages!O25/MassFormulaTesting!$B$38)*0.68)+0.3 -> 0.3 | S33: =(IFERROR(TotalTournamentAverages!P25/MassFormulaTesting!$B$40,"")*0.68)+0.3 -> 0.3 | T33: =((TotalTournamentAverages!T25/MassFormulaTesting!$B$48)*0.68)+0.3 -> 0.3 | U33: =((TotalTournamentAverages!U25/MassFormulaTesting!$B$50)*0.68)+0.3 -> 0.3 | V33: =((TotalTournamentAverages!V25/MassFormulaTesting!$B$52)*0.68)+0.3 -> 0.3 | W33: =(IFERROR(TotalTournamentAverages!W25/MassFormulaTesting!$B$54,"")*0.68)+0.3 -> 0.3 | X33: =(IFERROR(TotalTournamentAverages!X25/MassFormulaTesting!$B$56,"")*0.68)+0.3 -> 0.3 | Y33: =(IFERROR(TotalTournamentAverages!Y25/MassFormulaTesting!$B$58,"")*0.68)+0.3 -> 0.3 | Z33: =(IFERROR(TotalTournamentAverages!Z25/MassFormulaTesting!$B$60,"")*0.68)+0.3 -> 0.3 | AA33: =((TotalTournamentAverages!AD25/MassFormulaTesting!$B$68)*0.68)+0.3 -> 0.3 | AB33: =((TotalTournamentAverages!AG25/MassFormulaTesting!$B$74)*0.68)+0.3 -> #DIV/0! | AC33: =((TotalTournamentAverages!AH25/MassFormulaTesting!$B$76)*0.68)+0.3 -> #DIV/0! | AD33: =((TotalTournamentAverages!AK25/MassFormulaTesting!$B$82)*0.68)+0.3 -> #DIV/0! | AE33: =((TotalTournamentAverages!AL25/MassFormulaTesting!$B$84)*0.68)+0.3 -> #DIV/0! | AF33: =((TotalTournamentAverages!AM25/MassFormulaTesting!$B$86)*0.68)+0.3 -> #DIV/0! | AG33: =((TotalTournamentAverages!AN25/MassFormulaTesting!$B$88)*0.68)+0.3 -> #DIV/0! | AH33: =((TotalTournamentAverages!AO25/MassFormulaTesting!$B$90)*0.68)+0.3 -> #DIV/0! | AI33: =((TotalTournamentAverages!AP25/MassFormulaTesting!$B$92)*0.68)+0.3 -> #DIV/0! | AJ33: =((TotalTournamentAverages!AQ25/MassFormulaTesting!$B$94)*0.68)+0.3 -> #DIV/0! | AK33: =((TotalTournamentAverages!AR25/MassFormulaTesting!$B$96)*0.68)+0.3 -> #DIV/0! | AL33: =((TotalTournamentAverages!AS25/MassFormulaTesting!$B$98)*0.68)+0.3 -> #DIV/0! | AM33: =((TotalTournamentAverages!AT25/MassFormulaTesting!$B$100)*0.68)+0.3 -> #DIV/0! | AN33: =((TotalTournamentAverages!AV25/MassFormulaTesting!$B$104)*0.68)+0.3 -> #DIV/0! | AO33: =((TotalTournamentAverages!AW25/MassFormulaTesting!$B$106)*0.68)+0.3 -> #DIV/0! | AP33: =((TotalTournamentAverages!AX25/MassFormulaTesting!$B$108)*0.68)+0.3 -> #DIV/0!
A34: =IFERROR(__xludf.DUMMYFUNCTION("""COMPUTED_VALUE"""),"yLuxe") -> yLuxe | B34: =IFERROR(__xludf.DUMMYFUNCTION("""COMPUTED_VALUE"""),33.0) -> 33 | D34: =(((F34-$C$13)/$D$12)*0.68)+0.3 -> #DIV/0! | E34: =TotalTournamentAverages!A26 -> L1ght5aber | F34: =((IFERROR((G34*C$10)+(H34*D$10)+(I34*E$10)+(J34*F$10)+(K34*G$10)+(L34*H$10)+(M34*I$10)+(N34*J$10)+(O34*K$10)+(P34*L$10)+(Q34*M$10)+(R34*N$10)+(S34*O$10)+(T34*P$10)+(U34*Q$10)+(V34*R$10)+(W34*S$10)+(X34*T$10)+(Y34*U$10)+(Z34*V$10)+(AA34*W$10)+(AB34*X$10)+(AC34*Y$10)+(AD34*Z$10)+(AE34*AA$10)+(AF34*AB$10)+(AG34*AC$10)+(AH34*AD$10)+(AI34*AE$10)+(AJ34*AF$10)+(AK34*AG$10)+(AL34*AH$10)+(AM34*AI$10)+(AN34*AJ$10)+(AO34*AK$10)+(AP34*AL$10),"")/F$12)*0.68)+0.3 -> 0.3 | G34: =((TotalTournamentAverages!D26/MassFormulaTesting!$B$16)*0.68)+0.3 -> 0.3 | H34: =((TotalTournamentAverages!E26/MassFormulaTesting!$B$18)*0.68)+0.3 -> 0.9103937 | I34: =((TotalTournamentAverages!F26/MassFormulaTesting!$B$20)*0.68)+0.3 -> 0.98 | J34: =(IFERROR(MassFormulaTesting!$C$22/TotalTournamentAverages!G26,"")*0.68)+0.3 -> 0.44447592 | K34: =(((TotalTournamentAverages!H26+118)/(MassFormulaTesting!$B$24+118))*0.68)+0.3 -> 0.81065134 | L34: =((TotalTournamentAverages!I26/MassFormulaTesting!$B$26)*0.68)+0.3 -> 0.6 | M34: =((0.98-(TotalTournamentAverages!J26/MassFormulaTesting!$B$28)*0.68)) -> 0.61733333 | N34: =((TotalTournamentAverages!K26/MassFormulaTesting!$B$30)*0.68)+0.3 -> 0.86919584 | O34: =((TotalTournamentAverages!L26/MassFormulaTesting!$B$32)*0.68)+0.3 -> 0.91181746 | P34: =((TotalTournamentAverages!M26/MassFormulaTesting!$B$34)*0.68)+0.3 -> 0.55414141 | Q34: =((TotalTournamentAverages!N26/MassFormulaTesting!$B$36)*0.68)+0.3 -> 0.42363636 | R34: =((TotalTournamentAverages!O26/MassFormulaTesting!$B$38)*0.68)+0.3 -> 0.3 | S34: =(IFERROR(TotalTournamentAverages!P26/MassFormulaTesting!$B$40,"")*0.68)+0.3 -> 0.3 | T34: =((TotalTournamentAverages!T26/MassFormulaTesting!$B$48)*0.68)+0.3 -> 0.52666667 | U34: =((TotalTournamentAverages!U26/MassFormulaTesting!$B$50)*0.68)+0.3 -> 0.3 | V34: =((TotalTournamentAverages!V26/MassFormulaTesting!$B$52)*0.68)+0.3 -> 0.3 | W34: =(IFERROR(TotalTournamentAverages!W26/MassFormulaTesting!$B$54,"")*0.68)+0.3 -> 0.3 | X34: =(IFERROR(TotalTournamentAverages!X26/MassFormulaTesting!$B$56,"")*0.68)+0.3 -> 0.3 | Y34: =(IFERROR(TotalTournamentAverages!Y26/MassFormulaTesting!$B$58,"")*0.68)+0.3 -> 0.3 | Z34: =(IFERROR(TotalTournamentAverages!Z26/MassFormulaTesting!$B$60,"")*0.68)+0.3 -> 0.3 | AA34: =((TotalTournamentAverages!AD26/MassFormulaTesting!$B$68)*0.68)+0.3 -> 0.3 | AB34: =((TotalTournamentAverages!AG26/MassFormulaTesting!$B$74)*0.68)+0.3 -> #DIV/0! | AC34: =((TotalTournamentAverages!AH26/MassFormulaTesting!$B$76)*0.68)+0.3 -> #DIV/0! | AD34: =((TotalTournamentAverages!AK26/MassFormulaTesting!$B$82)*0.68)+0.3 -> #DIV/0! | AE34: =((TotalTournamentAverages!AL26/MassFormulaTesting!$B$84)*0.68)+0.3 -> #DIV/0! | AF34: =((TotalTournamentAverages!AM26/MassFormulaTesting!$B$86)*0.68)+0.3 -> #DIV/0! | AG34: =((TotalTournamentAverages!AN26/MassFormulaTesting!$B$88)*0.68)+0.3 -> #DIV/0! | AH34: =((TotalTournamentAverages!AO26/MassFormulaTesting!$B$90)*0.68)+0.3 -> #DIV/0! | AI34: =((TotalTournamentAverages!AP26/MassFormulaTesting!$B$92)*0.68)+0.3 -> #DIV/0! | AJ34: =((TotalTournamentAverages!AQ26/MassFormulaTesting!$B$94)*0.68)+0.3 -> #DIV/0! | AK34: =((TotalTournamentAverages!AR26/MassFormulaTesting!$B$96)*0.68)+0.3 -> #DIV/0! | AL34: =((TotalTournamentAverages!AS26/MassFormulaTesting!$B$98)*0.68)+0.3 -> #DIV/0! | AM34: =((TotalTournamentAverages!AT26/MassFormulaTesting!$B$100)*0.68)+0.3 -> #DIV/0! | AN34: =((TotalTournamentAverages!AV26/MassFormulaTesting!$B$104)*0.68)+0.3 -> #DIV/0! | AO34: =((TotalTournamentAverages!AW26/MassFormulaTesting!$B$106)*0.68)+0.3 -> #DIV/0! | AP34: =((TotalTournamentAverages!AX26/MassFormulaTesting!$B$108)*0.68)+0.3 -> #DIV/0!
A35: =IFERROR(__xludf.DUMMYFUNCTION("Query(TotalTournamentAverages!A:AV,""Select A,N where A<>'' Order by N Desc Limit 1"")"),"OVERALL") -> OVERALL | B35: =IFERROR(__xludf.DUMMYFUNCTION("""COMPUTED_VALUE"""),"avg KillingSprees") -> avg KillingSprees | D35: =(((F35-$C$13)/$D$12)*0.68)+0.3 -> #DIV/0! | E35: =TotalTournamentAverages!A27 -> Lane Uppy | F35: =((IFERROR((G35*C$10)+(H35*D$10)+(I35*E$10)+(J35*F$10)+(K35*G$10)+(L35*H$10)+(M35*I$10)+(N35*J$10)+(O35*K$10)+(P35*L$10)+(Q35*M$10)+(R35*N$10)+(S35*O$10)+(T35*P$10)+(U35*Q$10)+(V35*R$10)+(W35*S$10)+(X35*T$10)+(Y35*U$10)+(Z35*V$10)+(AA35*W$10)+(AB35*X$10)+(AC35*Y$10)+(AD35*Z$10)+(AE35*AA$10)+(AF35*AB$10)+(AG35*AC$10)+(AH35*AD$10)+(AI35*AE$10)+(AJ35*AF$10)+(AK35*AG$10)+(AL35*AH$10)+(AM35*AI$10)+(AN35*AJ$10)+(AO35*AK$10)+(AP35*AL$10),"")/F$12)*0.68)+0.3 -> 0.3 | G35: =((TotalTournamentAverages!D27/MassFormulaTesting!$B$16)*0.68)+0.3 -> 0.3 | H35: =((TotalTournamentAverages!E27/MassFormulaTesting!$B$18)*0.68)+0.3 -> 0.49275591 | I35: =((TotalTournamentAverages!F27/MassFormulaTesting!$B$20)*0.68)+0.3 -> 0.368 | J35: =(IFERROR(MassFormulaTesting!$C$22/TotalTournamentAverages!G27,"")*0.68)+0.3 -> 0.71463415 | K35: =(((TotalTournamentAverages!H27+118)/(MassFormulaTesting!$B$24+118))*0.68)+0.3 -> 0.80469622 | L35: =((TotalTournamentAverages!I27/MassFormulaTesting!$B$26)*0.68)+0.3 -> 0.48 | M35: =((0.98-(TotalTournamentAverages!J27/MassFormulaTesting!$B$28)*0.68)) -> 0.98 | N35: =((TotalTournamentAverages!K27/MassFormulaTesting!$B$30)*0.68)+0.3 -> 0.54136206 | O35: =((TotalTournamentAverages!L27/MassFormulaTesting!$B$32)*0.68)+0.3 -> 0.56478446 | P35: =((TotalTournamentAverages!M27/MassFormulaTesting!$B$34)*0.68)+0.3 -> 0.60909091 | Q35: =((TotalTournamentAverages!N27/MassFormulaTesting!$B$36)*0.68)+0.3 -> 0.3 | R35: =((TotalTournamentAverages!O27/MassFormulaTesting!$B$38)*0.68)+0.3 -> 0.3 | S35: =(IFERROR(TotalTournamentAverages!P27/MassFormulaTesting!$B$40,"")*0.68)+0.3 -> 0.3 | T35: =((TotalTournamentAverages!T27/MassFormulaTesting!$B$48)*0.68)+0.3 -> 0.3 | U35: =((TotalTournamentAverages!U27/MassFormulaTesting!$B$50)*0.68)+0.3 -> 0.3 | V35: =((TotalTournamentAverages!V27/MassFormulaTesting!$B$52)*0.68)+0.3 -> 0.3 | W35: =(IFERROR(TotalTournamentAverages!W27/MassFormulaTesting!$B$54,"")*0.68)+0.3 -> 0.3 | X35: =(IFERROR(TotalTournamentAverages!X27/MassFormulaTesting!$B$56,"")*0.68)+0.3 -> 0.3 | Y35: =(IFERROR(TotalTournamentAverages!Y27/MassFormulaTesting!$B$58,"")*0.68)+0.3 -> 0.3 | Z35: =(IFERROR(TotalTournamentAverages!Z27/MassFormulaTesting!$B$60,"")*0.68)+0.3 -> 0.3 | AA35: =((TotalTournamentAverages!AD27/MassFormulaTesting!$B$68)*0.68)+0.3 -> 0.3 | AB35: =((TotalTournamentAverages!AG27/MassFormulaTesting!$B$74)*0.68)+0.3 -> #DIV/0! | AC35: =((TotalTournamentAverages!AH27/MassFormulaTesting!$B$76)*0.68)+0.3 -> #DIV/0! | AD35: =((TotalTournamentAverages!AK27/MassFormulaTesting!$B$82)*0.68)+0.3 -> #DIV/0! | AE35: =((TotalTournamentAverages!AL27/MassFormulaTesting!$B$84)*0.68)+0.3 -> #DIV/0! | AF35: =((TotalTournamentAverages!AM27/MassFormulaTesting!$B$86)*0.68)+0.3 -> #DIV/0! | AG35: =((TotalTournamentAverages!AN27/MassFormulaTesting!$B$88)*0.68)+0.3 -> #DIV/0! | AH35: =((TotalTournamentAverages!AO27/MassFormulaTesting!$B$90)*0.68)+0.3 -> #DIV/0! | AI35: =((TotalTournamentAverages!AP27/MassFormulaTesting!$B$92)*0.68)+0.3 -> #DIV/0! | AJ35: =((TotalTournamentAverages!AQ27/MassFormulaTesting!$B$94)*0.68)+0.3 -> #DIV/0! | AK35: =((TotalTournamentAverages!AR27/MassFormulaTesting!$B$96)*0.68)+0.3 -> #DIV/0! | AL35: =((TotalTournamentAverages!AS27/MassFormulaTesting!$B$98)*0.68)+0.3 -> #DIV/0! | AM35: =((TotalTournamentAverages!AT27/MassFormulaTesting!$B$100)*0.68)+0.3 -> #DIV/0! | AN35: =((TotalTournamentAverages!AV27/MassFormulaTesting!$B$104)*0.68)+0.3 -> #DIV/0! | AO35: =((TotalTournamentAverages!AW27/MassFormulaTesting!$B$106)*0.68)+0.3 -> #DIV/0! | AP35: =((TotalTournamentAverages!AX27/MassFormulaTesting!$B$108)*0.68)+0.3 -> #DIV/0!
A36: =IFERROR(__xludf.DUMMYFUNCTION("""COMPUTED_VALUE"""),"Vile") -> Vile | B36: =IFERROR(__xludf.DUMMYFUNCTION("""COMPUTED_VALUE"""),3.6666666666666665) -> 3.6666667 | D36: =(((F36-$C$13)/$D$12)*0.68)+0.3 -> #DIV/0! | E36: =TotalTournamentAverages!A28 -> Laser Wins | F36: =((IFERROR((G36*C$10)+(H36*D$10)+(I36*E$10)+(J36*F$10)+(K36*G$10)+(L36*H$10)+(M36*I$10)+(N36*J$10)+(O36*K$10)+(P36*L$10)+(Q36*M$10)+(R36*N$10)+(S36*O$10)+(T36*P$10)+(U36*Q$10)+(V36*R$10)+(W36*S$10)+(X36*T$10)+(Y36*U$10)+(Z36*V$10)+(AA36*W$10)+(AB36*X$10)+(AC36*Y$10)+(AD36*Z$10)+(AE36*AA$10)+(AF36*AB$10)+(AG36*AC$10)+(AH36*AD$10)+(AI36*AE$10)+(AJ36*AF$10)+(AK36*AG$10)+(AL36*AH$10)+(AM36*AI$10)+(AN36*AJ$10)+(AO36*AK$10)+(AP36*AL$10),"")/F$12)*0.68)+0.3 -> 0.3 | G36: =((TotalTournamentAverages!D28/MassFormulaTesting!$B$16)*0.68)+0.3 -> 0.3 | H36: =((TotalTournamentAverages!E28/MassFormulaTesting!$B$18)*0.68)+0.3 -> 0.46598425 | I36: =((TotalTournamentAverages!F28/MassFormulaTesting!$B$20)*0.68)+0.3 -> 0.368 | J36: =(IFERROR(MassFormulaTesting!$C$22/TotalTournamentAverages!G28,"")*0.68)+0.3 -> 0.64 | K36: =(((TotalTournamentAverages!H28+118)/(MassFormulaTesting!$B$24+118))*0.68)+0.3 -> 0.74216749 | L36: =((TotalTournamentAverages!I28/MassFormulaTesting!$B$26)*0.68)+0.3 -> 0.54 | M36: =((0.98-(TotalTournamentAverages!J28/MassFormulaTesting!$B$28)*0.68)) -> 0.79866667 | N36: =((TotalTournamentAverages!K28/MassFormulaTesting!$B$30)*0.68)+0.3 -> 0.53194306 | O36: =((TotalTournamentAverages!L28/MassFormulaTesting!$B$32)*0.68)+0.3 -> 0.56478446 | P36: =((TotalTournamentAverages!M28/MassFormulaTesting!$B$34)*0.68)+0.3 -> 0.52666667 | Q36: =((TotalTournamentAverages!N28/MassFormulaTesting!$B$36)*0.68)+0.3 -> 0.3 | R36: =((TotalTournamentAverages!O28/MassFormulaTesting!$B$38)*0.68)+0.3 -> 0.3 | S36: =(IFERROR(TotalTournamentAverages!P28/MassFormulaTesting!$B$40,"")*0.68)+0.3 -> 0.3 | T36: =((TotalTournamentAverages!T28/MassFormulaTesting!$B$48)*0.68)+0.3 -> 0.3 | U36: =((TotalTournamentAverages!U28/MassFormulaTesting!$B$50)*0.68)+0.3 -> 0.3 | V36: =((TotalTournamentAverages!V28/MassFormulaTesting!$B$52)*0.68)+0.3 -> 0.3 | W36: =(IFERROR(TotalTournamentAverages!W28/MassFormulaTesting!$B$54,"")*0.68)+0.3 -> 0.3 | X36: =(IFERROR(TotalTournamentAverages!X28/MassFormulaTesting!$B$56,"")*0.68)+0.3 -> 0.3 | Y36: =(IFERROR(TotalTournamentAverages!Y28/MassFormulaTesting!$B$58,"")*0.68)+0.3 -> 0.3 | Z36: =(IFERROR(TotalTournamentAverages!Z28/MassFormulaTesting!$B$60,"")*0.68)+0.3 -> 0.3 | AA36: =((TotalTournamentAverages!AD28/MassFormulaTesting!$B$68)*0.68)+0.3 -> 0.3 | AB36: =((TotalTournamentAverages!AG28/MassFormulaTesting!$B$74)*0.68)+0.3 -> #DIV/0! | AC36: =((TotalTournamentAverages!AH28/MassFormulaTesting!$B$76)*0.68)+0.3 -> #DIV/0! | AD36: =((TotalTournamentAverages!AK28/MassFormulaTesting!$B$82)*0.68)+0.3 -> #DIV/0! | AE36: =((TotalTournamentAverages!AL28/MassFormulaTesting!$B$84)*0.68)+0.3 -> #DIV/0! | AF36: =((TotalTournamentAverages!AM28/MassFormulaTesting!$B$86)*0.68)+0.3 -> #DIV/0! | AG36: =((TotalTournamentAverages!AN28/MassFormulaTesting!$B$88)*0.68)+0.3 -> #DIV/0! | AH36: =((TotalTournamentAverages!AO28/MassFormulaTesting!$B$90)*0.68)+0.3 -> #DIV/0! | AI36: =((TotalTournamentAverages!AP28/MassFormulaTesting!$B$92)*0.68)+0.3 -> #DIV/0! | AJ36: =((TotalTournamentAverages!AQ28/MassFormulaTesting!$B$94)*0.68)+0.3 -> #DIV/0! | AK36: =((TotalTournamentAverages!AR28/MassFormulaTesting!$B$96)*0.68)+0.3 -> #DIV/0! | AL36: =((TotalTournamentAverages!AS28/MassFormulaTesting!$B$98)*0.68)+0.3 -> #DIV/0! | AM36: =((TotalTournamentAverages!AT28/MassFormulaTesting!$B$100)*0.68)+0.3 -> #DIV/0! | AN36: =((TotalTournamentAverages!AV28/MassFormulaTesting!$B$104)*0.68)+0.3 -> #DIV/0! | AO36: =((TotalTournamentAverages!AW28/MassFormulaTesting!$B$106)*0.68)+0.3 -> #DIV/0! | AP36: =((TotalTournamentAverages!AX28/MassFormulaTesting!$B$108)*0.68)+0.3 -> #DIV/0!
A37: =IFERROR(__xludf.DUMMYFUNCTION("Query(TotalTournamentAverages!A:AV,""Select A,O where A<>'' Order by O Desc Limit 1"")"),"OVERALL") -> OVERALL | B37: =IFERROR(__xludf.DUMMYFUNCTION("""COMPUTED_VALUE"""),"avg KillingFrenzies") -> avg KillingFrenzies | D37: =(((F37-$C$13)/$D$12)*0.68)+0.3 -> #DIV/0! | E37: =TotalTournamentAverages!A29 -> Luner Panda | F37: =((IFERROR((G37*C$10)+(H37*D$10)+(I37*E$10)+(J37*F$10)+(K37*G$10)+(L37*H$10)+(M37*I$10)+(N37*J$10)+(O37*K$10)+(P37*L$10)+(Q37*M$10)+(R37*N$10)+(S37*O$10)+(T37*P$10)+(U37*Q$10)+(V37*R$10)+(W37*S$10)+(X37*T$10)+(Y37*U$10)+(Z37*V$10)+(AA37*W$10)+(AB37*X$10)+(AC37*Y$10)+(AD37*Z$10)+(AE37*AA$10)+(AF37*AB$10)+(AG37*AC$10)+(AH37*AD$10)+(AI37*AE$10)+(AJ37*AF$10)+(AK37*AG$10)+(AL37*AH$10)+(AM37*AI$10)+(AN37*AJ$10)+(AO37*AK$10)+(AP37*AL$10),"")/F$12)*0.68)+0.3 -> 0.3 | G37: =((TotalTournamentAverages!D29/MassFormulaTesting!$B$16)*0.68)+0.3 -> 0.44571429 | H37: =((TotalTournamentAverages!E29/MassFormulaTesting!$B$18)*0.68)+0.3 -> 0.78456693 | I37: =((TotalTournamentAverages!F29/MassFormulaTesting!$B$20)*0.68)+0.3 -> 0.47 | J37: =(IFERROR(MassFormulaTesting!$C$22/TotalTournamentAverages!G29,"")*0.68)+0.3 -> 0.47258883 | K37: =(((TotalTournamentAverages!H29+118)/(MassFormulaTesting!$B$24+118))*0.68)+0.3 -> 0.79129721 | L37: =((TotalTournamentAverages!I29/MassFormulaTesting!$B$26)*0.68)+0.3 -> 0.6 | M37: =((0.98-(TotalTournamentAverages!J29/MassFormulaTesting!$B$28)*0.68)) -> 0.79866667 | N37: =((TotalTournamentAverages!K29/MassFormulaTesting!$B$30)*0.68)+0.3 -> 0.75623317 | O37: =((TotalTournamentAverages!L29/MassFormulaTesting!$B$32)*0.68)+0.3 -> 0.7973567 | P37: =((TotalTournamentAverages!M29/MassFormulaTesting!$B$34)*0.68)+0.3 -> 0.5730303 | Q37: =((TotalTournamentAverages!N29/MassFormulaTesting!$B$36)*0.68)+0.3 -> 0.39272727 | R37: =((TotalTournamentAverages!O29/MassFormulaTesting!$B$38)*0.68)+0.3 -> 0.3 | S37: =(IFERROR(TotalTournamentAverages!P29/MassFormulaTesting!$B$40,"")*0.68)+0.3 -> 0.3 | T37: =((TotalTournamentAverages!T29/MassFormulaTesting!$B$48)*0.68)+0.3 -> 0.555 | U37: =((TotalTournamentAverages!U29/MassFormulaTesting!$B$50)*0.68)+0.3 -> 0.3 | V37: =((TotalTournamentAverages!V29/MassFormulaTesting!$B$52)*0.68)+0.3 -> 0.3 | W37: =(IFERROR(TotalTournamentAverages!W29/MassFormulaTesting!$B$54,"")*0.68)+0.3 -> 0.3 | X37: =(IFERROR(TotalTournamentAverages!X29/MassFormulaTesting!$B$56,"")*0.68)+0.3 -> 0.3 | Y37: =(IFERROR(TotalTournamentAverages!Y29/MassFormulaTesting!$B$58,"")*0.68)+0.3 -> 0.3 | Z37: =(IFERROR(TotalTournamentAverages!Z29/MassFormulaTesting!$B$60,"")*0.68)+0.3 -> 0.3 | AA37: =((TotalTournamentAverages!AD29/MassFormulaTesting!$B$68)*0.68)+0.3 -> 0.3 | AB37: =((TotalTournamentAverages!AG29/MassFormulaTesting!$B$74)*0.68)+0.3 -> #DIV/0! | AC37: =((TotalTournamentAverages!AH29/MassFormulaTesting!$B$76)*0.68)+0.3 -> #DIV/0! | AD37: =((TotalTournamentAverages!AK29/MassFormulaTesting!$B$82)*0.68)+0.3 -> #DIV/0! | AE37: =((TotalTournamentAverages!AL29/MassFormulaTesting!$B$84)*0.68)+0.3 -> #DIV/0! | AF37: =((TotalTournamentAverages!AM29/MassFormulaTesting!$B$86)*0.68)+0.3 -> #DIV/0! | AG37: =((TotalTournamentAverages!AN29/MassFormulaTesting!$B$88)*0.68)+0.3 -> #DIV/0! | AH37: =((TotalTournamentAverages!AO29/MassFormulaTesting!$B$90)*0.68)+0.3 -> #DIV/0! | AI37: =((TotalTournamentAverages!AP29/MassFormulaTesting!$B$92)*0.68)+0.3 -> #DIV/0! | AJ37: =((TotalTournamentAverages!AQ29/MassFormulaTesting!$B$94)*0.68)+0.3 -> #DIV/0! | AK37: =((TotalTournamentAverages!AR29/MassFormulaTesting!$B$96)*0.68)+0.3 -> #DIV/0! | AL37: =((TotalTournamentAverages!AS29/MassFormulaTesting!$B$98)*0.68)+0.3 -> #DIV/0! | AM37: =((TotalTournamentAverages!AT29/MassFormulaTesting!$B$100)*0.68)+0.3 -> #DIV/0! | AN37: =((TotalTournamentAverages!AV29/MassFormulaTesting!$B$104)*0.68)+0.3 -> #DIV/0! | AO37: =((TotalTournamentAverages!AW29/MassFormulaTesting!$B$106)*0.68)+0.3 -> #DIV/0! | AP37: =((TotalTournamentAverages!AX29/MassFormulaTesting!$B$108)*0.68)+0.3 -> #DIV/0!
A38: =IFERROR(__xludf.DUMMYFUNCTION("""COMPUTED_VALUE"""),"Vile") -> Vile | B38: =IFERROR(__xludf.DUMMYFUNCTION("""COMPUTED_VALUE"""),1.0) -> 1 | D38: =(((F38-$C$13)/$D$12)*0.68)+0.3 -> #DIV/0! | E38: =TotalTournamentAverages!A30 -> Mavbrid | F38: =((IFERROR((G38*C$10)+(H38*D$10)+(I38*E$10)+(J38*F$10)+(K38*G$10)+(L38*H$10)+(M38*I$10)+(N38*J$10)+(O38*K$10)+(P38*L$10)+(Q38*M$10)+(R38*N$10)+(S38*O$10)+(T38*P$10)+(U38*Q$10)+(V38*R$10)+(W38*S$10)+(X38*T$10)+(Y38*U$10)+(Z38*V$10)+(AA38*W$10)+(AB38*X$10)+(AC38*Y$10)+(AD38*Z$10)+(AE38*AA$10)+(AF38*AB$10)+(AG38*AC$10)+(AH38*AD$10)+(AI38*AE$10)+(AJ38*AF$10)+(AK38*AG$10)+(AL38*AH$10)+(AM38*AI$10)+(AN38*AJ$10)+(AO38*AK$10)+(AP38*AL$10),"")/F$12)*0.68)+0.3 -> 0.3 | G38: =((TotalTournamentAverages!D30/MassFormulaTesting!$B$16)*0.68)+0.3 -> 0.3 | H38: =((TotalTournamentAverages!E30/MassFormulaTesting!$B$18)*0.68)+0.3 -> 0.51685039 | I38: =((TotalTournamentAverages!F30/MassFormulaTesting!$B$20)*0.68)+0.3 -> 0.47 | J38: =(IFERROR(MassFormulaTesting!$C$22/TotalTournamentAverages!G30,"")*0.68)+0.3 -> 0.60357143 | K38: =(((TotalTournamentAverages!H30+118)/(MassFormulaTesting!$B$24+118))*0.68)+0.3 -> 0.75779967 | L38: =((TotalTournamentAverages!I30/MassFormulaTesting!$B$26)*0.68)+0.3 -> 0.51 | M38: =((0.98-(TotalTournamentAverages!J30/MassFormulaTesting!$B$28)*0.68)) -> 0.79866667 | N38: =((TotalTournamentAverages!K30/MassFormulaTesting!$B$30)*0.68)+0.3 -> 0.55961139 | O38: =((TotalTournamentAverages!L30/MassFormulaTesting!$B$32)*0.68)+0.3 -> 0.58894363 | P38: =((TotalTournamentAverages!M30/MassFormulaTesting!$B$34)*0.68)+0.3 -> 0.5369697 | Q38: =((TotalTournamentAverages!N30/MassFormulaTesting!$B$36)*0.68)+0.3 -> 0.3 | R38: =((TotalTournamentAverages!O30/MassFormulaTesting!$B$38)*0.68)+0.3 -> 0.3 | S38: =(IFERROR(TotalTournamentAverages!P30/MassFormulaTesting!$B$40,"")*0.68)+0.3 -> 0.3 | T38: =((TotalTournamentAverages!T30/MassFormulaTesting!$B$48)*0.68)+0.3 -> 0.3 | U38: =((TotalTournamentAverages!U30/MassFormulaTesting!$B$50)*0.68)+0.3 -> 0.3 | V38: =((TotalTournamentAverages!V30/MassFormulaTesting!$B$52)*0.68)+0.3 -> 0.3 | W38: =(IFERROR(TotalTournamentAverages!W30/MassFormulaTesting!$B$54,"")*0.68)+0.3 -> 0.3 | X38: =(IFERROR(TotalTournamentAverages!X30/MassFormulaTesting!$B$56,"")*0.68)+0.3 -> 0.3 | Y38: =(IFERROR(TotalTournamentAverages!Y30/MassFormulaTesting!$B$58,"")*0.68)+0.3 -> 0.3 | Z38: =(IFERROR(TotalTournamentAverages!Z30/MassFormulaTesting!$B$60,"")*0.68)+0.3 -> 0.3 | AA38: =((TotalTournamentAverages!AD30/MassFormulaTesting!$B$68)*0.68)+0.3 -> 0.3 | AB38: =((TotalTournamentAverages!AG30/MassFormulaTesting!$B$74)*0.68)+0.3 -> #DIV/0! | AC38: =((TotalTournamentAverages!AH30/MassFormulaTesting!$B$76)*0.68)+0.3 -> #DIV/0! | AD38: =((TotalTournamentAverages!AK30/MassFormulaTesting!$B$82)*0.68)+0.3 -> #DIV/0! | AE38: =((TotalTournamentAverages!AL30/MassFormulaTesting!$B$84)*0.68)+0.3 -> #DIV/0! | AF38: =((TotalTournamentAverages!AM30/MassFormulaTesting!$B$86)*0.68)+0.3 -> #DIV/0! | AG38: =((TotalTournamentAverages!AN30/MassFormulaTesting!$B$88)*0.68)+0.3 -> #DIV/0! | AH38: =((TotalTournamentAverages!AO30/MassFormulaTesting!$B$90)*0.68)+0.3 -> #DIV/0! | AI38: =((TotalTournamentAverages!AP30/MassFormulaTesting!$B$92)*0.68)+0.3 -> #DIV/0! | AJ38: =((TotalTournamentAverages!AQ30/MassFormulaTesting!$B$94)*0.68)+0.3 -> #DIV/0! | AK38: =((TotalTournamentAverages!AR30/MassFormulaTesting!$B$96)*0.68)+0.3 -> #DIV/0! | AL38: =((TotalTournamentAverages!AS30/MassFormulaTesting!$B$98)*0.68)+0.3 -> #DIV/0! | AM38: =((TotalTournamentAverages!AT30/MassFormulaTesting!$B$100)*0.68)+0.3 -> #DIV/0! | AN38: =((TotalTournamentAverages!AV30/MassFormulaTesting!$B$104)*0.68)+0.3 -> #DIV/0! | AO38: =((TotalTournamentAverages!AW30/MassFormulaTesting!$B$106)*0.68)+0.3 -> #DIV/0! | AP38: =((TotalTournamentAverages!AX30/MassFormulaTesting!$B$108)*0.68)+0.3 -> #DIV/0!
A39: =IFERROR(__xludf.DUMMYFUNCTION("Query(TotalTournamentAverages!A:AV,""Select A,P where A<>'' Order by P Desc Limit 1"")"),"OVERALL") -> OVERALL | B39: =IFERROR(__xludf.DUMMYFUNCTION("""COMPUTED_VALUE"""),"avg RunningRiots") -> avg RunningRiots | D39: =(((F39-$C$13)/$D$12)*0.68)+0.3 -> #DIV/0! | E39: =TotalTournamentAverages!A31 -> MealyKitten0 | F39: =((IFERROR((G39*C$10)+(H39*D$10)+(I39*E$10)+(J39*F$10)+(K39*G$10)+(L39*H$10)+(M39*I$10)+(N39*J$10)+(O39*K$10)+(P39*L$10)+(Q39*M$10)+(R39*N$10)+(S39*O$10)+(T39*P$10)+(U39*Q$10)+(V39*R$10)+(W39*S$10)+(X39*T$10)+(Y39*U$10)+(Z39*V$10)+(AA39*W$10)+(AB39*X$10)+(AC39*Y$10)+(AD39*Z$10)+(AE39*AA$10)+(AF39*AB$10)+(AG39*AC$10)+(AH39*AD$10)+(AI39*AE$10)+(AJ39*AF$10)+(AK39*AG$10)+(AL39*AH$10)+(AM39*AI$10)+(AN39*AJ$10)+(AO39*AK$10)+(AP39*AL$10),"")/F$12)*0.68)+0.3 -> 0.3 | G39: =((TotalTournamentAverages!D31/MassFormulaTesting!$B$16)*0.68)+0.3 -> 0.68857143 | H39: =((TotalTournamentAverages!E31/MassFormulaTesting!$B$18)*0.68)+0.3 -> 0.53559055 | I39: =((TotalTournamentAverages!F31/MassFormulaTesting!$B$20)*0.68)+0.3 -> 0.504 | J39: =(IFERROR(MassFormulaTesting!$C$22/TotalTournamentAverages!G31,"")*0.68)+0.3 -> 0.62075472 | K39: =(((TotalTournamentAverages!H31+118)/(MassFormulaTesting!$B$24+118))*0.68)+0.3 -> 0.78683087 | L39: =((TotalTournamentAverages!I31/MassFormulaTesting!$B$26)*0.68)+0.3 -> 0.54 | M39: =((0.98-(TotalTournamentAverages!J31/MassFormulaTesting!$B$28)*0.68)) -> 0.79866667 | N39: =((TotalTournamentAverages!K31/MassFormulaTesting!$B$30)*0.68)+0.3 -> 0.56432089 | O39: =((TotalTournamentAverages!L31/MassFormulaTesting!$B$32)*0.68)+0.3 -> 0.58894363 | P39: =((TotalTournamentAverages!M31/MassFormulaTesting!$B$34)*0.68)+0.3 -> 0.55757576 | Q39: =((TotalTournamentAverages!N31/MassFormulaTesting!$B$36)*0.68)+0.3 -> 0.39272727 | R39: =((TotalTournamentAverages!O31/MassFormulaTesting!$B$38)*0.68)+0.3 -> 0.3 | S39: =(IFERROR(TotalTournamentAverages!P31/MassFormulaTesting!$B$40,"")*0.68)+0.3 -> 0.3 | T39: =((TotalTournamentAverages!T31/MassFormulaTesting!$B$48)*0.68)+0.3 -> 0.41333333 | U39: =((TotalTournamentAverages!U31/MassFormulaTesting!$B$50)*0.68)+0.3 -> 0.3 | V39: =((TotalTournamentAverages!V31/MassFormulaTesting!$B$52)*0.68)+0.3 -> 0.3 | W39: =(IFERROR(TotalTournamentAverages!W31/MassFormulaTesting!$B$54,"")*0.68)+0.3 -> 0.3 | X39: =(IFERROR(TotalTournamentAverages!X31/MassFormulaTesting!$B$56,"")*0.68)+0.3 -> 0.3 | Y39: =(IFERROR(TotalTournamentAverages!Y31/MassFormulaTesting!$B$58,"")*0.68)+0.3 -> 0.3 | Z39: =(IFERROR(TotalTournamentAverages!Z31/MassFormulaTesting!$B$60,"")*0.68)+0.3 -> 0.3 | AA39: =((TotalTournamentAverages!AD31/MassFormulaTesting!$B$68)*0.68)+0.3 -> 0.3 | AB39: =((TotalTournamentAverages!AG31/MassFormulaTesting!$B$74)*0.68)+0.3 -> #DIV/0! | AC39: =((TotalTournamentAverages!AH31/MassFormulaTesting!$B$76)*0.68)+0.3 -> #DIV/0! | AD39: =((TotalTournamentAverages!AK31/MassFormulaTesting!$B$82)*0.68)+0.3 -> #DIV/0! | AE39: =((TotalTournamentAverages!AL31/MassFormulaTesting!$B$84)*0.68)+0.3 -> #DIV/0! | AF39: =((TotalTournamentAverages!AM31/MassFormulaTesting!$B$86)*0.68)+0.3 -> #DIV/0! | AG39: =((TotalTournamentAverages!AN31/MassFormulaTesting!$B$88)*0.68)+0.3 -> #DIV/0! | AH39: =((TotalTournamentAverages!AO31/MassFormulaTesting!$B$90)*0.68)+0.3 -> #DIV/0! | AI39: =((TotalTournamentAverages!AP31/MassFormulaTesting!$B$92)*0.68)+0.3 -> #DIV/0! | AJ39: =((TotalTournamentAverages!AQ31/MassFormulaTesting!$B$94)*0.68)+0.3 -> #DIV/0! | AK39: =((TotalTournamentAverages!AR31/MassFormulaTesting!$B$96)*0.68)+0.3 -> #DIV/0! | AL39: =((TotalTournamentAverages!AS31/MassFormulaTesting!$B$98)*0.68)+0.3 -> #DIV/0! | AM39: =((TotalTournamentAverages!AT31/MassFormulaTesting!$B$100)*0.68)+0.3 -> #DIV/0! | AN39: =((TotalTournamentAverages!AV31/MassFormulaTesting!$B$104)*0.68)+0.3 -> #DIV/0! | AO39: =((TotalTournamentAverages!AW31/MassFormulaTesting!$B$106)*0.68)+0.3 -> #DIV/0! | AP39: =((TotalTournamentAverages!AX31/MassFormulaTesting!$B$108)*0.68)+0.3 -> #DIV/0!
A40: =IFERROR(__xludf.DUMMYFUNCTION("""COMPUTED_VALUE"""),"Vile") -> Vile | B40: =IFERROR(__xludf.DUMMYFUNCTION("""COMPUTED_VALUE"""),0.3333333333333333) -> 0.33333333 | D40: =(((F40-$C$13)/$D$12)*0.68)+0.3 -> #DIV/0! | E40: =TotalTournamentAverages!A32 -> Mhurcy | F40: =((IFERROR((G40*C$10)+(H40*D$10)+(I40*E$10)+(J40*F$10)+(K40*G$10)+(L40*H$10)+(M40*I$10)+(N40*J$10)+(O40*K$10)+(P40*L$10)+(Q40*M$10)+(R40*N$10)+(S40*O$10)+(T40*P$10)+(U40*Q$10)+(V40*R$10)+(W40*S$10)+(X40*T$10)+(Y40*U$10)+(Z40*V$10)+(AA40*W$10)+(AB40*X$10)+(AC40*Y$10)+(AD40*Z$10)+(AE40*AA$10)+(AF40*AB$10)+(AG40*AC$10)+(AH40*AD$10)+(AI40*AE$10)+(AJ40*AF$10)+(AK40*AG$10)+(AL40*AH$10)+(AM40*AI$10)+(AN40*AJ$10)+(AO40*AK$10)+(AP40*AL$10),"")/F$12)*0.68)+0.3 -> 0.3 | G40: =((TotalTournamentAverages!D32/MassFormulaTesting!$B$16)*0.68)+0.3 -> 0.3 | H40: =((TotalTournamentAverages!E32/MassFormulaTesting!$B$18)*0.68)+0.3 -> 0.6248294 | I40: =((TotalTournamentAverages!F32/MassFormulaTesting!$B$20)*0.68)+0.3 -> 0.52666667 | J40: =(IFERROR(MassFormulaTesting!$C$22/TotalTournamentAverages!G32,"")*0.68)+0.3 -> 0.54170616 | K40: =(((TotalTournamentAverages!H32+118)/(MassFormulaTesting!$B$24+118))*0.68)+0.3 -> 0.78385331 | L40: =((TotalTournamentAverages!I32/MassFormulaTesting!$B$26)*0.68)+0.3 -> 0.56 | M40: =((0.98-(TotalTournamentAverages!J32/MassFormulaTesting!$B$28)*0.68)) -> 0.61733333 | N40: =((TotalTournamentAverages!K32/MassFormulaTesting!$B$30)*0.68)+0.3 -> 0.59722201 | O40: =((TotalTournamentAverages!L32/MassFormulaTesting!$B$32)*0.68)+0.3 -> 0.63930207 | P40: =((TotalTournamentAverages!M32/MassFormulaTesting!$B$34)*0.68)+0.3 -> 0.50606061 | Q40: =((TotalTournamentAverages!N32/MassFormulaTesting!$B$36)*0.68)+0.3 -> 0.48545455 | R40: =((TotalTournamentAverages!O32/MassFormulaTesting!$B$38)*0.68)+0.3 -> 0.3 | S40: =(IFERROR(TotalTournamentAverages!P32/MassFormulaTesting!$B$40,"")*0.68)+0.3 -> 0.3 | T40: =((TotalTournamentAverages!T32/MassFormulaTesting!$B$48)*0.68)+0.3 -> 0.48888889 | U40: =((TotalTournamentAverages!U32/MassFormulaTesting!$B$50)*0.68)+0.3 -> 0.47 | V40: =((TotalTournamentAverages!V32/MassFormulaTesting!$B$52)*0.68)+0.3 -> 0.52666667 | W40: =(IFERROR(TotalTournamentAverages!W32/MassFormulaTesting!$B$54,"")*0.68)+0.3 -> 0.3 | X40: =(IFERROR(TotalTournamentAverages!X32/MassFormulaTesting!$B$56,"")*0.68)+0.3 -> 0.3 | Y40: =(IFERROR(TotalTournamentAverages!Y32/MassFormulaTesting!$B$58,"")*0.68)+0.3 -> 0.3 | Z40: =(IFERROR(TotalTournamentAverages!Z32/MassFormulaTesting!$B$60,"")*0.68)+0.3 -> 0.3 | AA40: =((TotalTournamentAverages!AD32/MassFormulaTesting!$B$68)*0.68)+0.3 -> 0.3 | AB40: =((TotalTournamentAverages!AG32/MassFormulaTesting!$B$74)*0.68)+0.3 -> #DIV/0! | AC40: =((TotalTournamentAverages!AH32/MassFormulaTesting!$B$76)*0.68)+0.3 -> #DIV/0! | AD40: =((TotalTournamentAverages!AK32/MassFormulaTesting!$B$82)*0.68)+0.3 -> #DIV/0! | AE40: =((TotalTournamentAverages!AL32/MassFormulaTesting!$B$84)*0.68)+0.3 -> #DIV/0! | AF40: =((TotalTournamentAverages!AM32/MassFormulaTesting!$B$86)*0.68)+0.3 -> #DIV/0! | AG40: =((TotalTournamentAverages!AN32/MassFormulaTesting!$B$88)*0.68)+0.3 -> #DIV/0! | AH40: =((TotalTournamentAverages!AO32/MassFormulaTesting!$B$90)*0.68)+0.3 -> #DIV/0! | AI40: =((TotalTournamentAverages!AP32/MassFormulaTesting!$B$92)*0.68)+0.3 -> #DIV/0! | AJ40: =((TotalTournamentAverages!AQ32/MassFormulaTesting!$B$94)*0.68)+0.3 -> #DIV/0! | AK40: =((TotalTournamentAverages!AR32/MassFormulaTesting!$B$96)*0.68)+0.3 -> #DIV/0! | AL40: =((TotalTournamentAverages!AS32/MassFormulaTesting!$B$98)*0.68)+0.3 -> #DIV/0! | AM40: =((TotalTournamentAverages!AT32/MassFormulaTesting!$B$100)*0.68)+0.3 -> #DIV/0! | AN40: =((TotalTournamentAverages!AV32/MassFormulaTesting!$B$104)*0.68)+0.3 -> #DIV/0! | AO40: =((TotalTournamentAverages!AW32/MassFormulaTesting!$B$106)*0.68)+0.3 -> #DIV/0! | AP40: =((TotalTournamentAverages!AX32/MassFormulaTesting!$B$108)*0.68)+0.3 -> #DIV/0!
A41: =IFERROR(__xludf.DUMMYFUNCTION("Query(TotalTournamentAverages!A:AV,""Select A,Q where A<>'' Order by Q Desc Limit 1"")"),"OVERALL") -> OVERALL | B41: =IFERROR(__xludf.DUMMYFUNCTION("""COMPUTED_VALUE"""),"avg Rampages") -> avg Rampages | D41: =(((F41-$C$13)/$D$12)*0.68)+0.3 -> #DIV/0! | E41: =TotalTournamentAverages!A33 -> MoldyVolts | F41: =((IFERROR((G41*C$10)+(H41*D$10)+(I41*E$10)+(J41*F$10)+(K41*G$10)+(L41*H$10)+(M41*I$10)+(N41*J$10)+(O41*K$10)+(P41*L$10)+(Q41*M$10)+(R41*N$10)+(S41*O$10)+(T41*P$10)+(U41*Q$10)+(V41*R$10)+(W41*S$10)+(X41*T$10)+(Y41*U$10)+(Z41*V$10)+(AA41*W$10)+(AB41*X$10)+(AC41*Y$10)+(AD41*Z$10)+(AE41*AA$10)+(AF41*AB$10)+(AG41*AC$10)+(AH41*AD$10)+(AI41*AE$10)+(AJ41*AF$10)+(AK41*AG$10)+(AL41*AH$10)+(AM41*AI$10)+(AN41*AJ$10)+(AO41*AK$10)+(AP41*AL$10),"")/F$12)*0.68)+0.3 -> 0.3 | G41: =((TotalTournamentAverages!D33/MassFormulaTesting!$B$16)*0.68)+0.3 -> 0.39714286 | H41: =((TotalTournamentAverages!E33/MassFormulaTesting!$B$18)*0.68)+0.3 -> 0.81669291 | I41: =((TotalTournamentAverages!F33/MassFormulaTesting!$B$20)*0.68)+0.3 -> 0.844 | J41: =(IFERROR(MassFormulaTesting!$C$22/TotalTournamentAverages!G33,"")*0.68)+0.3 -> 0.43963039 | K41: =(((TotalTournamentAverages!H33+118)/(MassFormulaTesting!$B$24+118))*0.68)+0.3 -> 0.71425287 | L41: =((TotalTournamentAverages!I33/MassFormulaTesting!$B$26)*0.68)+0.3 -> 0.645 | M41: =((0.98-(TotalTournamentAverages!J33/MassFormulaTesting!$B$28)*0.68)) -> 0.61733333 | N41: =((TotalTournamentAverages!K33/MassFormulaTesting!$B$30)*0.68)+0.3 -> 0.79901116 | O41: =((TotalTournamentAverages!L33/MassFormulaTesting!$B$32)*0.68)+0.3 -> 0.85590242 | P41: =((TotalTournamentAverages!M33/MassFormulaTesting!$B$34)*0.68)+0.3 -> 0.51121212 | Q41: =((TotalTournamentAverages!N33/MassFormulaTesting!$B$36)*0.68)+0.3 -> 0.71727273 | R41: =((TotalTournamentAverages!O33/MassFormulaTesting!$B$38)*0.68)+0.3 -> 0.3 | S41: =(IFERROR(TotalTournamentAverages!P33/MassFormulaTesting!$B$40,"")*0.68)+0.3 -> 0.3 | T41: =((TotalTournamentAverages!T33/MassFormulaTesting!$B$48)*0.68)+0.3 -> 0.69666667 | U41: =((TotalTournamentAverages!U33/MassFormulaTesting!$B$50)*0.68)+0.3 -> 0.9375 | V41: =((TotalTournamentAverages!V33/MassFormulaTesting!$B$52)*0.68)+0.3 -> 0.3 | W41: =(IFERROR(TotalTournamentAverages!W33/MassFormulaTesting!$B$54,"")*0.68)+0.3 -> 0.3 | X41: =(IFERROR(TotalTournamentAverages!X33/MassFormulaTesting!$B$56,"")*0.68)+0.3 -> 0.3 | Y41: =(IFERROR(TotalTournamentAverages!Y33/MassFormulaTesting!$B$58,"")*0.68)+0.3 -> 0.3 | Z41: =(IFERROR(TotalTournamentAverages!Z33/MassFormulaTesting!$B$60,"")*0.68)+0.3 -> 0.3 | AA41: =((TotalTournamentAverages!AD33/MassFormulaTesting!$B$68)*0.68)+0.3 -> 0.3 | AB41: =((TotalTournamentAverages!AG33/MassFormulaTesting!$B$74)*0.68)+0.3 -> #DIV/0! | AC41: =((TotalTournamentAverages!AH33/MassFormulaTesting!$B$76)*0.68)+0.3 -> #DIV/0! | AD41: =((TotalTournamentAverages!AK33/MassFormulaTesting!$B$82)*0.68)+0.3 -> #DIV/0! | AE41: =((TotalTournamentAverages!AL33/MassFormulaTesting!$B$84)*0.68)+0.3 -> #DIV/0! | AF41: =((TotalTournamentAverages!AM33/MassFormulaTesting!$B$86)*0.68)+0.3 -> #DIV/0! | AG41: =((TotalTournamentAverages!AN33/MassFormulaTesting!$B$88)*0.68)+0.3 -> #DIV/0! | AH41: =((TotalTournamentAverages!AO33/MassFormulaTesting!$B$90)*0.68)+0.3 -> #DIV/0! | AI41: =((TotalTournamentAverages!AP33/MassFormulaTesting!$B$92)*0.68)+0.3 -> #DIV/0! | AJ41: =((TotalTournamentAverages!AQ33/MassFormulaTesting!$B$94)*0.68)+0.3 -> #DIV/0! | AK41: =((TotalTournamentAverages!AR33/MassFormulaTesting!$B$96)*0.68)+0.3 -> #DIV/0! | AL41: =((TotalTournamentAverages!AS33/MassFormulaTesting!$B$98)*0.68)+0.3 -> #DIV/0! | AM41: =((TotalTournamentAverages!AT33/MassFormulaTesting!$B$100)*0.68)+0.3 -> #DIV/0! | AN41: =((TotalTournamentAverages!AV33/MassFormulaTesting!$B$104)*0.68)+0.3 -> #DIV/0! | AO41: =((TotalTournamentAverages!AW33/MassFormulaTesting!$B$106)*0.68)+0.3 -> #DIV/0! | AP41: =((TotalTournamentAverages!AX33/MassFormulaTesting!$B$108)*0.68)+0.3 -> #DIV/0!
A42: =IFERROR(__xludf.DUMMYFUNCTION("""COMPUTED_VALUE"""),"Avg Player") -> Avg Player | B42: =IFERROR(__xludf.DUMMYFUNCTION("""COMPUTED_VALUE"""),0.0) -> 0 | D42: =(((F42-$C$13)/$D$12)*0.68)+0.3 -> #DIV/0! | E42: =TotalTournamentAverages!A34 -> NOPLEX | F42: =((IFERROR((G42*C$10)+(H42*D$10)+(I42*E$10)+(J42*F$10)+(K42*G$10)+(L42*H$10)+(M42*I$10)+(N42*J$10)+(O42*K$10)+(P42*L$10)+(Q42*M$10)+(R42*N$10)+(S42*O$10)+(T42*P$10)+(U42*Q$10)+(V42*R$10)+(W42*S$10)+(X42*T$10)+(Y42*U$10)+(Z42*V$10)+(AA42*W$10)+(AB42*X$10)+(AC42*Y$10)+(AD42*Z$10)+(AE42*AA$10)+(AF42*AB$10)+(AG42*AC$10)+(AH42*AD$10)+(AI42*AE$10)+(AJ42*AF$10)+(AK42*AG$10)+(AL42*AH$10)+(AM42*AI$10)+(AN42*AJ$10)+(AO42*AK$10)+(AP42*AL$10),"")/F$12)*0.68)+0.3 -> 0.3 | G42: =((TotalTournamentAverages!D34/MassFormulaTesting!$B$16)*0.68)+0.3 -> 0.3 | H42: =((TotalTournamentAverages!E34/MassFormulaTesting!$B$18)*0.68)+0.3 -> 0.63553806 | I42: =((TotalTournamentAverages!F34/MassFormulaTesting!$B$20)*0.68)+0.3 -> 0.66266667 | J42: =(IFERROR(MassFormulaTesting!$C$22/TotalTournamentAverages!G34,"")*0.68)+0.3 -> 0.50901639 | K42: =(((TotalTournamentAverages!H34+118)/(MassFormulaTesting!$B$24+118))*0.68)+0.3 -> 0.74365627 | L42: =((TotalTournamentAverages!I34/MassFormulaTesting!$B$26)*0.68)+0.3 -> 0.54 | M42: =((0.98-(TotalTournamentAverages!J34/MassFormulaTesting!$B$28)*0.68)) -> 0.73822222 | N42: =((TotalTournamentAverages!K34/MassFormulaTesting!$B$30)*0.68)+0.3 -> 0.64418623 | O42: =((TotalTournamentAverages!L34/MassFormulaTesting!$B$32)*0.68)+0.3 -> 0.68450655 | P42: =((TotalTournamentAverages!M34/MassFormulaTesting!$B$34)*0.68)+0.3 -> 0.51292929 | Q42: =((TotalTournamentAverages!N34/MassFormulaTesting!$B$36)*0.68)+0.3 -> 0.42363636 | R42: =((TotalTournamentAverages!O34/MassFormulaTesting!$B$38)*0.68)+0.3 -> 0.3 | S42: =(IFERROR(TotalTournamentAverages!P34/MassFormulaTesting!$B$40,"")*0.68)+0.3 -> 0.3 | T42: =((TotalTournamentAverages!T34/MassFormulaTesting!$B$48)*0.68)+0.3 -> 0.52666667 | U42: =((TotalTournamentAverages!U34/MassFormulaTesting!$B$50)*0.68)+0.3 -> 0.47 | V42: =((TotalTournamentAverages!V34/MassFormulaTesting!$B$52)*0.68)+0.3 -> 0.52666667 | W42: =(IFERROR(TotalTournamentAverages!W34/MassFormulaTesting!$B$54,"")*0.68)+0.3 -> 0.3 | X42: =(IFERROR(TotalTournamentAverages!X34/MassFormulaTesting!$B$56,"")*0.68)+0.3 -> 0.3 | Y42: =(IFERROR(TotalTournamentAverages!Y34/MassFormulaTesting!$B$58,"")*0.68)+0.3 -> 0.3 | Z42: =(IFERROR(TotalTournamentAverages!Z34/MassFormulaTesting!$B$60,"")*0.68)+0.3 -> 0.3 | AA42: =((TotalTournamentAverages!AD34/MassFormulaTesting!$B$68)*0.68)+0.3 -> 0.3 | AB42: =((TotalTournamentAverages!AG34/MassFormulaTesting!$B$74)*0.68)+0.3 -> #DIV/0! | AC42: =((TotalTournamentAverages!AH34/MassFormulaTesting!$B$76)*0.68)+0.3 -> #DIV/0! | AD42: =((TotalTournamentAverages!AK34/MassFormulaTesting!$B$82)*0.68)+0.3 -> #DIV/0! | AE42: =((TotalTournamentAverages!AL34/MassFormulaTesting!$B$84)*0.68)+0.3 -> #DIV/0! | AF42: =((TotalTournamentAverages!AM34/MassFormulaTesting!$B$86)*0.68)+0.3 -> #DIV/0! | AG42: =((TotalTournamentAverages!AN34/MassFormulaTesting!$B$88)*0.68)+0.3 -> #DIV/0! | AH42: =((TotalTournamentAverages!AO34/MassFormulaTesting!$B$90)*0.68)+0.3 -> #DIV/0! | AI42: =((TotalTournamentAverages!AP34/MassFormulaTesting!$B$92)*0.68)+0.3 -> #DIV/0! | AJ42: =((TotalTournamentAverages!AQ34/MassFormulaTesting!$B$94)*0.68)+0.3 -> #DIV/0! | AK42: =((TotalTournamentAverages!AR34/MassFormulaTesting!$B$96)*0.68)+0.3 -> #DIV/0! | AL42: =((TotalTournamentAverages!AS34/MassFormulaTesting!$B$98)*0.68)+0.3 -> #DIV/0! | AM42: =((TotalTournamentAverages!AT34/MassFormulaTesting!$B$100)*0.68)+0.3 -> #DIV/0! | AN42: =((TotalTournamentAverages!AV34/MassFormulaTesting!$B$104)*0.68)+0.3 -> #DIV/0! | AO42: =((TotalTournamentAverages!AW34/MassFormulaTesting!$B$106)*0.68)+0.3 -> #DIV/0! | AP42: =((TotalTournamentAverages!AX34/MassFormulaTesting!$B$108)*0.68)+0.3 -> #DIV/0!
A43: =IFERROR(__xludf.DUMMYFUNCTION("Query(TotalTournamentAverages!A:AV,""Select A,R where A<>'' Order by R Desc Limit 1"")"),"OVERALL") -> OVERALL | B43: =IFERROR(__xludf.DUMMYFUNCTION("""COMPUTED_VALUE"""),"avg SwordSprees") -> avg SwordSprees | D43: =(((F43-$C$13)/$D$12)*0.68)+0.3 -> #DIV/0! | E43: =TotalTournamentAverages!A35 -> Rage More Nerd | F43: =((IFERROR((G43*C$10)+(H43*D$10)+(I43*E$10)+(J43*F$10)+(K43*G$10)+(L43*H$10)+(M43*I$10)+(N43*J$10)+(O43*K$10)+(P43*L$10)+(Q43*M$10)+(R43*N$10)+(S43*O$10)+(T43*P$10)+(U43*Q$10)+(V43*R$10)+(W43*S$10)+(X43*T$10)+(Y43*U$10)+(Z43*V$10)+(AA43*W$10)+(AB43*X$10)+(AC43*Y$10)+(AD43*Z$10)+(AE43*AA$10)+(AF43*AB$10)+(AG43*AC$10)+(AH43*AD$10)+(AI43*AE$10)+(AJ43*AF$10)+(AK43*AG$10)+(AL43*AH$10)+(AM43*AI$10)+(AN43*AJ$10)+(AO43*AK$10)+(AP43*AL$10),"")/F$12)*0.68)+0.3 -> 0.3 | G43: =((TotalTournamentAverages!D35/MassFormulaTesting!$B$16)*0.68)+0.3 -> 0.3 | H43: =((TotalTournamentAverages!E35/MassFormulaTesting!$B$18)*0.68)+0.3 -> 0.68685039 | I43: =((TotalTournamentAverages!F35/MassFormulaTesting!$B$20)*0.68)+0.3 -> 0.555 | J43: =(IFERROR(MassFormulaTesting!$C$22/TotalTournamentAverages!G35,"")*0.68)+0.3 -> 0.565625 | K43: =(((TotalTournamentAverages!H35+118)/(MassFormulaTesting!$B$24+118))*0.68)+0.3 -> 0.86387521 | L43: =((TotalTournamentAverages!I35/MassFormulaTesting!$B$26)*0.68)+0.3 -> 0.705 | M43: =((0.98-(TotalTournamentAverages!J35/MassFormulaTesting!$B$28)*0.68)) -> 0.88933333 | N43: =((TotalTournamentAverages!K35/MassFormulaTesting!$B$30)*0.68)+0.3 -> 0.6587072 | O43: =((TotalTournamentAverages!L35/MassFormulaTesting!$B$32)*0.68)+0.3 -> 0.68042634 | P43: =((TotalTournamentAverages!M35/MassFormulaTesting!$B$34)*0.68)+0.3 -> 0.58848485 | Q43: =((TotalTournamentAverages!N35/MassFormulaTesting!$B$36)*0.68)+0.3 -> 0.48545455 | R43: =((TotalTournamentAverages!O35/MassFormulaTesting!$B$38)*0.68)+0.3 -> 0.3 | S43: =(IFERROR(TotalTournamentAverages!P35/MassFormulaTesting!$B$40,"")*0.68)+0.3 -> 0.3 | T43: =((TotalTournamentAverages!T35/MassFormulaTesting!$B$48)*0.68)+0.3 -> 0.61166667 | U43: =((TotalTournamentAverages!U35/MassFormulaTesting!$B$50)*0.68)+0.3 -> 0.3 | V43: =((TotalTournamentAverages!V35/MassFormulaTesting!$B$52)*0.68)+0.3 -> 0.3 | W43: =(IFERROR(TotalTournamentAverages!W35/MassFormulaTesting!$B$54,"")*0.68)+0.3 -> 0.3 | X43: =(IFERROR(TotalTournamentAverages!X35/MassFormulaTesting!$B$56,"")*0.68)+0.3 -> 0.3 | Y43: =(IFERROR(TotalTournamentAverages!Y35/MassFormulaTesting!$B$58,"")*0.68)+0.3 -> 0.3 | Z43: =(IFERROR(TotalTournamentAverages!Z35/MassFormulaTesting!$B$60,"")*0.68)+0.3 -> 0.3 | AA43: =((TotalTournamentAverages!AD35/MassFormulaTesting!$B$68)*0.68)+0.3 -> 0.3 | AB43: =((TotalTournamentAverages!AG35/MassFormulaTesting!$B$74)*0.68)+0.3 -> #DIV/0! | AC43: =((TotalTournamentAverages!AH35/MassFormulaTesting!$B$76)*0.68)+0.3 -> #DIV/0! | AD43: =((TotalTournamentAverages!AK35/MassFormulaTesting!$B$82)*0.68)+0.3 -> #DIV/0! | AE43: =((TotalTournamentAverages!AL35/MassFormulaTesting!$B$84)*0.68)+0.3 -> #DIV/0! | AF43: =((TotalTournamentAverages!AM35/MassFormulaTesting!$B$86)*0.68)+0.3 -> #DIV/0! | AG43: =((TotalTournamentAverages!AN35/MassFormulaTesting!$B$88)*0.68)+0.3 -> #DIV/0! | AH43: =((TotalTournamentAverages!AO35/MassFormulaTesting!$B$90)*0.68)+0.3 -> #DIV/0! | AI43: =((TotalTournamentAverages!AP35/MassFormulaTesting!$B$92)*0.68)+0.3 -> #DIV/0! | AJ43: =((TotalTournamentAverages!AQ35/MassFormulaTesting!$B$94)*0.68)+0.3 -> #DIV/0! | AK43: =((TotalTournamentAverages!AR35/MassFormulaTesting!$B$96)*0.68)+0.3 -> #DIV/0! | AL43: =((TotalTournamentAverages!AS35/MassFormulaTesting!$B$98)*0.68)+0.3 -> #DIV/0! | AM43: =((TotalTournamentAverages!AT35/MassFormulaTesting!$B$100)*0.68)+0.3 -> #DIV/0! | AN43: =((TotalTournamentAverages!AV35/MassFormulaTesting!$B$104)*0.68)+0.3 -> #DIV/0! | AO43: =((TotalTournamentAverages!AW35/MassFormulaTesting!$B$106)*0.68)+0.3 -> #DIV/0! | AP43: =((TotalTournamentAverages!AX35/MassFormulaTesting!$B$108)*0.68)+0.3 -> #DIV/0!
A44: =IFERROR(__xludf.DUMMYFUNCTION("""COMPUTED_VALUE"""),"Avg Player") -> Avg Player | B44: =IFERROR(__xludf.DUMMYFUNCTION("""COMPUTED_VALUE"""),0.0) -> 0 | D44: =(((F44-$C$13)/$D$12)*0.68)+0.3 -> #DIV/0! | E44: =TotalTournamentAverages!A36 -> SOULBENDERs | F44: =((IFERROR((G44*C$10)+(H44*D$10)+(I44*E$10)+(J44*F$10)+(K44*G$10)+(L44*H$10)+(M44*I$10)+(N44*J$10)+(O44*K$10)+(P44*L$10)+(Q44*M$10)+(R44*N$10)+(S44*O$10)+(T44*P$10)+(U44*Q$10)+(V44*R$10)+(W44*S$10)+(X44*T$10)+(Y44*U$10)+(Z44*V$10)+(AA44*W$10)+(AB44*X$10)+(AC44*Y$10)+(AD44*Z$10)+(AE44*AA$10)+(AF44*AB$10)+(AG44*AC$10)+(AH44*AD$10)+(AI44*AE$10)+(AJ44*AF$10)+(AK44*AG$10)+(AL44*AH$10)+(AM44*AI$10)+(AN44*AJ$10)+(AO44*AK$10)+(AP44*AL$10),"")/F$12)*0.68)+0.3 -> 0.3 | G44: =((TotalTournamentAverages!D36/MassFormulaTesting!$B$16)*0.68)+0.3 -> 0.3 | H44: =((TotalTournamentAverages!E36/MassFormulaTesting!$B$18)*0.68)+0.3 -> 0.79795276 | I44: =((TotalTournamentAverages!F36/MassFormulaTesting!$B$20)*0.68)+0.3 -> 0.64 | J44: =(IFERROR(MassFormulaTesting!$C$22/TotalTournamentAverages!G36,"")*0.68)+0.3 -> 0.47346939 | K44: =(((TotalTournamentAverages!H36+118)/(MassFormulaTesting!$B$24+118))*0.68)+0.3 -> 0.80469622 | L44: =((TotalTournamentAverages!I36/MassFormulaTesting!$B$26)*0.68)+0.3 -> 0.54 | M44: =((0.98-(TotalTournamentAverages!J36/MassFormulaTesting!$B$28)*0.68)) -> 0.61733333 | N44: =((TotalTournamentAverages!K36/MassFormulaTesting!$B$30)*0.68)+0.3 -> 0.71208157 | O44: =((TotalTournamentAverages!L36/MassFormulaTesting!$B$32)*0.68)+0.3 -> 0.75612506 | P44: =((TotalTournamentAverages!M36/MassFormulaTesting!$B$34)*0.68)+0.3 -> 0.50606061 | Q44: =((TotalTournamentAverages!N36/MassFormulaTesting!$B$36)*0.68)+0.3 -> 0.3 | R44: =((TotalTournamentAverages!O36/MassFormulaTesting!$B$38)*0.68)+0.3 -> 0.3 | S44: =(IFERROR(TotalTournamentAverages!P36/MassFormulaTesting!$B$40,"")*0.68)+0.3 -> 0.3 | T44: =((TotalTournamentAverages!T36/MassFormulaTesting!$B$48)*0.68)+0.3 -> 0.52666667 | U44: =((TotalTournamentAverages!U36/MassFormulaTesting!$B$50)*0.68)+0.3 -> 0.3 | V44: =((TotalTournamentAverages!V36/MassFormulaTesting!$B$52)*0.68)+0.3 -> 0.3 | W44: =(IFERROR(TotalTournamentAverages!W36/MassFormulaTesting!$B$54,"")*0.68)+0.3 -> 0.3 | X44: =(IFERROR(TotalTournamentAverages!X36/MassFormulaTesting!$B$56,"")*0.68)+0.3 -> 0.3 | Y44: =(IFERROR(TotalTournamentAverages!Y36/MassFormulaTesting!$B$58,"")*0.68)+0.3 -> 0.3 | Z44: =(IFERROR(TotalTournamentAverages!Z36/MassFormulaTesting!$B$60,"")*0.68)+0.3 -> 0.3 | AA44: =((TotalTournamentAverages!AD36/MassFormulaTesting!$B$68)*0.68)+0.3 -> 0.3 | AB44: =((TotalTournamentAverages!AG36/MassFormulaTesting!$B$74)*0.68)+0.3 -> #DIV/0! | AC44: =((TotalTournamentAverages!AH36/MassFormulaTesting!$B$76)*0.68)+0.3 -> #DIV/0! | AD44: =((TotalTournamentAverages!AK36/MassFormulaTesting!$B$82)*0.68)+0.3 -> #DIV/0! | AE44: =((TotalTournamentAverages!AL36/MassFormulaTesting!$B$84)*0.68)+0.3 -> #DIV/0! | AF44: =((TotalTournamentAverages!AM36/MassFormulaTesting!$B$86)*0.68)+0.3 -> #DIV/0! | AG44: =((TotalTournamentAverages!AN36/MassFormulaTesting!$B$88)*0.68)+0.3 -> #DIV/0! | AH44: =((TotalTournamentAverages!AO36/MassFormulaTesting!$B$90)*0.68)+0.3 -> #DIV/0! | AI44: =((TotalTournamentAverages!AP36/MassFormulaTesting!$B$92)*0.68)+0.3 -> #DIV/0! | AJ44: =((TotalTournamentAverages!AQ36/MassFormulaTesting!$B$94)*0.68)+0.3 -> #DIV/0! | AK44: =((TotalTournamentAverages!AR36/MassFormulaTesting!$B$96)*0.68)+0.3 -> #DIV/0! | AL44: =((TotalTournamentAverages!AS36/MassFormulaTesting!$B$98)*0.68)+0.3 -> #DIV/0! | AM44: =((TotalTournamentAverages!AT36/MassFormulaTesting!$B$100)*0.68)+0.3 -> #DIV/0! | AN44: =((TotalTournamentAverages!AV36/MassFormulaTesting!$B$104)*0.68)+0.3 -> #DIV/0! | AO44: =((TotalTournamentAverages!AW36/MassFormulaTesting!$B$106)*0.68)+0.3 -> #DIV/0! | AP44: =((TotalTournamentAverages!AX36/MassFormulaTesting!$B$108)*0.68)+0.3 -> #DIV/0!
A45: =IFERROR(__xludf.DUMMYFUNCTION("Query(TotalTournamentAverages!A:AV,""Select A,S where A<>'' Order by S Desc Limit 1"")"),"OVERALL") -> OVERALL | B45: =IFERROR(__xludf.DUMMYFUNCTION("""COMPUTED_VALUE"""),"avg DoubleKills") -> avg DoubleKills | D45: =(((F45-$C$13)/$D$12)*0.68)+0.3 -> #DIV/0! | E45: =TotalTournamentAverages!A37 -> Sabasauros rex | F45: =((IFERROR((G45*C$10)+(H45*D$10)+(I45*E$10)+(J45*F$10)+(K45*G$10)+(L45*H$10)+(M45*I$10)+(N45*J$10)+(O45*K$10)+(P45*L$10)+(Q45*M$10)+(R45*N$10)+(S45*O$10)+(T45*P$10)+(U45*Q$10)+(V45*R$10)+(W45*S$10)+(X45*T$10)+(Y45*U$10)+(Z45*V$10)+(AA45*W$10)+(AB45*X$10)+(AC45*Y$10)+(AD45*Z$10)+(AE45*AA$10)+(AF45*AB$10)+(AG45*AC$10)+(AH45*AD$10)+(AI45*AE$10)+(AJ45*AF$10)+(AK45*AG$10)+(AL45*AH$10)+(AM45*AI$10)+(AN45*AJ$10)+(AO45*AK$10)+(AP45*AL$10),"")/F$12)*0.68)+0.3 -> 0.3 | G45: =((TotalTournamentAverages!D37/MassFormulaTesting!$B$16)*0.68)+0.3 -> 0.78571429 | H45: =((TotalTournamentAverages!E37/MassFormulaTesting!$B$18)*0.68)+0.3 -> 0.6319685 | I45: =((TotalTournamentAverages!F37/MassFormulaTesting!$B$20)*0.68)+0.3 -> 0.47 | J45: =(IFERROR(MassFormulaTesting!$C$22/TotalTournamentAverages!G37,"")*0.68)+0.3 -> 0.62535885 | K45: =(((TotalTournamentAverages!H37+118)/(MassFormulaTesting!$B$24+118))*0.68)+0.3 -> 0.87057471 | L45: =((TotalTournamentAverages!I37/MassFormulaTesting!$B$26)*0.68)+0.3 -> 0.69 | M45: =((0.98-(TotalTournamentAverages!J37/MassFormulaTesting!$B$28)*0.68)) -> 0.75333333 | N45: =((TotalTournamentAverages!K37/MassFormulaTesting!$B$30)*0.68)+0.3 -> 0.88113313 | O45: =((TotalTournamentAverages!L37/MassFormulaTesting!$B$32)*0.68)+0.3 -> 0.85590242 | P45: =((TotalTournamentAverages!M37/MassFormulaTesting!$B$34)*0.68)+0.3 -> 0.8769697 | Q45: =((TotalTournamentAverages!N37/MassFormulaTesting!$B$36)*0.68)+0.3 -> 0.67090909 | R45: =((TotalTournamentAverages!O37/MassFormulaTesting!$B$38)*0.68)+0.3 -> 0.3 | S45: =(IFERROR(TotalTournamentAverages!P37/MassFormulaTesting!$B$40,"")*0.68)+0.3 -> 0.3 | T45: =((TotalTournamentAverages!T37/MassFormulaTesting!$B$48)*0.68)+0.3 -> 0.41333333 | U45: =((TotalTournamentAverages!U37/MassFormulaTesting!$B$50)*0.68)+0.3 -> 0.555 | V45: =((TotalTournamentAverages!V37/MassFormulaTesting!$B$52)*0.68)+0.3 -> 0.47 | W45: =(IFERROR(TotalTournamentAverages!W37/MassFormulaTesting!$B$54,"")*0.68)+0.3 -> 0.3 | X45: =(IFERROR(TotalTournamentAverages!X37/MassFormulaTesting!$B$56,"")*0.68)+0.3 -> 0.3 | Y45: =(IFERROR(TotalTournamentAverages!Y37/MassFormulaTesting!$B$58,"")*0.68)+0.3 -> 0.3 | Z45: =(IFERROR(TotalTournamentAverages!Z37/MassFormulaTesting!$B$60,"")*0.68)+0.3 -> 0.3 | AA45: =((TotalTournamentAverages!AD37/MassFormulaTesting!$B$68)*0.68)+0.3 -> 0.3 | AB45: =((TotalTournamentAverages!AG37/MassFormulaTesting!$B$74)*0.68)+0.3 -> #DIV/0! | AC45: =((TotalTournamentAverages!AH37/MassFormulaTesting!$B$76)*0.68)+0.3 -> #DIV/0! | AD45: =((TotalTournamentAverages!AK37/MassFormulaTesting!$B$82)*0.68)+0.3 -> #DIV/0! | AE45: =((TotalTournamentAverages!AL37/MassFormulaTesting!$B$84)*0.68)+0.3 -> #DIV/0! | AF45: =((TotalTournamentAverages!AM37/MassFormulaTesting!$B$86)*0.68)+0.3 -> #DIV/0! | AG45: =((TotalTournamentAverages!AN37/MassFormulaTesting!$B$88)*0.68)+0.3 -> #DIV/0! | AH45: =((TotalTournamentAverages!AO37/MassFormulaTesting!$B$90)*0.68)+0.3 -> #DIV/0! | AI45: =((TotalTournamentAverages!AP37/MassFormulaTesting!$B$92)*0.68)+0.3 -> #DIV/0! | AJ45: =((TotalTournamentAverages!AQ37/MassFormulaTesting!$B$94)*0.68)+0.3 -> #DIV/0! | AK45: =((TotalTournamentAverages!AR37/MassFormulaTesting!$B$96)*0.68)+0.3 -> #DIV/0! | AL45: =((TotalTournamentAverages!AS37/MassFormulaTesting!$B$98)*0.68)+0.3 -> #DIV/0! | AM45: =((TotalTournamentAverages!AT37/MassFormulaTesting!$B$100)*0.68)+0.3 -> #DIV/0! | AN45: =((TotalTournamentAverages!AV37/MassFormulaTesting!$B$104)*0.68)+0.3 -> #DIV/0! | AO45: =((TotalTournamentAverages!AW37/MassFormulaTesting!$B$106)*0.68)+0.3 -> #DIV/0! | AP45: =((TotalTournamentAverages!AX37/MassFormulaTesting!$B$108)*0.68)+0.3 -> #DIV/0!
A46: =IFERROR(__xludf.DUMMYFUNCTION("""COMPUTED_VALUE"""),"Yejis Aegyo") -> Yejis Aegyo | B46: =IFERROR(__xludf.DUMMYFUNCTION("""COMPUTED_VALUE"""),22.666666666666668) -> 22.666667 | D46: =(((F46-$C$13)/$D$12)*0.68)+0.3 -> #DIV/0! | E46: =TotalTournamentAverages!A38 -> Scullen cx | F46: =((IFERROR((G46*C$10)+(H46*D$10)+(I46*E$10)+(J46*F$10)+(K46*G$10)+(L46*H$10)+(M46*I$10)+(N46*J$10)+(O46*K$10)+(P46*L$10)+(Q46*M$10)+(R46*N$10)+(S46*O$10)+(T46*P$10)+(U46*Q$10)+(V46*R$10)+(W46*S$10)+(X46*T$10)+(Y46*U$10)+(Z46*V$10)+(AA46*W$10)+(AB46*X$10)+(AC46*Y$10)+(AD46*Z$10)+(AE46*AA$10)+(AF46*AB$10)+(AG46*AC$10)+(AH46*AD$10)+(AI46*AE$10)+(AJ46*AF$10)+(AK46*AG$10)+(AL46*AH$10)+(AM46*AI$10)+(AN46*AJ$10)+(AO46*AK$10)+(AP46*AL$10),"")/F$12)*0.68)+0.3 -> 0.3 | G46: =((TotalTournamentAverages!D38/MassFormulaTesting!$B$16)*0.68)+0.3 -> 0.44571429 | H46: =((TotalTournamentAverages!E38/MassFormulaTesting!$B$18)*0.68)+0.3 -> 0.72834646 | I46: =((TotalTournamentAverages!F38/MassFormulaTesting!$B$20)*0.68)+0.3 -> 0.674 | J46: =(IFERROR(MassFormulaTesting!$C$22/TotalTournamentAverages!G38,"")*0.68)+0.3 -> 0.46915423 | K46: =(((TotalTournamentAverages!H38+118)/(MassFormulaTesting!$B$24+118))*0.68)+0.3 -> 0.73546798 | L46: =((TotalTournamentAverages!I38/MassFormulaTesting!$B$26)*0.68)+0.3 -> 0.54 | M46: =((0.98-(TotalTournamentAverages!J38/MassFormulaTesting!$B$28)*0.68)) -> 0.39066667 | N46: =((TotalTournamentAverages!K38/MassFormulaTesting!$B$30)*0.68)+0.3 -> 0.75652751 | O46: =((TotalTournamentAverages!L38/MassFormulaTesting!$B$32)*0.68)+0.3 -> 0.7973567 | P46: =((TotalTournamentAverages!M38/MassFormulaTesting!$B$34)*0.68)+0.3 -> 0.52666667 | Q46: =((TotalTournamentAverages!N38/MassFormulaTesting!$B$36)*0.68)+0.3 -> 0.34636364 | R46: =((TotalTournamentAverages!O38/MassFormulaTesting!$B$38)*0.68)+0.3 -> 0.3 | S46: =(IFERROR(TotalTournamentAverages!P38/MassFormulaTesting!$B$40,"")*0.68)+0.3 -> 0.3 | T46: =((TotalTournamentAverages!T38/MassFormulaTesting!$B$48)*0.68)+0.3 -> 0.49833333 | U46: =((TotalTournamentAverages!U38/MassFormulaTesting!$B$50)*0.68)+0.3 -> 0.4275 | V46: =((TotalTournamentAverages!V38/MassFormulaTesting!$B$52)*0.68)+0.3 -> 0.3 | W46: =(IFERROR(TotalTournamentAverages!W38/MassFormulaTesting!$B$54,"")*0.68)+0.3 -> 0.3 | X46: =(IFERROR(TotalTournamentAverages!X38/MassFormulaTesting!$B$56,"")*0.68)+0.3 -> 0.3 | Y46: =(IFERROR(TotalTournamentAverages!Y38/MassFormulaTesting!$B$58,"")*0.68)+0.3 -> 0.3 | Z46: =(IFERROR(TotalTournamentAverages!Z38/MassFormulaTesting!$B$60,"")*0.68)+0.3 -> 0.3 | AA46: =((TotalTournamentAverages!AD38/MassFormulaTesting!$B$68)*0.68)+0.3 -> 0.3 | AB46: =((TotalTournamentAverages!AG38/MassFormulaTesting!$B$74)*0.68)+0.3 -> #DIV/0! | AC46: =((TotalTournamentAverages!AH38/MassFormulaTesting!$B$76)*0.68)+0.3 -> #DIV/0! | AD46: =((TotalTournamentAverages!AK38/MassFormulaTesting!$B$82)*0.68)+0.3 -> #DIV/0! | AE46: =((TotalTournamentAverages!AL38/MassFormulaTesting!$B$84)*0.68)+0.3 -> #DIV/0! | AF46: =((TotalTournamentAverages!AM38/MassFormulaTesting!$B$86)*0.68)+0.3 -> #DIV/0! | AG46: =((TotalTournamentAverages!AN38/MassFormulaTesting!$B$88)*0.68)+0.3 -> #DIV/0! | AH46: =((TotalTournamentAverages!AO38/MassFormulaTesting!$B$90)*0.68)+0.3 -> #DIV/0! | AI46: =((TotalTournamentAverages!AP38/MassFormulaTesting!$B$92)*0.68)+0.3 -> #DIV/0! | AJ46: =((TotalTournamentAverages!AQ38/MassFormulaTesting!$B$94)*0.68)+0.3 -> #DIV/0! | AK46: =((TotalTournamentAverages!AR38/MassFormulaTesting!$B$96)*0.68)+0.3 -> #DIV/0! | AL46: =((TotalTournamentAverages!AS38/MassFormulaTesting!$B$98)*0.68)+0.3 -> #DIV/0! | AM46: =((TotalTournamentAverages!AT38/MassFormulaTesting!$B$100)*0.68)+0.3 -> #DIV/0! | AN46: =((TotalTournamentAverages!AV38/MassFormulaTesting!$B$104)*0.68)+0.3 -> #DIV/0! | AO46: =((TotalTournamentAverages!AW38/MassFormulaTesting!$B$106)*0.68)+0.3 -> #DIV/0! | AP46: =((TotalTournamentAverages!AX38/MassFormulaTesting!$B$108)*0.68)+0.3 -> #DIV/0!
A47: =IFERROR(__xludf.DUMMYFUNCTION("Query(TotalTournamentAverages!A:AV,""Select A,T where A<>'' Order by T Desc Limit 1"")"),"OVERALL") -> OVERALL | B47: =IFERROR(__xludf.DUMMYFUNCTION("""COMPUTED_VALUE"""),"avg TripleKills") -> avg TripleKills | D47: =(((F47-$C$13)/$D$12)*0.68)+0.3 -> #DIV/0! | E47: =TotalTournamentAverages!A39 -> Solace VIII | F47: =((IFERROR((G47*C$10)+(H47*D$10)+(I47*E$10)+(J47*F$10)+(K47*G$10)+(L47*H$10)+(M47*I$10)+(N47*J$10)+(O47*K$10)+(P47*L$10)+(Q47*M$10)+(R47*N$10)+(S47*O$10)+(T47*P$10)+(U47*Q$10)+(V47*R$10)+(W47*S$10)+(X47*T$10)+(Y47*U$10)+(Z47*V$10)+(AA47*W$10)+(AB47*X$10)+(AC47*Y$10)+(AD47*Z$10)+(AE47*AA$10)+(AF47*AB$10)+(AG47*AC$10)+(AH47*AD$10)+(AI47*AE$10)+(AJ47*AF$10)+(AK47*AG$10)+(AL47*AH$10)+(AM47*AI$10)+(AN47*AJ$10)+(AO47*AK$10)+(AP47*AL$10),"")/F$12)*0.68)+0.3 -> 0.3 | G47: =((TotalTournamentAverages!D39/MassFormulaTesting!$B$16)*0.68)+0.3 -> 0.39714286 | H47: =((TotalTournamentAverages!E39/MassFormulaTesting!$B$18)*0.68)+0.3 -> 0.46062992 | I47: =((TotalTournamentAverages!F39/MassFormulaTesting!$B$20)*0.68)+0.3 -> 0.436 | J47: =(IFERROR(MassFormulaTesting!$C$22/TotalTournamentAverages!G39,"")*0.68)+0.3 -> 0.80746269 | K47: =(((TotalTournamentAverages!H39+118)/(MassFormulaTesting!$B$24+118))*0.68)+0.3 -> 0.81139573 | L47: =((TotalTournamentAverages!I39/MassFormulaTesting!$B$26)*0.68)+0.3 -> 0.54 | M47: =((0.98-(TotalTournamentAverages!J39/MassFormulaTesting!$B$28)*0.68)) -> 0.98 | N47: =((TotalTournamentAverages!K39/MassFormulaTesting!$B$30)*0.68)+0.3 -> 0.45894575 | O47: =((TotalTournamentAverages!L39/MassFormulaTesting!$B$32)*0.68)+0.3 -> 0.48425391 | P47: =((TotalTournamentAverages!M39/MassFormulaTesting!$B$34)*0.68)+0.3 -> 0.5369697 | Q47: =((TotalTournamentAverages!N39/MassFormulaTesting!$B$36)*0.68)+0.3 -> 0.3 | R47: =((TotalTournamentAverages!O39/MassFormulaTesting!$B$38)*0.68)+0.3 -> 0.3 | S47: =(IFERROR(TotalTournamentAverages!P39/MassFormulaTesting!$B$40,"")*0.68)+0.3 -> 0.3 | T47: =((TotalTournamentAverages!T39/MassFormulaTesting!$B$48)*0.68)+0.3 -> 0.47 | U47: =((TotalTournamentAverages!U39/MassFormulaTesting!$B$50)*0.68)+0.3 -> 0.3 | V47: =((TotalTournamentAverages!V39/MassFormulaTesting!$B$52)*0.68)+0.3 -> 0.3 | W47: =(IFERROR(TotalTournamentAverages!W39/MassFormulaTesting!$B$54,"")*0.68)+0.3 -> 0.3 | X47: =(IFERROR(TotalTournamentAverages!X39/MassFormulaTesting!$B$56,"")*0.68)+0.3 -> 0.3 | Y47: =(IFERROR(TotalTournamentAverages!Y39/MassFormulaTesting!$B$58,"")*0.68)+0.3 -> 0.3 | Z47: =(IFERROR(TotalTournamentAverages!Z39/MassFormulaTesting!$B$60,"")*0.68)+0.3 -> 0.3 | AA47: =((TotalTournamentAverages!AD39/MassFormulaTesting!$B$68)*0.68)+0.3 -> 0.3 | AB47: =((TotalTournamentAverages!AG39/MassFormulaTesting!$B$74)*0.68)+0.3 -> #DIV/0! | AC47: =((TotalTournamentAverages!AH39/MassFormulaTesting!$B$76)*0.68)+0.3 -> #DIV/0! | AD47: =((TotalTournamentAverages!AK39/MassFormulaTesting!$B$82)*0.68)+0.3 -> #DIV/0! | AE47: =((TotalTournamentAverages!AL39/MassFormulaTesting!$B$84)*0.68)+0.3 -> #DIV/0! | AF47: =((TotalTournamentAverages!AM39/MassFormulaTesting!$B$86)*0.68)+0.3 -> #DIV/0! | AG47: =((TotalTournamentAverages!AN39/MassFormulaTesting!$B$88)*0.68)+0.3 -> #DIV/0! | AH47: =((TotalTournamentAverages!AO39/MassFormulaTesting!$B$90)*0.68)+0.3 -> #DIV/0! | AI47: =((TotalTournamentAverages!AP39/MassFormulaTesting!$B$92)*0.68)+0.3 -> #DIV/0! | AJ47: =((TotalTournamentAverages!AQ39/MassFormulaTesting!$B$94)*0.68)+0.3 -> #DIV/0! | AK47: =((TotalTournamentAverages!AR39/MassFormulaTesting!$B$96)*0.68)+0.3 -> #DIV/0! | AL47: =((TotalTournamentAverages!AS39/MassFormulaTesting!$B$98)*0.68)+0.3 -> #DIV/0! | AM47: =((TotalTournamentAverages!AT39/MassFormulaTesting!$B$100)*0.68)+0.3 -> #DIV/0! | AN47: =((TotalTournamentAverages!AV39/MassFormulaTesting!$B$104)*0.68)+0.3 -> #DIV/0! | AO47: =((TotalTournamentAverages!AW39/MassFormulaTesting!$B$106)*0.68)+0.3 -> #DIV/0! | AP47: =((TotalTournamentAverages!AX39/MassFormulaTesting!$B$108)*0.68)+0.3 -> #DIV/0!
A48: =IFERROR(__xludf.DUMMYFUNCTION("""COMPUTED_VALUE"""),"Galvann") -> Galvann | B48: =IFERROR(__xludf.DUMMYFUNCTION("""COMPUTED_VALUE"""),6.0) -> 6 | D48: =(((F48-$C$13)/$D$12)*0.68)+0.3 -> #DIV/0! | E48: =TotalTournamentAverages!A40 -> TommyWstSide | F48: =((IFERROR((G48*C$10)+(H48*D$10)+(I48*E$10)+(J48*F$10)+(K48*G$10)+(L48*H$10)+(M48*I$10)+(N48*J$10)+(O48*K$10)+(P48*L$10)+(Q48*M$10)+(R48*N$10)+(S48*O$10)+(T48*P$10)+(U48*Q$10)+(V48*R$10)+(W48*S$10)+(X48*T$10)+(Y48*U$10)+(Z48*V$10)+(AA48*W$10)+(AB48*X$10)+(AC48*Y$10)+(AD48*Z$10)+(AE48*AA$10)+(AF48*AB$10)+(AG48*AC$10)+(AH48*AD$10)+(AI48*AE$10)+(AJ48*AF$10)+(AK48*AG$10)+(AL48*AH$10)+(AM48*AI$10)+(AN48*AJ$10)+(AO48*AK$10)+(AP48*AL$10),"")/F$12)*0.68)+0.3 -> 0.3 | G48: =((TotalTournamentAverages!D40/MassFormulaTesting!$B$16)*0.68)+0.3 -> 0.3647619 | H48: =((TotalTournamentAverages!E40/MassFormulaTesting!$B$18)*0.68)+0.3 -> 0.79795276 | I48: =((TotalTournamentAverages!F40/MassFormulaTesting!$B$20)*0.68)+0.3 -> 0.708 | J48: =(IFERROR(MassFormulaTesting!$C$22/TotalTournamentAverages!G40,"")*0.68)+0.3 -> 0.47406143 | K48: =(((TotalTournamentAverages!H40+118)/(MassFormulaTesting!$B$24+118))*0.68)+0.3 -> 0.806185 | L48: =((TotalTournamentAverages!I40/MassFormulaTesting!$B$26)*0.68)+0.3 -> 0.54 | M48: =((0.98-(TotalTournamentAverages!J40/MassFormulaTesting!$B$28)*0.68)) -> 0.98 | N48: =((TotalTournamentAverages!K40/MassFormulaTesting!$B$30)*0.68)+0.3 -> 0.78900346 | O48: =((TotalTournamentAverages!L40/MassFormulaTesting!$B$32)*0.68)+0.3 -> 0.81915364 | P48: =((TotalTournamentAverages!M40/MassFormulaTesting!$B$34)*0.68)+0.3 -> 0.54727273 | Q48: =((TotalTournamentAverages!N40/MassFormulaTesting!$B$36)*0.68)+0.3 -> 0.42363636 | R48: =((TotalTournamentAverages!O40/MassFormulaTesting!$B$38)*0.68)+0.3 -> 0.3 | S48: =(IFERROR(TotalTournamentAverages!P40/MassFormulaTesting!$B$40,"")*0.68)+0.3 -> 0.3 | T48: =((TotalTournamentAverages!T40/MassFormulaTesting!$B$48)*0.68)+0.3 -> 0.48888889 | U48: =((TotalTournamentAverages!U40/MassFormulaTesting!$B$50)*0.68)+0.3 -> 0.47 | V48: =((TotalTournamentAverages!V40/MassFormulaTesting!$B$52)*0.68)+0.3 -> 0.3 | W48: =(IFERROR(TotalTournamentAverages!W40/MassFormulaTesting!$B$54,"")*0.68)+0.3 -> 0.3 | X48: =(IFERROR(TotalTournamentAverages!X40/MassFormulaTesting!$B$56,"")*0.68)+0.3 -> 0.3 | Y48: =(IFERROR(TotalTournamentAverages!Y40/MassFormulaTesting!$B$58,"")*0.68)+0.3 -> 0.3 | Z48: =(IFERROR(TotalTournamentAverages!Z40/MassFormulaTesting!$B$60,"")*0.68)+0.3 -> 0.3 | AA48: =((TotalTournamentAverages!AD40/MassFormulaTesting!$B$68)*0.68)+0.3 -> 0.3 | AB48: =((TotalTournamentAverages!AG40/MassFormulaTesting!$B$74)*0.68)+0.3 -> #DIV/0! | AC48: =((TotalTournamentAverages!AH40/MassFormulaTesting!$B$76)*0.68)+0.3 -> #DIV/0! | AD48: =((TotalTournamentAverages!AK40/MassFormulaTesting!$B$82)*0.68)+0.3 -> #DIV/0! | AE48: =((TotalTournamentAverages!AL40/MassFormulaTesting!$B$84)*0.68)+0.3 -> #DIV/0! | AF48: =((TotalTournamentAverages!AM40/MassFormulaTesting!$B$86)*0.68)+0.3 -> #DIV/0! | AG48: =((TotalTournamentAverages!AN40/MassFormulaTesting!$B$88)*0.68)+0.3 -> #DIV/0! | AH48: =((TotalTournamentAverages!AO40/MassFormulaTesting!$B$90)*0.68)+0.3 -> #DIV/0! | AI48: =((TotalTournamentAverages!AP40/MassFormulaTesting!$B$92)*0.68)+0.3 -> #DIV/0! | AJ48: =((TotalTournamentAverages!AQ40/MassFormulaTesting!$B$94)*0.68)+0.3 -> #DIV/0! | AK48: =((TotalTournamentAverages!AR40/MassFormulaTesting!$B$96)*0.68)+0.3 -> #DIV/0! | AL48: =((TotalTournamentAverages!AS40/MassFormulaTesting!$B$98)*0.68)+0.3 -> #DIV/0! | AM48: =((TotalTournamentAverages!AT40/MassFormulaTesting!$B$100)*0.68)+0.3 -> #DIV/0! | AN48: =((TotalTournamentAverages!AV40/MassFormulaTesting!$B$104)*0.68)+0.3 -> #DIV/0! | AO48: =((TotalTournamentAverages!AW40/MassFormulaTesting!$B$106)*0.68)+0.3 -> #DIV/0! | AP48: =((TotalTournamentAverages!AX40/MassFormulaTesting!$B$108)*0.68)+0.3 -> #DIV/0!
A49: =IFERROR(__xludf.DUMMYFUNCTION("Query(TotalTournamentAverages!A:AV,""Select A,U where A<>'' Order by U Desc Limit 1"")"),"OVERALL") -> OVERALL | B49: =IFERROR(__xludf.DUMMYFUNCTION("""COMPUTED_VALUE"""),"avg Overkills") -> avg Overkills | D49: =(((F49-$C$13)/$D$12)*0.68)+0.3 -> #DIV/0! | E49: =TotalTournamentAverages!A41 -> Vile | F49: =((IFERROR((G49*C$10)+(H49*D$10)+(I49*E$10)+(J49*F$10)+(K49*G$10)+(L49*H$10)+(M49*I$10)+(N49*J$10)+(O49*K$10)+(P49*L$10)+(Q49*M$10)+(R49*N$10)+(S49*O$10)+(T49*P$10)+(U49*Q$10)+(V49*R$10)+(W49*S$10)+(X49*T$10)+(Y49*U$10)+(Z49*V$10)+(AA49*W$10)+(AB49*X$10)+(AC49*Y$10)+(AD49*Z$10)+(AE49*AA$10)+(AF49*AB$10)+(AG49*AC$10)+(AH49*AD$10)+(AI49*AE$10)+(AJ49*AF$10)+(AK49*AG$10)+(AL49*AH$10)+(AM49*AI$10)+(AN49*AJ$10)+(AO49*AK$10)+(AP49*AL$10),"")/F$12)*0.68)+0.3 -> 0.3 | G49: =((TotalTournamentAverages!D41/MassFormulaTesting!$B$16)*0.68)+0.3 -> 0.81809524 | H49: =((TotalTournamentAverages!E41/MassFormulaTesting!$B$18)*0.68)+0.3 -> 0.85685039 | I49: =((TotalTournamentAverages!F41/MassFormulaTesting!$B$20)*0.68)+0.3 -> 0.82133333 | J49: =(IFERROR(MassFormulaTesting!$C$22/TotalTournamentAverages!G41,"")*0.68)+0.3 -> 0.52368421 | K49: =(((TotalTournamentAverages!H41+118)/(MassFormulaTesting!$B$24+118))*0.68)+0.3 -> 0.95208539 | L49: =((TotalTournamentAverages!I41/MassFormulaTesting!$B$26)*0.68)+0.3 -> 0.98 | M49: =((0.98-(TotalTournamentAverages!J41/MassFormulaTesting!$B$28)*0.68)) -> 0.37555556 | N49: =((TotalTournamentAverages!K41/MassFormulaTesting!$B$30)*0.68)+0.3 -> 0.98 | O49: =((TotalTournamentAverages!L41/MassFormulaTesting!$B$32)*0.68)+0.3 -> 0.96174641 | P49: =((TotalTournamentAverages!M41/MassFormulaTesting!$B$34)*0.68)+0.3 -> 0.74646465 | Q49: =((TotalTournamentAverages!N41/MassFormulaTesting!$B$36)*0.68)+0.3 -> 0.98 | R49: =((TotalTournamentAverages!O41/MassFormulaTesting!$B$38)*0.68)+0.3 -> 0.98 | S49: =(IFERROR(TotalTournamentAverages!P41/MassFormulaTesting!$B$40,"")*0.68)+0.3 -> 0.98 | T49: =((TotalTournamentAverages!T41/MassFormulaTesting!$B$48)*0.68)+0.3 -> 0.64 | U49: =((TotalTournamentAverages!U41/MassFormulaTesting!$B$50)*0.68)+0.3 -> 0.98 | V49: =((TotalTournamentAverages!V41/MassFormulaTesting!$B$52)*0.68)+0.3 -> 0.98 | W49: =(IFERROR(TotalTournamentAverages!W41/MassFormulaTesting!$B$54,"")*0.68)+0.3 -> 0.98 | X49: =(IFERROR(TotalTournamentAverages!X41/MassFormulaTesting!$B$56,"")*0.68)+0.3 -> 0.98 | Y49: =(IFERROR(TotalTournamentAverages!Y41/MassFormulaTesting!$B$58,"")*0.68)+0.3 -> 0.3 | Z49: =(IFERROR(TotalTournamentAverages!Z41/MassFormulaTesting!$B$60,"")*0.68)+0.3 -> 0.3 | AA49: =((TotalTournamentAverages!AD41/MassFormulaTesting!$B$68)*0.68)+0.3 -> 0.3 | AB49: =((TotalTournamentAverages!AG41/MassFormulaTesting!$B$74)*0.68)+0.3 -> #DIV/0! | AC49: =((TotalTournamentAverages!AH41/MassFormulaTesting!$B$76)*0.68)+0.3 -> #DIV/0! | AD49: =((TotalTournamentAverages!AK41/MassFormulaTesting!$B$82)*0.68)+0.3 -> #DIV/0! | AE49: =((TotalTournamentAverages!AL41/MassFormulaTesting!$B$84)*0.68)+0.3 -> #DIV/0! | AF49: =((TotalTournamentAverages!AM41/MassFormulaTesting!$B$86)*0.68)+0.3 -> #DIV/0! | AG49: =((TotalTournamentAverages!AN41/MassFormulaTesting!$B$88)*0.68)+0.3 -> #DIV/0! | AH49: =((TotalTournamentAverages!AO41/MassFormulaTesting!$B$90)*0.68)+0.3 -> #DIV/0! | AI49: =((TotalTournamentAverages!AP41/MassFormulaTesting!$B$92)*0.68)+0.3 -> #DIV/0! | AJ49: =((TotalTournamentAverages!AQ41/MassFormulaTesting!$B$94)*0.68)+0.3 -> #DIV/0! | AK49: =((TotalTournamentAverages!AR41/MassFormulaTesting!$B$96)*0.68)+0.3 -> #DIV/0! | AL49: =((TotalTournamentAverages!AS41/MassFormulaTesting!$B$98)*0.68)+0.3 -> #DIV/0! | AM49: =((TotalTournamentAverages!AT41/MassFormulaTesting!$B$100)*0.68)+0.3 -> #DIV/0! | AN49: =((TotalTournamentAverages!AV41/MassFormulaTesting!$B$104)*0.68)+0.3 -> #DIV/0! | AO49: =((TotalTournamentAverages!AW41/MassFormulaTesting!$B$106)*0.68)+0.3 -> #DIV/0! | AP49: =((TotalTournamentAverages!AX41/MassFormulaTesting!$B$108)*0.68)+0.3 -> #DIV/0!
A50: =IFERROR(__xludf.DUMMYFUNCTION("""COMPUTED_VALUE"""),"Vile") -> Vile | B50: =IFERROR(__xludf.DUMMYFUNCTION("""COMPUTED_VALUE"""),1.3333333333333333) -> 1.3333333 | D50: =(((F50-$C$13)/$D$12)*0.68)+0.3 -> #DIV/0! | E50: =TotalTournamentAverages!A42 -> Yaeqin | F50: =((IFERROR((G50*C$10)+(H50*D$10)+(I50*E$10)+(J50*F$10)+(K50*G$10)+(L50*H$10)+(M50*I$10)+(N50*J$10)+(O50*K$10)+(P50*L$10)+(Q50*M$10)+(R50*N$10)+(S50*O$10)+(T50*P$10)+(U50*Q$10)+(V50*R$10)+(W50*S$10)+(X50*T$10)+(Y50*U$10)+(Z50*V$10)+(AA50*W$10)+(AB50*X$10)+(AC50*Y$10)+(AD50*Z$10)+(AE50*AA$10)+(AF50*AB$10)+(AG50*AC$10)+(AH50*AD$10)+(AI50*AE$10)+(AJ50*AF$10)+(AK50*AG$10)+(AL50*AH$10)+(AM50*AI$10)+(AN50*AJ$10)+(AO50*AK$10)+(AP50*AL$10),"")/F$12)*0.68)+0.3 -> 0.3 | G50: =((TotalTournamentAverages!D42/MassFormulaTesting!$B$16)*0.68)+0.3 -> 0.39714286 | H50: =((TotalTournamentAverages!E42/MassFormulaTesting!$B$18)*0.68)+0.3 -> 0.56503937 | I50: =((TotalTournamentAverages!F42/MassFormulaTesting!$B$20)*0.68)+0.3 -> 0.436 | J50: =(IFERROR(MassFormulaTesting!$C$22/TotalTournamentAverages!G42,"")*0.68)+0.3 -> 0.63333333 | K50: =(((TotalTournamentAverages!H42+118)/(MassFormulaTesting!$B$24+118))*0.68)+0.3 -> 0.82032841 | L50: =((TotalTournamentAverages!I42/MassFormulaTesting!$B$26)*0.68)+0.3 -> 0.54 | M50: =((0.98-(TotalTournamentAverages!J42/MassFormulaTesting!$B$28)*0.68)) -> 0.88933333 | N50: =((TotalTournamentAverages!K42/MassFormulaTesting!$B$30)*0.68)+0.3 -> 0.56687187 | O50: =((TotalTournamentAverages!L42/MassFormulaTesting!$B$32)*0.68)+0.3 -> 0.58894363 | P50: =((TotalTournamentAverages!M42/MassFormulaTesting!$B$34)*0.68)+0.3 -> 0.56787879 | Q50: =((TotalTournamentAverages!N42/MassFormulaTesting!$B$36)*0.68)+0.3 -> 0.3 | R50: =((TotalTournamentAverages!O42/MassFormulaTesting!$B$38)*0.68)+0.3 -> 0.3 | S50: =(IFERROR(TotalTournamentAverages!P42/MassFormulaTesting!$B$40,"")*0.68)+0.3 -> 0.3 | T50: =((TotalTournamentAverages!T42/MassFormulaTesting!$B$48)*0.68)+0.3 -> 0.41333333 | U50: =((TotalTournamentAverages!U42/MassFormulaTesting!$B$50)*0.68)+0.3 -> 0.3 | V50: =((TotalTournamentAverages!V42/MassFormulaTesting!$B$52)*0.68)+0.3 -> 0.3 | W50: =(IFERROR(TotalTournamentAverages!W42/MassFormulaTesting!$B$54,"")*0.68)+0.3 -> 0.3 | X50: =(IFERROR(TotalTournamentAverages!X42/MassFormulaTesting!$B$56,"")*0.68)+0.3 -> 0.3 | Y50: =(IFERROR(TotalTournamentAverages!Y42/MassFormulaTesting!$B$58,"")*0.68)+0.3 -> 0.3 | Z50: =(IFERROR(TotalTournamentAverages!Z42/MassFormulaTesting!$B$60,"")*0.68)+0.3 -> 0.3 | AA50: =((TotalTournamentAverages!AD42/MassFormulaTesting!$B$68)*0.68)+0.3 -> 0.3 | AB50: =((TotalTournamentAverages!AG42/MassFormulaTesting!$B$74)*0.68)+0.3 -> #DIV/0! | AC50: =((TotalTournamentAverages!AH42/MassFormulaTesting!$B$76)*0.68)+0.3 -> #DIV/0! | AD50: =((TotalTournamentAverages!AK42/MassFormulaTesting!$B$82)*0.68)+0.3 -> #DIV/0! | AE50: =((TotalTournamentAverages!AL42/MassFormulaTesting!$B$84)*0.68)+0.3 -> #DIV/0! | AF50: =((TotalTournamentAverages!AM42/MassFormulaTesting!$B$86)*0.68)+0.3 -> #DIV/0! | AG50: =((TotalTournamentAverages!AN42/MassFormulaTesting!$B$88)*0.68)+0.3 -> #DIV/0! | AH50: =((TotalTournamentAverages!AO42/MassFormulaTesting!$B$90)*0.68)+0.3 -> #DIV/0! | AI50: =((TotalTournamentAverages!AP42/MassFormulaTesting!$B$92)*0.68)+0.3 -> #DIV/0! | AJ50: =((TotalTournamentAverages!AQ42/MassFormulaTesting!$B$94)*0.68)+0.3 -> #DIV/0! | AK50: =((TotalTournamentAverages!AR42/MassFormulaTesting!$B$96)*0.68)+0.3 -> #DIV/0! | AL50: =((TotalTournamentAverages!AS42/MassFormulaTesting!$B$98)*0.68)+0.3 -> #DIV/0! | AM50: =((TotalTournamentAverages!AT42/MassFormulaTesting!$B$100)*0.68)+0.3 -> #DIV/0! | AN50: =((TotalTournamentAverages!AV42/MassFormulaTesting!$B$104)*0.68)+0.3 -> #DIV/0! | AO50: =((TotalTournamentAverages!AW42/MassFormulaTesting!$B$106)*0.68)+0.3 -> #DIV/0! | AP50: =((TotalTournamentAverages!AX42/MassFormulaTesting!$B$108)*0.68)+0.3 -> #DIV/0!
A51: =IFERROR(__xludf.DUMMYFUNCTION("Query(TotalTournamentAverages!A:AV,""Select A,V where A<>'' Order by V Desc Limit 1"")"),"OVERALL") -> OVERALL | B51: =IFERROR(__xludf.DUMMYFUNCTION("""COMPUTED_VALUE"""),"avg Killtaculars") -> avg Killtaculars | D51: =(((F51-$C$13)/$D$12)*0.68)+0.3 -> #DIV/0! | E51: =TotalTournamentAverages!A43 -> Yejis Aegyo | F51: =((IFERROR((G51*C$10)+(H51*D$10)+(I51*E$10)+(J51*F$10)+(K51*G$10)+(L51*H$10)+(M51*I$10)+(N51*J$10)+(O51*K$10)+(P51*L$10)+(Q51*M$10)+(R51*N$10)+(S51*O$10)+(T51*P$10)+(U51*Q$10)+(V51*R$10)+(W51*S$10)+(X51*T$10)+(Y51*U$10)+(Z51*V$10)+(AA51*W$10)+(AB51*X$10)+(AC51*Y$10)+(AD51*Z$10)+(AE51*AA$10)+(AF51*AB$10)+(AG51*AC$10)+(AH51*AD$10)+(AI51*AE$10)+(AJ51*AF$10)+(AK51*AG$10)+(AL51*AH$10)+(AM51*AI$10)+(AN51*AJ$10)+(AO51*AK$10)+(AP51*AL$10),"")/F$12)*0.68)+0.3 -> 0.3 | G51: =((TotalTournamentAverages!D43/MassFormulaTesting!$B$16)*0.68)+0.3 -> 0.3 | H51: =((TotalTournamentAverages!E43/MassFormulaTesting!$B$18)*0.68)+0.3 -> 0.98 | I51: =((TotalTournamentAverages!F43/MassFormulaTesting!$B$20)*0.68)+0.3 -> 0.95733333 | J51: =(IFERROR(MassFormulaTesting!$C$22/TotalTournamentAverages!G43,"")*0.68)+0.3 -> 0.4311054 | K51: =(((TotalTournamentAverages!H43+118)/(MassFormulaTesting!$B$24+118))*0.68)+0.3 -> 0.81511768 | L51: =((TotalTournamentAverages!I43/MassFormulaTesting!$B$26)*0.68)+0.3 -> 0.6 | M51: =((0.98-(TotalTournamentAverages!J43/MassFormulaTesting!$B$28)*0.68)) -> 0.55688889 | N51: =((TotalTournamentAverages!K43/MassFormulaTesting!$B$30)*0.68)+0.3 -> 0.9391843 | O51: =((TotalTournamentAverages!L43/MassFormulaTesting!$B$32)*0.68)+0.3 -> 0.98 | P51: =((TotalTournamentAverages!M43/MassFormulaTesting!$B$34)*0.68)+0.3 -> 0.54040404 | Q51: =((TotalTournamentAverages!N43/MassFormulaTesting!$B$36)*0.68)+0.3 -> 0.67090909 | R51: =((TotalTournamentAverages!O43/MassFormulaTesting!$B$38)*0.68)+0.3 -> 0.3 | S51: =(IFERROR(TotalTournamentAverages!P43/MassFormulaTesting!$B$40,"")*0.68)+0.3 -> 0.3 | T51: =((TotalTournamentAverages!T43/MassFormulaTesting!$B$48)*0.68)+0.3 -> 0.71555556 | U51: =((TotalTournamentAverages!U43/MassFormulaTesting!$B$50)*0.68)+0.3 -> 0.98 | V51: =((TotalTournamentAverages!V43/MassFormulaTesting!$B$52)*0.68)+0.3 -> 0.3 | W51: =(IFERROR(TotalTournamentAverages!W43/MassFormulaTesting!$B$54,"")*0.68)+0.3 -> 0.3 | X51: =(IFERROR(TotalTournamentAverages!X43/MassFormulaTesting!$B$56,"")*0.68)+0.3 -> 0.3 | Y51: =(IFERROR(TotalTournamentAverages!Y43/MassFormulaTesting!$B$58,"")*0.68)+0.3 -> 0.3 | Z51: =(IFERROR(TotalTournamentAverages!Z43/MassFormulaTesting!$B$60,"")*0.68)+0.3 -> 0.3 | AA51: =((TotalTournamentAverages!AD43/MassFormulaTesting!$B$68)*0.68)+0.3 -> 0.3 | AB51: =((TotalTournamentAverages!AG43/MassFormulaTesting!$B$74)*0.68)+0.3 -> #DIV/0! | AC51: =((TotalTournamentAverages!AH43/MassFormulaTesting!$B$76)*0.68)+0.3 -> #DIV/0! | AD51: =((TotalTournamentAverages!AK43/MassFormulaTesting!$B$82)*0.68)+0.3 -> #DIV/0! | AE51: =((TotalTournamentAverages!AL43/MassFormulaTesting!$B$84)*0.68)+0.3 -> #DIV/0! | AF51: =((TotalTournamentAverages!AM43/MassFormulaTesting!$B$86)*0.68)+0.3 -> #DIV/0! | AG51: =((TotalTournamentAverages!AN43/MassFormulaTesting!$B$88)*0.68)+0.3 -> #DIV/0! | AH51: =((TotalTournamentAverages!AO43/MassFormulaTesting!$B$90)*0.68)+0.3 -> #DIV/0! | AI51: =((TotalTournamentAverages!AP43/MassFormulaTesting!$B$92)*0.68)+0.3 -> #DIV/0! | AJ51: =((TotalTournamentAverages!AQ43/MassFormulaTesting!$B$94)*0.68)+0.3 -> #DIV/0! | AK51: =((TotalTournamentAverages!AR43/MassFormulaTesting!$B$96)*0.68)+0.3 -> #DIV/0! | AL51: =((TotalTournamentAverages!AS43/MassFormulaTesting!$B$98)*0.68)+0.3 -> #DIV/0! | AM51: =((TotalTournamentAverages!AT43/MassFormulaTesting!$B$100)*0.68)+0.3 -> #DIV/0! | AN51: =((TotalTournamentAverages!AV43/MassFormulaTesting!$B$104)*0.68)+0.3 -> #DIV/0! | AO51: =((TotalTournamentAverages!AW43/MassFormulaTesting!$B$106)*0.68)+0.3 -> #DIV/0! | AP51: =((TotalTournamentAverages!AX43/MassFormulaTesting!$B$108)*0.68)+0.3 -> #DIV/0!
A52: =IFERROR(__xludf.DUMMYFUNCTION("""COMPUTED_VALUE"""),"Vile") -> Vile | B52: =IFERROR(__xludf.DUMMYFUNCTION("""COMPUTED_VALUE"""),1.0) -> 1 | D52: =(((F52-$C$13)/$D$12)*0.68)+0.3 -> #DIV/0! | E52: =TotalTournamentAverages!A44 -> Zelynthia | F52: =((IFERROR((G52*C$10)+(H52*D$10)+(I52*E$10)+(J52*F$10)+(K52*G$10)+(L52*H$10)+(M52*I$10)+(N52*J$10)+(O52*K$10)+(P52*L$10)+(Q52*M$10)+(R52*N$10)+(S52*O$10)+(T52*P$10)+(U52*Q$10)+(V52*R$10)+(W52*S$10)+(X52*T$10)+(Y52*U$10)+(Z52*V$10)+(AA52*W$10)+(AB52*X$10)+(AC52*Y$10)+(AD52*Z$10)+(AE52*AA$10)+(AF52*AB$10)+(AG52*AC$10)+(AH52*AD$10)+(AI52*AE$10)+(AJ52*AF$10)+(AK52*AG$10)+(AL52*AH$10)+(AM52*AI$10)+(AN52*AJ$10)+(AO52*AK$10)+(AP52*AL$10),"")/F$12)*0.68)+0.3 -> 0.3 | G52: =((TotalTournamentAverages!D44/MassFormulaTesting!$B$16)*0.68)+0.3 -> 0.34857143 | H52: =((TotalTournamentAverages!E44/MassFormulaTesting!$B$18)*0.68)+0.3 -> 0.53826772 | I52: =((TotalTournamentAverages!F44/MassFormulaTesting!$B$20)*0.68)+0.3 -> 0.555 | J52: =(IFERROR(MassFormulaTesting!$C$22/TotalTournamentAverages!G44,"")*0.68)+0.3 -> 0.58691983 | K52: =(((TotalTournamentAverages!H44+118)/(MassFormulaTesting!$B$24+118))*0.68)+0.3 -> 0.76114943 | L52: =((TotalTournamentAverages!I44/MassFormulaTesting!$B$26)*0.68)+0.3 -> 0.51 | M52: =((0.98-(TotalTournamentAverages!J44/MassFormulaTesting!$B$28)*0.68)) -> 0.75333333 | N52: =((TotalTournamentAverages!K44/MassFormulaTesting!$B$30)*0.68)+0.3 -> 0.55382262 | O52: =((TotalTournamentAverages!L44/MassFormulaTesting!$B$32)*0.68)+0.3 -> 0.58974893 | P52: =((TotalTournamentAverages!M44/MassFormulaTesting!$B$34)*0.68)+0.3 -> 0.51636364 | Q52: =((TotalTournamentAverages!N44/MassFormulaTesting!$B$36)*0.68)+0.3 -> 0.34636364 | R52: =((TotalTournamentAverages!O44/MassFormulaTesting!$B$38)*0.68)+0.3 -> 0.3 | S52: =(IFERROR(TotalTournamentAverages!P44/MassFormulaTesting!$B$40,"")*0.68)+0.3 -> 0.3 | T52: =((TotalTournamentAverages!T44/MassFormulaTesting!$B$48)*0.68)+0.3 -> 0.32833333 | U52: =((TotalTournamentAverages!U44/MassFormulaTesting!$B$50)*0.68)+0.3 -> 0.3 | V52: =((TotalTournamentAverages!V44/MassFormulaTesting!$B$52)*0.68)+0.3 -> 0.3 | W52: =(IFERROR(TotalTournamentAverages!W44/MassFormulaTesting!$B$54,"")*0.68)+0.3 -> 0.3 | X52: =(IFERROR(TotalTournamentAverages!X44/MassFormulaTesting!$B$56,"")*0.68)+0.3 -> 0.3 | Y52: =(IFERROR(TotalTournamentAverages!Y44/MassFormulaTesting!$B$58,"")*0.68)+0.3 -> 0.3 | Z52: =(IFERROR(TotalTournamentAverages!Z44/MassFormulaTesting!$B$60,"")*0.68)+0.3 -> 0.3 | AA52: =((TotalTournamentAverages!AD44/MassFormulaTesting!$B$68)*0.68)+0.3 -> 0.3 | AB52: =((TotalTournamentAverages!AG44/MassFormulaTesting!$B$74)*0.68)+0.3 -> #DIV/0! | AC52: =((TotalTournamentAverages!AH44/MassFormulaTesting!$B$76)*0.68)+0.3 -> #DIV/0! | AD52: =((TotalTournamentAverages!AK44/MassFormulaTesting!$B$82)*0.68)+0.3 -> #DIV/0! | AE52: =((TotalTournamentAverages!AL44/MassFormulaTesting!$B$84)*0.68)+0.3 -> #DIV/0! | AF52: =((TotalTournamentAverages!AM44/MassFormulaTesting!$B$86)*0.68)+0.3 -> #DIV/0! | AG52: =((TotalTournamentAverages!AN44/MassFormulaTesting!$B$88)*0.68)+0.3 -> #DIV/0! | AH52: =((TotalTournamentAverages!AO44/MassFormulaTesting!$B$90)*0.68)+0.3 -> #DIV/0! | AI52: =((TotalTournamentAverages!AP44/MassFormulaTesting!$B$92)*0.68)+0.3 -> #DIV/0! | AJ52: =((TotalTournamentAverages!AQ44/MassFormulaTesting!$B$94)*0.68)+0.3 -> #DIV/0! | AK52: =((TotalTournamentAverages!AR44/MassFormulaTesting!$B$96)*0.68)+0.3 -> #DIV/0! | AL52: =((TotalTournamentAverages!AS44/MassFormulaTesting!$B$98)*0.68)+0.3 -> #DIV/0! | AM52: =((TotalTournamentAverages!AT44/MassFormulaTesting!$B$100)*0.68)+0.3 -> #DIV/0! | AN52: =((TotalTournamentAverages!AV44/MassFormulaTesting!$B$104)*0.68)+0.3 -> #DIV/0! | AO52: =((TotalTournamentAverages!AW44/MassFormulaTesting!$B$106)*0.68)+0.3 -> #DIV/0! | AP52: =((TotalTournamentAverages!AX44/MassFormulaTesting!$B$108)*0.68)+0.3 -> #DIV/0!
A53: =IFERROR(__xludf.DUMMYFUNCTION("Query(TotalTournamentAverages!A:AV,""Select A,W where A<>'' Order by W Desc Limit 1"")"),"OVERALL") -> OVERALL | B53: =IFERROR(__xludf.DUMMYFUNCTION("""COMPUTED_VALUE"""),"avg Killtrocities") -> avg Killtrocities | D53: =(((F53-$C$13)/$D$12)*0.68)+0.3 -> #DIV/0! | E53: =TotalTournamentAverages!A45 -> e Jolts | F53: =((IFERROR((G53*C$10)+(H53*D$10)+(I53*E$10)+(J53*F$10)+(K53*G$10)+(L53*H$10)+(M53*I$10)+(N53*J$10)+(O53*K$10)+(P53*L$10)+(Q53*M$10)+(R53*N$10)+(S53*O$10)+(T53*P$10)+(U53*Q$10)+(V53*R$10)+(W53*S$10)+(X53*T$10)+(Y53*U$10)+(Z53*V$10)+(AA53*W$10)+(AB53*X$10)+(AC53*Y$10)+(AD53*Z$10)+(AE53*AA$10)+(AF53*AB$10)+(AG53*AC$10)+(AH53*AD$10)+(AI53*AE$10)+(AJ53*AF$10)+(AK53*AG$10)+(AL53*AH$10)+(AM53*AI$10)+(AN53*AJ$10)+(AO53*AK$10)+(AP53*AL$10),"")/F$12)*0.68)+0.3 -> 0.3 | G53: =((TotalTournamentAverages!D45/MassFormulaTesting!$B$16)*0.68)+0.3 -> 0.3 | H53: =((TotalTournamentAverages!E45/MassFormulaTesting!$B$18)*0.68)+0.3 -> 0.63464567 | I53: =((TotalTournamentAverages!F45/MassFormulaTesting!$B$20)*0.68)+0.3 -> 0.555 | J53: =(IFERROR(MassFormulaTesting!$C$22/TotalTournamentAverages!G45,"")*0.68)+0.3 -> 0.46037736 | K53: =(((TotalTournamentAverages!H45+118)/(MassFormulaTesting!$B$24+118))*0.68)+0.3 -> 0.6327422 | L53: =((TotalTournamentAverages!I45/MassFormulaTesting!$B$26)*0.68)+0.3 -> 0.495 | M53: =((0.98-(TotalTournamentAverages!J45/MassFormulaTesting!$B$28)*0.68)) -> 0.844 | N53: =((TotalTournamentAverages!K45/MassFormulaTesting!$B$30)*0.68)+0.3 -> 0.8327626 | O53: =((TotalTournamentAverages!L45/MassFormulaTesting!$B$32)*0.68)+0.3 -> 0.86782094 | P53: =((TotalTournamentAverages!M45/MassFormulaTesting!$B$34)*0.68)+0.3 -> 0.55757576 | Q53: =((TotalTournamentAverages!N45/MassFormulaTesting!$B$36)*0.68)+0.3 -> 0.34636364 | R53: =((TotalTournamentAverages!O45/MassFormulaTesting!$B$38)*0.68)+0.3 -> 0.3 | S53: =(IFERROR(TotalTournamentAverages!P45/MassFormulaTesting!$B$40,"")*0.68)+0.3 -> 0.3 | T53: =((TotalTournamentAverages!T45/MassFormulaTesting!$B$48)*0.68)+0.3 -> 0.385 | U53: =((TotalTournamentAverages!U45/MassFormulaTesting!$B$50)*0.68)+0.3 -> 0.4275 | V53: =((TotalTournamentAverages!V45/MassFormulaTesting!$B$52)*0.68)+0.3 -> 0.3 | W53: =(IFERROR(TotalTournamentAverages!W45/MassFormulaTesting!$B$54,"")*0.68)+0.3 -> 0.3 | X53: =(IFERROR(TotalTournamentAverages!X45/MassFormulaTesting!$B$56,"")*0.68)+0.3 -> 0.3 | Y53: =(IFERROR(TotalTournamentAverages!Y45/MassFormulaTesting!$B$58,"")*0.68)+0.3 -> 0.3 | Z53: =(IFERROR(TotalTournamentAverages!Z45/MassFormulaTesting!$B$60,"")*0.68)+0.3 -> 0.3 | AA53: =((TotalTournamentAverages!AD45/MassFormulaTesting!$B$68)*0.68)+0.3 -> 0.3 | AB53: =((TotalTournamentAverages!AG45/MassFormulaTesting!$B$74)*0.68)+0.3 -> #DIV/0! | AC53: =((TotalTournamentAverages!AH45/MassFormulaTesting!$B$76)*0.68)+0.3 -> #DIV/0! | AD53: =((TotalTournamentAverages!AK45/MassFormulaTesting!$B$82)*0.68)+0.3 -> #DIV/0! | AE53: =((TotalTournamentAverages!AL45/MassFormulaTesting!$B$84)*0.68)+0.3 -> #DIV/0! | AF53: =((TotalTournamentAverages!AM45/MassFormulaTesting!$B$86)*0.68)+0.3 -> #DIV/0! | AG53: =((TotalTournamentAverages!AN45/MassFormulaTesting!$B$88)*0.68)+0.3 -> #DIV/0! | AH53: =((TotalTournamentAverages!AO45/MassFormulaTesting!$B$90)*0.68)+0.3 -> #DIV/0! | AI53: =((TotalTournamentAverages!AP45/MassFormulaTesting!$B$92)*0.68)+0.3 -> #DIV/0! | AJ53: =((TotalTournamentAverages!AQ45/MassFormulaTesting!$B$94)*0.68)+0.3 -> #DIV/0! | AK53: =((TotalTournamentAverages!AR45/MassFormulaTesting!$B$96)*0.68)+0.3 -> #DIV/0! | AL53: =((TotalTournamentAverages!AS45/MassFormulaTesting!$B$98)*0.68)+0.3 -> #DIV/0! | AM53: =((TotalTournamentAverages!AT45/MassFormulaTesting!$B$100)*0.68)+0.3 -> #DIV/0! | AN53: =((TotalTournamentAverages!AV45/MassFormulaTesting!$B$104)*0.68)+0.3 -> #DIV/0! | AO53: =((TotalTournamentAverages!AW45/MassFormulaTesting!$B$106)*0.68)+0.3 -> #DIV/0! | AP53: =((TotalTournamentAverages!AX45/MassFormulaTesting!$B$108)*0.68)+0.3 -> #DIV/0!
A54: =IFERROR(__xludf.DUMMYFUNCTION("""COMPUTED_VALUE"""),"Vile") -> Vile | B54: =IFERROR(__xludf.DUMMYFUNCTION("""COMPUTED_VALUE"""),0.3333333333333333) -> 0.33333333 | D54: =(((F54-$C$13)/$D$12)*0.68)+0.3 -> #DIV/0! | E54: =TotalTournamentAverages!A46 -> ixjaga | F54: =((IFERROR((G54*C$10)+(H54*D$10)+(I54*E$10)+(J54*F$10)+(K54*G$10)+(L54*H$10)+(M54*I$10)+(N54*J$10)+(O54*K$10)+(P54*L$10)+(Q54*M$10)+(R54*N$10)+(S54*O$10)+(T54*P$10)+(U54*Q$10)+(V54*R$10)+(W54*S$10)+(X54*T$10)+(Y54*U$10)+(Z54*V$10)+(AA54*W$10)+(AB54*X$10)+(AC54*Y$10)+(AD54*Z$10)+(AE54*AA$10)+(AF54*AB$10)+(AG54*AC$10)+(AH54*AD$10)+(AI54*AE$10)+(AJ54*AF$10)+(AK54*AG$10)+(AL54*AH$10)+(AM54*AI$10)+(AN54*AJ$10)+(AO54*AK$10)+(AP54*AL$10),"")/F$12)*0.68)+0.3 -> 0.3 | G54: =((TotalTournamentAverages!D46/MassFormulaTesting!$B$16)*0.68)+0.3 -> 0.3647619 | H54: =((TotalTournamentAverages!E46/MassFormulaTesting!$B$18)*0.68)+0.3 -> 0.83900262 | I54: =((TotalTournamentAverages!F46/MassFormulaTesting!$B$20)*0.68)+0.3 -> 0.66266667 | J54: =(IFERROR(MassFormulaTesting!$C$22/TotalTournamentAverages!G46,"")*0.68)+0.3 -> 0.44739884 | K54: =(((TotalTournamentAverages!H46+118)/(MassFormulaTesting!$B$24+118))*0.68)+0.3 -> 0.76152162 | L54: =((TotalTournamentAverages!I46/MassFormulaTesting!$B$26)*0.68)+0.3 -> 0.6 | M54: =((0.98-(TotalTournamentAverages!J46/MassFormulaTesting!$B$28)*0.68)) -> 0.55688889 | N54: =((TotalTournamentAverages!K46/MassFormulaTesting!$B$30)*0.68)+0.3 -> 0.95566756 | O54: =((TotalTournamentAverages!L46/MassFormulaTesting!$B$32)*0.68)+0.3 -> 0.98 | P54: =((TotalTournamentAverages!M46/MassFormulaTesting!$B$34)*0.68)+0.3 -> 0.58161616 | Q54: =((TotalTournamentAverages!N46/MassFormulaTesting!$B$36)*0.68)+0.3 -> 0.54727273 | R54: =((TotalTournamentAverages!O46/MassFormulaTesting!$B$38)*0.68)+0.3 -> 0.3 | S54: =(IFERROR(TotalTournamentAverages!P46/MassFormulaTesting!$B$40,"")*0.68)+0.3 -> 0.3 | T54: =((TotalTournamentAverages!T46/MassFormulaTesting!$B$48)*0.68)+0.3 -> 0.67777778 | U54: =((TotalTournamentAverages!U46/MassFormulaTesting!$B$50)*0.68)+0.3 -> 0.3 | V54: =((TotalTournamentAverages!V46/MassFormulaTesting!$B$52)*0.68)+0.3 -> 0.3 | W54: =(IFERROR(TotalTournamentAverages!W46/MassFormulaTesting!$B$54,"")*0.68)+0.3 -> 0.3 | X54: =(IFERROR(TotalTournamentAverages!X46/MassFormulaTesting!$B$56,"")*0.68)+0.3 -> 0.3 | Y54: =(IFERROR(TotalTournamentAverages!Y46/MassFormulaTesting!$B$58,"")*0.68)+0.3 -> 0.3 | Z54: =(IFERROR(TotalTournamentAverages!Z46/MassFormulaTesting!$B$60,"")*0.68)+0.3 -> 0.3 | AA54: =((TotalTournamentAverages!AD46/MassFormulaTesting!$B$68)*0.68)+0.3 -> 0.3 | AB54: =((TotalTournamentAverages!AG46/MassFormulaTesting!$B$74)*0.68)+0.3 -> #DIV/0! | AC54: =((TotalTournamentAverages!AH46/MassFormulaTesting!$B$76)*0.68)+0.3 -> #DIV/0! | AD54: =((TotalTournamentAverages!AK46/MassFormulaTesting!$B$82)*0.68)+0.3 -> #DIV/0! | AE54: =((TotalTournamentAverages!AL46/MassFormulaTesting!$B$84)*0.68)+0.3 -> #DIV/0! | AF54: =((TotalTournamentAverages!AM46/MassFormulaTesting!$B$86)*0.68)+0.3 -> #DIV/0! | AG54: =((TotalTournamentAverages!AN46/MassFormulaTesting!$B$88)*0.68)+0.3 -> #DIV/0! | AH54: =((TotalTournamentAverages!AO46/MassFormulaTesting!$B$90)*0.68)+0.3 -> #DIV/0! | AI54: =((TotalTournamentAverages!AP46/MassFormulaTesting!$B$92)*0.68)+0.3 -> #DIV/0! | AJ54: =((TotalTournamentAverages!AQ46/MassFormulaTesting!$B$94)*0.68)+0.3 -> #DIV/0! | AK54: =((TotalTournamentAverages!AR46/MassFormulaTesting!$B$96)*0.68)+0.3 -> #DIV/0! | AL54: =((TotalTournamentAverages!AS46/MassFormulaTesting!$B$98)*0.68)+0.3 -> #DIV/0! | AM54: =((TotalTournamentAverages!AT46/MassFormulaTesting!$B$100)*0.68)+0.3 -> #DIV/0! | AN54: =((TotalTournamentAverages!AV46/MassFormulaTesting!$B$104)*0.68)+0.3 -> #DIV/0! | AO54: =((TotalTournamentAverages!AW46/MassFormulaTesting!$B$106)*0.68)+0.3 -> #DIV/0! | AP54: =((TotalTournamentAverages!AX46/MassFormulaTesting!$B$108)*0.68)+0.3 -> #DIV/0!
A55: =IFERROR(__xludf.DUMMYFUNCTION("Query(TotalTournamentAverages!A:AV,""Select A,X where A<>'' Order by X Desc Limit 1"")"),"OVERALL") -> OVERALL | B55: =IFERROR(__xludf.DUMMYFUNCTION("""COMPUTED_VALUE"""),"avg Killamanjaros") -> avg Killamanjaros | D55: =(((F55-$C$13)/$D$12)*0.68)+0.3 -> #DIV/0! | E55: =TotalTournamentAverages!A47 -> noketone | F55: =((IFERROR((G55*C$10)+(H55*D$10)+(I55*E$10)+(J55*F$10)+(K55*G$10)+(L55*H$10)+(M55*I$10)+(N55*J$10)+(O55*K$10)+(P55*L$10)+(Q55*M$10)+(R55*N$10)+(S55*O$10)+(T55*P$10)+(U55*Q$10)+(V55*R$10)+(W55*S$10)+(X55*T$10)+(Y55*U$10)+(Z55*V$10)+(AA55*W$10)+(AB55*X$10)+(AC55*Y$10)+(AD55*Z$10)+(AE55*AA$10)+(AF55*AB$10)+(AG55*AC$10)+(AH55*AD$10)+(AI55*AE$10)+(AJ55*AF$10)+(AK55*AG$10)+(AL55*AH$10)+(AM55*AI$10)+(AN55*AJ$10)+(AO55*AK$10)+(AP55*AL$10),"")/F$12)*0.68)+0.3 -> 0.3 | G55: =((TotalTournamentAverages!D47/MassFormulaTesting!$B$16)*0.68)+0.3 -> 0.3 | H55: =((TotalTournamentAverages!E47/MassFormulaTesting!$B$18)*0.68)+0.3 -> 0.58377953 | I55: =((TotalTournamentAverages!F47/MassFormulaTesting!$B$20)*0.68)+0.3 -> 0.708 | J55: =(IFERROR(MassFormulaTesting!$C$22/TotalTournamentAverages!G47,"")*0.68)+0.3 -> 0.50238095 | K55: =(((TotalTournamentAverages!H47+118)/(MassFormulaTesting!$B$24+118))*0.68)+0.3 -> 0.68857143 | L55: =((TotalTournamentAverages!I47/MassFormulaTesting!$B$26)*0.68)+0.3 -> 0.54 | M55: =((0.98-(TotalTournamentAverages!J47/MassFormulaTesting!$B$28)*0.68)) -> 0.79866667 | N55: =((TotalTournamentAverages!K47/MassFormulaTesting!$B$30)*0.68)+0.3 -> 0.726995 | O55: =((TotalTournamentAverages!L47/MassFormulaTesting!$B$32)*0.68)+0.3 -> 0.75612506 | P55: =((TotalTournamentAverages!M47/MassFormulaTesting!$B$34)*0.68)+0.3 -> 0.54727273 | Q55: =((TotalTournamentAverages!N47/MassFormulaTesting!$B$36)*0.68)+0.3 -> 0.3 | R55: =((TotalTournamentAverages!O47/MassFormulaTesting!$B$38)*0.68)+0.3 -> 0.3 | S55: =(IFERROR(TotalTournamentAverages!P47/MassFormulaTesting!$B$40,"")*0.68)+0.3 -> 0.3 | T55: =((TotalTournamentAverages!T47/MassFormulaTesting!$B$48)*0.68)+0.3 -> 0.41333333 | U55: =((TotalTournamentAverages!U47/MassFormulaTesting!$B$50)*0.68)+0.3 -> 0.3 | V55: =((TotalTournamentAverages!V47/MassFormulaTesting!$B$52)*0.68)+0.3 -> 0.3 | W55: =(IFERROR(TotalTournamentAverages!W47/MassFormulaTesting!$B$54,"")*0.68)+0.3 -> 0.3 | X55: =(IFERROR(TotalTournamentAverages!X47/MassFormulaTesting!$B$56,"")*0.68)+0.3 -> 0.3 | Y55: =(IFERROR(TotalTournamentAverages!Y47/MassFormulaTesting!$B$58,"")*0.68)+0.3 -> 0.3 | Z55: =(IFERROR(TotalTournamentAverages!Z47/MassFormulaTesting!$B$60,"")*0.68)+0.3 -> 0.3 | AA55: =((TotalTournamentAverages!AD47/MassFormulaTesting!$B$68)*0.68)+0.3 -> 0.3 | AB55: =((TotalTournamentAverages!AG47/MassFormulaTesting!$B$74)*0.68)+0.3 -> #DIV/0! | AC55: =((TotalTournamentAverages!AH47/MassFormulaTesting!$B$76)*0.68)+0.3 -> #DIV/0! | AD55: =((TotalTournamentAverages!AK47/MassFormulaTesting!$B$82)*0.68)+0.3 -> #DIV/0! | AE55: =((TotalTournamentAverages!AL47/MassFormulaTesting!$B$84)*0.68)+0.3 -> #DIV/0! | AF55: =((TotalTournamentAverages!AM47/MassFormulaTesting!$B$86)*0.68)+0.3 -> #DIV/0! | AG55: =((TotalTournamentAverages!AN47/MassFormulaTesting!$B$88)*0.68)+0.3 -> #DIV/0! | AH55: =((TotalTournamentAverages!AO47/MassFormulaTesting!$B$90)*0.68)+0.3 -> #DIV/0! | AI55: =((TotalTournamentAverages!AP47/MassFormulaTesting!$B$92)*0.68)+0.3 -> #DIV/0! | AJ55: =((TotalTournamentAverages!AQ47/MassFormulaTesting!$B$94)*0.68)+0.3 -> #DIV/0! | AK55: =((TotalTournamentAverages!AR47/MassFormulaTesting!$B$96)*0.68)+0.3 -> #DIV/0! | AL55: =((TotalTournamentAverages!AS47/MassFormulaTesting!$B$98)*0.68)+0.3 -> #DIV/0! | AM55: =((TotalTournamentAverages!AT47/MassFormulaTesting!$B$100)*0.68)+0.3 -> #DIV/0! | AN55: =((TotalTournamentAverages!AV47/MassFormulaTesting!$B$104)*0.68)+0.3 -> #DIV/0! | AO55: =((TotalTournamentAverages!AW47/MassFormulaTesting!$B$106)*0.68)+0.3 -> #DIV/0! | AP55: =((TotalTournamentAverages!AX47/MassFormulaTesting!$B$108)*0.68)+0.3 -> #DIV/0!
A56: =IFERROR(__xludf.DUMMYFUNCTION("""COMPUTED_VALUE"""),"Vile") -> Vile | B56: =IFERROR(__xludf.DUMMYFUNCTION("""COMPUTED_VALUE"""),0.3333333333333333) -> 0.33333333 | D56: =(((F56-$C$13)/$D$12)*0.68)+0.3 -> #DIV/0! | E56: =TotalTournamentAverages!A48 -> oDhmon | F56: =((IFERROR((G56*C$10)+(H56*D$10)+(I56*E$10)+(J56*F$10)+(K56*G$10)+(L56*H$10)+(M56*I$10)+(N56*J$10)+(O56*K$10)+(P56*L$10)+(Q56*M$10)+(R56*N$10)+(S56*O$10)+(T56*P$10)+(U56*Q$10)+(V56*R$10)+(W56*S$10)+(X56*T$10)+(Y56*U$10)+(Z56*V$10)+(AA56*W$10)+(AB56*X$10)+(AC56*Y$10)+(AD56*Z$10)+(AE56*AA$10)+(AF56*AB$10)+(AG56*AC$10)+(AH56*AD$10)+(AI56*AE$10)+(AJ56*AF$10)+(AK56*AG$10)+(AL56*AH$10)+(AM56*AI$10)+(AN56*AJ$10)+(AO56*AK$10)+(AP56*AL$10),"")/F$12)*0.68)+0.3 -> 0.3 | G56: =((TotalTournamentAverages!D48/MassFormulaTesting!$B$16)*0.68)+0.3 -> 0.49428571 | H56: =((TotalTournamentAverages!E48/MassFormulaTesting!$B$18)*0.68)+0.3 -> 0.7484252 | I56: =((TotalTournamentAverages!F48/MassFormulaTesting!$B$20)*0.68)+0.3 -> 0.674 | J56: =(IFERROR(MassFormulaTesting!$C$22/TotalTournamentAverages!G48,"")*0.68)+0.3 -> 0.56984127 | K56: =(((TotalTournamentAverages!H48+118)/(MassFormulaTesting!$B$24+118))*0.68)+0.3 -> 0.91970443 | L56: =((TotalTournamentAverages!I48/MassFormulaTesting!$B$26)*0.68)+0.3 -> 0.675 | M56: =((0.98-(TotalTournamentAverages!J48/MassFormulaTesting!$B$28)*0.68)) -> 0.88933333 | N56: =((TotalTournamentAverages!K48/MassFormulaTesting!$B$30)*0.68)+0.3 -> 0.77565987 | O56: =((TotalTournamentAverages!L48/MassFormulaTesting!$B$32)*0.68)+0.3 -> 0.77545239 | P56: =((TotalTournamentAverages!M48/MassFormulaTesting!$B$34)*0.68)+0.3 -> 0.69666667 | Q56: =((TotalTournamentAverages!N48/MassFormulaTesting!$B$36)*0.68)+0.3 -> 0.76363636 | R56: =((TotalTournamentAverages!O48/MassFormulaTesting!$B$38)*0.68)+0.3 -> 0.3 | S56: =(IFERROR(TotalTournamentAverages!P48/MassFormulaTesting!$B$40,"")*0.68)+0.3 -> 0.3 | T56: =((TotalTournamentAverages!T48/MassFormulaTesting!$B$48)*0.68)+0.3 -> 0.66833333 | U56: =((TotalTournamentAverages!U48/MassFormulaTesting!$B$50)*0.68)+0.3 -> 0.555 | V56: =((TotalTournamentAverages!V48/MassFormulaTesting!$B$52)*0.68)+0.3 -> 0.3 | W56: =(IFERROR(TotalTournamentAverages!W48/MassFormulaTesting!$B$54,"")*0.68)+0.3 -> 0.3 | X56: =(IFERROR(TotalTournamentAverages!X48/MassFormulaTesting!$B$56,"")*0.68)+0.3 -> 0.3 | Y56: =(IFERROR(TotalTournamentAverages!Y48/MassFormulaTesting!$B$58,"")*0.68)+0.3 -> 0.3 | Z56: =(IFERROR(TotalTournamentAverages!Z48/MassFormulaTesting!$B$60,"")*0.68)+0.3 -> 0.3 | AA56: =((TotalTournamentAverages!AD48/MassFormulaTesting!$B$68)*0.68)+0.3 -> 0.3 | AB56: =((TotalTournamentAverages!AG48/MassFormulaTesting!$B$74)*0.68)+0.3 -> #DIV/0! | AC56: =((TotalTournamentAverages!AH48/MassFormulaTesting!$B$76)*0.68)+0.3 -> #DIV/0! | AD56: =((TotalTournamentAverages!AK48/MassFormulaTesting!$B$82)*0.68)+0.3 -> #DIV/0! | AE56: =((TotalTournamentAverages!AL48/MassFormulaTesting!$B$84)*0.68)+0.3 -> #DIV/0! | AF56: =((TotalTournamentAverages!AM48/MassFormulaTesting!$B$86)*0.68)+0.3 -> #DIV/0! | AG56: =((TotalTournamentAverages!AN48/MassFormulaTesting!$B$88)*0.68)+0.3 -> #DIV/0! | AH56: =((TotalTournamentAverages!AO48/MassFormulaTesting!$B$90)*0.68)+0.3 -> #DIV/0! | AI56: =((TotalTournamentAverages!AP48/MassFormulaTesting!$B$92)*0.68)+0.3 -> #DIV/0! | AJ56: =((TotalTournamentAverages!AQ48/MassFormulaTesting!$B$94)*0.68)+0.3 -> #DIV/0! | AK56: =((TotalTournamentAverages!AR48/MassFormulaTesting!$B$96)*0.68)+0.3 -> #DIV/0! | AL56: =((TotalTournamentAverages!AS48/MassFormulaTesting!$B$98)*0.68)+0.3 -> #DIV/0! | AM56: =((TotalTournamentAverages!AT48/MassFormulaTesting!$B$100)*0.68)+0.3 -> #DIV/0! | AN56: =((TotalTournamentAverages!AV48/MassFormulaTesting!$B$104)*0.68)+0.3 -> #DIV/0! | AO56: =((TotalTournamentAverages!AW48/MassFormulaTesting!$B$106)*0.68)+0.3 -> #DIV/0! | AP56: =((TotalTournamentAverages!AX48/MassFormulaTesting!$B$108)*0.68)+0.3 -> #DIV/0!
A57: =IFERROR(__xludf.DUMMYFUNCTION("Query(TotalTournamentAverages!A:AV,""Select A,Y where A<>'' Order by Y Desc Limit 1"")"),"OVERALL") -> OVERALL | B57: =IFERROR(__xludf.DUMMYFUNCTION("""COMPUTED_VALUE"""),"avg Killtastrophe") -> avg Killtastrophe
A58: =IFERROR(__xludf.DUMMYFUNCTION("""COMPUTED_VALUE"""),"Avg Player") -> Avg Player | B58: =IFERROR(__xludf.DUMMYFUNCTION("""COMPUTED_VALUE"""),0.0) -> 0
A59: =IFERROR(__xludf.DUMMYFUNCTION("Query(TotalTournamentAverages!A:AV,""Select A,Z where A<>'' Order by Z Desc Limit 1"")"),"OVERALL") -> OVERALL | B59: =IFERROR(__xludf.DUMMYFUNCTION("""COMPUTED_VALUE"""),"avg Killpocalypses") -> avg Killpocalypses
A60: =IFERROR(__xludf.DUMMYFUNCTION("""COMPUTED_VALUE"""),"Avg Player") -> Avg Player | B60: =IFERROR(__xludf.DUMMYFUNCTION("""COMPUTED_VALUE"""),0.0) -> 0
A61: =IFERROR(__xludf.DUMMYFUNCTION("Query(TotalTournamentAverages!A:AV,""Select A,AA where A<>'' Order by AA Desc Limit 1"")"),"OVERALL") -> OVERALL | B61: =IFERROR(__xludf.DUMMYFUNCTION("""COMPUTED_VALUE"""),"avg Killionaire") -> avg Killionaire
A62: =IFERROR(__xludf.DUMMYFUNCTION("""COMPUTED_VALUE"""),"Avg Player") -> Avg Player | B62: =IFERROR(__xludf.DUMMYFUNCTION("""COMPUTED_VALUE"""),0.0) -> 0
A63: =IFERROR(__xludf.DUMMYFUNCTION("Query(TotalTournamentAverages!A:AV,""Select A,AB where A<>'' Order by AB Desc Limit 1"")"),"OVERALL") -> OVERALL | B63: =IFERROR(__xludf.DUMMYFUNCTION("""COMPUTED_VALUE"""),"avg Exterms") -> avg Exterms
A64: =IFERROR(__xludf.DUMMYFUNCTION("""COMPUTED_VALUE"""),"Avg Player") -> Avg Player | B64: =IFERROR(__xludf.DUMMYFUNCTION("""COMPUTED_VALUE"""),0.0) -> 0
A65: =IFERROR(__xludf.DUMMYFUNCTION("Query(TotalTournamentAverages!A:AV,""Select A,AC where A<>'' Order by AC Desc Limit 1"")"),"OVERALL") -> OVERALL | B65: =IFERROR(__xludf.DUMMYFUNCTION("""COMPUTED_VALUE"""),"avg Bulltrues") -> avg Bulltrues
A66: =IFERROR(__xludf.DUMMYFUNCTION("""COMPUTED_VALUE"""),"GodSnipezX") -> GodSnipezX | B66: =IFERROR(__xludf.DUMMYFUNCTION("""COMPUTED_VALUE"""),9.5) -> 9.5
A67: =IFERROR(__xludf.DUMMYFUNCTION("Query(TotalTournamentAverages!A:AV,""Select A,AD where A<>'' Order by AD Desc Limit 1"")"),"OVERALL") -> OVERALL | B67: =IFERROR(__xludf.DUMMYFUNCTION("""COMPUTED_VALUE"""),"avg Assassinations") -> avg Assassinations
A68: =IFERROR(__xludf.DUMMYFUNCTION("""COMPUTED_VALUE"""),"AwareMosquito") -> AwareMosquito | B68: =IFERROR(__xludf.DUMMYFUNCTION("""COMPUTED_VALUE"""),0.25) -> 0.25
A69: =IFERROR(__xludf.DUMMYFUNCTION("Query(TotalTournamentAverages!A:AV,""Select A,AE where A<>'' Order by AE Desc Limit 1"")"),"OVERALL") -> OVERALL | B69: =IFERROR(__xludf.DUMMYFUNCTION("""COMPUTED_VALUE"""),"avg HammerSprees") -> avg HammerSprees
A70: =IFERROR(__xludf.DUMMYFUNCTION("""COMPUTED_VALUE"""),"Genesiology") -> Genesiology | B70: =IFERROR(__xludf.DUMMYFUNCTION("""COMPUTED_VALUE"""),3.25) -> 3.25
A71: =IFERROR(__xludf.DUMMYFUNCTION("Query(TotalTournamentAverages!A:AV,""Select A,AF where A<>'' Order by AF Desc Limit 1"")"),"OVERALL") -> OVERALL | B71: =IFERROR(__xludf.DUMMYFUNCTION("""COMPUTED_VALUE"""),"")
A72: =IFERROR(__xludf.DUMMYFUNCTION("""COMPUTED_VALUE"""),"Avg Player") -> Avg Player
A73: =IFERROR(__xludf.DUMMYFUNCTION("Query(TotalTournamentAverages!A:AV,""Select A,AG where A<>'' Order by AG Desc Limit 1"")"),"OVERALL") -> OVERALL | B73: =IFERROR(__xludf.DUMMYFUNCTION("""COMPUTED_VALUE"""),"")
A74: =IFERROR(__xludf.DUMMYFUNCTION("""COMPUTED_VALUE"""),"Avg Player") -> Avg Player
A75: =IFERROR(__xludf.DUMMYFUNCTION("Query(TotalTournamentAverages!A:AV,""Select A,AH where A<>'' Order by AH Desc Limit 1"")"),"OVERALL") -> OVERALL | B75: =IFERROR(__xludf.DUMMYFUNCTION("""COMPUTED_VALUE"""),"")
A76: =IFERROR(__xludf.DUMMYFUNCTION("""COMPUTED_VALUE"""),"Avg Player") -> Avg Player
A77: =IFERROR(__xludf.DUMMYFUNCTION("Query(TotalTournamentAverages!A:AV,""Select A,AI where A<>'' Order by AI Desc Limit 1"")"),"OVERALL") -> OVERALL | B77: =IFERROR(__xludf.DUMMYFUNCTION("""COMPUTED_VALUE"""),"")
A78: =IFERROR(__xludf.DUMMYFUNCTION("""COMPUTED_VALUE"""),"Avg Player") -> Avg Player
A79: =IFERROR(__xludf.DUMMYFUNCTION("Query(TotalTournamentAverages!A:AV,""Select A,AJ where A<>'' Order by AJ Desc Limit 1"")"),"OVERALL") -> OVERALL | B79: =IFERROR(__xludf.DUMMYFUNCTION("""COMPUTED_VALUE"""),"")
A80: =IFERROR(__xludf.DUMMYFUNCTION("""COMPUTED_VALUE"""),"Avg Player") -> Avg Player
A81: =IFERROR(__xludf.DUMMYFUNCTION("Query(TotalTournamentAverages!A:AV,""Select A,AK where A<>'' Order by AK Desc Limit 1"")"),"OVERALL") -> OVERALL | B81: =IFERROR(__xludf.DUMMYFUNCTION("""COMPUTED_VALUE"""),"")
A82: =IFERROR(__xludf.DUMMYFUNCTION("""COMPUTED_VALUE"""),"Avg Player") -> Avg Player
A83: =IFERROR(__xludf.DUMMYFUNCTION("Query(TotalTournamentAverages!A:AV,""Select A,AL where A<>'' Order by AL Desc Limit 1"")"),"OVERALL") -> OVERALL | B83: =IFERROR(__xludf.DUMMYFUNCTION("""COMPUTED_VALUE"""),"")
A84: =IFERROR(__xludf.DUMMYFUNCTION("""COMPUTED_VALUE"""),"Avg Player") -> Avg Player
A85: =IFERROR(__xludf.DUMMYFUNCTION("Query(TotalTournamentAverages!A:AV,""Select A,AM where A<>'' Order by AM Desc Limit 1"")"),"OVERALL") -> OVERALL | B85: =IFERROR(__xludf.DUMMYFUNCTION("""COMPUTED_VALUE"""),"")
A86: =IFERROR(__xludf.DUMMYFUNCTION("""COMPUTED_VALUE"""),"Avg Player") -> Avg Player
A87: =IFERROR(__xludf.DUMMYFUNCTION("Query(TotalTournamentAverages!A:AV,""Select A,AN where A<>'' Order by AN Desc Limit 1"")"),"OVERALL") -> OVERALL | B87: =IFERROR(__xludf.DUMMYFUNCTION("""COMPUTED_VALUE"""),"")
A88: =IFERROR(__xludf.DUMMYFUNCTION("""COMPUTED_VALUE"""),"Avg Player") -> Avg Player
A89: =IFERROR(__xludf.DUMMYFUNCTION("Query(TotalTournamentAverages!A:AV,""Select A,AO where A<>'' Order by AO Desc Limit 1"")"),"OVERALL") -> OVERALL | B89: =IFERROR(__xludf.DUMMYFUNCTION("""COMPUTED_VALUE"""),"")
A90: =IFERROR(__xludf.DUMMYFUNCTION("""COMPUTED_VALUE"""),"Avg Player") -> Avg Player
A91: =IFERROR(__xludf.DUMMYFUNCTION("Query(TotalTournamentAverages!A:AV,""Select A,AP where A<>'' Order by AP Desc Limit 1"")"),"OVERALL") -> OVERALL | B91: =IFERROR(__xludf.DUMMYFUNCTION("""COMPUTED_VALUE"""),"")
A92: =IFERROR(__xludf.DUMMYFUNCTION("""COMPUTED_VALUE"""),"Avg Player") -> Avg Player
A93: =IFERROR(__xludf.DUMMYFUNCTION("Query(TotalTournamentAverages!A:AV,""Select A,AQ where A<>'' Order by AQ Desc Limit 1"")"),"OVERALL") -> OVERALL | B93: =IFERROR(__xludf.DUMMYFUNCTION("""COMPUTED_VALUE"""),"")
A94: =IFERROR(__xludf.DUMMYFUNCTION("""COMPUTED_VALUE"""),"Avg Player") -> Avg Player
A95: =IFERROR(__xludf.DUMMYFUNCTION("Query(TotalTournamentAverages!A:AV,""Select A,AR where A<>'' Order by AR Desc Limit 1"")"),"OVERALL") -> OVERALL | B95: =IFERROR(__xludf.DUMMYFUNCTION("""COMPUTED_VALUE"""),"")
A96: =IFERROR(__xludf.DUMMYFUNCTION("""COMPUTED_VALUE"""),"Avg Player") -> Avg Player
A97: =IFERROR(__xludf.DUMMYFUNCTION("Query(TotalTournamentAverages!A:AV,""Select A,AS where A<>'' Order by AS Desc Limit 1"")"),"OVERALL") -> OVERALL | B97: =IFERROR(__xludf.DUMMYFUNCTION("""COMPUTED_VALUE"""),"")
A98: =IFERROR(__xludf.DUMMYFUNCTION("""COMPUTED_VALUE"""),"Avg Player") -> Avg Player
A99: =IFERROR(__xludf.DUMMYFUNCTION("Query(TotalTournamentAverages!A:AV,""Select A,AT where A<>'' Order by AT Desc Limit 1"")"),"OVERALL") -> OVERALL | B99: =IFERROR(__xludf.DUMMYFUNCTION("""COMPUTED_VALUE"""),"")
A100: =IFERROR(__xludf.DUMMYFUNCTION("""COMPUTED_VALUE"""),"Avg Player") -> Avg Player
A101: =IFERROR(__xludf.DUMMYFUNCTION("Query(TotalTournamentAverages!A:AV,""Select A,AU where A<>'' Order by AU Desc Limit 1"")"),"OVERALL") -> OVERALL | B101: =IFERROR(__xludf.DUMMYFUNCTION("""COMPUTED_VALUE"""),"")
A102: =IFERROR(__xludf.DUMMYFUNCTION("""COMPUTED_VALUE"""),"Avg Player") -> Avg Player
A103: =IFERROR(__xludf.DUMMYFUNCTION("Query(TotalTournamentAverages!A:AV,""Select A,AV where A<>'' Order by AV Desc Limit 1"")"),"OVERALL") -> OVERALL | B103: =IFERROR(__xludf.DUMMYFUNCTION("""COMPUTED_VALUE"""),"")
...

Sheet PlayerGradeStats

Sheet HEXASbaseINFO

Sheet Bracket Quick Check
B1: Round 1 | D1: Round 2 | F1: Round 3 | H1: Semi Finals | I1: Finals
B3: Hells Angel cx | D3: MealyKitten0
A4: 1 | B4: 44566 | C4: 5 | D4: 0-5
B5: Judasey | D5: Judasey | F5: Judasey
E6: 15 | F6: 5-0
B7: Dabb | D7: Into Sublime | F7: Into Sublime
A8: 2 | B8: 0-5 | C8: 6 | D8: 5-0
B9: Ace B S1lentND1 | D9: Ace B S1lentND1 | H9: Judasey | I9: Judasey
G10: 20 | H10: 44683 | I10: 44683
B11: Sabsauros rex | D11: Dat Twinkie | H11: Impuritive | I11: Impuritive
A12: 3 | B12: 44685 | C12: 7 | D12: 44566
B13: Vile | D13: Sabsauros rex | F13: Sabsauros rex
E14: 16 | F14: 44566
B15: Impuritive | D15: Laser Wins | F15: Impuritive
A16: 4 | B16: 0-0 | C16: 8 | D16: 44597
B17: Galvann | D17: Impuritive
B20: Losers 1 | D20: Losers 2 | F20: Losers 3 | H20: Losers 4 | I20: Losers 5
B21: Laser Wins
A22: 12 | B22: 44566
B23: Hells Angel cx | D23: Hells Angel cx | F23: Into Sublime
C24: 14 | D24: 44682 | E24: 17 | F24: 44566
B25: Dat Twinkie | D25: Dabb | F25: Hells Angel cx
A26: 11 | B26: 44566
B27: Dabb | H27: Hells Angel cx | I27: Impuritive
G28: 19 | H28: 44683 | I28: 44684
B29: Ace B S1lentND1 | H29: Sabsauros rex | I29: Hells Angel cx
A30: 10 | B30: 44597
B31: Vile | D31: Vile | F31: Sabsauros rex
C32: 13 | D32: 44684 | E32: 18 | F32: 5-0
B33: MealyKitten0 | D33: MealyKitten0 | F33: Vile
A34: 9 | B34: 5-0
B35: Galvann

Sheet Draft Sheet
B2: Grifball World League Halo Reach Tournament Draft Sheet - Presented By DJ BluePDX | P2: Seed | Q2: Team Name
P4: 1* | Q4: Baked Potatoes
P5: 2* | Q5: [REDACTED]
B6: Team Name: | C6: Baked Potatoes | D6: [REDACTED] | E6: Mount Grifmore | F6: Beer | G6: bbaD Company | H6: Reverse Sweepers | I6: Washed Squad | J6: Hammers & Roses | K6: Like Clockwork | L6: Massive Betrayal | M6: Out Perform Us | N6: Costco Glizzy Combo | P6: 3* | Q6: Mount Grifmore
B7: Captain: | C7: MealyKitten0 | D7: Dat Twinkie | E7: Laser Wins | F7: Into Sublime | G7: Dabb | H7: Impuritive | I7: Sabasauros rex | J7: Hells Angel cx | K7: Judasey | L7: Vile | M7: Galvann | N7: Ace B S1lentND1 | P7: 4* | Q7: Beer
B8: Duo/1st Round: | C8: Yaeqin | D8: SOULBENDERs | E8: InfiniteRainge | F8: Solace VIII | G8: Fanciest Pants | H8: Itzreelz | I8: Godsnipezx | J8: Genesiology | K8: yLuxe | L8: Yejis Aegyo | M8: Rage More Nerd | N8: oDhmon | P8: 5 | Q8: bbaD Company
B9: 2nd Round: | C9: Dhlyn | D9: HumanKite187 | E9: KGod Online | F9: Siiiy Kids | G9: Myst the Cold | H9: Finesse God24 | I9: L1ght5aber | J9: Scullen cx | K9: unbes | L9: ixjaga | M9: Almighty Tycoon | N9: TommyWstSide | P9: 6 | Q9: Reverse Sweepers
B10: 3rd Round: | C10: Mavbrid | D10: noketone | E10: Lane Uppy | F10: ADhillyy | G10: NOPLEX | H10: Mhurcy | I10: MoldyVolts | J10: Luner Panda | K10: Zelynthia | L10: Mzzkc14 | M10: AwareMosquito | N10: e Jolts | P10: 7 | Q10: Washed Squad
P11: 8 | Q11: Hammers & Roses
B12: Draft Pool | M12: Captains | P12: 9 | Q12: Like Clockwork
P13: 10 | Q13: Massive Betrayal
B14: Gamertag | D14: Discord | F14: Region | G14: Position | H14: Experience | J14: Past Gamertags | M14: Gamertag | P14: 11 | Q14: Out Perform Us
B15: ADhillyy | D15: ADhillyy#7874 | F15: Canada | G15: Hybrid | H15: ive never played | J15: N/A | M15: Laser Wins | P15: 12 | Q15: Costco Glizzy Combo
B16: Almighty Tycoon | D16: Almighty_Tycoon #9599 | F16: US West | G16: Runner | H16: Long time | J16: xBossTycoon | M16: Dabb | P16: *1st round bye
B17: AwareMosquito | D17: Matt419#4573 | F17: West Europe | G17: Tank/Hybrid | H17: On and off for 10+ years | J17: N/A | M17: MealyKitten0/Yaeqin
B18: Dhlyn | D18: Dhlyn#8495 | F18: US South Central | G18: Hybrid | H18: 10years | J18: KidzToDaY | M18: Dat Twinkie/SOULBENDERs | P18: Free Sub Pool
B19: e Jolts | D19: ejolts | F19: US East | G19: Runner/Hybrid | H19: I’ve played 2 tournaments so however long that is. | J19: N/A | M19: Into Sublime/Solace VIII
B20: Fanciest Pants | D20: Fancy#7690 | F20: US South Central | G20: Tank | H20: 15 years | J20: N/A | M20: Impuritive/Itzreelz | P20: Gamertag
B21: Finesse God24 | D21: ObeyTheRuler23#7243 | F21: US South Central | G21: Hybrid | H21: Idk | J21: N/A | M21: Sabasauros rex/Godsnipezx | P21: Imperator Romeo
B22: Humankite187 | D22: JWilk#6720 | F22: US West | G22: Tank/Hybrid | H22: Halo 3 | J22: N/A | M22: Hells Angel cx/Genesiology | P22: SquirrelBurrito
B23: Imperator Romeo | D23: HI I'm Don Cheadle#5660 | F23: West Europe | G23: Tank/Hybrid | H23: 1 year | J23: N/A | M23: Judasey/yLuxe | P23: WithYourGirl
B24: InfiniteRainge | D24: InfiniteRain | F24: US West | G24: Hybrid | H24: Longer than your parents marriage | J24: InfiniteRainX, InfiniteRain365, T Rain Da King | M24: Yejis Aegyo/Vile
B25: ixjaga | D25: ixjaga#1984 | F25: US South Central | G25: Tank/Hybrid | H25: 10 years | J25: N/A | M25: Galvann/Rage More Nerd
B26: Kgod Online | D26: Kgod#4673 | F26: US South Central | G26: Runner | H26: 15 Years | J26: Regresser, Oh My Godless, Godlxss | M26: Ace B S1lentND1/oDhmon
B27: L1ght5aber | D27: Saber#1562 | F27: US West | G27: Tank/Hybrid | H27: 11 years, with two long breaks. I'm super washed | J27: ParagonSaber
B28: Lane Uppy | D28: downyinfusions#4362 | F28: US East | G28: Tank | H28: 1 day | J28: N/A
B29: Luner Panda | D29: Luner Panda#0001 | F29: Canada | G29: Tank/Hybrid | H29: 9 or 10+ years I can’t remember | J29: GrifballisToxic, Lemme Score it | M29: https://challonge.com/haloreachgrifball
B30: Mavbrid | D30: Mavasours Rex#1212 | F30: US East | G30: Hybrid | H30: Since the beginning of time | J30: Mavbrid | M30: https://www.twitch.tv/djbluepdx
B31: Mhurcy | D31: Mhurcy#0714 | F31: US South Central | G31: Tank/Hybrid | H31: 7 years | J31: N/A
B32: MoldyVolts | D32: MoldyVolts#1495 | F32: US North Central | G32: Hybrid | H32: 12 years | J32: N/A
B33: Myst the Cold | D33: #0266 | F33: US South Central | G33: Tank | H33: 7+years | J33: ZF BlackRose, Grifball Angel 14k, QueenoftheSeaX
B34: Mzzkc14 | D34: Mzzkc#0014 | F34: US East | G34: Tank/Hybrid | H34: Played from 2008-2012 | J34: N/A
B35: noketone | D35: noket#9805 | F35: US East | G35: Runner/Hybrid | H35: On and off for years (~2010-current) | J35: xxjimbojamxx
B36: NOPLEX | D36: NOPLEX#5644 | F36: US South Central | G36: Hybrid | H36: Too long | J36: No
B37: Scullen cx | D37: Scullen#2152 | F37: US North Central | G37: Runner | H37: 2 years | J37: Scullen75
B38: siiiy kids | D38: silly kids#6271 | F38: US East | G38: Tank/Hybrid | H38: 2012 | J38: AZTECK MARTION, I Lantic I, dsvnz
B39: SquirrelBurrito | D39: SquirrelBurrito#1878 | F39: US East | G39: Tank | H39: too long (since Halo 3) | J39: n/a
B40: TommyWstSide | D40: Tommy#0006 | F40: US North Central | G40: Tank/Hybrid | H40: In agla for like 2-3 years | J40: N/A
B41: unbes | D41: 6694 | F41: US East | G41: Hybrid | H41: 7 years | J41: lagtrlcity
B42: WithYourGirl | D42: WithYouGirl#3266 | F42: US East | G42: Runner | H42: Birth | J42: None
B43: Zelynthia | D43: Zelynthia#8893 | F43: US West | G43: Hybrid | H43: 1 year | J43: N/A

Sheet Leaderboards
A1: Top Achievements
C2: =IFERROR(__xludf.DUMMYFUNCTION("Query('Halo Reach Stats'!A:AK,""Select A, (I/J) Order By (I/J) Desc Limit 5 LABEL (I/J) 'Highest KD Ratio' "")"),"Player") -> Player | D2: =IFERROR(__xludf.DUMMYFUNCTION("""COMPUTED_VALUE"""),"Highest KD Ratio") -> Highest KD Ratio | H2: =IFERROR(__xludf.DUMMYFUNCTION("Query('Halo Reach Stats'!A:AK,""Select A,H where A<> '' Order by H Desc Limit 5 LABEL H 'Most Goals'"")"),"Player") -> Player | I2: =IFERROR(__xludf.DUMMYFUNCTION("""COMPUTED_VALUE"""),"Most Goals") -> Most Goals | M2: Highest Multikill:
B3: 1 | C3: =IFERROR(__xludf.DUMMYFUNCTION("""COMPUTED_VALUE"""),"yLuxe") -> yLuxe | D3: =IFERROR(__xludf.DUMMYFUNCTION("""COMPUTED_VALUE"""),1.711340206185567) -> 1.7113402 | G3: 1 | H3: =IFERROR(__xludf.DUMMYFUNCTION("""COMPUTED_VALUE"""),"yLuxe") -> yLuxe | I3: =IFERROR(__xludf.DUMMYFUNCTION("""COMPUTED_VALUE"""),14.0) -> 14 | M3: Vile - Killimanjaro (7MultiKill)
B4: 2 | C4: =IFERROR(__xludf.DUMMYFUNCTION("""COMPUTED_VALUE"""),"Genesiology") -> Genesiology | D4: =IFERROR(__xludf.DUMMYFUNCTION("""COMPUTED_VALUE"""),1.4858156028368794) -> 1.4858156 | G4: 2 | H4: =IFERROR(__xludf.DUMMYFUNCTION("""COMPUTED_VALUE"""),"Sabasauros rex") -> Sabasauros rex | I4: =IFERROR(__xludf.DUMMYFUNCTION("""COMPUTED_VALUE"""),10.0) -> 10
B5: 3 | C5: =IFERROR(__xludf.DUMMYFUNCTION("""COMPUTED_VALUE"""),"ACE B S1lentND1") -> ACE B S1lentND1 | D5: =IFERROR(__xludf.DUMMYFUNCTION("""COMPUTED_VALUE"""),1.4101123595505618) -> 1.4101124 | G5: 3 | H5: =IFERROR(__xludf.DUMMYFUNCTION("""COMPUTED_VALUE"""),"Hells Angel cx") -> Hells Angel cx | I5: =IFERROR(__xludf.DUMMYFUNCTION("""COMPUTED_VALUE"""),9.0) -> 9
B6: 4 | C6: =IFERROR(__xludf.DUMMYFUNCTION("""COMPUTED_VALUE"""),"Vile") -> Vile | D6: =IFERROR(__xludf.DUMMYFUNCTION("""COMPUTED_VALUE"""),1.368421052631579) -> 1.3684211 | G6: 4 | H6: =IFERROR(__xludf.DUMMYFUNCTION("""COMPUTED_VALUE"""),"Impuritive") -> Impuritive | I6: =IFERROR(__xludf.DUMMYFUNCTION("""COMPUTED_VALUE"""),8.0) -> 8 | M6: Longest Spree:
B7: 5 | C7: =IFERROR(__xludf.DUMMYFUNCTION("""COMPUTED_VALUE"""),"oDhmon") -> oDhmon | D7: =IFERROR(__xludf.DUMMYFUNCTION("""COMPUTED_VALUE"""),1.3293650793650793) -> 1.3293651 | G7: 5 | H7: =IFERROR(__xludf.DUMMYFUNCTION("""COMPUTED_VALUE"""),"Vile") -> Vile | I7: =IFERROR(__xludf.DUMMYFUNCTION("""COMPUTED_VALUE"""),8.0) -> 8 | M7: yLuxe, Vile - Running Riot (15 Spree)
C9: =IFERROR(__xludf.DUMMYFUNCTION("Query('Halo Reach Stats'!A:AK,""Select A,S where A<> '' Order by S Desc Limit 5 LABEL S 'Most Sprees'"")"),"Player") -> Player | D9: =IFERROR(__xludf.DUMMYFUNCTION("""COMPUTED_VALUE"""),"Most Sprees") -> Most Sprees | H9: =IFERROR(__xludf.DUMMYFUNCTION("Query('Halo Reach Stats'!A:AK,""Select A,R where A<> '' Order by R Desc Limit 5 LABEL R 'Most Bomb Stops'"")"),"Player") -> Player | I9: =IFERROR(__xludf.DUMMYFUNCTION("""COMPUTED_VALUE"""),"Most Bomb Stops") -> Most Bomb Stops
B10: 1 | C10: =IFERROR(__xludf.DUMMYFUNCTION("""COMPUTED_VALUE"""),"Vile") -> Vile | D10: =IFERROR(__xludf.DUMMYFUNCTION("""COMPUTED_VALUE"""),3.0) -> 3 | G10: 1 | H10: =IFERROR(__xludf.DUMMYFUNCTION("""COMPUTED_VALUE"""),"Genesiology") -> Genesiology | I10: =IFERROR(__xludf.DUMMYFUNCTION("""COMPUTED_VALUE"""),14.0) -> 14 | M10: =IFERROR(__xludf.DUMMYFUNCTION("Query('Halo Reach Stats'!A:AK,""Select A,Q where A<> '' Order By Q Desc Limit 1 LABEL A 'Tom Brady Award: *Highest average life' "")"),"Tom Brady Award: *Highest average life") -> Tom Brady Award: *Highest average life
B11: 2 | C11: =IFERROR(__xludf.DUMMYFUNCTION("""COMPUTED_VALUE"""),"Dabb") -> Dabb | D11: =IFERROR(__xludf.DUMMYFUNCTION("""COMPUTED_VALUE"""),2.0) -> 2 | G11: 2 | H11: =IFERROR(__xludf.DUMMYFUNCTION("""COMPUTED_VALUE"""),"Vile") -> Vile | I11: =IFERROR(__xludf.DUMMYFUNCTION("""COMPUTED_VALUE"""),11.0) -> 11 | M11: =IFERROR(__xludf.DUMMYFUNCTION("""COMPUTED_VALUE"""),"yLuxe") -> yLuxe | N11: =IFERROR(__xludf.DUMMYFUNCTION("""COMPUTED_VALUE"""),30.0) -> 30 | O11: Seconds
B12: 3 | C12: =IFERROR(__xludf.DUMMYFUNCTION("""COMPUTED_VALUE"""),"ACE B S1lentND1") -> ACE B S1lentND1 | D12: =IFERROR(__xludf.DUMMYFUNCTION("""COMPUTED_VALUE"""),1.0) -> 1 | G12: 3 | H12: =IFERROR(__xludf.DUMMYFUNCTION("""COMPUTED_VALUE"""),"oDhmon") -> oDhmon | I12: =IFERROR(__xludf.DUMMYFUNCTION("""COMPUTED_VALUE"""),10.0) -> 10
B13: 4 | C13: =IFERROR(__xludf.DUMMYFUNCTION("""COMPUTED_VALUE"""),"Hells Angel cx") -> Hells Angel cx | D13: =IFERROR(__xludf.DUMMYFUNCTION("""COMPUTED_VALUE"""),1.0) -> 1 | G13: 4 | H13: =IFERROR(__xludf.DUMMYFUNCTION("""COMPUTED_VALUE"""),"ACE B S1lentND1") -> ACE B S1lentND1 | I13: =IFERROR(__xludf.DUMMYFUNCTION("""COMPUTED_VALUE"""),9.0) -> 9 | M13: =IFERROR(__xludf.DUMMYFUNCTION("Query('Halo Reach Stats'!A:AK,""Select A,Q where A<> '' Order By Q Asc Limit 1 LABEL A 'ActiveHate Award: *Lowest average life' "")"),"ActiveHate Award: *Lowest average life") -> ActiveHate Award: *Lowest average life
B14: 5 | C14: =IFERROR(__xludf.DUMMYFUNCTION("""COMPUTED_VALUE"""),"yLuxe") -> yLuxe | D14: =IFERROR(__xludf.DUMMYFUNCTION("""COMPUTED_VALUE"""),1.0) -> 1 | G14: 5 | H14: =IFERROR(__xludf.DUMMYFUNCTION("""COMPUTED_VALUE"""),"MoldyVolts") -> MoldyVolts | I14: =IFERROR(__xludf.DUMMYFUNCTION("""COMPUTED_VALUE"""),9.0) -> 9 | M14: =IFERROR(__xludf.DUMMYFUNCTION("""COMPUTED_VALUE"""),"Kgod Online") -> Kgod Online | N14: =IFERROR(__xludf.DUMMYFUNCTION("""COMPUTED_VALUE"""),7.0) -> 7 | O14: Seconds
C17: =IFERROR(__xludf.DUMMYFUNCTION("Query(HEXASbaseINFO!A:Y,""Select A,R where A<>'' Order by R Desc Limit 10"")"),"Player") -> Player | D17: =IFERROR(__xludf.DUMMYFUNCTION("""COMPUTED_VALUE"""),"AverageLife") -> AverageLife | F17: =IFERROR(__xludf.DUMMYFUNCTION("Query(HEXASbaseINFO!A:Y,""Select A,T where A<>'' Order by T Desc Limit 10"")"),"Player") -> Player | G17: =IFERROR(__xludf.DUMMYFUNCTION("""COMPUTED_VALUE"""),"w key warrior") -> w key warrior | J17: =IFERROR(__xludf.DUMMYFUNCTION("Query(HEXASbaseINFO!A:Y,""Select A,V where A<>'' Order by V Desc Limit 10"")"),"Player") -> Player | K17: =IFERROR(__xludf.DUMMYFUNCTION("""COMPUTED_VALUE"""),"Sugar Daddies") -> Sugar Daddies | M17: =IFERROR(__xludf.DUMMYFUNCTION("Query(HEXASbaseINFO!A:Y,""Select A,X where A<>'' Order by X Desc Limit 10"")"),"Player") -> Player | N17: =IFERROR(__xludf.DUMMYFUNCTION("""COMPUTED_VALUE"""),"Running Wild") -> Running Wild
C18: =IFERROR(__xludf.DUMMYFUNCTION("""COMPUTED_VALUE"""),"yLuxe") -> yLuxe | D18: =IFERROR(__xludf.DUMMYFUNCTION("""COMPUTED_VALUE"""),30.0) -> 30 | F18: =IFERROR(__xludf.DUMMYFUNCTION("""COMPUTED_VALUE"""),"Galvann") -> Galvann | G18: =IFERROR(__xludf.DUMMYFUNCTION("""COMPUTED_VALUE"""),9.32475884244373) -> 9.3247588 | J18: =IFERROR(__xludf.DUMMYFUNCTION("""COMPUTED_VALUE"""),"Vile") -> Vile | K18: =IFERROR(__xludf.DUMMYFUNCTION("""COMPUTED_VALUE"""),0.03894207366542268) -> 0.038942074 | M18: =IFERROR(__xludf.DUMMYFUNCTION("""COMPUTED_VALUE"""),"Galvann") -> Galvann | N18: =IFERROR(__xludf.DUMMYFUNCTION("""COMPUTED_VALUE"""),1.2218649517684887) -> 1.221865
C19: =IFERROR(__xludf.DUMMYFUNCTION("""COMPUTED_VALUE"""),"Sabasauros rex") -> Sabasauros rex | D19: =IFERROR(__xludf.DUMMYFUNCTION("""COMPUTED_VALUE"""),28.0) -> 28 | F19: =IFERROR(__xludf.DUMMYFUNCTION("""COMPUTED_VALUE"""),"GodSnipezX") -> GodSnipezX | G19: =IFERROR(__xludf.DUMMYFUNCTION("""COMPUTED_VALUE"""),9.03954802259887) -> 9.039548 | J19: =IFERROR(__xludf.DUMMYFUNCTION("""COMPUTED_VALUE"""),"Dabb") -> Dabb | K19: =IFERROR(__xludf.DUMMYFUNCTION("""COMPUTED_VALUE"""),0.033510192683607935) -> 0.033510193 | M19: =IFERROR(__xludf.DUMMYFUNCTION("""COMPUTED_VALUE"""),"Judasey") -> Judasey | N19: =IFERROR(__xludf.DUMMYFUNCTION("""COMPUTED_VALUE"""),1.1172873818788216) -> 1.1172874
C20: =IFERROR(__xludf.DUMMYFUNCTION("""COMPUTED_VALUE"""),"ACE B S1lentND1") -> ACE B S1lentND1 | D20: =IFERROR(__xludf.DUMMYFUNCTION("""COMPUTED_VALUE"""),22.0) -> 22 | F20: =IFERROR(__xludf.DUMMYFUNCTION("""COMPUTED_VALUE"""),"Kgod Online") -> Kgod Online | G20: =IFERROR(__xludf.DUMMYFUNCTION("""COMPUTED_VALUE"""),8.321167883211679) -> 8.3211679 | J20: =IFERROR(__xludf.DUMMYFUNCTION("""COMPUTED_VALUE"""),"yLuxe") -> yLuxe | K20: =IFERROR(__xludf.DUMMYFUNCTION("""COMPUTED_VALUE"""),0.033351862145636464) -> 0.033351862 | M20: =IFERROR(__xludf.DUMMYFUNCTION("""COMPUTED_VALUE"""),"unbes") -> unbes | N20: =IFERROR(__xludf.DUMMYFUNCTION("""COMPUTED_VALUE"""),1.0672595886603669) -> 1.0672596
